[2026-09-23T16:45:00.766+0000] {processor.py:186} INFO - Started process (PID=166) to work on /opt/airflow/dags/sales_etl_dag.py
[2026-09-23T16:45:00.768+0000] {processor.py:914} INFO - Processing file /opt/airflow/dags/sales_etl_dag.py for tasks to queue
[2026-09-23T16:45:00.841+0000] {logging_mixin.py:190} INFO - [2026-09-23T16:45:00.837+0000] {dagbag.py:588} INFO - Filling up the DagBag from /opt/airflow/dags/sales_etl_dag.py
[2026-09-23T16:45:00.908+0000] {processor.py:925} INFO - DAG(s) 'etl_pipeline' retrieved from /opt/airflow/dags/sales_etl_dag.py
[2026-09-23T16:45:01.005+0000] {logging_mixin.py:190} INFO - [2026-09-23T16:45:01.004+0000] {dag.py:3239} INFO - Sync 1 DAGs
[2026-09-23T16:45:01.081+0000] {logging_mixin.py:190} INFO - [2026-09-23T16:45:01.081+0000] {dag.py:4180} INFO - Setting next_dagrun for etl_pipeline to 2026-09-23 02:00:00+00:00, run_after=2026-09-24 02:00:00+00:00
[2026-09-23T16:45:01.121+0000] {processor.py:208} INFO - Processing /opt/airflow/dags/sales_etl_dag.py took 0.381 seconds
[2026-09-23T16:45:31.570+0000] {processor.py:186} INFO - Started process (PID=244) to work on /opt/airflow/dags/sales_etl_dag.py
[2026-09-23T16:45:31.574+0000] {processor.py:914} INFO - Processing file /opt/airflow/dags/sales_etl_dag.py for tasks to queue
[2026-09-23T16:45:31.579+0000] {logging_mixin.py:190} INFO - [2026-09-23T16:45:31.578+0000] {dagbag.py:588} INFO - Filling up the DagBag from /opt/airflow/dags/sales_etl_dag.py
[2026-09-23T16:45:31.640+0000] {processor.py:925} INFO - DAG(s) 'etl_pipeline' retrieved from /opt/airflow/dags/sales_etl_dag.py
[2026-09-23T16:45:31.707+0000] {logging_mixin.py:190} INFO - [2026-09-23T16:45:31.706+0000] {dag.py:3239} INFO - Sync 1 DAGs
[2026-09-23T16:45:31.744+0000] {logging_mixin.py:190} INFO - [2026-09-23T16:45:31.743+0000] {dag.py:4180} INFO - Setting next_dagrun for etl_pipeline to 2026-09-23 02:00:00+00:00, run_after=2026-09-24 02:00:00+00:00
[2026-09-23T16:45:31.777+0000] {processor.py:208} INFO - Processing /opt/airflow/dags/sales_etl_dag.py took 0.229 seconds
[2026-09-23T16:46:02.021+0000] {processor.py:186} INFO - Started process (PID=249) to work on /opt/airflow/dags/sales_etl_dag.py
[2026-09-23T16:46:02.022+0000] {processor.py:914} INFO - Processing file /opt/airflow/dags/sales_etl_dag.py for tasks to queue
[2026-09-23T16:46:02.027+0000] {logging_mixin.py:190} INFO - [2026-09-23T16:46:02.026+0000] {dagbag.py:588} INFO - Filling up the DagBag from /opt/airflow/dags/sales_etl_dag.py
[2026-09-23T16:46:02.066+0000] {processor.py:925} INFO - DAG(s) 'etl_pipeline' retrieved from /opt/airflow/dags/sales_etl_dag.py
[2026-09-23T16:46:02.097+0000] {logging_mixin.py:190} INFO - [2026-09-23T16:46:02.097+0000] {dag.py:3239} INFO - Sync 1 DAGs
[2026-09-23T16:46:02.130+0000] {logging_mixin.py:190} INFO - [2026-09-23T16:46:02.129+0000] {dag.py:4180} INFO - Setting next_dagrun for etl_pipeline to 2026-09-23 02:00:00+00:00, run_after=2026-09-24 02:00:00+00:00
[2026-09-23T16:46:02.161+0000] {processor.py:208} INFO - Processing /opt/airflow/dags/sales_etl_dag.py took 0.148 seconds
[2026-09-23T16:46:32.258+0000] {processor.py:186} INFO - Started process (PID=314) to work on /opt/airflow/dags/sales_etl_dag.py
[2026-09-23T16:46:32.259+0000] {processor.py:914} INFO - Processing file /opt/airflow/dags/sales_etl_dag.py for tasks to queue
[2026-09-23T16:46:32.262+0000] {logging_mixin.py:190} INFO - [2026-09-23T16:46:32.262+0000] {dagbag.py:588} INFO - Filling up the DagBag from /opt/airflow/dags/sales_etl_dag.py
[2026-09-23T16:46:32.295+0000] {processor.py:925} INFO - DAG(s) 'etl_pipeline' retrieved from /opt/airflow/dags/sales_etl_dag.py
[2026-09-23T16:46:32.336+0000] {logging_mixin.py:190} INFO - [2026-09-23T16:46:32.336+0000] {dag.py:3239} INFO - Sync 1 DAGs
[2026-09-23T16:46:32.367+0000] {logging_mixin.py:190} INFO - [2026-09-23T16:46:32.366+0000] {dag.py:4180} INFO - Setting next_dagrun for etl_pipeline to 2026-09-23 02:00:00+00:00, run_after=2026-09-24 02:00:00+00:00
[2026-09-23T16:46:32.436+0000] {processor.py:208} INFO - Processing /opt/airflow/dags/sales_etl_dag.py took 0.188 seconds
[2026-09-23T16:47:02.707+0000] {processor.py:186} INFO - Started process (PID=379) to work on /opt/airflow/dags/sales_etl_dag.py
[2026-09-23T16:47:02.708+0000] {processor.py:914} INFO - Processing file /opt/airflow/dags/sales_etl_dag.py for tasks to queue
[2026-09-23T16:47:02.713+0000] {logging_mixin.py:190} INFO - [2026-09-23T16:47:02.712+0000] {dagbag.py:588} INFO - Filling up the DagBag from /opt/airflow/dags/sales_etl_dag.py
[2026-09-23T16:47:02.745+0000] {processor.py:925} INFO - DAG(s) 'etl_pipeline' retrieved from /opt/airflow/dags/sales_etl_dag.py
[2026-09-23T16:47:02.779+0000] {logging_mixin.py:190} INFO - [2026-09-23T16:47:02.779+0000] {dag.py:3239} INFO - Sync 1 DAGs
[2026-09-23T16:47:02.808+0000] {logging_mixin.py:190} INFO - [2026-09-23T16:47:02.808+0000] {dag.py:4180} INFO - Setting next_dagrun for etl_pipeline to 2026-09-23 02:00:00+00:00, run_after=2026-09-24 02:00:00+00:00
[2026-09-23T16:47:02.840+0000] {processor.py:208} INFO - Processing /opt/airflow/dags/sales_etl_dag.py took 0.142 seconds
[2026-09-23T16:47:33.066+0000] {processor.py:186} INFO - Started process (PID=384) to work on /opt/airflow/dags/sales_etl_dag.py
[2026-09-23T16:47:33.067+0000] {processor.py:914} INFO - Processing file /opt/airflow/dags/sales_etl_dag.py for tasks to queue
[2026-09-23T16:47:33.070+0000] {logging_mixin.py:190} INFO - [2026-09-23T16:47:33.070+0000] {dagbag.py:588} INFO - Filling up the DagBag from /opt/airflow/dags/sales_etl_dag.py
[2026-09-23T16:47:33.094+0000] {processor.py:925} INFO - DAG(s) 'etl_pipeline' retrieved from /opt/airflow/dags/sales_etl_dag.py
[2026-09-23T16:47:33.125+0000] {logging_mixin.py:190} INFO - [2026-09-23T16:47:33.125+0000] {dag.py:3239} INFO - Sync 1 DAGs
[2026-09-23T16:47:33.147+0000] {logging_mixin.py:190} INFO - [2026-09-23T16:47:33.147+0000] {dag.py:4180} INFO - Setting next_dagrun for etl_pipeline to 2026-09-23 02:00:00+00:00, run_after=2026-09-24 02:00:00+00:00
[2026-09-23T16:47:33.166+0000] {processor.py:208} INFO - Processing /opt/airflow/dags/sales_etl_dag.py took 0.107 seconds
[2026-09-23T16:48:03.482+0000] {processor.py:186} INFO - Started process (PID=389) to work on /opt/airflow/dags/sales_etl_dag.py
[2026-09-23T16:48:03.483+0000] {processor.py:914} INFO - Processing file /opt/airflow/dags/sales_etl_dag.py for tasks to queue
[2026-09-23T16:48:03.485+0000] {logging_mixin.py:190} INFO - [2026-09-23T16:48:03.485+0000] {dagbag.py:588} INFO - Filling up the DagBag from /opt/airflow/dags/sales_etl_dag.py
[2026-09-23T16:48:03.514+0000] {processor.py:925} INFO - DAG(s) 'etl_pipeline' retrieved from /opt/airflow/dags/sales_etl_dag.py
[2026-09-23T16:48:03.551+0000] {logging_mixin.py:190} INFO - [2026-09-23T16:48:03.551+0000] {dag.py:3239} INFO - Sync 1 DAGs
[2026-09-23T16:48:03.578+0000] {logging_mixin.py:190} INFO - [2026-09-23T16:48:03.578+0000] {dag.py:4180} INFO - Setting next_dagrun for etl_pipeline to 2026-09-23 02:00:00+00:00, run_after=2026-09-24 02:00:00+00:00
[2026-09-23T16:48:03.599+0000] {processor.py:208} INFO - Processing /opt/airflow/dags/sales_etl_dag.py took 0.124 seconds
[2026-09-23T16:48:33.833+0000] {processor.py:186} INFO - Started process (PID=394) to work on /opt/airflow/dags/sales_etl_dag.py
[2026-09-23T16:48:33.834+0000] {processor.py:914} INFO - Processing file /opt/airflow/dags/sales_etl_dag.py for tasks to queue
[2026-09-23T16:48:33.837+0000] {logging_mixin.py:190} INFO - [2026-09-23T16:48:33.837+0000] {dagbag.py:588} INFO - Filling up the DagBag from /opt/airflow/dags/sales_etl_dag.py
[2026-09-23T16:48:33.869+0000] {processor.py:925} INFO - DAG(s) 'etl_pipeline' retrieved from /opt/airflow/dags/sales_etl_dag.py
[2026-09-23T16:48:33.907+0000] {logging_mixin.py:190} INFO - [2026-09-23T16:48:33.906+0000] {dag.py:3239} INFO - Sync 1 DAGs
[2026-09-23T16:48:33.933+0000] {logging_mixin.py:190} INFO - [2026-09-23T16:48:33.933+0000] {dag.py:4180} INFO - Setting next_dagrun for etl_pipeline to 2026-09-23 02:00:00+00:00, run_after=2026-09-24 02:00:00+00:00
[2026-09-23T16:48:33.952+0000] {processor.py:208} INFO - Processing /opt/airflow/dags/sales_etl_dag.py took 0.127 seconds
[2026-09-23T16:49:04.282+0000] {processor.py:186} INFO - Started process (PID=399) to work on /opt/airflow/dags/sales_etl_dag.py
[2026-09-23T16:49:04.283+0000] {processor.py:914} INFO - Processing file /opt/airflow/dags/sales_etl_dag.py for tasks to queue
[2026-09-23T16:49:04.285+0000] {logging_mixin.py:190} INFO - [2026-09-23T16:49:04.285+0000] {dagbag.py:588} INFO - Filling up the DagBag from /opt/airflow/dags/sales_etl_dag.py
[2026-09-23T16:49:04.310+0000] {processor.py:925} INFO - DAG(s) 'etl_pipeline' retrieved from /opt/airflow/dags/sales_etl_dag.py
[2026-09-23T16:49:04.334+0000] {logging_mixin.py:190} INFO - [2026-09-23T16:49:04.334+0000] {dag.py:3239} INFO - Sync 1 DAGs
[2026-09-23T16:49:04.356+0000] {logging_mixin.py:190} INFO - [2026-09-23T16:49:04.355+0000] {dag.py:4180} INFO - Setting next_dagrun for etl_pipeline to 2026-09-23 02:00:00+00:00, run_after=2026-09-24 02:00:00+00:00
[2026-09-23T16:49:04.375+0000] {processor.py:208} INFO - Processing /opt/airflow/dags/sales_etl_dag.py took 0.098 seconds
[2026-09-23T16:49:34.710+0000] {processor.py:186} INFO - Started process (PID=404) to work on /opt/airflow/dags/sales_etl_dag.py
[2026-09-23T16:49:34.712+0000] {processor.py:914} INFO - Processing file /opt/airflow/dags/sales_etl_dag.py for tasks to queue
[2026-09-23T16:49:34.718+0000] {logging_mixin.py:190} INFO - [2026-09-23T16:49:34.718+0000] {dagbag.py:588} INFO - Filling up the DagBag from /opt/airflow/dags/sales_etl_dag.py
[2026-09-23T16:49:34.763+0000] {processor.py:925} INFO - DAG(s) 'etl_pipeline' retrieved from /opt/airflow/dags/sales_etl_dag.py
[2026-09-23T16:49:34.809+0000] {logging_mixin.py:190} INFO - [2026-09-23T16:49:34.808+0000] {dag.py:3239} INFO - Sync 1 DAGs
[2026-09-23T16:49:34.841+0000] {logging_mixin.py:190} INFO - [2026-09-23T16:49:34.840+0000] {dag.py:4180} INFO - Setting next_dagrun for etl_pipeline to 2026-09-23 02:00:00+00:00, run_after=2026-09-24 02:00:00+00:00
[2026-09-23T16:49:34.869+0000] {processor.py:208} INFO - Processing /opt/airflow/dags/sales_etl_dag.py took 0.170 seconds
[2026-09-23T16:50:05.260+0000] {processor.py:186} INFO - Started process (PID=409) to work on /opt/airflow/dags/sales_etl_dag.py
[2026-09-23T16:50:05.262+0000] {processor.py:914} INFO - Processing file /opt/airflow/dags/sales_etl_dag.py for tasks to queue
[2026-09-23T16:50:05.266+0000] {logging_mixin.py:190} INFO - [2026-09-23T16:50:05.266+0000] {dagbag.py:588} INFO - Filling up the DagBag from /opt/airflow/dags/sales_etl_dag.py
[2026-09-23T16:50:05.309+0000] {processor.py:925} INFO - DAG(s) 'etl_pipeline' retrieved from /opt/airflow/dags/sales_etl_dag.py
[2026-09-23T16:50:05.344+0000] {logging_mixin.py:190} INFO - [2026-09-23T16:50:05.343+0000] {dag.py:3239} INFO - Sync 1 DAGs
[2026-09-23T16:50:05.375+0000] {logging_mixin.py:190} INFO - [2026-09-23T16:50:05.375+0000] {dag.py:4180} INFO - Setting next_dagrun for etl_pipeline to 2026-09-23 02:00:00+00:00, run_after=2026-09-24 02:00:00+00:00
[2026-09-23T16:50:05.400+0000] {processor.py:208} INFO - Processing /opt/airflow/dags/sales_etl_dag.py took 0.148 seconds
[2026-09-23T16:50:35.728+0000] {processor.py:186} INFO - Started process (PID=414) to work on /opt/airflow/dags/sales_etl_dag.py
[2026-09-23T16:50:35.730+0000] {processor.py:914} INFO - Processing file /opt/airflow/dags/sales_etl_dag.py for tasks to queue
[2026-09-23T16:50:35.734+0000] {logging_mixin.py:190} INFO - [2026-09-23T16:50:35.733+0000] {dagbag.py:588} INFO - Filling up the DagBag from /opt/airflow/dags/sales_etl_dag.py
[2026-09-23T16:50:35.769+0000] {processor.py:925} INFO - DAG(s) 'etl_pipeline' retrieved from /opt/airflow/dags/sales_etl_dag.py
[2026-09-23T16:50:35.805+0000] {logging_mixin.py:190} INFO - [2026-09-23T16:50:35.804+0000] {dag.py:3239} INFO - Sync 1 DAGs
[2026-09-23T16:50:35.838+0000] {logging_mixin.py:190} INFO - [2026-09-23T16:50:35.838+0000] {dag.py:4180} INFO - Setting next_dagrun for etl_pipeline to 2026-09-23 02:00:00+00:00, run_after=2026-09-24 02:00:00+00:00
[2026-09-23T16:50:35.868+0000] {processor.py:208} INFO - Processing /opt/airflow/dags/sales_etl_dag.py took 0.153 seconds
[2026-09-23T16:51:06.229+0000] {processor.py:186} INFO - Started process (PID=419) to work on /opt/airflow/dags/sales_etl_dag.py
[2026-09-23T16:51:06.231+0000] {processor.py:914} INFO - Processing file /opt/airflow/dags/sales_etl_dag.py for tasks to queue
[2026-09-23T16:51:06.235+0000] {logging_mixin.py:190} INFO - [2026-09-23T16:51:06.234+0000] {dagbag.py:588} INFO - Filling up the DagBag from /opt/airflow/dags/sales_etl_dag.py
[2026-09-23T16:51:06.271+0000] {processor.py:925} INFO - DAG(s) 'etl_pipeline' retrieved from /opt/airflow/dags/sales_etl_dag.py
[2026-09-23T16:51:06.322+0000] {logging_mixin.py:190} INFO - [2026-09-23T16:51:06.321+0000] {dag.py:3239} INFO - Sync 1 DAGs
[2026-09-23T16:51:06.368+0000] {logging_mixin.py:190} INFO - [2026-09-23T16:51:06.367+0000] {dag.py:4180} INFO - Setting next_dagrun for etl_pipeline to 2026-09-23 02:00:00+00:00, run_after=2026-09-24 02:00:00+00:00
[2026-09-23T16:51:06.403+0000] {processor.py:208} INFO - Processing /opt/airflow/dags/sales_etl_dag.py took 0.182 seconds
[2026-09-23T16:51:36.770+0000] {processor.py:186} INFO - Started process (PID=424) to work on /opt/airflow/dags/sales_etl_dag.py
[2026-09-23T16:51:36.771+0000] {processor.py:914} INFO - Processing file /opt/airflow/dags/sales_etl_dag.py for tasks to queue
[2026-09-23T16:51:36.775+0000] {logging_mixin.py:190} INFO - [2026-09-23T16:51:36.774+0000] {dagbag.py:588} INFO - Filling up the DagBag from /opt/airflow/dags/sales_etl_dag.py
[2026-09-23T16:51:36.819+0000] {processor.py:925} INFO - DAG(s) 'etl_pipeline' retrieved from /opt/airflow/dags/sales_etl_dag.py
[2026-09-23T16:51:36.855+0000] {logging_mixin.py:190} INFO - [2026-09-23T16:51:36.855+0000] {dag.py:3239} INFO - Sync 1 DAGs
[2026-09-23T16:51:36.884+0000] {logging_mixin.py:190} INFO - [2026-09-23T16:51:36.883+0000] {dag.py:4180} INFO - Setting next_dagrun for etl_pipeline to 2026-09-23 02:00:00+00:00, run_after=2026-09-24 02:00:00+00:00
[2026-09-23T16:51:36.915+0000] {processor.py:208} INFO - Processing /opt/airflow/dags/sales_etl_dag.py took 0.155 seconds
[2026-09-23T16:52:07.210+0000] {processor.py:186} INFO - Started process (PID=429) to work on /opt/airflow/dags/sales_etl_dag.py
[2026-09-23T16:52:07.212+0000] {processor.py:914} INFO - Processing file /opt/airflow/dags/sales_etl_dag.py for tasks to queue
[2026-09-23T16:52:07.215+0000] {logging_mixin.py:190} INFO - [2026-09-23T16:52:07.215+0000] {dagbag.py:588} INFO - Filling up the DagBag from /opt/airflow/dags/sales_etl_dag.py
[2026-09-23T16:52:07.244+0000] {processor.py:925} INFO - DAG(s) 'etl_pipeline' retrieved from /opt/airflow/dags/sales_etl_dag.py
[2026-09-23T16:52:07.295+0000] {logging_mixin.py:190} INFO - [2026-09-23T16:52:07.294+0000] {dag.py:3239} INFO - Sync 1 DAGs
[2026-09-23T16:52:07.332+0000] {logging_mixin.py:190} INFO - [2026-09-23T16:52:07.331+0000] {dag.py:4180} INFO - Setting next_dagrun for etl_pipeline to 2026-09-23 02:00:00+00:00, run_after=2026-09-24 02:00:00+00:00
[2026-09-23T16:52:07.365+0000] {processor.py:208} INFO - Processing /opt/airflow/dags/sales_etl_dag.py took 0.162 seconds
[2026-09-23T16:52:37.758+0000] {processor.py:186} INFO - Started process (PID=434) to work on /opt/airflow/dags/sales_etl_dag.py
[2026-09-23T16:52:37.760+0000] {processor.py:914} INFO - Processing file /opt/airflow/dags/sales_etl_dag.py for tasks to queue
[2026-09-23T16:52:37.764+0000] {logging_mixin.py:190} INFO - [2026-09-23T16:52:37.763+0000] {dagbag.py:588} INFO - Filling up the DagBag from /opt/airflow/dags/sales_etl_dag.py
[2026-09-23T16:52:37.799+0000] {processor.py:925} INFO - DAG(s) 'etl_pipeline' retrieved from /opt/airflow/dags/sales_etl_dag.py
[2026-09-23T16:52:37.834+0000] {logging_mixin.py:190} INFO - [2026-09-23T16:52:37.834+0000] {dag.py:3239} INFO - Sync 1 DAGs
[2026-09-23T16:52:37.867+0000] {logging_mixin.py:190} INFO - [2026-09-23T16:52:37.867+0000] {dag.py:4180} INFO - Setting next_dagrun for etl_pipeline to 2026-09-23 02:00:00+00:00, run_after=2026-09-24 02:00:00+00:00
[2026-09-23T16:52:37.895+0000] {processor.py:208} INFO - Processing /opt/airflow/dags/sales_etl_dag.py took 0.146 seconds
[2026-09-23T16:53:08.252+0000] {processor.py:186} INFO - Started process (PID=439) to work on /opt/airflow/dags/sales_etl_dag.py
[2026-09-23T16:53:08.253+0000] {processor.py:914} INFO - Processing file /opt/airflow/dags/sales_etl_dag.py for tasks to queue
[2026-09-23T16:53:08.257+0000] {logging_mixin.py:190} INFO - [2026-09-23T16:53:08.257+0000] {dagbag.py:588} INFO - Filling up the DagBag from /opt/airflow/dags/sales_etl_dag.py
[2026-09-23T16:53:08.290+0000] {processor.py:925} INFO - DAG(s) 'etl_pipeline' retrieved from /opt/airflow/dags/sales_etl_dag.py
[2026-09-23T16:53:08.325+0000] {logging_mixin.py:190} INFO - [2026-09-23T16:53:08.325+0000] {dag.py:3239} INFO - Sync 1 DAGs
[2026-09-23T16:53:08.362+0000] {logging_mixin.py:190} INFO - [2026-09-23T16:53:08.361+0000] {dag.py:4180} INFO - Setting next_dagrun for etl_pipeline to 2026-09-23 02:00:00+00:00, run_after=2026-09-24 02:00:00+00:00
[2026-09-23T16:53:08.393+0000] {processor.py:208} INFO - Processing /opt/airflow/dags/sales_etl_dag.py took 0.148 seconds
[2026-09-23T16:53:38.756+0000] {processor.py:186} INFO - Started process (PID=444) to work on /opt/airflow/dags/sales_etl_dag.py
[2026-09-23T16:53:38.758+0000] {processor.py:914} INFO - Processing file /opt/airflow/dags/sales_etl_dag.py for tasks to queue
[2026-09-23T16:53:38.762+0000] {logging_mixin.py:190} INFO - [2026-09-23T16:53:38.761+0000] {dagbag.py:588} INFO - Filling up the DagBag from /opt/airflow/dags/sales_etl_dag.py
[2026-09-23T16:53:38.795+0000] {processor.py:925} INFO - DAG(s) 'etl_pipeline' retrieved from /opt/airflow/dags/sales_etl_dag.py
[2026-09-23T16:53:38.834+0000] {logging_mixin.py:190} INFO - [2026-09-23T16:53:38.833+0000] {dag.py:3239} INFO - Sync 1 DAGs
[2026-09-23T16:53:38.875+0000] {logging_mixin.py:190} INFO - [2026-09-23T16:53:38.875+0000] {dag.py:4180} INFO - Setting next_dagrun for etl_pipeline to 2026-09-23 02:00:00+00:00, run_after=2026-09-24 02:00:00+00:00
[2026-09-23T16:53:38.905+0000] {processor.py:208} INFO - Processing /opt/airflow/dags/sales_etl_dag.py took 0.156 seconds
[2026-09-23T16:54:09.262+0000] {processor.py:186} INFO - Started process (PID=449) to work on /opt/airflow/dags/sales_etl_dag.py
[2026-09-23T16:54:09.264+0000] {processor.py:914} INFO - Processing file /opt/airflow/dags/sales_etl_dag.py for tasks to queue
[2026-09-23T16:54:09.270+0000] {logging_mixin.py:190} INFO - [2026-09-23T16:54:09.269+0000] {dagbag.py:588} INFO - Filling up the DagBag from /opt/airflow/dags/sales_etl_dag.py
[2026-09-23T16:54:09.337+0000] {processor.py:925} INFO - DAG(s) 'etl_pipeline' retrieved from /opt/airflow/dags/sales_etl_dag.py
[2026-09-23T16:54:09.421+0000] {logging_mixin.py:190} INFO - [2026-09-23T16:54:09.420+0000] {dag.py:3239} INFO - Sync 1 DAGs
[2026-09-23T16:54:09.481+0000] {logging_mixin.py:190} INFO - [2026-09-23T16:54:09.480+0000] {dag.py:4180} INFO - Setting next_dagrun for etl_pipeline to 2026-09-23 02:00:00+00:00, run_after=2026-09-24 02:00:00+00:00
[2026-09-23T16:54:09.541+0000] {processor.py:208} INFO - Processing /opt/airflow/dags/sales_etl_dag.py took 0.288 seconds
[2026-09-23T16:54:39.770+0000] {processor.py:186} INFO - Started process (PID=454) to work on /opt/airflow/dags/sales_etl_dag.py
[2026-09-23T16:54:39.771+0000] {processor.py:914} INFO - Processing file /opt/airflow/dags/sales_etl_dag.py for tasks to queue
[2026-09-23T16:54:39.775+0000] {logging_mixin.py:190} INFO - [2026-09-23T16:54:39.775+0000] {dagbag.py:588} INFO - Filling up the DagBag from /opt/airflow/dags/sales_etl_dag.py
[2026-09-23T16:54:39.815+0000] {processor.py:925} INFO - DAG(s) 'etl_pipeline' retrieved from /opt/airflow/dags/sales_etl_dag.py
[2026-09-23T16:54:39.875+0000] {logging_mixin.py:190} INFO - [2026-09-23T16:54:39.874+0000] {dag.py:3239} INFO - Sync 1 DAGs
[2026-09-23T16:54:39.928+0000] {logging_mixin.py:190} INFO - [2026-09-23T16:54:39.927+0000] {dag.py:4180} INFO - Setting next_dagrun for etl_pipeline to 2026-09-23 02:00:00+00:00, run_after=2026-09-24 02:00:00+00:00
[2026-09-23T16:54:39.972+0000] {processor.py:208} INFO - Processing /opt/airflow/dags/sales_etl_dag.py took 0.213 seconds
[2026-09-23T16:55:10.470+0000] {processor.py:186} INFO - Started process (PID=459) to work on /opt/airflow/dags/sales_etl_dag.py
[2026-09-23T16:55:10.471+0000] {processor.py:914} INFO - Processing file /opt/airflow/dags/sales_etl_dag.py for tasks to queue
[2026-09-23T16:55:10.475+0000] {logging_mixin.py:190} INFO - [2026-09-23T16:55:10.475+0000] {dagbag.py:588} INFO - Filling up the DagBag from /opt/airflow/dags/sales_etl_dag.py
[2026-09-23T16:55:10.509+0000] {processor.py:925} INFO - DAG(s) 'etl_pipeline' retrieved from /opt/airflow/dags/sales_etl_dag.py
[2026-09-23T16:55:10.545+0000] {logging_mixin.py:190} INFO - [2026-09-23T16:55:10.545+0000] {dag.py:3239} INFO - Sync 1 DAGs
[2026-09-23T16:55:10.582+0000] {logging_mixin.py:190} INFO - [2026-09-23T16:55:10.582+0000] {dag.py:4180} INFO - Setting next_dagrun for etl_pipeline to 2026-09-23 02:00:00+00:00, run_after=2026-09-24 02:00:00+00:00
[2026-09-23T16:55:10.620+0000] {processor.py:208} INFO - Processing /opt/airflow/dags/sales_etl_dag.py took 0.158 seconds
[2026-09-23T16:55:40.893+0000] {processor.py:186} INFO - Started process (PID=464) to work on /opt/airflow/dags/sales_etl_dag.py
[2026-09-23T16:55:40.895+0000] {processor.py:914} INFO - Processing file /opt/airflow/dags/sales_etl_dag.py for tasks to queue
[2026-09-23T16:55:40.899+0000] {logging_mixin.py:190} INFO - [2026-09-23T16:55:40.898+0000] {dagbag.py:588} INFO - Filling up the DagBag from /opt/airflow/dags/sales_etl_dag.py
[2026-09-23T16:55:40.933+0000] {processor.py:925} INFO - DAG(s) 'etl_pipeline' retrieved from /opt/airflow/dags/sales_etl_dag.py
[2026-09-23T16:55:40.981+0000] {logging_mixin.py:190} INFO - [2026-09-23T16:55:40.981+0000] {dag.py:3239} INFO - Sync 1 DAGs
[2026-09-23T16:55:41.017+0000] {logging_mixin.py:190} INFO - [2026-09-23T16:55:41.016+0000] {dag.py:4180} INFO - Setting next_dagrun for etl_pipeline to 2026-09-23 02:00:00+00:00, run_after=2026-09-24 02:00:00+00:00
[2026-09-23T16:55:41.047+0000] {processor.py:208} INFO - Processing /opt/airflow/dags/sales_etl_dag.py took 0.164 seconds
[2026-09-23T16:56:11.458+0000] {processor.py:186} INFO - Started process (PID=469) to work on /opt/airflow/dags/sales_etl_dag.py
[2026-09-23T16:56:11.459+0000] {processor.py:914} INFO - Processing file /opt/airflow/dags/sales_etl_dag.py for tasks to queue
[2026-09-23T16:56:11.463+0000] {logging_mixin.py:190} INFO - [2026-09-23T16:56:11.462+0000] {dagbag.py:588} INFO - Filling up the DagBag from /opt/airflow/dags/sales_etl_dag.py
[2026-09-23T16:56:11.494+0000] {processor.py:925} INFO - DAG(s) 'etl_pipeline' retrieved from /opt/airflow/dags/sales_etl_dag.py
[2026-09-23T16:56:11.541+0000] {logging_mixin.py:190} INFO - [2026-09-23T16:56:11.541+0000] {dag.py:3239} INFO - Sync 1 DAGs
[2026-09-23T16:56:11.578+0000] {logging_mixin.py:190} INFO - [2026-09-23T16:56:11.577+0000] {dag.py:4180} INFO - Setting next_dagrun for etl_pipeline to 2026-09-23 02:00:00+00:00, run_after=2026-09-24 02:00:00+00:00
[2026-09-23T16:56:11.612+0000] {processor.py:208} INFO - Processing /opt/airflow/dags/sales_etl_dag.py took 0.161 seconds
[2026-09-23T16:56:41.893+0000] {processor.py:186} INFO - Started process (PID=474) to work on /opt/airflow/dags/sales_etl_dag.py
[2026-09-23T16:56:41.895+0000] {processor.py:914} INFO - Processing file /opt/airflow/dags/sales_etl_dag.py for tasks to queue
[2026-09-23T16:56:41.900+0000] {logging_mixin.py:190} INFO - [2026-09-23T16:56:41.900+0000] {dagbag.py:588} INFO - Filling up the DagBag from /opt/airflow/dags/sales_etl_dag.py
[2026-09-23T16:56:41.948+0000] {processor.py:925} INFO - DAG(s) 'etl_pipeline' retrieved from /opt/airflow/dags/sales_etl_dag.py
[2026-09-23T16:56:42.005+0000] {logging_mixin.py:190} INFO - [2026-09-23T16:56:42.005+0000] {dag.py:3239} INFO - Sync 1 DAGs
[2026-09-23T16:56:42.062+0000] {logging_mixin.py:190} INFO - [2026-09-23T16:56:42.062+0000] {dag.py:4180} INFO - Setting next_dagrun for etl_pipeline to 2026-09-23 02:00:00+00:00, run_after=2026-09-24 02:00:00+00:00
[2026-09-23T16:56:42.094+0000] {processor.py:208} INFO - Processing /opt/airflow/dags/sales_etl_dag.py took 0.210 seconds
[2026-09-23T16:57:12.464+0000] {processor.py:186} INFO - Started process (PID=479) to work on /opt/airflow/dags/sales_etl_dag.py
[2026-09-23T16:57:12.465+0000] {processor.py:914} INFO - Processing file /opt/airflow/dags/sales_etl_dag.py for tasks to queue
[2026-09-23T16:57:12.469+0000] {logging_mixin.py:190} INFO - [2026-09-23T16:57:12.469+0000] {dagbag.py:588} INFO - Filling up the DagBag from /opt/airflow/dags/sales_etl_dag.py
[2026-09-23T16:57:12.502+0000] {processor.py:925} INFO - DAG(s) 'etl_pipeline' retrieved from /opt/airflow/dags/sales_etl_dag.py
[2026-09-23T16:57:12.537+0000] {logging_mixin.py:190} INFO - [2026-09-23T16:57:12.536+0000] {dag.py:3239} INFO - Sync 1 DAGs
[2026-09-23T16:57:12.581+0000] {logging_mixin.py:190} INFO - [2026-09-23T16:57:12.580+0000] {dag.py:4180} INFO - Setting next_dagrun for etl_pipeline to 2026-09-23 02:00:00+00:00, run_after=2026-09-24 02:00:00+00:00
[2026-09-23T16:57:12.628+0000] {processor.py:208} INFO - Processing /opt/airflow/dags/sales_etl_dag.py took 0.174 seconds
[2026-09-23T16:57:42.916+0000] {processor.py:186} INFO - Started process (PID=484) to work on /opt/airflow/dags/sales_etl_dag.py
[2026-09-23T16:57:42.918+0000] {processor.py:914} INFO - Processing file /opt/airflow/dags/sales_etl_dag.py for tasks to queue
[2026-09-23T16:57:42.923+0000] {logging_mixin.py:190} INFO - [2026-09-23T16:57:42.922+0000] {dagbag.py:588} INFO - Filling up the DagBag from /opt/airflow/dags/sales_etl_dag.py
[2026-09-23T16:57:42.961+0000] {processor.py:925} INFO - DAG(s) 'etl_pipeline' retrieved from /opt/airflow/dags/sales_etl_dag.py
[2026-09-23T16:57:43.002+0000] {logging_mixin.py:190} INFO - [2026-09-23T16:57:43.002+0000] {dag.py:3239} INFO - Sync 1 DAGs
[2026-09-23T16:57:43.052+0000] {logging_mixin.py:190} INFO - [2026-09-23T16:57:43.051+0000] {dag.py:4180} INFO - Setting next_dagrun for etl_pipeline to 2026-09-23 02:00:00+00:00, run_after=2026-09-24 02:00:00+00:00
[2026-09-23T16:57:43.095+0000] {processor.py:208} INFO - Processing /opt/airflow/dags/sales_etl_dag.py took 0.189 seconds
[2026-09-23T16:58:13.441+0000] {processor.py:186} INFO - Started process (PID=489) to work on /opt/airflow/dags/sales_etl_dag.py
[2026-09-23T16:58:13.443+0000] {processor.py:914} INFO - Processing file /opt/airflow/dags/sales_etl_dag.py for tasks to queue
[2026-09-23T16:58:13.446+0000] {logging_mixin.py:190} INFO - [2026-09-23T16:58:13.446+0000] {dagbag.py:588} INFO - Filling up the DagBag from /opt/airflow/dags/sales_etl_dag.py
[2026-09-23T16:58:13.482+0000] {processor.py:925} INFO - DAG(s) 'etl_pipeline' retrieved from /opt/airflow/dags/sales_etl_dag.py
[2026-09-23T16:58:13.517+0000] {logging_mixin.py:190} INFO - [2026-09-23T16:58:13.517+0000] {dag.py:3239} INFO - Sync 1 DAGs
[2026-09-23T16:58:13.550+0000] {logging_mixin.py:190} INFO - [2026-09-23T16:58:13.550+0000] {dag.py:4180} INFO - Setting next_dagrun for etl_pipeline to 2026-09-23 02:00:00+00:00, run_after=2026-09-24 02:00:00+00:00
[2026-09-23T16:58:13.576+0000] {processor.py:208} INFO - Processing /opt/airflow/dags/sales_etl_dag.py took 0.144 seconds
[2026-09-23T16:58:43.978+0000] {processor.py:186} INFO - Started process (PID=494) to work on /opt/airflow/dags/sales_etl_dag.py
[2026-09-23T16:58:43.979+0000] {processor.py:914} INFO - Processing file /opt/airflow/dags/sales_etl_dag.py for tasks to queue
[2026-09-23T16:58:43.982+0000] {logging_mixin.py:190} INFO - [2026-09-23T16:58:43.981+0000] {dagbag.py:588} INFO - Filling up the DagBag from /opt/airflow/dags/sales_etl_dag.py
[2026-09-23T16:58:44.020+0000] {processor.py:925} INFO - DAG(s) 'etl_pipeline' retrieved from /opt/airflow/dags/sales_etl_dag.py
[2026-09-23T16:58:44.072+0000] {logging_mixin.py:190} INFO - [2026-09-23T16:58:44.071+0000] {dag.py:3239} INFO - Sync 1 DAGs
[2026-09-23T16:58:44.102+0000] {logging_mixin.py:190} INFO - [2026-09-23T16:58:44.102+0000] {dag.py:4180} INFO - Setting next_dagrun for etl_pipeline to 2026-09-23 02:00:00+00:00, run_after=2026-09-24 02:00:00+00:00
[2026-09-23T16:58:44.127+0000] {processor.py:208} INFO - Processing /opt/airflow/dags/sales_etl_dag.py took 0.157 seconds
[2026-09-23T16:59:14.395+0000] {processor.py:186} INFO - Started process (PID=499) to work on /opt/airflow/dags/sales_etl_dag.py
[2026-09-23T16:59:14.396+0000] {processor.py:914} INFO - Processing file /opt/airflow/dags/sales_etl_dag.py for tasks to queue
[2026-09-23T16:59:14.400+0000] {logging_mixin.py:190} INFO - [2026-09-23T16:59:14.400+0000] {dagbag.py:588} INFO - Filling up the DagBag from /opt/airflow/dags/sales_etl_dag.py
[2026-09-23T16:59:14.440+0000] {processor.py:925} INFO - DAG(s) 'etl_pipeline' retrieved from /opt/airflow/dags/sales_etl_dag.py
[2026-09-23T16:59:14.493+0000] {logging_mixin.py:190} INFO - [2026-09-23T16:59:14.492+0000] {dag.py:3239} INFO - Sync 1 DAGs
[2026-09-23T16:59:14.536+0000] {logging_mixin.py:190} INFO - [2026-09-23T16:59:14.536+0000] {dag.py:4180} INFO - Setting next_dagrun for etl_pipeline to 2026-09-23 02:00:00+00:00, run_after=2026-09-24 02:00:00+00:00
[2026-09-23T16:59:14.566+0000] {processor.py:208} INFO - Processing /opt/airflow/dags/sales_etl_dag.py took 0.180 seconds
[2026-09-23T16:59:44.982+0000] {processor.py:186} INFO - Started process (PID=504) to work on /opt/airflow/dags/sales_etl_dag.py
[2026-09-23T16:59:44.983+0000] {processor.py:914} INFO - Processing file /opt/airflow/dags/sales_etl_dag.py for tasks to queue
[2026-09-23T16:59:44.987+0000] {logging_mixin.py:190} INFO - [2026-09-23T16:59:44.986+0000] {dagbag.py:588} INFO - Filling up the DagBag from /opt/airflow/dags/sales_etl_dag.py
[2026-09-23T16:59:45.014+0000] {processor.py:925} INFO - DAG(s) 'etl_pipeline' retrieved from /opt/airflow/dags/sales_etl_dag.py
[2026-09-23T16:59:45.050+0000] {logging_mixin.py:190} INFO - [2026-09-23T16:59:45.049+0000] {dag.py:3239} INFO - Sync 1 DAGs
[2026-09-23T16:59:45.079+0000] {logging_mixin.py:190} INFO - [2026-09-23T16:59:45.078+0000] {dag.py:4180} INFO - Setting next_dagrun for etl_pipeline to 2026-09-23 02:00:00+00:00, run_after=2026-09-24 02:00:00+00:00
[2026-09-23T16:59:45.102+0000] {processor.py:208} INFO - Processing /opt/airflow/dags/sales_etl_dag.py took 0.129 seconds
[2026-09-23T17:00:15.439+0000] {processor.py:186} INFO - Started process (PID=509) to work on /opt/airflow/dags/sales_etl_dag.py
[2026-09-23T17:00:15.440+0000] {processor.py:914} INFO - Processing file /opt/airflow/dags/sales_etl_dag.py for tasks to queue
[2026-09-23T17:00:15.443+0000] {logging_mixin.py:190} INFO - [2026-09-23T17:00:15.443+0000] {dagbag.py:588} INFO - Filling up the DagBag from /opt/airflow/dags/sales_etl_dag.py
[2026-09-23T17:00:15.476+0000] {processor.py:925} INFO - DAG(s) 'etl_pipeline' retrieved from /opt/airflow/dags/sales_etl_dag.py
[2026-09-23T17:00:15.511+0000] {logging_mixin.py:190} INFO - [2026-09-23T17:00:15.510+0000] {dag.py:3239} INFO - Sync 1 DAGs
[2026-09-23T17:00:15.541+0000] {logging_mixin.py:190} INFO - [2026-09-23T17:00:15.541+0000] {dag.py:4180} INFO - Setting next_dagrun for etl_pipeline to 2026-09-23 02:00:00+00:00, run_after=2026-09-24 02:00:00+00:00
[2026-09-23T17:00:15.571+0000] {processor.py:208} INFO - Processing /opt/airflow/dags/sales_etl_dag.py took 0.140 seconds
[2026-09-23T17:00:46.057+0000] {processor.py:186} INFO - Started process (PID=514) to work on /opt/airflow/dags/sales_etl_dag.py
[2026-09-23T17:00:46.058+0000] {processor.py:914} INFO - Processing file /opt/airflow/dags/sales_etl_dag.py for tasks to queue
[2026-09-23T17:00:46.063+0000] {logging_mixin.py:190} INFO - [2026-09-23T17:00:46.062+0000] {dagbag.py:588} INFO - Filling up the DagBag from /opt/airflow/dags/sales_etl_dag.py
[2026-09-23T17:00:46.102+0000] {processor.py:925} INFO - DAG(s) 'etl_pipeline' retrieved from /opt/airflow/dags/sales_etl_dag.py
[2026-09-23T17:00:46.152+0000] {logging_mixin.py:190} INFO - [2026-09-23T17:00:46.152+0000] {dag.py:3239} INFO - Sync 1 DAGs
[2026-09-23T17:00:46.194+0000] {logging_mixin.py:190} INFO - [2026-09-23T17:00:46.193+0000] {dag.py:4180} INFO - Setting next_dagrun for etl_pipeline to 2026-09-23 02:00:00+00:00, run_after=2026-09-24 02:00:00+00:00
[2026-09-23T17:00:46.229+0000] {processor.py:208} INFO - Processing /opt/airflow/dags/sales_etl_dag.py took 0.180 seconds
[2026-09-23T17:01:16.498+0000] {processor.py:186} INFO - Started process (PID=519) to work on /opt/airflow/dags/sales_etl_dag.py
[2026-09-23T17:01:16.499+0000] {processor.py:914} INFO - Processing file /opt/airflow/dags/sales_etl_dag.py for tasks to queue
[2026-09-23T17:01:16.502+0000] {logging_mixin.py:190} INFO - [2026-09-23T17:01:16.502+0000] {dagbag.py:588} INFO - Filling up the DagBag from /opt/airflow/dags/sales_etl_dag.py
[2026-09-23T17:01:16.536+0000] {processor.py:925} INFO - DAG(s) 'etl_pipeline' retrieved from /opt/airflow/dags/sales_etl_dag.py
[2026-09-23T17:01:16.575+0000] {logging_mixin.py:190} INFO - [2026-09-23T17:01:16.575+0000] {dag.py:3239} INFO - Sync 1 DAGs
[2026-09-23T17:01:16.608+0000] {logging_mixin.py:190} INFO - [2026-09-23T17:01:16.608+0000] {dag.py:4180} INFO - Setting next_dagrun for etl_pipeline to 2026-09-23 02:00:00+00:00, run_after=2026-09-24 02:00:00+00:00
[2026-09-23T17:01:16.642+0000] {processor.py:208} INFO - Processing /opt/airflow/dags/sales_etl_dag.py took 0.152 seconds
[2026-09-23T17:01:47.103+0000] {processor.py:186} INFO - Started process (PID=524) to work on /opt/airflow/dags/sales_etl_dag.py
[2026-09-23T17:01:47.105+0000] {processor.py:914} INFO - Processing file /opt/airflow/dags/sales_etl_dag.py for tasks to queue
[2026-09-23T17:01:47.107+0000] {logging_mixin.py:190} INFO - [2026-09-23T17:01:47.107+0000] {dagbag.py:588} INFO - Filling up the DagBag from /opt/airflow/dags/sales_etl_dag.py
[2026-09-23T17:01:47.135+0000] {processor.py:925} INFO - DAG(s) 'etl_pipeline' retrieved from /opt/airflow/dags/sales_etl_dag.py
[2026-09-23T17:01:47.179+0000] {logging_mixin.py:190} INFO - [2026-09-23T17:01:47.179+0000] {dag.py:3239} INFO - Sync 1 DAGs
[2026-09-23T17:01:47.211+0000] {logging_mixin.py:190} INFO - [2026-09-23T17:01:47.211+0000] {dag.py:4180} INFO - Setting next_dagrun for etl_pipeline to 2026-09-23 02:00:00+00:00, run_after=2026-09-24 02:00:00+00:00
[2026-09-23T17:01:47.242+0000] {processor.py:208} INFO - Processing /opt/airflow/dags/sales_etl_dag.py took 0.145 seconds
[2026-09-23T17:02:17.514+0000] {processor.py:186} INFO - Started process (PID=529) to work on /opt/airflow/dags/sales_etl_dag.py
[2026-09-23T17:02:17.515+0000] {processor.py:914} INFO - Processing file /opt/airflow/dags/sales_etl_dag.py for tasks to queue
[2026-09-23T17:02:17.518+0000] {logging_mixin.py:190} INFO - [2026-09-23T17:02:17.518+0000] {dagbag.py:588} INFO - Filling up the DagBag from /opt/airflow/dags/sales_etl_dag.py
[2026-09-23T17:02:17.548+0000] {processor.py:925} INFO - DAG(s) 'etl_pipeline' retrieved from /opt/airflow/dags/sales_etl_dag.py
[2026-09-23T17:02:17.589+0000] {logging_mixin.py:190} INFO - [2026-09-23T17:02:17.588+0000] {dag.py:3239} INFO - Sync 1 DAGs
[2026-09-23T17:02:17.645+0000] {logging_mixin.py:190} INFO - [2026-09-23T17:02:17.645+0000] {dag.py:4180} INFO - Setting next_dagrun for etl_pipeline to 2026-09-23 02:00:00+00:00, run_after=2026-09-24 02:00:00+00:00
[2026-09-23T17:02:17.692+0000] {processor.py:208} INFO - Processing /opt/airflow/dags/sales_etl_dag.py took 0.185 seconds
[2026-09-23T17:02:48.082+0000] {processor.py:186} INFO - Started process (PID=534) to work on /opt/airflow/dags/sales_etl_dag.py
[2026-09-23T17:02:48.084+0000] {processor.py:914} INFO - Processing file /opt/airflow/dags/sales_etl_dag.py for tasks to queue
[2026-09-23T17:02:48.087+0000] {logging_mixin.py:190} INFO - [2026-09-23T17:02:48.087+0000] {dagbag.py:588} INFO - Filling up the DagBag from /opt/airflow/dags/sales_etl_dag.py
[2026-09-23T17:02:48.121+0000] {processor.py:925} INFO - DAG(s) 'etl_pipeline' retrieved from /opt/airflow/dags/sales_etl_dag.py
[2026-09-23T17:02:48.160+0000] {logging_mixin.py:190} INFO - [2026-09-23T17:02:48.160+0000] {dag.py:3239} INFO - Sync 1 DAGs
[2026-09-23T17:02:48.196+0000] {logging_mixin.py:190} INFO - [2026-09-23T17:02:48.196+0000] {dag.py:4180} INFO - Setting next_dagrun for etl_pipeline to 2026-09-23 02:00:00+00:00, run_after=2026-09-24 02:00:00+00:00
[2026-09-23T17:02:48.222+0000] {processor.py:208} INFO - Processing /opt/airflow/dags/sales_etl_dag.py took 0.147 seconds
[2026-09-23T17:03:18.580+0000] {processor.py:186} INFO - Started process (PID=539) to work on /opt/airflow/dags/sales_etl_dag.py
[2026-09-23T17:03:18.583+0000] {processor.py:914} INFO - Processing file /opt/airflow/dags/sales_etl_dag.py for tasks to queue
[2026-09-23T17:03:18.588+0000] {logging_mixin.py:190} INFO - [2026-09-23T17:03:18.587+0000] {dagbag.py:588} INFO - Filling up the DagBag from /opt/airflow/dags/sales_etl_dag.py
[2026-09-23T17:03:18.622+0000] {processor.py:925} INFO - DAG(s) 'etl_pipeline' retrieved from /opt/airflow/dags/sales_etl_dag.py
[2026-09-23T17:03:18.664+0000] {logging_mixin.py:190} INFO - [2026-09-23T17:03:18.664+0000] {dag.py:3239} INFO - Sync 1 DAGs
[2026-09-23T17:03:18.692+0000] {logging_mixin.py:190} INFO - [2026-09-23T17:03:18.691+0000] {dag.py:4180} INFO - Setting next_dagrun for etl_pipeline to 2026-09-23 02:00:00+00:00, run_after=2026-09-24 02:00:00+00:00
[2026-09-23T17:03:18.717+0000] {processor.py:208} INFO - Processing /opt/airflow/dags/sales_etl_dag.py took 0.149 seconds
[2026-09-23T17:03:49.057+0000] {processor.py:186} INFO - Started process (PID=544) to work on /opt/airflow/dags/sales_etl_dag.py
[2026-09-23T17:03:49.059+0000] {processor.py:914} INFO - Processing file /opt/airflow/dags/sales_etl_dag.py for tasks to queue
[2026-09-23T17:03:49.063+0000] {logging_mixin.py:190} INFO - [2026-09-23T17:03:49.062+0000] {dagbag.py:588} INFO - Filling up the DagBag from /opt/airflow/dags/sales_etl_dag.py
[2026-09-23T17:03:49.095+0000] {processor.py:925} INFO - DAG(s) 'etl_pipeline' retrieved from /opt/airflow/dags/sales_etl_dag.py
[2026-09-23T17:03:49.136+0000] {logging_mixin.py:190} INFO - [2026-09-23T17:03:49.136+0000] {dag.py:3239} INFO - Sync 1 DAGs
[2026-09-23T17:03:49.168+0000] {logging_mixin.py:190} INFO - [2026-09-23T17:03:49.168+0000] {dag.py:4180} INFO - Setting next_dagrun for etl_pipeline to 2026-09-23 02:00:00+00:00, run_after=2026-09-24 02:00:00+00:00
[2026-09-23T17:03:49.195+0000] {processor.py:208} INFO - Processing /opt/airflow/dags/sales_etl_dag.py took 0.148 seconds
[2026-09-23T17:04:19.757+0000] {processor.py:186} INFO - Started process (PID=549) to work on /opt/airflow/dags/sales_etl_dag.py
[2026-09-23T17:04:19.758+0000] {processor.py:914} INFO - Processing file /opt/airflow/dags/sales_etl_dag.py for tasks to queue
[2026-09-23T17:04:19.762+0000] {logging_mixin.py:190} INFO - [2026-09-23T17:04:19.762+0000] {dagbag.py:588} INFO - Filling up the DagBag from /opt/airflow/dags/sales_etl_dag.py
[2026-09-23T17:04:19.806+0000] {processor.py:925} INFO - DAG(s) 'etl_pipeline' retrieved from /opt/airflow/dags/sales_etl_dag.py
[2026-09-23T17:04:19.851+0000] {logging_mixin.py:190} INFO - [2026-09-23T17:04:19.850+0000] {dag.py:3239} INFO - Sync 1 DAGs
[2026-09-23T17:04:19.887+0000] {logging_mixin.py:190} INFO - [2026-09-23T17:04:19.886+0000] {dag.py:4180} INFO - Setting next_dagrun for etl_pipeline to 2026-09-23 02:00:00+00:00, run_after=2026-09-24 02:00:00+00:00
[2026-09-23T17:04:19.921+0000] {processor.py:208} INFO - Processing /opt/airflow/dags/sales_etl_dag.py took 0.172 seconds
[2026-09-23T17:04:50.252+0000] {processor.py:186} INFO - Started process (PID=554) to work on /opt/airflow/dags/sales_etl_dag.py
[2026-09-23T17:04:50.254+0000] {processor.py:914} INFO - Processing file /opt/airflow/dags/sales_etl_dag.py for tasks to queue
[2026-09-23T17:04:50.261+0000] {logging_mixin.py:190} INFO - [2026-09-23T17:04:50.261+0000] {dagbag.py:588} INFO - Filling up the DagBag from /opt/airflow/dags/sales_etl_dag.py
[2026-09-23T17:04:50.304+0000] {processor.py:925} INFO - DAG(s) 'etl_pipeline' retrieved from /opt/airflow/dags/sales_etl_dag.py
[2026-09-23T17:04:50.360+0000] {logging_mixin.py:190} INFO - [2026-09-23T17:04:50.360+0000] {dag.py:3239} INFO - Sync 1 DAGs
[2026-09-23T17:04:50.408+0000] {logging_mixin.py:190} INFO - [2026-09-23T17:04:50.407+0000] {dag.py:4180} INFO - Setting next_dagrun for etl_pipeline to 2026-09-23 02:00:00+00:00, run_after=2026-09-24 02:00:00+00:00
[2026-09-23T17:04:50.449+0000] {processor.py:208} INFO - Processing /opt/airflow/dags/sales_etl_dag.py took 0.212 seconds
[2026-09-23T17:05:20.781+0000] {processor.py:186} INFO - Started process (PID=559) to work on /opt/airflow/dags/sales_etl_dag.py
[2026-09-23T17:05:20.782+0000] {processor.py:914} INFO - Processing file /opt/airflow/dags/sales_etl_dag.py for tasks to queue
[2026-09-23T17:05:20.786+0000] {logging_mixin.py:190} INFO - [2026-09-23T17:05:20.785+0000] {dagbag.py:588} INFO - Filling up the DagBag from /opt/airflow/dags/sales_etl_dag.py
[2026-09-23T17:05:20.815+0000] {processor.py:925} INFO - DAG(s) 'etl_pipeline' retrieved from /opt/airflow/dags/sales_etl_dag.py
[2026-09-23T17:05:20.855+0000] {logging_mixin.py:190} INFO - [2026-09-23T17:05:20.855+0000] {dag.py:3239} INFO - Sync 1 DAGs
[2026-09-23T17:05:20.887+0000] {logging_mixin.py:190} INFO - [2026-09-23T17:05:20.887+0000] {dag.py:4180} INFO - Setting next_dagrun for etl_pipeline to 2026-09-23 02:00:00+00:00, run_after=2026-09-24 02:00:00+00:00
[2026-09-23T17:05:20.913+0000] {processor.py:208} INFO - Processing /opt/airflow/dags/sales_etl_dag.py took 0.140 seconds
[2026-09-23T17:05:51.300+0000] {processor.py:186} INFO - Started process (PID=564) to work on /opt/airflow/dags/sales_etl_dag.py
[2026-09-23T17:05:51.302+0000] {processor.py:914} INFO - Processing file /opt/airflow/dags/sales_etl_dag.py for tasks to queue
[2026-09-23T17:05:51.305+0000] {logging_mixin.py:190} INFO - [2026-09-23T17:05:51.304+0000] {dagbag.py:588} INFO - Filling up the DagBag from /opt/airflow/dags/sales_etl_dag.py
[2026-09-23T17:05:51.334+0000] {processor.py:925} INFO - DAG(s) 'etl_pipeline' retrieved from /opt/airflow/dags/sales_etl_dag.py
[2026-09-23T17:05:51.373+0000] {logging_mixin.py:190} INFO - [2026-09-23T17:05:51.373+0000] {dag.py:3239} INFO - Sync 1 DAGs
[2026-09-23T17:05:51.410+0000] {logging_mixin.py:190} INFO - [2026-09-23T17:05:51.410+0000] {dag.py:4180} INFO - Setting next_dagrun for etl_pipeline to 2026-09-23 02:00:00+00:00, run_after=2026-09-24 02:00:00+00:00
[2026-09-23T17:05:51.444+0000] {processor.py:208} INFO - Processing /opt/airflow/dags/sales_etl_dag.py took 0.151 seconds
[2026-09-23T17:06:21.792+0000] {processor.py:186} INFO - Started process (PID=569) to work on /opt/airflow/dags/sales_etl_dag.py
[2026-09-23T17:06:21.793+0000] {processor.py:914} INFO - Processing file /opt/airflow/dags/sales_etl_dag.py for tasks to queue
[2026-09-23T17:06:21.800+0000] {logging_mixin.py:190} INFO - [2026-09-23T17:06:21.797+0000] {dagbag.py:588} INFO - Filling up the DagBag from /opt/airflow/dags/sales_etl_dag.py
[2026-09-23T17:06:21.834+0000] {processor.py:925} INFO - DAG(s) 'etl_pipeline' retrieved from /opt/airflow/dags/sales_etl_dag.py
[2026-09-23T17:06:21.875+0000] {logging_mixin.py:190} INFO - [2026-09-23T17:06:21.874+0000] {dag.py:3239} INFO - Sync 1 DAGs
[2026-09-23T17:06:21.911+0000] {logging_mixin.py:190} INFO - [2026-09-23T17:06:21.910+0000] {dag.py:4180} INFO - Setting next_dagrun for etl_pipeline to 2026-09-23 02:00:00+00:00, run_after=2026-09-24 02:00:00+00:00
[2026-09-23T17:06:21.937+0000] {processor.py:208} INFO - Processing /opt/airflow/dags/sales_etl_dag.py took 0.154 seconds
[2026-09-23T17:06:52.327+0000] {processor.py:186} INFO - Started process (PID=574) to work on /opt/airflow/dags/sales_etl_dag.py
[2026-09-23T17:06:52.328+0000] {processor.py:914} INFO - Processing file /opt/airflow/dags/sales_etl_dag.py for tasks to queue
[2026-09-23T17:06:52.332+0000] {logging_mixin.py:190} INFO - [2026-09-23T17:06:52.331+0000] {dagbag.py:588} INFO - Filling up the DagBag from /opt/airflow/dags/sales_etl_dag.py
[2026-09-23T17:06:52.363+0000] {processor.py:925} INFO - DAG(s) 'etl_pipeline' retrieved from /opt/airflow/dags/sales_etl_dag.py
[2026-09-23T17:06:52.398+0000] {logging_mixin.py:190} INFO - [2026-09-23T17:06:52.398+0000] {dag.py:3239} INFO - Sync 1 DAGs
[2026-09-23T17:06:52.428+0000] {logging_mixin.py:190} INFO - [2026-09-23T17:06:52.427+0000] {dag.py:4180} INFO - Setting next_dagrun for etl_pipeline to 2026-09-23 02:00:00+00:00, run_after=2026-09-24 02:00:00+00:00
[2026-09-23T17:06:52.454+0000] {processor.py:208} INFO - Processing /opt/airflow/dags/sales_etl_dag.py took 0.136 seconds
[2026-09-23T17:07:22.780+0000] {processor.py:186} INFO - Started process (PID=579) to work on /opt/airflow/dags/sales_etl_dag.py
[2026-09-23T17:07:22.782+0000] {processor.py:914} INFO - Processing file /opt/airflow/dags/sales_etl_dag.py for tasks to queue
[2026-09-23T17:07:22.786+0000] {logging_mixin.py:190} INFO - [2026-09-23T17:07:22.786+0000] {dagbag.py:588} INFO - Filling up the DagBag from /opt/airflow/dags/sales_etl_dag.py
[2026-09-23T17:07:22.827+0000] {processor.py:925} INFO - DAG(s) 'etl_pipeline' retrieved from /opt/airflow/dags/sales_etl_dag.py
[2026-09-23T17:07:22.868+0000] {logging_mixin.py:190} INFO - [2026-09-23T17:07:22.867+0000] {dag.py:3239} INFO - Sync 1 DAGs
[2026-09-23T17:07:22.903+0000] {logging_mixin.py:190} INFO - [2026-09-23T17:07:22.903+0000] {dag.py:4180} INFO - Setting next_dagrun for etl_pipeline to 2026-09-23 02:00:00+00:00, run_after=2026-09-24 02:00:00+00:00
[2026-09-23T17:07:22.940+0000] {processor.py:208} INFO - Processing /opt/airflow/dags/sales_etl_dag.py took 0.168 seconds
[2026-09-23T17:07:53.307+0000] {processor.py:186} INFO - Started process (PID=584) to work on /opt/airflow/dags/sales_etl_dag.py
[2026-09-23T17:07:53.309+0000] {processor.py:914} INFO - Processing file /opt/airflow/dags/sales_etl_dag.py for tasks to queue
[2026-09-23T17:07:53.314+0000] {logging_mixin.py:190} INFO - [2026-09-23T17:07:53.313+0000] {dagbag.py:588} INFO - Filling up the DagBag from /opt/airflow/dags/sales_etl_dag.py
[2026-09-23T17:07:53.355+0000] {processor.py:925} INFO - DAG(s) 'etl_pipeline' retrieved from /opt/airflow/dags/sales_etl_dag.py
[2026-09-23T17:07:53.393+0000] {logging_mixin.py:190} INFO - [2026-09-23T17:07:53.393+0000] {dag.py:3239} INFO - Sync 1 DAGs
[2026-09-23T17:07:53.431+0000] {logging_mixin.py:190} INFO - [2026-09-23T17:07:53.431+0000] {dag.py:4180} INFO - Setting next_dagrun for etl_pipeline to 2026-09-23 02:00:00+00:00, run_after=2026-09-24 02:00:00+00:00
[2026-09-23T17:07:53.463+0000] {processor.py:208} INFO - Processing /opt/airflow/dags/sales_etl_dag.py took 0.166 seconds
[2026-09-23T17:08:23.806+0000] {processor.py:186} INFO - Started process (PID=589) to work on /opt/airflow/dags/sales_etl_dag.py
[2026-09-23T17:08:23.808+0000] {processor.py:914} INFO - Processing file /opt/airflow/dags/sales_etl_dag.py for tasks to queue
[2026-09-23T17:08:23.814+0000] {logging_mixin.py:190} INFO - [2026-09-23T17:08:23.813+0000] {dagbag.py:588} INFO - Filling up the DagBag from /opt/airflow/dags/sales_etl_dag.py
[2026-09-23T17:08:23.841+0000] {processor.py:925} INFO - DAG(s) 'etl_pipeline' retrieved from /opt/airflow/dags/sales_etl_dag.py
[2026-09-23T17:08:23.877+0000] {logging_mixin.py:190} INFO - [2026-09-23T17:08:23.877+0000] {dag.py:3239} INFO - Sync 1 DAGs
[2026-09-23T17:08:23.914+0000] {logging_mixin.py:190} INFO - [2026-09-23T17:08:23.913+0000] {dag.py:4180} INFO - Setting next_dagrun for etl_pipeline to 2026-09-23 02:00:00+00:00, run_after=2026-09-24 02:00:00+00:00
[2026-09-23T17:08:23.941+0000] {processor.py:208} INFO - Processing /opt/airflow/dags/sales_etl_dag.py took 0.144 seconds
[2026-09-23T17:08:54.247+0000] {processor.py:186} INFO - Started process (PID=594) to work on /opt/airflow/dags/sales_etl_dag.py
[2026-09-23T17:08:54.249+0000] {processor.py:914} INFO - Processing file /opt/airflow/dags/sales_etl_dag.py for tasks to queue
[2026-09-23T17:08:54.253+0000] {logging_mixin.py:190} INFO - [2026-09-23T17:08:54.253+0000] {dagbag.py:588} INFO - Filling up the DagBag from /opt/airflow/dags/sales_etl_dag.py
[2026-09-23T17:08:54.293+0000] {processor.py:925} INFO - DAG(s) 'etl_pipeline' retrieved from /opt/airflow/dags/sales_etl_dag.py
[2026-09-23T17:08:54.337+0000] {logging_mixin.py:190} INFO - [2026-09-23T17:08:54.337+0000] {dag.py:3239} INFO - Sync 1 DAGs
[2026-09-23T17:08:54.387+0000] {logging_mixin.py:190} INFO - [2026-09-23T17:08:54.386+0000] {dag.py:4180} INFO - Setting next_dagrun for etl_pipeline to 2026-09-23 02:00:00+00:00, run_after=2026-09-24 02:00:00+00:00
[2026-09-23T17:08:54.423+0000] {processor.py:208} INFO - Processing /opt/airflow/dags/sales_etl_dag.py took 0.185 seconds
[2026-09-23T21:36:56.545+0000] {processor.py:186} INFO - Started process (PID=167) to work on /opt/airflow/dags/sales_etl_dag.py
[2026-09-23T21:36:56.546+0000] {processor.py:914} INFO - Processing file /opt/airflow/dags/sales_etl_dag.py for tasks to queue
[2026-09-23T21:36:56.549+0000] {logging_mixin.py:190} INFO - [2026-09-23T21:36:56.548+0000] {dagbag.py:588} INFO - Filling up the DagBag from /opt/airflow/dags/sales_etl_dag.py
[2026-09-23T21:36:56.584+0000] {processor.py:925} INFO - DAG(s) 'etl_pipeline' retrieved from /opt/airflow/dags/sales_etl_dag.py
[2026-09-23T21:36:56.628+0000] {logging_mixin.py:190} INFO - [2026-09-23T21:36:56.627+0000] {dag.py:3239} INFO - Sync 1 DAGs
[2026-09-23T21:36:56.671+0000] {logging_mixin.py:190} INFO - [2026-09-23T21:36:56.671+0000] {dag.py:4180} INFO - Setting next_dagrun for etl_pipeline to 2026-09-23 02:00:00+00:00, run_after=2026-09-24 02:00:00+00:00
[2026-09-23T21:36:56.698+0000] {processor.py:208} INFO - Processing /opt/airflow/dags/sales_etl_dag.py took 0.160 seconds
[2026-09-23T21:37:26.821+0000] {processor.py:186} INFO - Started process (PID=172) to work on /opt/airflow/dags/sales_etl_dag.py
[2026-09-23T21:37:26.822+0000] {processor.py:914} INFO - Processing file /opt/airflow/dags/sales_etl_dag.py for tasks to queue
[2026-09-23T21:37:26.824+0000] {logging_mixin.py:190} INFO - [2026-09-23T21:37:26.824+0000] {dagbag.py:588} INFO - Filling up the DagBag from /opt/airflow/dags/sales_etl_dag.py
[2026-09-23T21:37:26.846+0000] {processor.py:925} INFO - DAG(s) 'etl_pipeline' retrieved from /opt/airflow/dags/sales_etl_dag.py
[2026-09-23T21:37:26.874+0000] {logging_mixin.py:190} INFO - [2026-09-23T21:37:26.874+0000] {dag.py:3239} INFO - Sync 1 DAGs
[2026-09-23T21:37:26.901+0000] {logging_mixin.py:190} INFO - [2026-09-23T21:37:26.900+0000] {dag.py:4180} INFO - Setting next_dagrun for etl_pipeline to 2026-09-23 02:00:00+00:00, run_after=2026-09-24 02:00:00+00:00
[2026-09-23T21:37:26.924+0000] {processor.py:208} INFO - Processing /opt/airflow/dags/sales_etl_dag.py took 0.107 seconds
[2026-09-23T21:37:57.149+0000] {processor.py:186} INFO - Started process (PID=177) to work on /opt/airflow/dags/sales_etl_dag.py
[2026-09-23T21:37:57.150+0000] {processor.py:914} INFO - Processing file /opt/airflow/dags/sales_etl_dag.py for tasks to queue
[2026-09-23T21:37:57.152+0000] {logging_mixin.py:190} INFO - [2026-09-23T21:37:57.152+0000] {dagbag.py:588} INFO - Filling up the DagBag from /opt/airflow/dags/sales_etl_dag.py
[2026-09-23T21:37:57.178+0000] {processor.py:925} INFO - DAG(s) 'etl_pipeline' retrieved from /opt/airflow/dags/sales_etl_dag.py
[2026-09-23T21:37:57.207+0000] {logging_mixin.py:190} INFO - [2026-09-23T21:37:57.207+0000] {dag.py:3239} INFO - Sync 1 DAGs
[2026-09-23T21:37:57.231+0000] {logging_mixin.py:190} INFO - [2026-09-23T21:37:57.231+0000] {dag.py:4180} INFO - Setting next_dagrun for etl_pipeline to 2026-09-23 02:00:00+00:00, run_after=2026-09-24 02:00:00+00:00
[2026-09-23T21:37:57.249+0000] {processor.py:208} INFO - Processing /opt/airflow/dags/sales_etl_dag.py took 0.107 seconds
[2026-09-23T21:38:27.589+0000] {processor.py:186} INFO - Started process (PID=182) to work on /opt/airflow/dags/sales_etl_dag.py
[2026-09-23T21:38:27.590+0000] {processor.py:914} INFO - Processing file /opt/airflow/dags/sales_etl_dag.py for tasks to queue
[2026-09-23T21:38:27.595+0000] {logging_mixin.py:190} INFO - [2026-09-23T21:38:27.595+0000] {dagbag.py:588} INFO - Filling up the DagBag from /opt/airflow/dags/sales_etl_dag.py
[2026-09-23T21:38:27.617+0000] {processor.py:925} INFO - DAG(s) 'etl_pipeline' retrieved from /opt/airflow/dags/sales_etl_dag.py
[2026-09-23T21:38:27.645+0000] {logging_mixin.py:190} INFO - [2026-09-23T21:38:27.645+0000] {dag.py:3239} INFO - Sync 1 DAGs
[2026-09-23T21:38:27.670+0000] {logging_mixin.py:190} INFO - [2026-09-23T21:38:27.669+0000] {dag.py:4180} INFO - Setting next_dagrun for etl_pipeline to 2026-09-23 02:00:00+00:00, run_after=2026-09-24 02:00:00+00:00
[2026-09-23T21:38:27.688+0000] {processor.py:208} INFO - Processing /opt/airflow/dags/sales_etl_dag.py took 0.104 seconds
[2026-09-23T21:38:57.922+0000] {processor.py:186} INFO - Started process (PID=187) to work on /opt/airflow/dags/sales_etl_dag.py
[2026-09-23T21:38:57.924+0000] {processor.py:914} INFO - Processing file /opt/airflow/dags/sales_etl_dag.py for tasks to queue
[2026-09-23T21:38:57.926+0000] {logging_mixin.py:190} INFO - [2026-09-23T21:38:57.926+0000] {dagbag.py:588} INFO - Filling up the DagBag from /opt/airflow/dags/sales_etl_dag.py
[2026-09-23T21:38:57.950+0000] {processor.py:925} INFO - DAG(s) 'etl_pipeline' retrieved from /opt/airflow/dags/sales_etl_dag.py
[2026-09-23T21:38:57.980+0000] {logging_mixin.py:190} INFO - [2026-09-23T21:38:57.980+0000] {dag.py:3239} INFO - Sync 1 DAGs
[2026-09-23T21:38:58.005+0000] {logging_mixin.py:190} INFO - [2026-09-23T21:38:58.005+0000] {dag.py:4180} INFO - Setting next_dagrun for etl_pipeline to 2026-09-23 02:00:00+00:00, run_after=2026-09-24 02:00:00+00:00
[2026-09-23T21:38:58.023+0000] {processor.py:208} INFO - Processing /opt/airflow/dags/sales_etl_dag.py took 0.106 seconds
[2026-09-23T21:39:28.340+0000] {processor.py:186} INFO - Started process (PID=192) to work on /opt/airflow/dags/sales_etl_dag.py
[2026-09-23T21:39:28.341+0000] {processor.py:914} INFO - Processing file /opt/airflow/dags/sales_etl_dag.py for tasks to queue
[2026-09-23T21:39:28.343+0000] {logging_mixin.py:190} INFO - [2026-09-23T21:39:28.343+0000] {dagbag.py:588} INFO - Filling up the DagBag from /opt/airflow/dags/sales_etl_dag.py
[2026-09-23T21:39:28.371+0000] {processor.py:925} INFO - DAG(s) 'etl_pipeline' retrieved from /opt/airflow/dags/sales_etl_dag.py
[2026-09-23T21:39:28.410+0000] {logging_mixin.py:190} INFO - [2026-09-23T21:39:28.410+0000] {dag.py:3239} INFO - Sync 1 DAGs
[2026-09-23T21:39:28.439+0000] {logging_mixin.py:190} INFO - [2026-09-23T21:39:28.439+0000] {dag.py:4180} INFO - Setting next_dagrun for etl_pipeline to 2026-09-23 02:00:00+00:00, run_after=2026-09-24 02:00:00+00:00
[2026-09-23T21:39:28.465+0000] {processor.py:208} INFO - Processing /opt/airflow/dags/sales_etl_dag.py took 0.131 seconds
[2026-09-23T21:39:58.671+0000] {processor.py:186} INFO - Started process (PID=197) to work on /opt/airflow/dags/sales_etl_dag.py
[2026-09-23T21:39:58.672+0000] {processor.py:914} INFO - Processing file /opt/airflow/dags/sales_etl_dag.py for tasks to queue
[2026-09-23T21:39:58.675+0000] {logging_mixin.py:190} INFO - [2026-09-23T21:39:58.675+0000] {dagbag.py:588} INFO - Filling up the DagBag from /opt/airflow/dags/sales_etl_dag.py
[2026-09-23T21:39:58.700+0000] {processor.py:925} INFO - DAG(s) 'etl_pipeline' retrieved from /opt/airflow/dags/sales_etl_dag.py
[2026-09-23T21:39:58.732+0000] {logging_mixin.py:190} INFO - [2026-09-23T21:39:58.732+0000] {dag.py:3239} INFO - Sync 1 DAGs
[2026-09-23T21:39:58.754+0000] {logging_mixin.py:190} INFO - [2026-09-23T21:39:58.754+0000] {dag.py:4180} INFO - Setting next_dagrun for etl_pipeline to 2026-09-23 02:00:00+00:00, run_after=2026-09-24 02:00:00+00:00
[2026-09-23T21:39:58.774+0000] {processor.py:208} INFO - Processing /opt/airflow/dags/sales_etl_dag.py took 0.107 seconds
[2026-09-23T21:40:29.160+0000] {processor.py:186} INFO - Started process (PID=202) to work on /opt/airflow/dags/sales_etl_dag.py
[2026-09-23T21:40:29.161+0000] {processor.py:914} INFO - Processing file /opt/airflow/dags/sales_etl_dag.py for tasks to queue
[2026-09-23T21:40:29.164+0000] {logging_mixin.py:190} INFO - [2026-09-23T21:40:29.164+0000] {dagbag.py:588} INFO - Filling up the DagBag from /opt/airflow/dags/sales_etl_dag.py
[2026-09-23T21:40:29.193+0000] {processor.py:925} INFO - DAG(s) 'etl_pipeline' retrieved from /opt/airflow/dags/sales_etl_dag.py
[2026-09-23T21:40:29.222+0000] {logging_mixin.py:190} INFO - [2026-09-23T21:40:29.222+0000] {dag.py:3239} INFO - Sync 1 DAGs
[2026-09-23T21:40:29.246+0000] {logging_mixin.py:190} INFO - [2026-09-23T21:40:29.246+0000] {dag.py:4180} INFO - Setting next_dagrun for etl_pipeline to 2026-09-23 02:00:00+00:00, run_after=2026-09-24 02:00:00+00:00
[2026-09-23T21:40:29.265+0000] {processor.py:208} INFO - Processing /opt/airflow/dags/sales_etl_dag.py took 0.110 seconds
[2026-09-23T21:40:59.516+0000] {processor.py:186} INFO - Started process (PID=207) to work on /opt/airflow/dags/sales_etl_dag.py
[2026-09-23T21:40:59.517+0000] {processor.py:914} INFO - Processing file /opt/airflow/dags/sales_etl_dag.py for tasks to queue
[2026-09-23T21:40:59.519+0000] {logging_mixin.py:190} INFO - [2026-09-23T21:40:59.519+0000] {dagbag.py:588} INFO - Filling up the DagBag from /opt/airflow/dags/sales_etl_dag.py
[2026-09-23T21:40:59.539+0000] {processor.py:925} INFO - DAG(s) 'etl_pipeline' retrieved from /opt/airflow/dags/sales_etl_dag.py
[2026-09-23T21:40:59.570+0000] {logging_mixin.py:190} INFO - [2026-09-23T21:40:59.569+0000] {dag.py:3239} INFO - Sync 1 DAGs
[2026-09-23T21:40:59.595+0000] {logging_mixin.py:190} INFO - [2026-09-23T21:40:59.594+0000] {dag.py:4180} INFO - Setting next_dagrun for etl_pipeline to 2026-09-23 02:00:00+00:00, run_after=2026-09-24 02:00:00+00:00
[2026-09-23T21:40:59.615+0000] {processor.py:208} INFO - Processing /opt/airflow/dags/sales_etl_dag.py took 0.106 seconds
[2026-09-23T21:41:29.955+0000] {processor.py:186} INFO - Started process (PID=212) to work on /opt/airflow/dags/sales_etl_dag.py
[2026-09-23T21:41:29.956+0000] {processor.py:914} INFO - Processing file /opt/airflow/dags/sales_etl_dag.py for tasks to queue
[2026-09-23T21:41:29.959+0000] {logging_mixin.py:190} INFO - [2026-09-23T21:41:29.959+0000] {dagbag.py:588} INFO - Filling up the DagBag from /opt/airflow/dags/sales_etl_dag.py
[2026-09-23T21:41:29.986+0000] {processor.py:925} INFO - DAG(s) 'etl_pipeline' retrieved from /opt/airflow/dags/sales_etl_dag.py
[2026-09-23T21:41:30.015+0000] {logging_mixin.py:190} INFO - [2026-09-23T21:41:30.015+0000] {dag.py:3239} INFO - Sync 1 DAGs
[2026-09-23T21:41:30.040+0000] {logging_mixin.py:190} INFO - [2026-09-23T21:41:30.040+0000] {dag.py:4180} INFO - Setting next_dagrun for etl_pipeline to 2026-09-23 02:00:00+00:00, run_after=2026-09-24 02:00:00+00:00
[2026-09-23T21:41:30.057+0000] {processor.py:208} INFO - Processing /opt/airflow/dags/sales_etl_dag.py took 0.111 seconds
[2026-09-23T21:42:00.291+0000] {processor.py:186} INFO - Started process (PID=217) to work on /opt/airflow/dags/sales_etl_dag.py
[2026-09-23T21:42:00.292+0000] {processor.py:914} INFO - Processing file /opt/airflow/dags/sales_etl_dag.py for tasks to queue
[2026-09-23T21:42:00.294+0000] {logging_mixin.py:190} INFO - [2026-09-23T21:42:00.293+0000] {dagbag.py:588} INFO - Filling up the DagBag from /opt/airflow/dags/sales_etl_dag.py
[2026-09-23T21:42:00.315+0000] {processor.py:925} INFO - DAG(s) 'etl_pipeline' retrieved from /opt/airflow/dags/sales_etl_dag.py
[2026-09-23T21:42:00.344+0000] {logging_mixin.py:190} INFO - [2026-09-23T21:42:00.344+0000] {dag.py:3239} INFO - Sync 1 DAGs
[2026-09-23T21:42:00.372+0000] {logging_mixin.py:190} INFO - [2026-09-23T21:42:00.371+0000] {dag.py:4180} INFO - Setting next_dagrun for etl_pipeline to 2026-09-23 02:00:00+00:00, run_after=2026-09-24 02:00:00+00:00
[2026-09-23T21:42:00.391+0000] {processor.py:208} INFO - Processing /opt/airflow/dags/sales_etl_dag.py took 0.105 seconds
[2026-09-23T21:42:30.739+0000] {processor.py:186} INFO - Started process (PID=222) to work on /opt/airflow/dags/sales_etl_dag.py
[2026-09-23T21:42:30.740+0000] {processor.py:914} INFO - Processing file /opt/airflow/dags/sales_etl_dag.py for tasks to queue
[2026-09-23T21:42:30.742+0000] {logging_mixin.py:190} INFO - [2026-09-23T21:42:30.742+0000] {dagbag.py:588} INFO - Filling up the DagBag from /opt/airflow/dags/sales_etl_dag.py
[2026-09-23T21:42:30.767+0000] {processor.py:925} INFO - DAG(s) 'etl_pipeline' retrieved from /opt/airflow/dags/sales_etl_dag.py
[2026-09-23T21:42:30.795+0000] {logging_mixin.py:190} INFO - [2026-09-23T21:42:30.795+0000] {dag.py:3239} INFO - Sync 1 DAGs
[2026-09-23T21:42:30.821+0000] {logging_mixin.py:190} INFO - [2026-09-23T21:42:30.820+0000] {dag.py:4180} INFO - Setting next_dagrun for etl_pipeline to 2026-09-23 02:00:00+00:00, run_after=2026-09-24 02:00:00+00:00
[2026-09-23T21:42:30.842+0000] {processor.py:208} INFO - Processing /opt/airflow/dags/sales_etl_dag.py took 0.110 seconds
[2026-09-23T21:43:01.094+0000] {processor.py:186} INFO - Started process (PID=227) to work on /opt/airflow/dags/sales_etl_dag.py
[2026-09-23T21:43:01.096+0000] {processor.py:914} INFO - Processing file /opt/airflow/dags/sales_etl_dag.py for tasks to queue
[2026-09-23T21:43:01.099+0000] {logging_mixin.py:190} INFO - [2026-09-23T21:43:01.099+0000] {dagbag.py:588} INFO - Filling up the DagBag from /opt/airflow/dags/sales_etl_dag.py
[2026-09-23T21:43:01.139+0000] {processor.py:925} INFO - DAG(s) 'etl_pipeline' retrieved from /opt/airflow/dags/sales_etl_dag.py
[2026-09-23T21:43:01.171+0000] {logging_mixin.py:190} INFO - [2026-09-23T21:43:01.171+0000] {dag.py:3239} INFO - Sync 1 DAGs
[2026-09-23T21:43:01.194+0000] {logging_mixin.py:190} INFO - [2026-09-23T21:43:01.193+0000] {dag.py:4180} INFO - Setting next_dagrun for etl_pipeline to 2026-09-23 02:00:00+00:00, run_after=2026-09-24 02:00:00+00:00
[2026-09-23T21:43:01.216+0000] {processor.py:208} INFO - Processing /opt/airflow/dags/sales_etl_dag.py took 0.133 seconds
[2026-09-23T21:43:31.505+0000] {processor.py:186} INFO - Started process (PID=232) to work on /opt/airflow/dags/sales_etl_dag.py
[2026-09-23T21:43:31.506+0000] {processor.py:914} INFO - Processing file /opt/airflow/dags/sales_etl_dag.py for tasks to queue
[2026-09-23T21:43:31.510+0000] {logging_mixin.py:190} INFO - [2026-09-23T21:43:31.510+0000] {dagbag.py:588} INFO - Filling up the DagBag from /opt/airflow/dags/sales_etl_dag.py
[2026-09-23T21:43:31.537+0000] {processor.py:925} INFO - DAG(s) 'etl_pipeline' retrieved from /opt/airflow/dags/sales_etl_dag.py
[2026-09-23T21:43:31.566+0000] {logging_mixin.py:190} INFO - [2026-09-23T21:43:31.566+0000] {dag.py:3239} INFO - Sync 1 DAGs
[2026-09-23T21:43:31.589+0000] {logging_mixin.py:190} INFO - [2026-09-23T21:43:31.588+0000] {dag.py:4180} INFO - Setting next_dagrun for etl_pipeline to 2026-09-23 02:00:00+00:00, run_after=2026-09-24 02:00:00+00:00
[2026-09-23T21:43:31.607+0000] {processor.py:208} INFO - Processing /opt/airflow/dags/sales_etl_dag.py took 0.107 seconds
[2026-09-23T21:44:01.811+0000] {processor.py:186} INFO - Started process (PID=237) to work on /opt/airflow/dags/sales_etl_dag.py
[2026-09-23T21:44:01.812+0000] {processor.py:914} INFO - Processing file /opt/airflow/dags/sales_etl_dag.py for tasks to queue
[2026-09-23T21:44:01.814+0000] {logging_mixin.py:190} INFO - [2026-09-23T21:44:01.814+0000] {dagbag.py:588} INFO - Filling up the DagBag from /opt/airflow/dags/sales_etl_dag.py
[2026-09-23T21:44:01.840+0000] {processor.py:925} INFO - DAG(s) 'etl_pipeline' retrieved from /opt/airflow/dags/sales_etl_dag.py
[2026-09-23T21:44:01.868+0000] {logging_mixin.py:190} INFO - [2026-09-23T21:44:01.868+0000] {dag.py:3239} INFO - Sync 1 DAGs
[2026-09-23T21:44:01.895+0000] {logging_mixin.py:190} INFO - [2026-09-23T21:44:01.895+0000] {dag.py:4180} INFO - Setting next_dagrun for etl_pipeline to 2026-09-23 02:00:00+00:00, run_after=2026-09-24 02:00:00+00:00
[2026-09-23T21:44:01.916+0000] {processor.py:208} INFO - Processing /opt/airflow/dags/sales_etl_dag.py took 0.111 seconds
[2026-09-23T21:44:32.253+0000] {processor.py:186} INFO - Started process (PID=242) to work on /opt/airflow/dags/sales_etl_dag.py
[2026-09-23T21:44:32.254+0000] {processor.py:914} INFO - Processing file /opt/airflow/dags/sales_etl_dag.py for tasks to queue
[2026-09-23T21:44:32.257+0000] {logging_mixin.py:190} INFO - [2026-09-23T21:44:32.257+0000] {dagbag.py:588} INFO - Filling up the DagBag from /opt/airflow/dags/sales_etl_dag.py
[2026-09-23T21:44:32.281+0000] {processor.py:925} INFO - DAG(s) 'etl_pipeline' retrieved from /opt/airflow/dags/sales_etl_dag.py
[2026-09-23T21:44:32.311+0000] {logging_mixin.py:190} INFO - [2026-09-23T21:44:32.310+0000] {dag.py:3239} INFO - Sync 1 DAGs
[2026-09-23T21:44:32.337+0000] {logging_mixin.py:190} INFO - [2026-09-23T21:44:32.337+0000] {dag.py:4180} INFO - Setting next_dagrun for etl_pipeline to 2026-09-23 02:00:00+00:00, run_after=2026-09-24 02:00:00+00:00
[2026-09-23T21:44:32.356+0000] {processor.py:208} INFO - Processing /opt/airflow/dags/sales_etl_dag.py took 0.109 seconds
[2026-09-23T21:45:02.647+0000] {processor.py:186} INFO - Started process (PID=247) to work on /opt/airflow/dags/sales_etl_dag.py
[2026-09-23T21:45:02.648+0000] {processor.py:914} INFO - Processing file /opt/airflow/dags/sales_etl_dag.py for tasks to queue
[2026-09-23T21:45:02.650+0000] {logging_mixin.py:190} INFO - [2026-09-23T21:45:02.650+0000] {dagbag.py:588} INFO - Filling up the DagBag from /opt/airflow/dags/sales_etl_dag.py
[2026-09-23T21:45:02.677+0000] {processor.py:925} INFO - DAG(s) 'etl_pipeline' retrieved from /opt/airflow/dags/sales_etl_dag.py
[2026-09-23T21:45:02.704+0000] {logging_mixin.py:190} INFO - [2026-09-23T21:45:02.704+0000] {dag.py:3239} INFO - Sync 1 DAGs
[2026-09-23T21:45:02.727+0000] {logging_mixin.py:190} INFO - [2026-09-23T21:45:02.727+0000] {dag.py:4180} INFO - Setting next_dagrun for etl_pipeline to 2026-09-23 02:00:00+00:00, run_after=2026-09-24 02:00:00+00:00
[2026-09-23T21:45:02.746+0000] {processor.py:208} INFO - Processing /opt/airflow/dags/sales_etl_dag.py took 0.105 seconds
[2026-09-23T21:45:33.045+0000] {processor.py:186} INFO - Started process (PID=252) to work on /opt/airflow/dags/sales_etl_dag.py
[2026-09-23T21:45:33.046+0000] {processor.py:914} INFO - Processing file /opt/airflow/dags/sales_etl_dag.py for tasks to queue
[2026-09-23T21:45:33.048+0000] {logging_mixin.py:190} INFO - [2026-09-23T21:45:33.048+0000] {dagbag.py:588} INFO - Filling up the DagBag from /opt/airflow/dags/sales_etl_dag.py
[2026-09-23T21:45:33.079+0000] {processor.py:925} INFO - DAG(s) 'etl_pipeline' retrieved from /opt/airflow/dags/sales_etl_dag.py
[2026-09-23T21:45:33.108+0000] {logging_mixin.py:190} INFO - [2026-09-23T21:45:33.107+0000] {dag.py:3239} INFO - Sync 1 DAGs
[2026-09-23T21:45:33.138+0000] {logging_mixin.py:190} INFO - [2026-09-23T21:45:33.137+0000] {dag.py:4180} INFO - Setting next_dagrun for etl_pipeline to 2026-09-23 02:00:00+00:00, run_after=2026-09-24 02:00:00+00:00
[2026-09-23T21:45:33.161+0000] {processor.py:208} INFO - Processing /opt/airflow/dags/sales_etl_dag.py took 0.121 seconds
[2026-09-23T21:46:03.355+0000] {processor.py:186} INFO - Started process (PID=257) to work on /opt/airflow/dags/sales_etl_dag.py
[2026-09-23T21:46:03.357+0000] {processor.py:914} INFO - Processing file /opt/airflow/dags/sales_etl_dag.py for tasks to queue
[2026-09-23T21:46:03.360+0000] {logging_mixin.py:190} INFO - [2026-09-23T21:46:03.359+0000] {dagbag.py:588} INFO - Filling up the DagBag from /opt/airflow/dags/sales_etl_dag.py
[2026-09-23T21:46:03.383+0000] {processor.py:925} INFO - DAG(s) 'etl_pipeline' retrieved from /opt/airflow/dags/sales_etl_dag.py
[2026-09-23T21:46:03.413+0000] {logging_mixin.py:190} INFO - [2026-09-23T21:46:03.412+0000] {dag.py:3239} INFO - Sync 1 DAGs
[2026-09-23T21:46:03.438+0000] {logging_mixin.py:190} INFO - [2026-09-23T21:46:03.438+0000] {dag.py:4180} INFO - Setting next_dagrun for etl_pipeline to 2026-09-23 02:00:00+00:00, run_after=2026-09-24 02:00:00+00:00
[2026-09-23T21:46:03.456+0000] {processor.py:208} INFO - Processing /opt/airflow/dags/sales_etl_dag.py took 0.106 seconds
[2026-09-23T21:46:33.671+0000] {processor.py:186} INFO - Started process (PID=262) to work on /opt/airflow/dags/sales_etl_dag.py
[2026-09-23T21:46:33.673+0000] {processor.py:914} INFO - Processing file /opt/airflow/dags/sales_etl_dag.py for tasks to queue
[2026-09-23T21:46:33.675+0000] {logging_mixin.py:190} INFO - [2026-09-23T21:46:33.675+0000] {dagbag.py:588} INFO - Filling up the DagBag from /opt/airflow/dags/sales_etl_dag.py
[2026-09-23T21:46:33.699+0000] {processor.py:925} INFO - DAG(s) 'etl_pipeline' retrieved from /opt/airflow/dags/sales_etl_dag.py
[2026-09-23T21:46:33.728+0000] {logging_mixin.py:190} INFO - [2026-09-23T21:46:33.728+0000] {dag.py:3239} INFO - Sync 1 DAGs
[2026-09-23T21:46:33.753+0000] {logging_mixin.py:190} INFO - [2026-09-23T21:46:33.753+0000] {dag.py:4180} INFO - Setting next_dagrun for etl_pipeline to 2026-09-23 02:00:00+00:00, run_after=2026-09-24 02:00:00+00:00
[2026-09-23T21:46:33.777+0000] {processor.py:208} INFO - Processing /opt/airflow/dags/sales_etl_dag.py took 0.112 seconds
[2026-09-23T21:47:03.988+0000] {processor.py:186} INFO - Started process (PID=267) to work on /opt/airflow/dags/sales_etl_dag.py
[2026-09-23T21:47:03.989+0000] {processor.py:914} INFO - Processing file /opt/airflow/dags/sales_etl_dag.py for tasks to queue
[2026-09-23T21:47:03.993+0000] {logging_mixin.py:190} INFO - [2026-09-23T21:47:03.993+0000] {dagbag.py:588} INFO - Filling up the DagBag from /opt/airflow/dags/sales_etl_dag.py
[2026-09-23T21:47:04.020+0000] {processor.py:925} INFO - DAG(s) 'etl_pipeline' retrieved from /opt/airflow/dags/sales_etl_dag.py
[2026-09-23T21:47:04.059+0000] {logging_mixin.py:190} INFO - [2026-09-23T21:47:04.059+0000] {dag.py:3239} INFO - Sync 1 DAGs
[2026-09-23T21:47:04.092+0000] {logging_mixin.py:190} INFO - [2026-09-23T21:47:04.092+0000] {dag.py:4180} INFO - Setting next_dagrun for etl_pipeline to 2026-09-23 02:00:00+00:00, run_after=2026-09-24 02:00:00+00:00
[2026-09-23T21:47:04.119+0000] {processor.py:208} INFO - Processing /opt/airflow/dags/sales_etl_dag.py took 0.138 seconds
[2026-09-23T21:47:34.429+0000] {processor.py:186} INFO - Started process (PID=272) to work on /opt/airflow/dags/sales_etl_dag.py
[2026-09-23T21:47:34.430+0000] {processor.py:914} INFO - Processing file /opt/airflow/dags/sales_etl_dag.py for tasks to queue
[2026-09-23T21:47:34.433+0000] {logging_mixin.py:190} INFO - [2026-09-23T21:47:34.432+0000] {dagbag.py:588} INFO - Filling up the DagBag from /opt/airflow/dags/sales_etl_dag.py
[2026-09-23T21:47:34.464+0000] {processor.py:925} INFO - DAG(s) 'etl_pipeline' retrieved from /opt/airflow/dags/sales_etl_dag.py
[2026-09-23T21:47:34.505+0000] {logging_mixin.py:190} INFO - [2026-09-23T21:47:34.505+0000] {dag.py:3239} INFO - Sync 1 DAGs
[2026-09-23T21:47:34.537+0000] {logging_mixin.py:190} INFO - [2026-09-23T21:47:34.537+0000] {dag.py:4180} INFO - Setting next_dagrun for etl_pipeline to 2026-09-23 02:00:00+00:00, run_after=2026-09-24 02:00:00+00:00
[2026-09-23T21:47:34.567+0000] {processor.py:208} INFO - Processing /opt/airflow/dags/sales_etl_dag.py took 0.143 seconds
[2026-09-23T21:48:04.771+0000] {processor.py:186} INFO - Started process (PID=277) to work on /opt/airflow/dags/sales_etl_dag.py
[2026-09-23T21:48:04.772+0000] {processor.py:914} INFO - Processing file /opt/airflow/dags/sales_etl_dag.py for tasks to queue
[2026-09-23T21:48:04.775+0000] {logging_mixin.py:190} INFO - [2026-09-23T21:48:04.774+0000] {dagbag.py:588} INFO - Filling up the DagBag from /opt/airflow/dags/sales_etl_dag.py
[2026-09-23T21:48:04.798+0000] {processor.py:925} INFO - DAG(s) 'etl_pipeline' retrieved from /opt/airflow/dags/sales_etl_dag.py
[2026-09-23T21:48:04.827+0000] {logging_mixin.py:190} INFO - [2026-09-23T21:48:04.827+0000] {dag.py:3239} INFO - Sync 1 DAGs
[2026-09-23T21:48:04.849+0000] {logging_mixin.py:190} INFO - [2026-09-23T21:48:04.849+0000] {dag.py:4180} INFO - Setting next_dagrun for etl_pipeline to 2026-09-23 02:00:00+00:00, run_after=2026-09-24 02:00:00+00:00
[2026-09-23T21:48:04.868+0000] {processor.py:208} INFO - Processing /opt/airflow/dags/sales_etl_dag.py took 0.104 seconds
[2026-09-23T21:48:35.209+0000] {processor.py:186} INFO - Started process (PID=282) to work on /opt/airflow/dags/sales_etl_dag.py
[2026-09-23T21:48:35.211+0000] {processor.py:914} INFO - Processing file /opt/airflow/dags/sales_etl_dag.py for tasks to queue
[2026-09-23T21:48:35.214+0000] {logging_mixin.py:190} INFO - [2026-09-23T21:48:35.213+0000] {dagbag.py:588} INFO - Filling up the DagBag from /opt/airflow/dags/sales_etl_dag.py
[2026-09-23T21:48:35.244+0000] {processor.py:925} INFO - DAG(s) 'etl_pipeline' retrieved from /opt/airflow/dags/sales_etl_dag.py
[2026-09-23T21:48:35.286+0000] {logging_mixin.py:190} INFO - [2026-09-23T21:48:35.286+0000] {dag.py:3239} INFO - Sync 1 DAGs
[2026-09-23T21:48:35.320+0000] {logging_mixin.py:190} INFO - [2026-09-23T21:48:35.319+0000] {dag.py:4180} INFO - Setting next_dagrun for etl_pipeline to 2026-09-23 02:00:00+00:00, run_after=2026-09-24 02:00:00+00:00
[2026-09-23T21:48:35.348+0000] {processor.py:208} INFO - Processing /opt/airflow/dags/sales_etl_dag.py took 0.146 seconds
[2026-09-23T21:49:05.550+0000] {processor.py:186} INFO - Started process (PID=287) to work on /opt/airflow/dags/sales_etl_dag.py
[2026-09-23T21:49:05.551+0000] {processor.py:914} INFO - Processing file /opt/airflow/dags/sales_etl_dag.py for tasks to queue
[2026-09-23T21:49:05.554+0000] {logging_mixin.py:190} INFO - [2026-09-23T21:49:05.554+0000] {dagbag.py:588} INFO - Filling up the DagBag from /opt/airflow/dags/sales_etl_dag.py
[2026-09-23T21:49:05.580+0000] {processor.py:925} INFO - DAG(s) 'etl_pipeline' retrieved from /opt/airflow/dags/sales_etl_dag.py
[2026-09-23T21:49:05.611+0000] {logging_mixin.py:190} INFO - [2026-09-23T21:49:05.610+0000] {dag.py:3239} INFO - Sync 1 DAGs
[2026-09-23T21:49:05.635+0000] {logging_mixin.py:190} INFO - [2026-09-23T21:49:05.634+0000] {dag.py:4180} INFO - Setting next_dagrun for etl_pipeline to 2026-09-23 02:00:00+00:00, run_after=2026-09-24 02:00:00+00:00
[2026-09-23T21:49:05.658+0000] {processor.py:208} INFO - Processing /opt/airflow/dags/sales_etl_dag.py took 0.114 seconds
[2026-09-23T21:49:36.029+0000] {processor.py:186} INFO - Started process (PID=292) to work on /opt/airflow/dags/sales_etl_dag.py
[2026-09-23T21:49:36.030+0000] {processor.py:914} INFO - Processing file /opt/airflow/dags/sales_etl_dag.py for tasks to queue
[2026-09-23T21:49:36.034+0000] {logging_mixin.py:190} INFO - [2026-09-23T21:49:36.033+0000] {dagbag.py:588} INFO - Filling up the DagBag from /opt/airflow/dags/sales_etl_dag.py
[2026-09-23T21:49:36.058+0000] {processor.py:925} INFO - DAG(s) 'etl_pipeline' retrieved from /opt/airflow/dags/sales_etl_dag.py
[2026-09-23T21:49:36.085+0000] {logging_mixin.py:190} INFO - [2026-09-23T21:49:36.084+0000] {dag.py:3239} INFO - Sync 1 DAGs
[2026-09-23T21:49:36.108+0000] {logging_mixin.py:190} INFO - [2026-09-23T21:49:36.108+0000] {dag.py:4180} INFO - Setting next_dagrun for etl_pipeline to 2026-09-23 02:00:00+00:00, run_after=2026-09-24 02:00:00+00:00
[2026-09-23T21:49:36.126+0000] {processor.py:208} INFO - Processing /opt/airflow/dags/sales_etl_dag.py took 0.103 seconds
[2026-09-23T21:50:06.393+0000] {processor.py:186} INFO - Started process (PID=297) to work on /opt/airflow/dags/sales_etl_dag.py
[2026-09-23T21:50:06.394+0000] {processor.py:914} INFO - Processing file /opt/airflow/dags/sales_etl_dag.py for tasks to queue
[2026-09-23T21:50:06.398+0000] {logging_mixin.py:190} INFO - [2026-09-23T21:50:06.398+0000] {dagbag.py:588} INFO - Filling up the DagBag from /opt/airflow/dags/sales_etl_dag.py
[2026-09-23T21:50:06.436+0000] {processor.py:925} INFO - DAG(s) 'etl_pipeline' retrieved from /opt/airflow/dags/sales_etl_dag.py
[2026-09-23T21:50:06.470+0000] {logging_mixin.py:190} INFO - [2026-09-23T21:50:06.470+0000] {dag.py:3239} INFO - Sync 1 DAGs
[2026-09-23T21:50:06.495+0000] {logging_mixin.py:190} INFO - [2026-09-23T21:50:06.495+0000] {dag.py:4180} INFO - Setting next_dagrun for etl_pipeline to 2026-09-23 02:00:00+00:00, run_after=2026-09-24 02:00:00+00:00
[2026-09-23T21:50:06.520+0000] {processor.py:208} INFO - Processing /opt/airflow/dags/sales_etl_dag.py took 0.135 seconds
[2026-09-23T21:50:36.724+0000] {processor.py:186} INFO - Started process (PID=302) to work on /opt/airflow/dags/sales_etl_dag.py
[2026-09-23T21:50:36.725+0000] {processor.py:914} INFO - Processing file /opt/airflow/dags/sales_etl_dag.py for tasks to queue
[2026-09-23T21:50:36.727+0000] {logging_mixin.py:190} INFO - [2026-09-23T21:50:36.727+0000] {dagbag.py:588} INFO - Filling up the DagBag from /opt/airflow/dags/sales_etl_dag.py
[2026-09-23T21:50:36.747+0000] {processor.py:925} INFO - DAG(s) 'etl_pipeline' retrieved from /opt/airflow/dags/sales_etl_dag.py
[2026-09-23T21:50:36.783+0000] {logging_mixin.py:190} INFO - [2026-09-23T21:50:36.782+0000] {dag.py:3239} INFO - Sync 1 DAGs
[2026-09-23T21:50:36.810+0000] {logging_mixin.py:190} INFO - [2026-09-23T21:50:36.810+0000] {dag.py:4180} INFO - Setting next_dagrun for etl_pipeline to 2026-09-23 02:00:00+00:00, run_after=2026-09-24 02:00:00+00:00
[2026-09-23T21:50:36.830+0000] {processor.py:208} INFO - Processing /opt/airflow/dags/sales_etl_dag.py took 0.112 seconds
[2026-09-23T21:51:07.162+0000] {processor.py:186} INFO - Started process (PID=307) to work on /opt/airflow/dags/sales_etl_dag.py
[2026-09-23T21:51:07.163+0000] {processor.py:914} INFO - Processing file /opt/airflow/dags/sales_etl_dag.py for tasks to queue
[2026-09-23T21:51:07.166+0000] {logging_mixin.py:190} INFO - [2026-09-23T21:51:07.165+0000] {dagbag.py:588} INFO - Filling up the DagBag from /opt/airflow/dags/sales_etl_dag.py
[2026-09-23T21:51:07.187+0000] {processor.py:925} INFO - DAG(s) 'etl_pipeline' retrieved from /opt/airflow/dags/sales_etl_dag.py
[2026-09-23T21:51:07.213+0000] {logging_mixin.py:190} INFO - [2026-09-23T21:51:07.213+0000] {dag.py:3239} INFO - Sync 1 DAGs
[2026-09-23T21:51:07.235+0000] {logging_mixin.py:190} INFO - [2026-09-23T21:51:07.235+0000] {dag.py:4180} INFO - Setting next_dagrun for etl_pipeline to 2026-09-23 02:00:00+00:00, run_after=2026-09-24 02:00:00+00:00
[2026-09-23T21:51:07.254+0000] {processor.py:208} INFO - Processing /opt/airflow/dags/sales_etl_dag.py took 0.099 seconds
[2026-09-23T21:51:37.493+0000] {processor.py:186} INFO - Started process (PID=312) to work on /opt/airflow/dags/sales_etl_dag.py
[2026-09-23T21:51:37.495+0000] {processor.py:914} INFO - Processing file /opt/airflow/dags/sales_etl_dag.py for tasks to queue
[2026-09-23T21:51:37.497+0000] {logging_mixin.py:190} INFO - [2026-09-23T21:51:37.497+0000] {dagbag.py:588} INFO - Filling up the DagBag from /opt/airflow/dags/sales_etl_dag.py
[2026-09-23T21:51:37.531+0000] {processor.py:925} INFO - DAG(s) 'etl_pipeline' retrieved from /opt/airflow/dags/sales_etl_dag.py
[2026-09-23T21:51:37.573+0000] {logging_mixin.py:190} INFO - [2026-09-23T21:51:37.572+0000] {dag.py:3239} INFO - Sync 1 DAGs
[2026-09-23T21:51:37.596+0000] {logging_mixin.py:190} INFO - [2026-09-23T21:51:37.595+0000] {dag.py:4180} INFO - Setting next_dagrun for etl_pipeline to 2026-09-23 02:00:00+00:00, run_after=2026-09-24 02:00:00+00:00
[2026-09-23T21:51:37.618+0000] {processor.py:208} INFO - Processing /opt/airflow/dags/sales_etl_dag.py took 0.129 seconds
[2026-09-23T21:52:07.954+0000] {processor.py:186} INFO - Started process (PID=317) to work on /opt/airflow/dags/sales_etl_dag.py
[2026-09-23T21:52:07.955+0000] {processor.py:914} INFO - Processing file /opt/airflow/dags/sales_etl_dag.py for tasks to queue
[2026-09-23T21:52:07.960+0000] {logging_mixin.py:190} INFO - [2026-09-23T21:52:07.959+0000] {dagbag.py:588} INFO - Filling up the DagBag from /opt/airflow/dags/sales_etl_dag.py
[2026-09-23T21:52:07.987+0000] {processor.py:925} INFO - DAG(s) 'etl_pipeline' retrieved from /opt/airflow/dags/sales_etl_dag.py
[2026-09-23T21:52:08.014+0000] {logging_mixin.py:190} INFO - [2026-09-23T21:52:08.013+0000] {dag.py:3239} INFO - Sync 1 DAGs
[2026-09-23T21:52:08.038+0000] {logging_mixin.py:190} INFO - [2026-09-23T21:52:08.037+0000] {dag.py:4180} INFO - Setting next_dagrun for etl_pipeline to 2026-09-23 02:00:00+00:00, run_after=2026-09-24 02:00:00+00:00
[2026-09-23T21:52:08.058+0000] {processor.py:208} INFO - Processing /opt/airflow/dags/sales_etl_dag.py took 0.109 seconds
[2026-09-23T21:52:38.279+0000] {processor.py:186} INFO - Started process (PID=322) to work on /opt/airflow/dags/sales_etl_dag.py
[2026-09-23T21:52:38.280+0000] {processor.py:914} INFO - Processing file /opt/airflow/dags/sales_etl_dag.py for tasks to queue
[2026-09-23T21:52:38.283+0000] {logging_mixin.py:190} INFO - [2026-09-23T21:52:38.282+0000] {dagbag.py:588} INFO - Filling up the DagBag from /opt/airflow/dags/sales_etl_dag.py
[2026-09-23T21:52:38.306+0000] {processor.py:925} INFO - DAG(s) 'etl_pipeline' retrieved from /opt/airflow/dags/sales_etl_dag.py
[2026-09-23T21:52:38.337+0000] {logging_mixin.py:190} INFO - [2026-09-23T21:52:38.337+0000] {dag.py:3239} INFO - Sync 1 DAGs
[2026-09-23T21:52:38.361+0000] {logging_mixin.py:190} INFO - [2026-09-23T21:52:38.360+0000] {dag.py:4180} INFO - Setting next_dagrun for etl_pipeline to 2026-09-23 02:00:00+00:00, run_after=2026-09-24 02:00:00+00:00
[2026-09-23T21:52:38.381+0000] {processor.py:208} INFO - Processing /opt/airflow/dags/sales_etl_dag.py took 0.106 seconds
[2026-09-23T21:53:08.702+0000] {processor.py:186} INFO - Started process (PID=327) to work on /opt/airflow/dags/sales_etl_dag.py
[2026-09-23T21:53:08.703+0000] {processor.py:914} INFO - Processing file /opt/airflow/dags/sales_etl_dag.py for tasks to queue
[2026-09-23T21:53:08.705+0000] {logging_mixin.py:190} INFO - [2026-09-23T21:53:08.705+0000] {dagbag.py:588} INFO - Filling up the DagBag from /opt/airflow/dags/sales_etl_dag.py
[2026-09-23T21:53:08.731+0000] {processor.py:925} INFO - DAG(s) 'etl_pipeline' retrieved from /opt/airflow/dags/sales_etl_dag.py
[2026-09-23T21:53:08.761+0000] {logging_mixin.py:190} INFO - [2026-09-23T21:53:08.760+0000] {dag.py:3239} INFO - Sync 1 DAGs
[2026-09-23T21:53:08.782+0000] {logging_mixin.py:190} INFO - [2026-09-23T21:53:08.781+0000] {dag.py:4180} INFO - Setting next_dagrun for etl_pipeline to 2026-09-23 02:00:00+00:00, run_after=2026-09-24 02:00:00+00:00
[2026-09-23T21:53:08.801+0000] {processor.py:208} INFO - Processing /opt/airflow/dags/sales_etl_dag.py took 0.104 seconds
[2026-09-23T21:53:39.078+0000] {processor.py:186} INFO - Started process (PID=332) to work on /opt/airflow/dags/sales_etl_dag.py
[2026-09-23T21:53:39.079+0000] {processor.py:914} INFO - Processing file /opt/airflow/dags/sales_etl_dag.py for tasks to queue
[2026-09-23T21:53:39.081+0000] {logging_mixin.py:190} INFO - [2026-09-23T21:53:39.081+0000] {dagbag.py:588} INFO - Filling up the DagBag from /opt/airflow/dags/sales_etl_dag.py
[2026-09-23T21:53:39.118+0000] {processor.py:925} INFO - DAG(s) 'etl_pipeline' retrieved from /opt/airflow/dags/sales_etl_dag.py
[2026-09-23T21:53:39.158+0000] {logging_mixin.py:190} INFO - [2026-09-23T21:53:39.158+0000] {dag.py:3239} INFO - Sync 1 DAGs
[2026-09-23T21:53:39.187+0000] {logging_mixin.py:190} INFO - [2026-09-23T21:53:39.187+0000] {dag.py:4180} INFO - Setting next_dagrun for etl_pipeline to 2026-09-23 02:00:00+00:00, run_after=2026-09-24 02:00:00+00:00
[2026-09-23T21:53:39.209+0000] {processor.py:208} INFO - Processing /opt/airflow/dags/sales_etl_dag.py took 0.137 seconds
[2026-09-23T21:54:09.528+0000] {processor.py:186} INFO - Started process (PID=337) to work on /opt/airflow/dags/sales_etl_dag.py
[2026-09-23T21:54:09.529+0000] {processor.py:914} INFO - Processing file /opt/airflow/dags/sales_etl_dag.py for tasks to queue
[2026-09-23T21:54:09.534+0000] {logging_mixin.py:190} INFO - [2026-09-23T21:54:09.533+0000] {dagbag.py:588} INFO - Filling up the DagBag from /opt/airflow/dags/sales_etl_dag.py
[2026-09-23T21:54:09.578+0000] {processor.py:925} INFO - DAG(s) 'etl_pipeline' retrieved from /opt/airflow/dags/sales_etl_dag.py
[2026-09-23T21:54:09.614+0000] {logging_mixin.py:190} INFO - [2026-09-23T21:54:09.614+0000] {dag.py:3239} INFO - Sync 1 DAGs
[2026-09-23T21:54:09.647+0000] {logging_mixin.py:190} INFO - [2026-09-23T21:54:09.647+0000] {dag.py:4180} INFO - Setting next_dagrun for etl_pipeline to 2026-09-23 02:00:00+00:00, run_after=2026-09-24 02:00:00+00:00
[2026-09-23T21:54:09.676+0000] {processor.py:208} INFO - Processing /opt/airflow/dags/sales_etl_dag.py took 0.158 seconds
[2026-09-23T21:54:39.838+0000] {processor.py:186} INFO - Started process (PID=342) to work on /opt/airflow/dags/sales_etl_dag.py
[2026-09-23T21:54:39.839+0000] {processor.py:914} INFO - Processing file /opt/airflow/dags/sales_etl_dag.py for tasks to queue
[2026-09-23T21:54:39.842+0000] {logging_mixin.py:190} INFO - [2026-09-23T21:54:39.841+0000] {dagbag.py:588} INFO - Filling up the DagBag from /opt/airflow/dags/sales_etl_dag.py
[2026-09-23T21:54:39.869+0000] {processor.py:925} INFO - DAG(s) 'etl_pipeline' retrieved from /opt/airflow/dags/sales_etl_dag.py
[2026-09-23T21:54:39.900+0000] {logging_mixin.py:190} INFO - [2026-09-23T21:54:39.899+0000] {dag.py:3239} INFO - Sync 1 DAGs
[2026-09-23T21:54:39.923+0000] {logging_mixin.py:190} INFO - [2026-09-23T21:54:39.923+0000] {dag.py:4180} INFO - Setting next_dagrun for etl_pipeline to 2026-09-23 02:00:00+00:00, run_after=2026-09-24 02:00:00+00:00
[2026-09-23T21:54:39.941+0000] {processor.py:208} INFO - Processing /opt/airflow/dags/sales_etl_dag.py took 0.108 seconds
[2026-09-23T21:55:10.155+0000] {processor.py:186} INFO - Started process (PID=347) to work on /opt/airflow/dags/sales_etl_dag.py
[2026-09-23T21:55:10.156+0000] {processor.py:914} INFO - Processing file /opt/airflow/dags/sales_etl_dag.py for tasks to queue
[2026-09-23T21:55:10.159+0000] {logging_mixin.py:190} INFO - [2026-09-23T21:55:10.158+0000] {dagbag.py:588} INFO - Filling up the DagBag from /opt/airflow/dags/sales_etl_dag.py
[2026-09-23T21:55:10.179+0000] {processor.py:925} INFO - DAG(s) 'etl_pipeline' retrieved from /opt/airflow/dags/sales_etl_dag.py
[2026-09-23T21:55:10.223+0000] {logging_mixin.py:190} INFO - [2026-09-23T21:55:10.223+0000] {dag.py:3239} INFO - Sync 1 DAGs
[2026-09-23T21:55:10.249+0000] {logging_mixin.py:190} INFO - [2026-09-23T21:55:10.249+0000] {dag.py:4180} INFO - Setting next_dagrun for etl_pipeline to 2026-09-23 02:00:00+00:00, run_after=2026-09-24 02:00:00+00:00
[2026-09-23T21:55:10.270+0000] {processor.py:208} INFO - Processing /opt/airflow/dags/sales_etl_dag.py took 0.119 seconds
[2026-09-23T21:55:40.589+0000] {processor.py:186} INFO - Started process (PID=352) to work on /opt/airflow/dags/sales_etl_dag.py
[2026-09-23T21:55:40.590+0000] {processor.py:914} INFO - Processing file /opt/airflow/dags/sales_etl_dag.py for tasks to queue
[2026-09-23T21:55:40.594+0000] {logging_mixin.py:190} INFO - [2026-09-23T21:55:40.593+0000] {dagbag.py:588} INFO - Filling up the DagBag from /opt/airflow/dags/sales_etl_dag.py
[2026-09-23T21:55:40.621+0000] {processor.py:925} INFO - DAG(s) 'etl_pipeline' retrieved from /opt/airflow/dags/sales_etl_dag.py
[2026-09-23T21:55:40.650+0000] {logging_mixin.py:190} INFO - [2026-09-23T21:55:40.650+0000] {dag.py:3239} INFO - Sync 1 DAGs
[2026-09-23T21:55:40.674+0000] {logging_mixin.py:190} INFO - [2026-09-23T21:55:40.673+0000] {dag.py:4180} INFO - Setting next_dagrun for etl_pipeline to 2026-09-23 02:00:00+00:00, run_after=2026-09-24 02:00:00+00:00
[2026-09-23T21:55:40.697+0000] {processor.py:208} INFO - Processing /opt/airflow/dags/sales_etl_dag.py took 0.115 seconds
[2026-09-23T21:56:10.933+0000] {processor.py:186} INFO - Started process (PID=357) to work on /opt/airflow/dags/sales_etl_dag.py
[2026-09-23T21:56:10.934+0000] {processor.py:914} INFO - Processing file /opt/airflow/dags/sales_etl_dag.py for tasks to queue
[2026-09-23T21:56:10.937+0000] {logging_mixin.py:190} INFO - [2026-09-23T21:56:10.937+0000] {dagbag.py:588} INFO - Filling up the DagBag from /opt/airflow/dags/sales_etl_dag.py
[2026-09-23T21:56:10.962+0000] {processor.py:925} INFO - DAG(s) 'etl_pipeline' retrieved from /opt/airflow/dags/sales_etl_dag.py
[2026-09-23T21:56:10.999+0000] {logging_mixin.py:190} INFO - [2026-09-23T21:56:10.998+0000] {dag.py:3239} INFO - Sync 1 DAGs
[2026-09-23T21:56:11.021+0000] {logging_mixin.py:190} INFO - [2026-09-23T21:56:11.021+0000] {dag.py:4180} INFO - Setting next_dagrun for etl_pipeline to 2026-09-23 02:00:00+00:00, run_after=2026-09-24 02:00:00+00:00
[2026-09-23T21:56:11.041+0000] {processor.py:208} INFO - Processing /opt/airflow/dags/sales_etl_dag.py took 0.115 seconds
[2026-09-23T21:56:41.341+0000] {processor.py:186} INFO - Started process (PID=362) to work on /opt/airflow/dags/sales_etl_dag.py
[2026-09-23T21:56:41.342+0000] {processor.py:914} INFO - Processing file /opt/airflow/dags/sales_etl_dag.py for tasks to queue
[2026-09-23T21:56:41.346+0000] {logging_mixin.py:190} INFO - [2026-09-23T21:56:41.345+0000] {dagbag.py:588} INFO - Filling up the DagBag from /opt/airflow/dags/sales_etl_dag.py
[2026-09-23T21:56:41.377+0000] {processor.py:925} INFO - DAG(s) 'etl_pipeline' retrieved from /opt/airflow/dags/sales_etl_dag.py
[2026-09-23T21:56:41.407+0000] {logging_mixin.py:190} INFO - [2026-09-23T21:56:41.406+0000] {dag.py:3239} INFO - Sync 1 DAGs
[2026-09-23T21:56:41.432+0000] {logging_mixin.py:190} INFO - [2026-09-23T21:56:41.432+0000] {dag.py:4180} INFO - Setting next_dagrun for etl_pipeline to 2026-09-23 02:00:00+00:00, run_after=2026-09-24 02:00:00+00:00
[2026-09-23T21:56:41.456+0000] {processor.py:208} INFO - Processing /opt/airflow/dags/sales_etl_dag.py took 0.120 seconds
[2026-09-23T21:57:11.734+0000] {processor.py:186} INFO - Started process (PID=367) to work on /opt/airflow/dags/sales_etl_dag.py
[2026-09-23T21:57:11.735+0000] {processor.py:914} INFO - Processing file /opt/airflow/dags/sales_etl_dag.py for tasks to queue
[2026-09-23T21:57:11.738+0000] {logging_mixin.py:190} INFO - [2026-09-23T21:57:11.738+0000] {dagbag.py:588} INFO - Filling up the DagBag from /opt/airflow/dags/sales_etl_dag.py
[2026-09-23T21:57:11.765+0000] {processor.py:925} INFO - DAG(s) 'etl_pipeline' retrieved from /opt/airflow/dags/sales_etl_dag.py
[2026-09-23T21:57:11.798+0000] {logging_mixin.py:190} INFO - [2026-09-23T21:57:11.798+0000] {dag.py:3239} INFO - Sync 1 DAGs
[2026-09-23T21:57:11.821+0000] {logging_mixin.py:190} INFO - [2026-09-23T21:57:11.821+0000] {dag.py:4180} INFO - Setting next_dagrun for etl_pipeline to 2026-09-23 02:00:00+00:00, run_after=2026-09-24 02:00:00+00:00
[2026-09-23T21:57:11.841+0000] {processor.py:208} INFO - Processing /opt/airflow/dags/sales_etl_dag.py took 0.113 seconds
[2026-09-23T21:57:42.149+0000] {processor.py:186} INFO - Started process (PID=372) to work on /opt/airflow/dags/sales_etl_dag.py
[2026-09-23T21:57:42.150+0000] {processor.py:914} INFO - Processing file /opt/airflow/dags/sales_etl_dag.py for tasks to queue
[2026-09-23T21:57:42.153+0000] {logging_mixin.py:190} INFO - [2026-09-23T21:57:42.153+0000] {dagbag.py:588} INFO - Filling up the DagBag from /opt/airflow/dags/sales_etl_dag.py
[2026-09-23T21:57:42.180+0000] {processor.py:925} INFO - DAG(s) 'etl_pipeline' retrieved from /opt/airflow/dags/sales_etl_dag.py
[2026-09-23T21:57:42.207+0000] {logging_mixin.py:190} INFO - [2026-09-23T21:57:42.207+0000] {dag.py:3239} INFO - Sync 1 DAGs
[2026-09-23T21:57:42.229+0000] {logging_mixin.py:190} INFO - [2026-09-23T21:57:42.228+0000] {dag.py:4180} INFO - Setting next_dagrun for etl_pipeline to 2026-09-23 02:00:00+00:00, run_after=2026-09-24 02:00:00+00:00
[2026-09-23T21:57:42.250+0000] {processor.py:208} INFO - Processing /opt/airflow/dags/sales_etl_dag.py took 0.106 seconds
[2026-09-23T21:58:12.525+0000] {processor.py:186} INFO - Started process (PID=377) to work on /opt/airflow/dags/sales_etl_dag.py
[2026-09-23T21:58:12.526+0000] {processor.py:914} INFO - Processing file /opt/airflow/dags/sales_etl_dag.py for tasks to queue
[2026-09-23T21:58:12.531+0000] {logging_mixin.py:190} INFO - [2026-09-23T21:58:12.530+0000] {dagbag.py:588} INFO - Filling up the DagBag from /opt/airflow/dags/sales_etl_dag.py
[2026-09-23T21:58:12.563+0000] {processor.py:925} INFO - DAG(s) 'etl_pipeline' retrieved from /opt/airflow/dags/sales_etl_dag.py
[2026-09-23T21:58:12.604+0000] {logging_mixin.py:190} INFO - [2026-09-23T21:58:12.604+0000] {dag.py:3239} INFO - Sync 1 DAGs
[2026-09-23T21:58:12.645+0000] {logging_mixin.py:190} INFO - [2026-09-23T21:58:12.645+0000] {dag.py:4180} INFO - Setting next_dagrun for etl_pipeline to 2026-09-23 02:00:00+00:00, run_after=2026-09-24 02:00:00+00:00
[2026-09-23T21:58:12.676+0000] {processor.py:208} INFO - Processing /opt/airflow/dags/sales_etl_dag.py took 0.159 seconds
[2026-09-23T21:58:42.967+0000] {processor.py:186} INFO - Started process (PID=382) to work on /opt/airflow/dags/sales_etl_dag.py
[2026-09-23T21:58:42.968+0000] {processor.py:914} INFO - Processing file /opt/airflow/dags/sales_etl_dag.py for tasks to queue
[2026-09-23T21:58:42.971+0000] {logging_mixin.py:190} INFO - [2026-09-23T21:58:42.970+0000] {dagbag.py:588} INFO - Filling up the DagBag from /opt/airflow/dags/sales_etl_dag.py
[2026-09-23T21:58:42.993+0000] {processor.py:925} INFO - DAG(s) 'etl_pipeline' retrieved from /opt/airflow/dags/sales_etl_dag.py
[2026-09-23T21:58:43.025+0000] {logging_mixin.py:190} INFO - [2026-09-23T21:58:43.024+0000] {dag.py:3239} INFO - Sync 1 DAGs
[2026-09-23T21:58:43.047+0000] {logging_mixin.py:190} INFO - [2026-09-23T21:58:43.047+0000] {dag.py:4180} INFO - Setting next_dagrun for etl_pipeline to 2026-09-23 02:00:00+00:00, run_after=2026-09-24 02:00:00+00:00
[2026-09-23T21:58:43.067+0000] {processor.py:208} INFO - Processing /opt/airflow/dags/sales_etl_dag.py took 0.106 seconds
[2026-09-23T21:59:13.355+0000] {processor.py:186} INFO - Started process (PID=387) to work on /opt/airflow/dags/sales_etl_dag.py
[2026-09-23T21:59:13.356+0000] {processor.py:914} INFO - Processing file /opt/airflow/dags/sales_etl_dag.py for tasks to queue
[2026-09-23T21:59:13.359+0000] {logging_mixin.py:190} INFO - [2026-09-23T21:59:13.359+0000] {dagbag.py:588} INFO - Filling up the DagBag from /opt/airflow/dags/sales_etl_dag.py
[2026-09-23T21:59:13.389+0000] {processor.py:925} INFO - DAG(s) 'etl_pipeline' retrieved from /opt/airflow/dags/sales_etl_dag.py
[2026-09-23T21:59:13.432+0000] {logging_mixin.py:190} INFO - [2026-09-23T21:59:13.432+0000] {dag.py:3239} INFO - Sync 1 DAGs
[2026-09-23T21:59:13.456+0000] {logging_mixin.py:190} INFO - [2026-09-23T21:59:13.455+0000] {dag.py:4180} INFO - Setting next_dagrun for etl_pipeline to 2026-09-23 02:00:00+00:00, run_after=2026-09-24 02:00:00+00:00
[2026-09-23T21:59:13.480+0000] {processor.py:208} INFO - Processing /opt/airflow/dags/sales_etl_dag.py took 0.131 seconds
[2026-09-23T21:59:43.698+0000] {processor.py:186} INFO - Started process (PID=392) to work on /opt/airflow/dags/sales_etl_dag.py
[2026-09-23T21:59:43.700+0000] {processor.py:914} INFO - Processing file /opt/airflow/dags/sales_etl_dag.py for tasks to queue
[2026-09-23T21:59:43.704+0000] {logging_mixin.py:190} INFO - [2026-09-23T21:59:43.703+0000] {dagbag.py:588} INFO - Filling up the DagBag from /opt/airflow/dags/sales_etl_dag.py
[2026-09-23T21:59:43.729+0000] {processor.py:925} INFO - DAG(s) 'etl_pipeline' retrieved from /opt/airflow/dags/sales_etl_dag.py
[2026-09-23T21:59:43.759+0000] {logging_mixin.py:190} INFO - [2026-09-23T21:59:43.758+0000] {dag.py:3239} INFO - Sync 1 DAGs
[2026-09-23T21:59:43.786+0000] {logging_mixin.py:190} INFO - [2026-09-23T21:59:43.786+0000] {dag.py:4180} INFO - Setting next_dagrun for etl_pipeline to 2026-09-23 02:00:00+00:00, run_after=2026-09-24 02:00:00+00:00
[2026-09-23T21:59:43.807+0000] {processor.py:208} INFO - Processing /opt/airflow/dags/sales_etl_dag.py took 0.115 seconds
[2026-09-23T22:00:14.123+0000] {processor.py:186} INFO - Started process (PID=397) to work on /opt/airflow/dags/sales_etl_dag.py
[2026-09-23T22:00:14.124+0000] {processor.py:914} INFO - Processing file /opt/airflow/dags/sales_etl_dag.py for tasks to queue
[2026-09-23T22:00:14.128+0000] {logging_mixin.py:190} INFO - [2026-09-23T22:00:14.128+0000] {dagbag.py:588} INFO - Filling up the DagBag from /opt/airflow/dags/sales_etl_dag.py
[2026-09-23T22:00:14.159+0000] {processor.py:925} INFO - DAG(s) 'etl_pipeline' retrieved from /opt/airflow/dags/sales_etl_dag.py
[2026-09-23T22:00:14.193+0000] {logging_mixin.py:190} INFO - [2026-09-23T22:00:14.193+0000] {dag.py:3239} INFO - Sync 1 DAGs
[2026-09-23T22:00:14.214+0000] {logging_mixin.py:190} INFO - [2026-09-23T22:00:14.214+0000] {dag.py:4180} INFO - Setting next_dagrun for etl_pipeline to 2026-09-23 02:00:00+00:00, run_after=2026-09-24 02:00:00+00:00
[2026-09-23T22:00:14.236+0000] {processor.py:208} INFO - Processing /opt/airflow/dags/sales_etl_dag.py took 0.119 seconds
[2026-09-23T22:00:44.423+0000] {processor.py:186} INFO - Started process (PID=402) to work on /opt/airflow/dags/sales_etl_dag.py
[2026-09-23T22:00:44.424+0000] {processor.py:914} INFO - Processing file /opt/airflow/dags/sales_etl_dag.py for tasks to queue
[2026-09-23T22:00:44.427+0000] {logging_mixin.py:190} INFO - [2026-09-23T22:00:44.427+0000] {dagbag.py:588} INFO - Filling up the DagBag from /opt/airflow/dags/sales_etl_dag.py
[2026-09-23T22:00:44.455+0000] {processor.py:925} INFO - DAG(s) 'etl_pipeline' retrieved from /opt/airflow/dags/sales_etl_dag.py
[2026-09-23T22:00:44.489+0000] {logging_mixin.py:190} INFO - [2026-09-23T22:00:44.489+0000] {dag.py:3239} INFO - Sync 1 DAGs
[2026-09-23T22:00:44.513+0000] {logging_mixin.py:190} INFO - [2026-09-23T22:00:44.513+0000] {dag.py:4180} INFO - Setting next_dagrun for etl_pipeline to 2026-09-23 02:00:00+00:00, run_after=2026-09-24 02:00:00+00:00
[2026-09-23T22:00:44.534+0000] {processor.py:208} INFO - Processing /opt/airflow/dags/sales_etl_dag.py took 0.116 seconds
[2026-09-23T22:01:14.903+0000] {processor.py:186} INFO - Started process (PID=407) to work on /opt/airflow/dags/sales_etl_dag.py
[2026-09-23T22:01:14.904+0000] {processor.py:914} INFO - Processing file /opt/airflow/dags/sales_etl_dag.py for tasks to queue
[2026-09-23T22:01:14.907+0000] {logging_mixin.py:190} INFO - [2026-09-23T22:01:14.907+0000] {dagbag.py:588} INFO - Filling up the DagBag from /opt/airflow/dags/sales_etl_dag.py
[2026-09-23T22:01:14.932+0000] {processor.py:925} INFO - DAG(s) 'etl_pipeline' retrieved from /opt/airflow/dags/sales_etl_dag.py
[2026-09-23T22:01:14.960+0000] {logging_mixin.py:190} INFO - [2026-09-23T22:01:14.960+0000] {dag.py:3239} INFO - Sync 1 DAGs
[2026-09-23T22:01:14.984+0000] {logging_mixin.py:190} INFO - [2026-09-23T22:01:14.984+0000] {dag.py:4180} INFO - Setting next_dagrun for etl_pipeline to 2026-09-23 02:00:00+00:00, run_after=2026-09-24 02:00:00+00:00
[2026-09-23T22:01:15.005+0000] {processor.py:208} INFO - Processing /opt/airflow/dags/sales_etl_dag.py took 0.108 seconds
[2026-09-23T22:01:45.274+0000] {processor.py:186} INFO - Started process (PID=412) to work on /opt/airflow/dags/sales_etl_dag.py
[2026-09-23T22:01:45.276+0000] {processor.py:914} INFO - Processing file /opt/airflow/dags/sales_etl_dag.py for tasks to queue
[2026-09-23T22:01:45.278+0000] {logging_mixin.py:190} INFO - [2026-09-23T22:01:45.278+0000] {dagbag.py:588} INFO - Filling up the DagBag from /opt/airflow/dags/sales_etl_dag.py
[2026-09-23T22:01:45.303+0000] {processor.py:925} INFO - DAG(s) 'etl_pipeline' retrieved from /opt/airflow/dags/sales_etl_dag.py
[2026-09-23T22:01:45.338+0000] {logging_mixin.py:190} INFO - [2026-09-23T22:01:45.338+0000] {dag.py:3239} INFO - Sync 1 DAGs
[2026-09-23T22:01:45.363+0000] {logging_mixin.py:190} INFO - [2026-09-23T22:01:45.363+0000] {dag.py:4180} INFO - Setting next_dagrun for etl_pipeline to 2026-09-23 02:00:00+00:00, run_after=2026-09-24 02:00:00+00:00
[2026-09-23T22:01:45.386+0000] {processor.py:208} INFO - Processing /opt/airflow/dags/sales_etl_dag.py took 0.117 seconds
[2026-09-23T22:02:15.675+0000] {processor.py:186} INFO - Started process (PID=417) to work on /opt/airflow/dags/sales_etl_dag.py
[2026-09-23T22:02:15.676+0000] {processor.py:914} INFO - Processing file /opt/airflow/dags/sales_etl_dag.py for tasks to queue
[2026-09-23T22:02:15.679+0000] {logging_mixin.py:190} INFO - [2026-09-23T22:02:15.679+0000] {dagbag.py:588} INFO - Filling up the DagBag from /opt/airflow/dags/sales_etl_dag.py
[2026-09-23T22:02:15.702+0000] {processor.py:925} INFO - DAG(s) 'etl_pipeline' retrieved from /opt/airflow/dags/sales_etl_dag.py
[2026-09-23T22:02:15.734+0000] {logging_mixin.py:190} INFO - [2026-09-23T22:02:15.734+0000] {dag.py:3239} INFO - Sync 1 DAGs
[2026-09-23T22:02:15.759+0000] {logging_mixin.py:190} INFO - [2026-09-23T22:02:15.758+0000] {dag.py:4180} INFO - Setting next_dagrun for etl_pipeline to 2026-09-23 02:00:00+00:00, run_after=2026-09-24 02:00:00+00:00
[2026-09-23T22:02:15.779+0000] {processor.py:208} INFO - Processing /opt/airflow/dags/sales_etl_dag.py took 0.109 seconds
[2026-09-23T22:02:46.016+0000] {processor.py:186} INFO - Started process (PID=422) to work on /opt/airflow/dags/sales_etl_dag.py
[2026-09-23T22:02:46.017+0000] {processor.py:914} INFO - Processing file /opt/airflow/dags/sales_etl_dag.py for tasks to queue
[2026-09-23T22:02:46.020+0000] {logging_mixin.py:190} INFO - [2026-09-23T22:02:46.020+0000] {dagbag.py:588} INFO - Filling up the DagBag from /opt/airflow/dags/sales_etl_dag.py
[2026-09-23T22:02:46.047+0000] {processor.py:925} INFO - DAG(s) 'etl_pipeline' retrieved from /opt/airflow/dags/sales_etl_dag.py
[2026-09-23T22:02:46.077+0000] {logging_mixin.py:190} INFO - [2026-09-23T22:02:46.077+0000] {dag.py:3239} INFO - Sync 1 DAGs
[2026-09-23T22:02:46.103+0000] {logging_mixin.py:190} INFO - [2026-09-23T22:02:46.103+0000] {dag.py:4180} INFO - Setting next_dagrun for etl_pipeline to 2026-09-23 02:00:00+00:00, run_after=2026-09-24 02:00:00+00:00
[2026-09-23T22:02:46.122+0000] {processor.py:208} INFO - Processing /opt/airflow/dags/sales_etl_dag.py took 0.113 seconds
[2026-09-23T22:03:16.472+0000] {processor.py:186} INFO - Started process (PID=427) to work on /opt/airflow/dags/sales_etl_dag.py
[2026-09-23T22:03:16.474+0000] {processor.py:914} INFO - Processing file /opt/airflow/dags/sales_etl_dag.py for tasks to queue
[2026-09-23T22:03:16.477+0000] {logging_mixin.py:190} INFO - [2026-09-23T22:03:16.476+0000] {dagbag.py:588} INFO - Filling up the DagBag from /opt/airflow/dags/sales_etl_dag.py
[2026-09-23T22:03:16.502+0000] {processor.py:925} INFO - DAG(s) 'etl_pipeline' retrieved from /opt/airflow/dags/sales_etl_dag.py
[2026-09-23T22:03:16.531+0000] {logging_mixin.py:190} INFO - [2026-09-23T22:03:16.531+0000] {dag.py:3239} INFO - Sync 1 DAGs
[2026-09-23T22:03:16.553+0000] {logging_mixin.py:190} INFO - [2026-09-23T22:03:16.553+0000] {dag.py:4180} INFO - Setting next_dagrun for etl_pipeline to 2026-09-23 02:00:00+00:00, run_after=2026-09-24 02:00:00+00:00
[2026-09-23T22:03:16.571+0000] {processor.py:208} INFO - Processing /opt/airflow/dags/sales_etl_dag.py took 0.103 seconds
[2026-09-23T22:03:46.787+0000] {processor.py:186} INFO - Started process (PID=432) to work on /opt/airflow/dags/sales_etl_dag.py
[2026-09-23T22:03:46.788+0000] {processor.py:914} INFO - Processing file /opt/airflow/dags/sales_etl_dag.py for tasks to queue
[2026-09-23T22:03:46.791+0000] {logging_mixin.py:190} INFO - [2026-09-23T22:03:46.791+0000] {dagbag.py:588} INFO - Filling up the DagBag from /opt/airflow/dags/sales_etl_dag.py
[2026-09-23T22:03:46.812+0000] {processor.py:925} INFO - DAG(s) 'etl_pipeline' retrieved from /opt/airflow/dags/sales_etl_dag.py
[2026-09-23T22:03:46.850+0000] {logging_mixin.py:190} INFO - [2026-09-23T22:03:46.850+0000] {dag.py:3239} INFO - Sync 1 DAGs
[2026-09-23T22:03:46.882+0000] {logging_mixin.py:190} INFO - [2026-09-23T22:03:46.881+0000] {dag.py:4180} INFO - Setting next_dagrun for etl_pipeline to 2026-09-23 02:00:00+00:00, run_after=2026-09-24 02:00:00+00:00
[2026-09-23T22:03:46.902+0000] {processor.py:208} INFO - Processing /opt/airflow/dags/sales_etl_dag.py took 0.125 seconds
[2026-09-23T22:04:17.226+0000] {processor.py:186} INFO - Started process (PID=437) to work on /opt/airflow/dags/sales_etl_dag.py
[2026-09-23T22:04:17.228+0000] {processor.py:914} INFO - Processing file /opt/airflow/dags/sales_etl_dag.py for tasks to queue
[2026-09-23T22:04:17.231+0000] {logging_mixin.py:190} INFO - [2026-09-23T22:04:17.231+0000] {dagbag.py:588} INFO - Filling up the DagBag from /opt/airflow/dags/sales_etl_dag.py
[2026-09-23T22:04:17.257+0000] {processor.py:925} INFO - DAG(s) 'etl_pipeline' retrieved from /opt/airflow/dags/sales_etl_dag.py
[2026-09-23T22:04:17.285+0000] {logging_mixin.py:190} INFO - [2026-09-23T22:04:17.285+0000] {dag.py:3239} INFO - Sync 1 DAGs
[2026-09-23T22:04:17.307+0000] {logging_mixin.py:190} INFO - [2026-09-23T22:04:17.307+0000] {dag.py:4180} INFO - Setting next_dagrun for etl_pipeline to 2026-09-23 02:00:00+00:00, run_after=2026-09-24 02:00:00+00:00
[2026-09-23T22:04:17.326+0000] {processor.py:208} INFO - Processing /opt/airflow/dags/sales_etl_dag.py took 0.109 seconds
[2026-09-23T22:04:47.543+0000] {processor.py:186} INFO - Started process (PID=442) to work on /opt/airflow/dags/sales_etl_dag.py
[2026-09-23T22:04:47.545+0000] {processor.py:914} INFO - Processing file /opt/airflow/dags/sales_etl_dag.py for tasks to queue
[2026-09-23T22:04:47.549+0000] {logging_mixin.py:190} INFO - [2026-09-23T22:04:47.548+0000] {dagbag.py:588} INFO - Filling up the DagBag from /opt/airflow/dags/sales_etl_dag.py
[2026-09-23T22:04:47.572+0000] {processor.py:925} INFO - DAG(s) 'etl_pipeline' retrieved from /opt/airflow/dags/sales_etl_dag.py
[2026-09-23T22:04:47.601+0000] {logging_mixin.py:190} INFO - [2026-09-23T22:04:47.601+0000] {dag.py:3239} INFO - Sync 1 DAGs
[2026-09-23T22:04:47.625+0000] {logging_mixin.py:190} INFO - [2026-09-23T22:04:47.625+0000] {dag.py:4180} INFO - Setting next_dagrun for etl_pipeline to 2026-09-23 02:00:00+00:00, run_after=2026-09-24 02:00:00+00:00
[2026-09-23T22:04:47.642+0000] {processor.py:208} INFO - Processing /opt/airflow/dags/sales_etl_dag.py took 0.105 seconds
[2026-09-23T22:05:17.978+0000] {processor.py:186} INFO - Started process (PID=447) to work on /opt/airflow/dags/sales_etl_dag.py
[2026-09-23T22:05:17.979+0000] {processor.py:914} INFO - Processing file /opt/airflow/dags/sales_etl_dag.py for tasks to queue
[2026-09-23T22:05:17.982+0000] {logging_mixin.py:190} INFO - [2026-09-23T22:05:17.982+0000] {dagbag.py:588} INFO - Filling up the DagBag from /opt/airflow/dags/sales_etl_dag.py
[2026-09-23T22:05:18.008+0000] {processor.py:925} INFO - DAG(s) 'etl_pipeline' retrieved from /opt/airflow/dags/sales_etl_dag.py
[2026-09-23T22:05:18.035+0000] {logging_mixin.py:190} INFO - [2026-09-23T22:05:18.034+0000] {dag.py:3239} INFO - Sync 1 DAGs
[2026-09-23T22:05:18.059+0000] {logging_mixin.py:190} INFO - [2026-09-23T22:05:18.059+0000] {dag.py:4180} INFO - Setting next_dagrun for etl_pipeline to 2026-09-23 02:00:00+00:00, run_after=2026-09-24 02:00:00+00:00
[2026-09-23T22:05:18.078+0000] {processor.py:208} INFO - Processing /opt/airflow/dags/sales_etl_dag.py took 0.105 seconds
[2026-09-23T22:05:48.326+0000] {processor.py:186} INFO - Started process (PID=452) to work on /opt/airflow/dags/sales_etl_dag.py
[2026-09-23T22:05:48.327+0000] {processor.py:914} INFO - Processing file /opt/airflow/dags/sales_etl_dag.py for tasks to queue
[2026-09-23T22:05:48.330+0000] {logging_mixin.py:190} INFO - [2026-09-23T22:05:48.329+0000] {dagbag.py:588} INFO - Filling up the DagBag from /opt/airflow/dags/sales_etl_dag.py
[2026-09-23T22:05:48.352+0000] {processor.py:925} INFO - DAG(s) 'etl_pipeline' retrieved from /opt/airflow/dags/sales_etl_dag.py
[2026-09-23T22:05:48.384+0000] {logging_mixin.py:190} INFO - [2026-09-23T22:05:48.383+0000] {dag.py:3239} INFO - Sync 1 DAGs
[2026-09-23T22:05:48.406+0000] {logging_mixin.py:190} INFO - [2026-09-23T22:05:48.406+0000] {dag.py:4180} INFO - Setting next_dagrun for etl_pipeline to 2026-09-23 02:00:00+00:00, run_after=2026-09-24 02:00:00+00:00
[2026-09-23T22:05:48.424+0000] {processor.py:208} INFO - Processing /opt/airflow/dags/sales_etl_dag.py took 0.105 seconds
[2026-09-23T22:06:18.736+0000] {processor.py:186} INFO - Started process (PID=457) to work on /opt/airflow/dags/sales_etl_dag.py
[2026-09-23T22:06:18.737+0000] {processor.py:914} INFO - Processing file /opt/airflow/dags/sales_etl_dag.py for tasks to queue
[2026-09-23T22:06:18.739+0000] {logging_mixin.py:190} INFO - [2026-09-23T22:06:18.739+0000] {dagbag.py:588} INFO - Filling up the DagBag from /opt/airflow/dags/sales_etl_dag.py
[2026-09-23T22:06:18.763+0000] {processor.py:925} INFO - DAG(s) 'etl_pipeline' retrieved from /opt/airflow/dags/sales_etl_dag.py
[2026-09-23T22:06:18.794+0000] {logging_mixin.py:190} INFO - [2026-09-23T22:06:18.794+0000] {dag.py:3239} INFO - Sync 1 DAGs
[2026-09-23T22:06:18.818+0000] {logging_mixin.py:190} INFO - [2026-09-23T22:06:18.818+0000] {dag.py:4180} INFO - Setting next_dagrun for etl_pipeline to 2026-09-23 02:00:00+00:00, run_after=2026-09-24 02:00:00+00:00
[2026-09-23T22:06:18.837+0000] {processor.py:208} INFO - Processing /opt/airflow/dags/sales_etl_dag.py took 0.106 seconds
[2026-09-23T22:06:49.098+0000] {processor.py:186} INFO - Started process (PID=462) to work on /opt/airflow/dags/sales_etl_dag.py
[2026-09-23T22:06:49.099+0000] {processor.py:914} INFO - Processing file /opt/airflow/dags/sales_etl_dag.py for tasks to queue
[2026-09-23T22:06:49.101+0000] {logging_mixin.py:190} INFO - [2026-09-23T22:06:49.101+0000] {dagbag.py:588} INFO - Filling up the DagBag from /opt/airflow/dags/sales_etl_dag.py
[2026-09-23T22:06:49.126+0000] {processor.py:925} INFO - DAG(s) 'etl_pipeline' retrieved from /opt/airflow/dags/sales_etl_dag.py
[2026-09-23T22:06:49.152+0000] {logging_mixin.py:190} INFO - [2026-09-23T22:06:49.152+0000] {dag.py:3239} INFO - Sync 1 DAGs
[2026-09-23T22:06:49.177+0000] {logging_mixin.py:190} INFO - [2026-09-23T22:06:49.177+0000] {dag.py:4180} INFO - Setting next_dagrun for etl_pipeline to 2026-09-23 02:00:00+00:00, run_after=2026-09-24 02:00:00+00:00
[2026-09-23T22:06:49.197+0000] {processor.py:208} INFO - Processing /opt/airflow/dags/sales_etl_dag.py took 0.106 seconds
[2026-09-23T22:07:19.565+0000] {processor.py:186} INFO - Started process (PID=467) to work on /opt/airflow/dags/sales_etl_dag.py
[2026-09-23T22:07:19.567+0000] {processor.py:914} INFO - Processing file /opt/airflow/dags/sales_etl_dag.py for tasks to queue
[2026-09-23T22:07:19.570+0000] {logging_mixin.py:190} INFO - [2026-09-23T22:07:19.570+0000] {dagbag.py:588} INFO - Filling up the DagBag from /opt/airflow/dags/sales_etl_dag.py
[2026-09-23T22:07:19.597+0000] {processor.py:925} INFO - DAG(s) 'etl_pipeline' retrieved from /opt/airflow/dags/sales_etl_dag.py
[2026-09-23T22:07:19.627+0000] {logging_mixin.py:190} INFO - [2026-09-23T22:07:19.627+0000] {dag.py:3239} INFO - Sync 1 DAGs
[2026-09-23T22:07:19.651+0000] {logging_mixin.py:190} INFO - [2026-09-23T22:07:19.651+0000] {dag.py:4180} INFO - Setting next_dagrun for etl_pipeline to 2026-09-23 02:00:00+00:00, run_after=2026-09-24 02:00:00+00:00
[2026-09-23T22:07:19.669+0000] {processor.py:208} INFO - Processing /opt/airflow/dags/sales_etl_dag.py took 0.113 seconds
[2026-09-23T22:07:49.904+0000] {processor.py:186} INFO - Started process (PID=472) to work on /opt/airflow/dags/sales_etl_dag.py
[2026-09-23T22:07:49.905+0000] {processor.py:914} INFO - Processing file /opt/airflow/dags/sales_etl_dag.py for tasks to queue
[2026-09-23T22:07:49.908+0000] {logging_mixin.py:190} INFO - [2026-09-23T22:07:49.907+0000] {dagbag.py:588} INFO - Filling up the DagBag from /opt/airflow/dags/sales_etl_dag.py
[2026-09-23T22:07:49.932+0000] {processor.py:925} INFO - DAG(s) 'etl_pipeline' retrieved from /opt/airflow/dags/sales_etl_dag.py
[2026-09-23T22:07:49.965+0000] {logging_mixin.py:190} INFO - [2026-09-23T22:07:49.964+0000] {dag.py:3239} INFO - Sync 1 DAGs
[2026-09-23T22:07:49.989+0000] {logging_mixin.py:190} INFO - [2026-09-23T22:07:49.989+0000] {dag.py:4180} INFO - Setting next_dagrun for etl_pipeline to 2026-09-23 02:00:00+00:00, run_after=2026-09-24 02:00:00+00:00
[2026-09-23T22:07:50.010+0000] {processor.py:208} INFO - Processing /opt/airflow/dags/sales_etl_dag.py took 0.111 seconds
[2026-09-23T22:08:20.390+0000] {processor.py:186} INFO - Started process (PID=477) to work on /opt/airflow/dags/sales_etl_dag.py
[2026-09-23T22:08:20.391+0000] {processor.py:914} INFO - Processing file /opt/airflow/dags/sales_etl_dag.py for tasks to queue
[2026-09-23T22:08:20.394+0000] {logging_mixin.py:190} INFO - [2026-09-23T22:08:20.393+0000] {dagbag.py:588} INFO - Filling up the DagBag from /opt/airflow/dags/sales_etl_dag.py
[2026-09-23T22:08:20.418+0000] {processor.py:925} INFO - DAG(s) 'etl_pipeline' retrieved from /opt/airflow/dags/sales_etl_dag.py
[2026-09-23T22:08:20.446+0000] {logging_mixin.py:190} INFO - [2026-09-23T22:08:20.445+0000] {dag.py:3239} INFO - Sync 1 DAGs
[2026-09-23T22:08:20.470+0000] {logging_mixin.py:190} INFO - [2026-09-23T22:08:20.470+0000] {dag.py:4180} INFO - Setting next_dagrun for etl_pipeline to 2026-09-23 02:00:00+00:00, run_after=2026-09-24 02:00:00+00:00
[2026-09-23T22:08:20.492+0000] {processor.py:208} INFO - Processing /opt/airflow/dags/sales_etl_dag.py took 0.108 seconds
[2026-09-23T22:08:50.718+0000] {processor.py:186} INFO - Started process (PID=482) to work on /opt/airflow/dags/sales_etl_dag.py
[2026-09-23T22:08:50.719+0000] {processor.py:914} INFO - Processing file /opt/airflow/dags/sales_etl_dag.py for tasks to queue
[2026-09-23T22:08:50.722+0000] {logging_mixin.py:190} INFO - [2026-09-23T22:08:50.721+0000] {dagbag.py:588} INFO - Filling up the DagBag from /opt/airflow/dags/sales_etl_dag.py
[2026-09-23T22:08:50.746+0000] {processor.py:925} INFO - DAG(s) 'etl_pipeline' retrieved from /opt/airflow/dags/sales_etl_dag.py
[2026-09-23T22:08:50.778+0000] {logging_mixin.py:190} INFO - [2026-09-23T22:08:50.777+0000] {dag.py:3239} INFO - Sync 1 DAGs
[2026-09-23T22:08:50.799+0000] {logging_mixin.py:190} INFO - [2026-09-23T22:08:50.799+0000] {dag.py:4180} INFO - Setting next_dagrun for etl_pipeline to 2026-09-23 02:00:00+00:00, run_after=2026-09-24 02:00:00+00:00
[2026-09-23T22:08:50.816+0000] {processor.py:208} INFO - Processing /opt/airflow/dags/sales_etl_dag.py took 0.104 seconds
[2026-09-23T22:09:21.143+0000] {processor.py:186} INFO - Started process (PID=487) to work on /opt/airflow/dags/sales_etl_dag.py
[2026-09-23T22:09:21.145+0000] {processor.py:914} INFO - Processing file /opt/airflow/dags/sales_etl_dag.py for tasks to queue
[2026-09-23T22:09:21.148+0000] {logging_mixin.py:190} INFO - [2026-09-23T22:09:21.147+0000] {dagbag.py:588} INFO - Filling up the DagBag from /opt/airflow/dags/sales_etl_dag.py
[2026-09-23T22:09:21.177+0000] {processor.py:925} INFO - DAG(s) 'etl_pipeline' retrieved from /opt/airflow/dags/sales_etl_dag.py
[2026-09-23T22:09:21.208+0000] {logging_mixin.py:190} INFO - [2026-09-23T22:09:21.208+0000] {dag.py:3239} INFO - Sync 1 DAGs
[2026-09-23T22:09:21.234+0000] {logging_mixin.py:190} INFO - [2026-09-23T22:09:21.234+0000] {dag.py:4180} INFO - Setting next_dagrun for etl_pipeline to 2026-09-23 02:00:00+00:00, run_after=2026-09-24 02:00:00+00:00
[2026-09-23T22:09:21.253+0000] {processor.py:208} INFO - Processing /opt/airflow/dags/sales_etl_dag.py took 0.117 seconds
[2026-09-23T22:09:51.421+0000] {processor.py:186} INFO - Started process (PID=492) to work on /opt/airflow/dags/sales_etl_dag.py
[2026-09-23T22:09:51.422+0000] {processor.py:914} INFO - Processing file /opt/airflow/dags/sales_etl_dag.py for tasks to queue
[2026-09-23T22:09:51.424+0000] {logging_mixin.py:190} INFO - [2026-09-23T22:09:51.424+0000] {dagbag.py:588} INFO - Filling up the DagBag from /opt/airflow/dags/sales_etl_dag.py
[2026-09-23T22:09:51.443+0000] {processor.py:925} INFO - DAG(s) 'etl_pipeline' retrieved from /opt/airflow/dags/sales_etl_dag.py
[2026-09-23T22:09:51.473+0000] {logging_mixin.py:190} INFO - [2026-09-23T22:09:51.473+0000] {dag.py:3239} INFO - Sync 1 DAGs
[2026-09-23T22:09:51.496+0000] {logging_mixin.py:190} INFO - [2026-09-23T22:09:51.496+0000] {dag.py:4180} INFO - Setting next_dagrun for etl_pipeline to 2026-09-23 02:00:00+00:00, run_after=2026-09-24 02:00:00+00:00
[2026-09-23T22:09:51.514+0000] {processor.py:208} INFO - Processing /opt/airflow/dags/sales_etl_dag.py took 0.097 seconds
[2026-09-23T22:10:21.782+0000] {processor.py:186} INFO - Started process (PID=497) to work on /opt/airflow/dags/sales_etl_dag.py
[2026-09-23T22:10:21.783+0000] {processor.py:914} INFO - Processing file /opt/airflow/dags/sales_etl_dag.py for tasks to queue
[2026-09-23T22:10:21.786+0000] {logging_mixin.py:190} INFO - [2026-09-23T22:10:21.786+0000] {dagbag.py:588} INFO - Filling up the DagBag from /opt/airflow/dags/sales_etl_dag.py
[2026-09-23T22:10:21.812+0000] {processor.py:925} INFO - DAG(s) 'etl_pipeline' retrieved from /opt/airflow/dags/sales_etl_dag.py
[2026-09-23T22:10:21.842+0000] {logging_mixin.py:190} INFO - [2026-09-23T22:10:21.842+0000] {dag.py:3239} INFO - Sync 1 DAGs
[2026-09-23T22:10:21.866+0000] {logging_mixin.py:190} INFO - [2026-09-23T22:10:21.865+0000] {dag.py:4180} INFO - Setting next_dagrun for etl_pipeline to 2026-09-23 02:00:00+00:00, run_after=2026-09-24 02:00:00+00:00
[2026-09-23T22:10:21.886+0000] {processor.py:208} INFO - Processing /opt/airflow/dags/sales_etl_dag.py took 0.112 seconds
[2026-09-23T22:10:52.199+0000] {processor.py:186} INFO - Started process (PID=502) to work on /opt/airflow/dags/sales_etl_dag.py
[2026-09-23T22:10:52.200+0000] {processor.py:914} INFO - Processing file /opt/airflow/dags/sales_etl_dag.py for tasks to queue
[2026-09-23T22:10:52.204+0000] {logging_mixin.py:190} INFO - [2026-09-23T22:10:52.203+0000] {dagbag.py:588} INFO - Filling up the DagBag from /opt/airflow/dags/sales_etl_dag.py
[2026-09-23T22:10:52.225+0000] {processor.py:925} INFO - DAG(s) 'etl_pipeline' retrieved from /opt/airflow/dags/sales_etl_dag.py
[2026-09-23T22:10:52.255+0000] {logging_mixin.py:190} INFO - [2026-09-23T22:10:52.254+0000] {dag.py:3239} INFO - Sync 1 DAGs
[2026-09-23T22:10:52.278+0000] {logging_mixin.py:190} INFO - [2026-09-23T22:10:52.278+0000] {dag.py:4180} INFO - Setting next_dagrun for etl_pipeline to 2026-09-23 02:00:00+00:00, run_after=2026-09-24 02:00:00+00:00
[2026-09-23T22:10:52.299+0000] {processor.py:208} INFO - Processing /opt/airflow/dags/sales_etl_dag.py took 0.107 seconds
[2026-09-23T22:11:22.539+0000] {processor.py:186} INFO - Started process (PID=507) to work on /opt/airflow/dags/sales_etl_dag.py
[2026-09-23T22:11:22.540+0000] {processor.py:914} INFO - Processing file /opt/airflow/dags/sales_etl_dag.py for tasks to queue
[2026-09-23T22:11:22.542+0000] {logging_mixin.py:190} INFO - [2026-09-23T22:11:22.542+0000] {dagbag.py:588} INFO - Filling up the DagBag from /opt/airflow/dags/sales_etl_dag.py
[2026-09-23T22:11:22.561+0000] {processor.py:925} INFO - DAG(s) 'etl_pipeline' retrieved from /opt/airflow/dags/sales_etl_dag.py
[2026-09-23T22:11:22.592+0000] {logging_mixin.py:190} INFO - [2026-09-23T22:11:22.592+0000] {dag.py:3239} INFO - Sync 1 DAGs
[2026-09-23T22:11:22.619+0000] {logging_mixin.py:190} INFO - [2026-09-23T22:11:22.619+0000] {dag.py:4180} INFO - Setting next_dagrun for etl_pipeline to 2026-09-23 02:00:00+00:00, run_after=2026-09-24 02:00:00+00:00
[2026-09-23T22:11:22.641+0000] {processor.py:208} INFO - Processing /opt/airflow/dags/sales_etl_dag.py took 0.107 seconds
[2026-09-23T22:11:52.949+0000] {processor.py:186} INFO - Started process (PID=512) to work on /opt/airflow/dags/sales_etl_dag.py
[2026-09-23T22:11:52.950+0000] {processor.py:914} INFO - Processing file /opt/airflow/dags/sales_etl_dag.py for tasks to queue
[2026-09-23T22:11:52.955+0000] {logging_mixin.py:190} INFO - [2026-09-23T22:11:52.955+0000] {dagbag.py:588} INFO - Filling up the DagBag from /opt/airflow/dags/sales_etl_dag.py
[2026-09-23T22:11:52.982+0000] {processor.py:925} INFO - DAG(s) 'etl_pipeline' retrieved from /opt/airflow/dags/sales_etl_dag.py
[2026-09-23T22:11:53.013+0000] {logging_mixin.py:190} INFO - [2026-09-23T22:11:53.013+0000] {dag.py:3239} INFO - Sync 1 DAGs
[2026-09-23T22:11:53.040+0000] {logging_mixin.py:190} INFO - [2026-09-23T22:11:53.040+0000] {dag.py:4180} INFO - Setting next_dagrun for etl_pipeline to 2026-09-23 02:00:00+00:00, run_after=2026-09-24 02:00:00+00:00
[2026-09-23T22:11:53.063+0000] {processor.py:208} INFO - Processing /opt/airflow/dags/sales_etl_dag.py took 0.121 seconds
[2026-09-23T22:12:23.364+0000] {processor.py:186} INFO - Started process (PID=517) to work on /opt/airflow/dags/sales_etl_dag.py
[2026-09-23T22:12:23.365+0000] {processor.py:914} INFO - Processing file /opt/airflow/dags/sales_etl_dag.py for tasks to queue
[2026-09-23T22:12:23.368+0000] {logging_mixin.py:190} INFO - [2026-09-23T22:12:23.368+0000] {dagbag.py:588} INFO - Filling up the DagBag from /opt/airflow/dags/sales_etl_dag.py
[2026-09-23T22:12:23.396+0000] {processor.py:925} INFO - DAG(s) 'etl_pipeline' retrieved from /opt/airflow/dags/sales_etl_dag.py
[2026-09-23T22:12:23.452+0000] {logging_mixin.py:190} INFO - [2026-09-23T22:12:23.452+0000] {dag.py:3239} INFO - Sync 1 DAGs
[2026-09-23T22:12:23.481+0000] {logging_mixin.py:190} INFO - [2026-09-23T22:12:23.481+0000] {dag.py:4180} INFO - Setting next_dagrun for etl_pipeline to 2026-09-23 02:00:00+00:00, run_after=2026-09-24 02:00:00+00:00
[2026-09-23T22:12:23.503+0000] {processor.py:208} INFO - Processing /opt/airflow/dags/sales_etl_dag.py took 0.146 seconds
[2026-09-23T22:12:53.720+0000] {processor.py:186} INFO - Started process (PID=522) to work on /opt/airflow/dags/sales_etl_dag.py
[2026-09-23T22:12:53.721+0000] {processor.py:914} INFO - Processing file /opt/airflow/dags/sales_etl_dag.py for tasks to queue
[2026-09-23T22:12:53.723+0000] {logging_mixin.py:190} INFO - [2026-09-23T22:12:53.723+0000] {dagbag.py:588} INFO - Filling up the DagBag from /opt/airflow/dags/sales_etl_dag.py
[2026-09-23T22:12:53.760+0000] {processor.py:925} INFO - DAG(s) 'etl_pipeline' retrieved from /opt/airflow/dags/sales_etl_dag.py
[2026-09-23T22:12:53.794+0000] {logging_mixin.py:190} INFO - [2026-09-23T22:12:53.794+0000] {dag.py:3239} INFO - Sync 1 DAGs
[2026-09-23T22:12:53.821+0000] {logging_mixin.py:190} INFO - [2026-09-23T22:12:53.821+0000] {dag.py:4180} INFO - Setting next_dagrun for etl_pipeline to 2026-09-23 02:00:00+00:00, run_after=2026-09-24 02:00:00+00:00
[2026-09-23T22:12:53.844+0000] {processor.py:208} INFO - Processing /opt/airflow/dags/sales_etl_dag.py took 0.131 seconds
[2026-09-23T22:13:24.153+0000] {processor.py:186} INFO - Started process (PID=527) to work on /opt/airflow/dags/sales_etl_dag.py
[2026-09-23T22:13:24.155+0000] {processor.py:914} INFO - Processing file /opt/airflow/dags/sales_etl_dag.py for tasks to queue
[2026-09-23T22:13:24.158+0000] {logging_mixin.py:190} INFO - [2026-09-23T22:13:24.157+0000] {dagbag.py:588} INFO - Filling up the DagBag from /opt/airflow/dags/sales_etl_dag.py
[2026-09-23T22:13:24.197+0000] {processor.py:925} INFO - DAG(s) 'etl_pipeline' retrieved from /opt/airflow/dags/sales_etl_dag.py
[2026-09-23T22:13:24.227+0000] {logging_mixin.py:190} INFO - [2026-09-23T22:13:24.226+0000] {dag.py:3239} INFO - Sync 1 DAGs
[2026-09-23T22:13:24.252+0000] {logging_mixin.py:190} INFO - [2026-09-23T22:13:24.252+0000] {dag.py:4180} INFO - Setting next_dagrun for etl_pipeline to 2026-09-23 02:00:00+00:00, run_after=2026-09-24 02:00:00+00:00
[2026-09-23T22:13:24.273+0000] {processor.py:208} INFO - Processing /opt/airflow/dags/sales_etl_dag.py took 0.126 seconds
[2026-09-23T22:13:54.476+0000] {processor.py:186} INFO - Started process (PID=532) to work on /opt/airflow/dags/sales_etl_dag.py
[2026-09-23T22:13:54.477+0000] {processor.py:914} INFO - Processing file /opt/airflow/dags/sales_etl_dag.py for tasks to queue
[2026-09-23T22:13:54.482+0000] {logging_mixin.py:190} INFO - [2026-09-23T22:13:54.482+0000] {dagbag.py:588} INFO - Filling up the DagBag from /opt/airflow/dags/sales_etl_dag.py
[2026-09-23T22:13:54.510+0000] {processor.py:925} INFO - DAG(s) 'etl_pipeline' retrieved from /opt/airflow/dags/sales_etl_dag.py
[2026-09-23T22:13:54.547+0000] {logging_mixin.py:190} INFO - [2026-09-23T22:13:54.547+0000] {dag.py:3239} INFO - Sync 1 DAGs
[2026-09-23T22:13:54.577+0000] {logging_mixin.py:190} INFO - [2026-09-23T22:13:54.577+0000] {dag.py:4180} INFO - Setting next_dagrun for etl_pipeline to 2026-09-23 02:00:00+00:00, run_after=2026-09-24 02:00:00+00:00
[2026-09-23T22:13:54.598+0000] {processor.py:208} INFO - Processing /opt/airflow/dags/sales_etl_dag.py took 0.130 seconds
[2026-09-23T22:14:24.913+0000] {processor.py:186} INFO - Started process (PID=537) to work on /opt/airflow/dags/sales_etl_dag.py
[2026-09-23T22:14:24.914+0000] {processor.py:914} INFO - Processing file /opt/airflow/dags/sales_etl_dag.py for tasks to queue
[2026-09-23T22:14:24.916+0000] {logging_mixin.py:190} INFO - [2026-09-23T22:14:24.916+0000] {dagbag.py:588} INFO - Filling up the DagBag from /opt/airflow/dags/sales_etl_dag.py
[2026-09-23T22:14:24.941+0000] {processor.py:925} INFO - DAG(s) 'etl_pipeline' retrieved from /opt/airflow/dags/sales_etl_dag.py
[2026-09-23T22:14:24.971+0000] {logging_mixin.py:190} INFO - [2026-09-23T22:14:24.971+0000] {dag.py:3239} INFO - Sync 1 DAGs
[2026-09-23T22:14:24.995+0000] {logging_mixin.py:190} INFO - [2026-09-23T22:14:24.995+0000] {dag.py:4180} INFO - Setting next_dagrun for etl_pipeline to 2026-09-23 02:00:00+00:00, run_after=2026-09-24 02:00:00+00:00
[2026-09-23T22:14:25.014+0000] {processor.py:208} INFO - Processing /opt/airflow/dags/sales_etl_dag.py took 0.107 seconds
[2026-09-23T22:14:55.244+0000] {processor.py:186} INFO - Started process (PID=542) to work on /opt/airflow/dags/sales_etl_dag.py
[2026-09-23T22:14:55.245+0000] {processor.py:914} INFO - Processing file /opt/airflow/dags/sales_etl_dag.py for tasks to queue
[2026-09-23T22:14:55.249+0000] {logging_mixin.py:190} INFO - [2026-09-23T22:14:55.248+0000] {dagbag.py:588} INFO - Filling up the DagBag from /opt/airflow/dags/sales_etl_dag.py
[2026-09-23T22:14:55.278+0000] {processor.py:925} INFO - DAG(s) 'etl_pipeline' retrieved from /opt/airflow/dags/sales_etl_dag.py
[2026-09-23T22:14:55.328+0000] {logging_mixin.py:190} INFO - [2026-09-23T22:14:55.328+0000] {dag.py:3239} INFO - Sync 1 DAGs
[2026-09-23T22:14:55.367+0000] {logging_mixin.py:190} INFO - [2026-09-23T22:14:55.367+0000] {dag.py:4180} INFO - Setting next_dagrun for etl_pipeline to 2026-09-23 02:00:00+00:00, run_after=2026-09-24 02:00:00+00:00
[2026-09-23T22:14:55.401+0000] {processor.py:208} INFO - Processing /opt/airflow/dags/sales_etl_dag.py took 0.166 seconds
