[2026-09-02T14:39:00.826+0000] {processor.py:186} INFO - Started process (PID=166) to work on /opt/airflow/dags/sales_etl_dag.py
[2026-09-02T14:39:00.831+0000] {processor.py:914} INFO - Processing file /opt/airflow/dags/sales_etl_dag.py for tasks to queue
[2026-09-02T14:39:00.838+0000] {logging_mixin.py:190} INFO - [2026-09-02T14:39:00.837+0000] {dagbag.py:588} INFO - Filling up the DagBag from /opt/airflow/dags/sales_etl_dag.py
[2026-09-02T14:39:00.918+0000] {processor.py:925} INFO - DAG(s) 'etl_pipeline' retrieved from /opt/airflow/dags/sales_etl_dag.py
[2026-09-02T14:39:01.079+0000] {logging_mixin.py:190} INFO - [2026-09-02T14:39:01.078+0000] {dag.py:3239} INFO - Sync 1 DAGs
[2026-09-02T14:39:01.295+0000] {logging_mixin.py:190} INFO - [2026-09-02T14:39:01.294+0000] {dag.py:4180} INFO - Setting next_dagrun for etl_pipeline to 2026-09-02 00:00:00+00:00, run_after=2026-09-03 00:00:00+00:00
[2026-09-02T14:39:01.417+0000] {processor.py:208} INFO - Processing /opt/airflow/dags/sales_etl_dag.py took 0.608 seconds
[2026-09-02T14:39:32.035+0000] {processor.py:186} INFO - Started process (PID=340) to work on /opt/airflow/dags/sales_etl_dag.py
[2026-09-02T14:39:32.042+0000] {processor.py:914} INFO - Processing file /opt/airflow/dags/sales_etl_dag.py for tasks to queue
[2026-09-02T14:39:32.058+0000] {logging_mixin.py:190} INFO - [2026-09-02T14:39:32.057+0000] {dagbag.py:588} INFO - Filling up the DagBag from /opt/airflow/dags/sales_etl_dag.py
[2026-09-02T14:39:32.266+0000] {processor.py:925} INFO - DAG(s) 'etl_pipeline' retrieved from /opt/airflow/dags/sales_etl_dag.py
[2026-09-02T14:39:32.458+0000] {logging_mixin.py:190} INFO - [2026-09-02T14:39:32.457+0000] {dag.py:3239} INFO - Sync 1 DAGs
[2026-09-02T14:39:32.611+0000] {logging_mixin.py:190} INFO - [2026-09-02T14:39:32.611+0000] {dag.py:4180} INFO - Setting next_dagrun for etl_pipeline to 2026-09-02 00:00:00+00:00, run_after=2026-09-03 00:00:00+00:00
[2026-09-02T14:39:32.712+0000] {processor.py:208} INFO - Processing /opt/airflow/dags/sales_etl_dag.py took 0.709 seconds
[2026-09-02T14:40:03.107+0000] {processor.py:186} INFO - Started process (PID=429) to work on /opt/airflow/dags/sales_etl_dag.py
[2026-09-02T14:40:03.109+0000] {processor.py:914} INFO - Processing file /opt/airflow/dags/sales_etl_dag.py for tasks to queue
[2026-09-02T14:40:03.113+0000] {logging_mixin.py:190} INFO - [2026-09-02T14:40:03.112+0000] {dagbag.py:588} INFO - Filling up the DagBag from /opt/airflow/dags/sales_etl_dag.py
[2026-09-02T14:40:03.146+0000] {processor.py:925} INFO - DAG(s) 'etl_pipeline' retrieved from /opt/airflow/dags/sales_etl_dag.py
[2026-09-02T14:40:03.182+0000] {logging_mixin.py:190} INFO - [2026-09-02T14:40:03.181+0000] {dag.py:3239} INFO - Sync 1 DAGs
[2026-09-02T14:40:03.206+0000] {logging_mixin.py:190} INFO - [2026-09-02T14:40:03.205+0000] {dag.py:4180} INFO - Setting next_dagrun for etl_pipeline to 2026-09-02 00:00:00+00:00, run_after=2026-09-03 00:00:00+00:00
[2026-09-02T14:40:03.231+0000] {processor.py:208} INFO - Processing /opt/airflow/dags/sales_etl_dag.py took 0.133 seconds
[2026-09-02T14:40:33.371+0000] {processor.py:186} INFO - Started process (PID=434) to work on /opt/airflow/dags/sales_etl_dag.py
[2026-09-02T14:40:33.372+0000] {processor.py:914} INFO - Processing file /opt/airflow/dags/sales_etl_dag.py for tasks to queue
[2026-09-02T14:40:33.375+0000] {logging_mixin.py:190} INFO - [2026-09-02T14:40:33.374+0000] {dagbag.py:588} INFO - Filling up the DagBag from /opt/airflow/dags/sales_etl_dag.py
[2026-09-02T14:40:33.405+0000] {processor.py:925} INFO - DAG(s) 'etl_pipeline' retrieved from /opt/airflow/dags/sales_etl_dag.py
[2026-09-02T14:40:33.441+0000] {logging_mixin.py:190} INFO - [2026-09-02T14:40:33.441+0000] {dag.py:3239} INFO - Sync 1 DAGs
[2026-09-02T14:40:33.467+0000] {logging_mixin.py:190} INFO - [2026-09-02T14:40:33.466+0000] {dag.py:4180} INFO - Setting next_dagrun for etl_pipeline to 2026-09-02 00:00:00+00:00, run_after=2026-09-03 00:00:00+00:00
[2026-09-02T14:40:33.492+0000] {processor.py:208} INFO - Processing /opt/airflow/dags/sales_etl_dag.py took 0.128 seconds
[2026-09-02T14:41:03.767+0000] {processor.py:186} INFO - Started process (PID=439) to work on /opt/airflow/dags/sales_etl_dag.py
[2026-09-02T14:41:03.769+0000] {processor.py:914} INFO - Processing file /opt/airflow/dags/sales_etl_dag.py for tasks to queue
[2026-09-02T14:41:03.771+0000] {logging_mixin.py:190} INFO - [2026-09-02T14:41:03.771+0000] {dagbag.py:588} INFO - Filling up the DagBag from /opt/airflow/dags/sales_etl_dag.py
[2026-09-02T14:41:03.800+0000] {processor.py:925} INFO - DAG(s) 'etl_pipeline' retrieved from /opt/airflow/dags/sales_etl_dag.py
[2026-09-02T14:41:03.830+0000] {logging_mixin.py:190} INFO - [2026-09-02T14:41:03.830+0000] {dag.py:3239} INFO - Sync 1 DAGs
[2026-09-02T14:41:03.864+0000] {logging_mixin.py:190} INFO - [2026-09-02T14:41:03.864+0000] {dag.py:4180} INFO - Setting next_dagrun for etl_pipeline to 2026-09-02 00:00:00+00:00, run_after=2026-09-03 00:00:00+00:00
[2026-09-02T14:41:03.894+0000] {processor.py:208} INFO - Processing /opt/airflow/dags/sales_etl_dag.py took 0.132 seconds
[2026-09-02T14:41:34.071+0000] {processor.py:186} INFO - Started process (PID=444) to work on /opt/airflow/dags/sales_etl_dag.py
[2026-09-02T14:41:34.072+0000] {processor.py:914} INFO - Processing file /opt/airflow/dags/sales_etl_dag.py for tasks to queue
[2026-09-02T14:41:34.075+0000] {logging_mixin.py:190} INFO - [2026-09-02T14:41:34.074+0000] {dagbag.py:588} INFO - Filling up the DagBag from /opt/airflow/dags/sales_etl_dag.py
[2026-09-02T14:41:34.102+0000] {processor.py:925} INFO - DAG(s) 'etl_pipeline' retrieved from /opt/airflow/dags/sales_etl_dag.py
[2026-09-02T14:41:34.131+0000] {logging_mixin.py:190} INFO - [2026-09-02T14:41:34.131+0000] {dag.py:3239} INFO - Sync 1 DAGs
[2026-09-02T14:41:34.154+0000] {logging_mixin.py:190} INFO - [2026-09-02T14:41:34.154+0000] {dag.py:4180} INFO - Setting next_dagrun for etl_pipeline to 2026-09-02 00:00:00+00:00, run_after=2026-09-03 00:00:00+00:00
[2026-09-02T14:41:34.175+0000] {processor.py:208} INFO - Processing /opt/airflow/dags/sales_etl_dag.py took 0.110 seconds
[2026-09-02T14:42:04.454+0000] {processor.py:186} INFO - Started process (PID=449) to work on /opt/airflow/dags/sales_etl_dag.py
[2026-09-02T14:42:04.456+0000] {processor.py:914} INFO - Processing file /opt/airflow/dags/sales_etl_dag.py for tasks to queue
[2026-09-02T14:42:04.458+0000] {logging_mixin.py:190} INFO - [2026-09-02T14:42:04.458+0000] {dagbag.py:588} INFO - Filling up the DagBag from /opt/airflow/dags/sales_etl_dag.py
[2026-09-02T14:42:04.489+0000] {processor.py:925} INFO - DAG(s) 'etl_pipeline' retrieved from /opt/airflow/dags/sales_etl_dag.py
[2026-09-02T14:42:04.525+0000] {logging_mixin.py:190} INFO - [2026-09-02T14:42:04.524+0000] {dag.py:3239} INFO - Sync 1 DAGs
[2026-09-02T14:42:04.556+0000] {logging_mixin.py:190} INFO - [2026-09-02T14:42:04.555+0000] {dag.py:4180} INFO - Setting next_dagrun for etl_pipeline to 2026-09-02 00:00:00+00:00, run_after=2026-09-03 00:00:00+00:00
[2026-09-02T14:42:04.578+0000] {processor.py:208} INFO - Processing /opt/airflow/dags/sales_etl_dag.py took 0.129 seconds
[2026-09-02T14:42:34.765+0000] {processor.py:186} INFO - Started process (PID=454) to work on /opt/airflow/dags/sales_etl_dag.py
[2026-09-02T14:42:34.767+0000] {processor.py:914} INFO - Processing file /opt/airflow/dags/sales_etl_dag.py for tasks to queue
[2026-09-02T14:42:34.770+0000] {logging_mixin.py:190} INFO - [2026-09-02T14:42:34.769+0000] {dagbag.py:588} INFO - Filling up the DagBag from /opt/airflow/dags/sales_etl_dag.py
[2026-09-02T14:42:34.798+0000] {processor.py:925} INFO - DAG(s) 'etl_pipeline' retrieved from /opt/airflow/dags/sales_etl_dag.py
[2026-09-02T14:42:34.835+0000] {logging_mixin.py:190} INFO - [2026-09-02T14:42:34.835+0000] {dag.py:3239} INFO - Sync 1 DAGs
[2026-09-02T14:42:34.862+0000] {logging_mixin.py:190} INFO - [2026-09-02T14:42:34.862+0000] {dag.py:4180} INFO - Setting next_dagrun for etl_pipeline to 2026-09-02 00:00:00+00:00, run_after=2026-09-03 00:00:00+00:00
[2026-09-02T14:42:34.888+0000] {processor.py:208} INFO - Processing /opt/airflow/dags/sales_etl_dag.py took 0.129 seconds
[2026-09-02T14:43:05.112+0000] {processor.py:186} INFO - Started process (PID=459) to work on /opt/airflow/dags/sales_etl_dag.py
[2026-09-02T14:43:05.113+0000] {processor.py:914} INFO - Processing file /opt/airflow/dags/sales_etl_dag.py for tasks to queue
[2026-09-02T14:43:05.117+0000] {logging_mixin.py:190} INFO - [2026-09-02T14:43:05.116+0000] {dagbag.py:588} INFO - Filling up the DagBag from /opt/airflow/dags/sales_etl_dag.py
[2026-09-02T14:43:05.151+0000] {processor.py:925} INFO - DAG(s) 'etl_pipeline' retrieved from /opt/airflow/dags/sales_etl_dag.py
[2026-09-02T14:43:05.195+0000] {logging_mixin.py:190} INFO - [2026-09-02T14:43:05.194+0000] {dag.py:3239} INFO - Sync 1 DAGs
[2026-09-02T14:43:05.219+0000] {logging_mixin.py:190} INFO - [2026-09-02T14:43:05.219+0000] {dag.py:4180} INFO - Setting next_dagrun for etl_pipeline to 2026-09-02 00:00:00+00:00, run_after=2026-09-03 00:00:00+00:00
[2026-09-02T14:43:05.242+0000] {processor.py:208} INFO - Processing /opt/airflow/dags/sales_etl_dag.py took 0.136 seconds
[2026-09-02T14:43:35.409+0000] {processor.py:186} INFO - Started process (PID=464) to work on /opt/airflow/dags/sales_etl_dag.py
[2026-09-02T14:43:35.410+0000] {processor.py:914} INFO - Processing file /opt/airflow/dags/sales_etl_dag.py for tasks to queue
[2026-09-02T14:43:35.414+0000] {logging_mixin.py:190} INFO - [2026-09-02T14:43:35.414+0000] {dagbag.py:588} INFO - Filling up the DagBag from /opt/airflow/dags/sales_etl_dag.py
[2026-09-02T14:43:35.445+0000] {processor.py:925} INFO - DAG(s) 'etl_pipeline' retrieved from /opt/airflow/dags/sales_etl_dag.py
[2026-09-02T14:43:35.481+0000] {logging_mixin.py:190} INFO - [2026-09-02T14:43:35.481+0000] {dag.py:3239} INFO - Sync 1 DAGs
[2026-09-02T14:43:35.506+0000] {logging_mixin.py:190} INFO - [2026-09-02T14:43:35.506+0000] {dag.py:4180} INFO - Setting next_dagrun for etl_pipeline to 2026-09-02 00:00:00+00:00, run_after=2026-09-03 00:00:00+00:00
[2026-09-02T14:43:35.527+0000] {processor.py:208} INFO - Processing /opt/airflow/dags/sales_etl_dag.py took 0.126 seconds
[2026-09-02T14:44:05.867+0000] {processor.py:186} INFO - Started process (PID=469) to work on /opt/airflow/dags/sales_etl_dag.py
[2026-09-02T14:44:05.868+0000] {processor.py:914} INFO - Processing file /opt/airflow/dags/sales_etl_dag.py for tasks to queue
[2026-09-02T14:44:05.870+0000] {logging_mixin.py:190} INFO - [2026-09-02T14:44:05.870+0000] {dagbag.py:588} INFO - Filling up the DagBag from /opt/airflow/dags/sales_etl_dag.py
[2026-09-02T14:44:05.896+0000] {processor.py:925} INFO - DAG(s) 'etl_pipeline' retrieved from /opt/airflow/dags/sales_etl_dag.py
[2026-09-02T14:44:05.923+0000] {logging_mixin.py:190} INFO - [2026-09-02T14:44:05.923+0000] {dag.py:3239} INFO - Sync 1 DAGs
[2026-09-02T14:44:05.948+0000] {logging_mixin.py:190} INFO - [2026-09-02T14:44:05.948+0000] {dag.py:4180} INFO - Setting next_dagrun for etl_pipeline to 2026-09-02 00:00:00+00:00, run_after=2026-09-03 00:00:00+00:00
[2026-09-02T14:44:05.968+0000] {processor.py:208} INFO - Processing /opt/airflow/dags/sales_etl_dag.py took 0.107 seconds
[2026-09-02T14:44:36.157+0000] {processor.py:186} INFO - Started process (PID=474) to work on /opt/airflow/dags/sales_etl_dag.py
[2026-09-02T14:44:36.158+0000] {processor.py:914} INFO - Processing file /opt/airflow/dags/sales_etl_dag.py for tasks to queue
[2026-09-02T14:44:36.161+0000] {logging_mixin.py:190} INFO - [2026-09-02T14:44:36.161+0000] {dagbag.py:588} INFO - Filling up the DagBag from /opt/airflow/dags/sales_etl_dag.py
[2026-09-02T14:44:36.187+0000] {processor.py:925} INFO - DAG(s) 'etl_pipeline' retrieved from /opt/airflow/dags/sales_etl_dag.py
[2026-09-02T14:44:36.218+0000] {logging_mixin.py:190} INFO - [2026-09-02T14:44:36.217+0000] {dag.py:3239} INFO - Sync 1 DAGs
[2026-09-02T14:44:36.245+0000] {logging_mixin.py:190} INFO - [2026-09-02T14:44:36.245+0000] {dag.py:4180} INFO - Setting next_dagrun for etl_pipeline to 2026-09-02 00:00:00+00:00, run_after=2026-09-03 00:00:00+00:00
[2026-09-02T14:44:36.267+0000] {processor.py:208} INFO - Processing /opt/airflow/dags/sales_etl_dag.py took 0.116 seconds
[2026-09-02T14:45:06.542+0000] {processor.py:186} INFO - Started process (PID=479) to work on /opt/airflow/dags/sales_etl_dag.py
[2026-09-02T14:45:06.544+0000] {processor.py:914} INFO - Processing file /opt/airflow/dags/sales_etl_dag.py for tasks to queue
[2026-09-02T14:45:06.547+0000] {logging_mixin.py:190} INFO - [2026-09-02T14:45:06.546+0000] {dagbag.py:588} INFO - Filling up the DagBag from /opt/airflow/dags/sales_etl_dag.py
[2026-09-02T14:45:06.574+0000] {processor.py:925} INFO - DAG(s) 'etl_pipeline' retrieved from /opt/airflow/dags/sales_etl_dag.py
[2026-09-02T14:45:06.604+0000] {logging_mixin.py:190} INFO - [2026-09-02T14:45:06.604+0000] {dag.py:3239} INFO - Sync 1 DAGs
[2026-09-02T14:45:06.628+0000] {logging_mixin.py:190} INFO - [2026-09-02T14:45:06.628+0000] {dag.py:4180} INFO - Setting next_dagrun for etl_pipeline to 2026-09-02 00:00:00+00:00, run_after=2026-09-03 00:00:00+00:00
[2026-09-02T14:45:06.648+0000] {processor.py:208} INFO - Processing /opt/airflow/dags/sales_etl_dag.py took 0.113 seconds
[2026-09-02T14:45:36.838+0000] {processor.py:186} INFO - Started process (PID=484) to work on /opt/airflow/dags/sales_etl_dag.py
[2026-09-02T14:45:36.839+0000] {processor.py:914} INFO - Processing file /opt/airflow/dags/sales_etl_dag.py for tasks to queue
[2026-09-02T14:45:36.844+0000] {logging_mixin.py:190} INFO - [2026-09-02T14:45:36.843+0000] {dagbag.py:588} INFO - Filling up the DagBag from /opt/airflow/dags/sales_etl_dag.py
[2026-09-02T14:45:36.876+0000] {processor.py:925} INFO - DAG(s) 'etl_pipeline' retrieved from /opt/airflow/dags/sales_etl_dag.py
[2026-09-02T14:45:36.908+0000] {logging_mixin.py:190} INFO - [2026-09-02T14:45:36.907+0000] {dag.py:3239} INFO - Sync 1 DAGs
[2026-09-02T14:45:36.936+0000] {logging_mixin.py:190} INFO - [2026-09-02T14:45:36.935+0000] {dag.py:4180} INFO - Setting next_dagrun for etl_pipeline to 2026-09-02 00:00:00+00:00, run_after=2026-09-03 00:00:00+00:00
[2026-09-02T14:45:36.954+0000] {processor.py:208} INFO - Processing /opt/airflow/dags/sales_etl_dag.py took 0.125 seconds
[2026-09-02T14:46:07.203+0000] {processor.py:186} INFO - Started process (PID=489) to work on /opt/airflow/dags/sales_etl_dag.py
[2026-09-02T14:46:07.204+0000] {processor.py:914} INFO - Processing file /opt/airflow/dags/sales_etl_dag.py for tasks to queue
[2026-09-02T14:46:07.208+0000] {logging_mixin.py:190} INFO - [2026-09-02T14:46:07.207+0000] {dagbag.py:588} INFO - Filling up the DagBag from /opt/airflow/dags/sales_etl_dag.py
[2026-09-02T14:46:07.235+0000] {processor.py:925} INFO - DAG(s) 'etl_pipeline' retrieved from /opt/airflow/dags/sales_etl_dag.py
[2026-09-02T14:46:07.263+0000] {logging_mixin.py:190} INFO - [2026-09-02T14:46:07.263+0000] {dag.py:3239} INFO - Sync 1 DAGs
[2026-09-02T14:46:07.292+0000] {logging_mixin.py:190} INFO - [2026-09-02T14:46:07.291+0000] {dag.py:4180} INFO - Setting next_dagrun for etl_pipeline to 2026-09-02 00:00:00+00:00, run_after=2026-09-03 00:00:00+00:00
[2026-09-02T14:46:07.319+0000] {processor.py:208} INFO - Processing /opt/airflow/dags/sales_etl_dag.py took 0.122 seconds
[2026-09-02T14:46:37.559+0000] {processor.py:186} INFO - Started process (PID=494) to work on /opt/airflow/dags/sales_etl_dag.py
[2026-09-02T14:46:37.561+0000] {processor.py:914} INFO - Processing file /opt/airflow/dags/sales_etl_dag.py for tasks to queue
[2026-09-02T14:46:37.563+0000] {logging_mixin.py:190} INFO - [2026-09-02T14:46:37.563+0000] {dagbag.py:588} INFO - Filling up the DagBag from /opt/airflow/dags/sales_etl_dag.py
[2026-09-02T14:46:37.589+0000] {processor.py:925} INFO - DAG(s) 'etl_pipeline' retrieved from /opt/airflow/dags/sales_etl_dag.py
[2026-09-02T14:46:37.617+0000] {logging_mixin.py:190} INFO - [2026-09-02T14:46:37.617+0000] {dag.py:3239} INFO - Sync 1 DAGs
[2026-09-02T14:46:37.640+0000] {logging_mixin.py:190} INFO - [2026-09-02T14:46:37.640+0000] {dag.py:4180} INFO - Setting next_dagrun for etl_pipeline to 2026-09-02 00:00:00+00:00, run_after=2026-09-03 00:00:00+00:00
[2026-09-02T14:46:37.662+0000] {processor.py:208} INFO - Processing /opt/airflow/dags/sales_etl_dag.py took 0.108 seconds
[2026-09-02T14:47:07.912+0000] {processor.py:186} INFO - Started process (PID=499) to work on /opt/airflow/dags/sales_etl_dag.py
[2026-09-02T14:47:07.913+0000] {processor.py:914} INFO - Processing file /opt/airflow/dags/sales_etl_dag.py for tasks to queue
[2026-09-02T14:47:07.916+0000] {logging_mixin.py:190} INFO - [2026-09-02T14:47:07.916+0000] {dagbag.py:588} INFO - Filling up the DagBag from /opt/airflow/dags/sales_etl_dag.py
[2026-09-02T14:47:07.944+0000] {processor.py:925} INFO - DAG(s) 'etl_pipeline' retrieved from /opt/airflow/dags/sales_etl_dag.py
[2026-09-02T14:47:07.985+0000] {logging_mixin.py:190} INFO - [2026-09-02T14:47:07.985+0000] {dag.py:3239} INFO - Sync 1 DAGs
[2026-09-02T14:47:08.015+0000] {logging_mixin.py:190} INFO - [2026-09-02T14:47:08.014+0000] {dag.py:4180} INFO - Setting next_dagrun for etl_pipeline to 2026-09-02 00:00:00+00:00, run_after=2026-09-03 00:00:00+00:00
[2026-09-02T14:47:08.032+0000] {processor.py:208} INFO - Processing /opt/airflow/dags/sales_etl_dag.py took 0.126 seconds
[2026-09-02T14:47:38.206+0000] {processor.py:186} INFO - Started process (PID=504) to work on /opt/airflow/dags/sales_etl_dag.py
[2026-09-02T14:47:38.207+0000] {processor.py:914} INFO - Processing file /opt/airflow/dags/sales_etl_dag.py for tasks to queue
[2026-09-02T14:47:38.209+0000] {logging_mixin.py:190} INFO - [2026-09-02T14:47:38.209+0000] {dagbag.py:588} INFO - Filling up the DagBag from /opt/airflow/dags/sales_etl_dag.py
[2026-09-02T14:47:38.235+0000] {processor.py:925} INFO - DAG(s) 'etl_pipeline' retrieved from /opt/airflow/dags/sales_etl_dag.py
[2026-09-02T14:47:38.265+0000] {logging_mixin.py:190} INFO - [2026-09-02T14:47:38.265+0000] {dag.py:3239} INFO - Sync 1 DAGs
[2026-09-02T14:47:38.291+0000] {logging_mixin.py:190} INFO - [2026-09-02T14:47:38.291+0000] {dag.py:4180} INFO - Setting next_dagrun for etl_pipeline to 2026-09-02 00:00:00+00:00, run_after=2026-09-03 00:00:00+00:00
[2026-09-02T14:47:38.316+0000] {processor.py:208} INFO - Processing /opt/airflow/dags/sales_etl_dag.py took 0.116 seconds
[2026-09-02T14:48:08.582+0000] {processor.py:186} INFO - Started process (PID=509) to work on /opt/airflow/dags/sales_etl_dag.py
[2026-09-02T14:48:08.584+0000] {processor.py:914} INFO - Processing file /opt/airflow/dags/sales_etl_dag.py for tasks to queue
[2026-09-02T14:48:08.588+0000] {logging_mixin.py:190} INFO - [2026-09-02T14:48:08.587+0000] {dagbag.py:588} INFO - Filling up the DagBag from /opt/airflow/dags/sales_etl_dag.py
[2026-09-02T14:48:08.620+0000] {processor.py:925} INFO - DAG(s) 'etl_pipeline' retrieved from /opt/airflow/dags/sales_etl_dag.py
[2026-09-02T14:48:08.659+0000] {logging_mixin.py:190} INFO - [2026-09-02T14:48:08.658+0000] {dag.py:3239} INFO - Sync 1 DAGs
[2026-09-02T14:48:08.687+0000] {logging_mixin.py:190} INFO - [2026-09-02T14:48:08.686+0000] {dag.py:4180} INFO - Setting next_dagrun for etl_pipeline to 2026-09-02 00:00:00+00:00, run_after=2026-09-03 00:00:00+00:00
[2026-09-02T14:48:08.710+0000] {processor.py:208} INFO - Processing /opt/airflow/dags/sales_etl_dag.py took 0.135 seconds
[2026-09-02T14:48:38.847+0000] {processor.py:186} INFO - Started process (PID=514) to work on /opt/airflow/dags/sales_etl_dag.py
[2026-09-02T14:48:38.848+0000] {processor.py:914} INFO - Processing file /opt/airflow/dags/sales_etl_dag.py for tasks to queue
[2026-09-02T14:48:38.851+0000] {logging_mixin.py:190} INFO - [2026-09-02T14:48:38.850+0000] {dagbag.py:588} INFO - Filling up the DagBag from /opt/airflow/dags/sales_etl_dag.py
[2026-09-02T14:48:38.880+0000] {processor.py:925} INFO - DAG(s) 'etl_pipeline' retrieved from /opt/airflow/dags/sales_etl_dag.py
[2026-09-02T14:48:38.908+0000] {logging_mixin.py:190} INFO - [2026-09-02T14:48:38.907+0000] {dag.py:3239} INFO - Sync 1 DAGs
[2026-09-02T14:48:38.937+0000] {logging_mixin.py:190} INFO - [2026-09-02T14:48:38.936+0000] {dag.py:4180} INFO - Setting next_dagrun for etl_pipeline to 2026-09-02 00:00:00+00:00, run_after=2026-09-03 00:00:00+00:00
[2026-09-02T14:48:38.961+0000] {processor.py:208} INFO - Processing /opt/airflow/dags/sales_etl_dag.py took 0.120 seconds
[2026-09-02T14:48:52.109+0000] {processor.py:186} INFO - Started process (PID=519) to work on /opt/airflow/dags/sales_etl_dag.py
[2026-09-02T14:48:52.110+0000] {processor.py:914} INFO - Processing file /opt/airflow/dags/sales_etl_dag.py for tasks to queue
[2026-09-02T14:48:52.113+0000] {logging_mixin.py:190} INFO - [2026-09-02T14:48:52.113+0000] {dagbag.py:588} INFO - Filling up the DagBag from /opt/airflow/dags/sales_etl_dag.py
[2026-09-02T14:48:52.148+0000] {processor.py:925} INFO - DAG(s) 'etl_pipeline' retrieved from /opt/airflow/dags/sales_etl_dag.py
[2026-09-02T14:48:52.176+0000] {logging_mixin.py:190} INFO - [2026-09-02T14:48:52.176+0000] {dag.py:3239} INFO - Sync 1 DAGs
[2026-09-02T14:48:52.199+0000] {logging_mixin.py:190} INFO - [2026-09-02T14:48:52.199+0000] {dag.py:4180} INFO - Setting next_dagrun for etl_pipeline to 2026-09-02 00:00:00+00:00, run_after=2026-09-03 00:00:00+00:00
[2026-09-02T14:48:52.229+0000] {processor.py:208} INFO - Processing /opt/airflow/dags/sales_etl_dag.py took 0.125 seconds
[2026-09-02T14:49:22.468+0000] {processor.py:186} INFO - Started process (PID=524) to work on /opt/airflow/dags/sales_etl_dag.py
[2026-09-02T14:49:22.470+0000] {processor.py:914} INFO - Processing file /opt/airflow/dags/sales_etl_dag.py for tasks to queue
[2026-09-02T14:49:22.472+0000] {logging_mixin.py:190} INFO - [2026-09-02T14:49:22.472+0000] {dagbag.py:588} INFO - Filling up the DagBag from /opt/airflow/dags/sales_etl_dag.py
[2026-09-02T14:49:22.505+0000] {processor.py:925} INFO - DAG(s) 'etl_pipeline' retrieved from /opt/airflow/dags/sales_etl_dag.py
[2026-09-02T14:49:22.539+0000] {logging_mixin.py:190} INFO - [2026-09-02T14:49:22.539+0000] {dag.py:3239} INFO - Sync 1 DAGs
[2026-09-02T14:49:22.568+0000] {logging_mixin.py:190} INFO - [2026-09-02T14:49:22.568+0000] {dag.py:4180} INFO - Setting next_dagrun for etl_pipeline to 2026-09-02 00:00:00+00:00, run_after=2026-09-03 00:00:00+00:00
[2026-09-02T14:49:22.595+0000] {processor.py:208} INFO - Processing /opt/airflow/dags/sales_etl_dag.py took 0.138 seconds
[2026-09-02T14:49:52.837+0000] {processor.py:186} INFO - Started process (PID=577) to work on /opt/airflow/dags/sales_etl_dag.py
[2026-09-02T14:49:52.845+0000] {processor.py:914} INFO - Processing file /opt/airflow/dags/sales_etl_dag.py for tasks to queue
[2026-09-02T14:49:52.858+0000] {logging_mixin.py:190} INFO - [2026-09-02T14:49:52.857+0000] {dagbag.py:588} INFO - Filling up the DagBag from /opt/airflow/dags/sales_etl_dag.py
[2026-09-02T14:49:52.944+0000] {processor.py:925} INFO - DAG(s) 'etl_pipeline' retrieved from /opt/airflow/dags/sales_etl_dag.py
[2026-09-02T14:49:53.066+0000] {logging_mixin.py:190} INFO - [2026-09-02T14:49:53.065+0000] {dag.py:3239} INFO - Sync 1 DAGs
[2026-09-02T14:49:53.152+0000] {logging_mixin.py:190} INFO - [2026-09-02T14:49:53.150+0000] {dag.py:4180} INFO - Setting next_dagrun for etl_pipeline to 2026-09-02 00:00:00+00:00, run_after=2026-09-03 00:00:00+00:00
[2026-09-02T14:49:53.211+0000] {processor.py:208} INFO - Processing /opt/airflow/dags/sales_etl_dag.py took 0.391 seconds
[2026-09-02T14:50:23.560+0000] {processor.py:186} INFO - Started process (PID=618) to work on /opt/airflow/dags/sales_etl_dag.py
[2026-09-02T14:50:23.562+0000] {processor.py:914} INFO - Processing file /opt/airflow/dags/sales_etl_dag.py for tasks to queue
[2026-09-02T14:50:23.566+0000] {logging_mixin.py:190} INFO - [2026-09-02T14:50:23.566+0000] {dagbag.py:588} INFO - Filling up the DagBag from /opt/airflow/dags/sales_etl_dag.py
[2026-09-02T14:50:23.597+0000] {processor.py:925} INFO - DAG(s) 'etl_pipeline' retrieved from /opt/airflow/dags/sales_etl_dag.py
[2026-09-02T14:50:23.633+0000] {logging_mixin.py:190} INFO - [2026-09-02T14:50:23.633+0000] {dag.py:3239} INFO - Sync 1 DAGs
[2026-09-02T14:50:23.658+0000] {logging_mixin.py:190} INFO - [2026-09-02T14:50:23.658+0000] {dag.py:4180} INFO - Setting next_dagrun for etl_pipeline to 2026-09-02 00:00:00+00:00, run_after=2026-09-03 00:00:00+00:00
[2026-09-02T14:50:23.679+0000] {processor.py:208} INFO - Processing /opt/airflow/dags/sales_etl_dag.py took 0.128 seconds
[2026-09-02T14:50:53.859+0000] {processor.py:186} INFO - Started process (PID=623) to work on /opt/airflow/dags/sales_etl_dag.py
[2026-09-02T14:50:53.860+0000] {processor.py:914} INFO - Processing file /opt/airflow/dags/sales_etl_dag.py for tasks to queue
[2026-09-02T14:50:53.864+0000] {logging_mixin.py:190} INFO - [2026-09-02T14:50:53.863+0000] {dagbag.py:588} INFO - Filling up the DagBag from /opt/airflow/dags/sales_etl_dag.py
[2026-09-02T14:50:53.898+0000] {processor.py:925} INFO - DAG(s) 'etl_pipeline' retrieved from /opt/airflow/dags/sales_etl_dag.py
[2026-09-02T14:50:53.929+0000] {logging_mixin.py:190} INFO - [2026-09-02T14:50:53.928+0000] {dag.py:3239} INFO - Sync 1 DAGs
[2026-09-02T14:50:53.952+0000] {logging_mixin.py:190} INFO - [2026-09-02T14:50:53.952+0000] {dag.py:4180} INFO - Setting next_dagrun for etl_pipeline to 2026-09-02 00:00:00+00:00, run_after=2026-09-03 00:00:00+00:00
[2026-09-02T14:50:53.973+0000] {processor.py:208} INFO - Processing /opt/airflow/dags/sales_etl_dag.py took 0.124 seconds
[2026-09-02T14:51:24.246+0000] {processor.py:186} INFO - Started process (PID=628) to work on /opt/airflow/dags/sales_etl_dag.py
[2026-09-02T14:51:24.248+0000] {processor.py:914} INFO - Processing file /opt/airflow/dags/sales_etl_dag.py for tasks to queue
[2026-09-02T14:51:24.250+0000] {logging_mixin.py:190} INFO - [2026-09-02T14:51:24.250+0000] {dagbag.py:588} INFO - Filling up the DagBag from /opt/airflow/dags/sales_etl_dag.py
[2026-09-02T14:51:24.273+0000] {processor.py:925} INFO - DAG(s) 'etl_pipeline' retrieved from /opt/airflow/dags/sales_etl_dag.py
[2026-09-02T14:51:24.300+0000] {logging_mixin.py:190} INFO - [2026-09-02T14:51:24.300+0000] {dag.py:3239} INFO - Sync 1 DAGs
[2026-09-02T14:51:24.322+0000] {logging_mixin.py:190} INFO - [2026-09-02T14:51:24.321+0000] {dag.py:4180} INFO - Setting next_dagrun for etl_pipeline to 2026-09-02 00:00:00+00:00, run_after=2026-09-03 00:00:00+00:00
[2026-09-02T14:51:24.342+0000] {processor.py:208} INFO - Processing /opt/airflow/dags/sales_etl_dag.py took 0.101 seconds
[2026-09-02T14:51:54.542+0000] {processor.py:186} INFO - Started process (PID=633) to work on /opt/airflow/dags/sales_etl_dag.py
[2026-09-02T14:51:54.543+0000] {processor.py:914} INFO - Processing file /opt/airflow/dags/sales_etl_dag.py for tasks to queue
[2026-09-02T14:51:54.547+0000] {logging_mixin.py:190} INFO - [2026-09-02T14:51:54.546+0000] {dagbag.py:588} INFO - Filling up the DagBag from /opt/airflow/dags/sales_etl_dag.py
[2026-09-02T14:51:54.571+0000] {processor.py:925} INFO - DAG(s) 'etl_pipeline' retrieved from /opt/airflow/dags/sales_etl_dag.py
[2026-09-02T14:51:54.599+0000] {logging_mixin.py:190} INFO - [2026-09-02T14:51:54.598+0000] {dag.py:3239} INFO - Sync 1 DAGs
[2026-09-02T14:51:54.621+0000] {logging_mixin.py:190} INFO - [2026-09-02T14:51:54.621+0000] {dag.py:4180} INFO - Setting next_dagrun for etl_pipeline to 2026-09-02 00:00:00+00:00, run_after=2026-09-03 00:00:00+00:00
[2026-09-02T14:51:54.640+0000] {processor.py:208} INFO - Processing /opt/airflow/dags/sales_etl_dag.py took 0.103 seconds
[2026-09-02T14:52:24.935+0000] {processor.py:186} INFO - Started process (PID=638) to work on /opt/airflow/dags/sales_etl_dag.py
[2026-09-02T14:52:24.936+0000] {processor.py:914} INFO - Processing file /opt/airflow/dags/sales_etl_dag.py for tasks to queue
[2026-09-02T14:52:24.939+0000] {logging_mixin.py:190} INFO - [2026-09-02T14:52:24.938+0000] {dagbag.py:588} INFO - Filling up the DagBag from /opt/airflow/dags/sales_etl_dag.py
[2026-09-02T14:52:24.968+0000] {processor.py:925} INFO - DAG(s) 'etl_pipeline' retrieved from /opt/airflow/dags/sales_etl_dag.py
[2026-09-02T14:52:24.996+0000] {logging_mixin.py:190} INFO - [2026-09-02T14:52:24.995+0000] {dag.py:3239} INFO - Sync 1 DAGs
[2026-09-02T14:52:25.018+0000] {logging_mixin.py:190} INFO - [2026-09-02T14:52:25.017+0000] {dag.py:4180} INFO - Setting next_dagrun for etl_pipeline to 2026-09-02 00:00:00+00:00, run_after=2026-09-03 00:00:00+00:00
[2026-09-02T14:52:25.038+0000] {processor.py:208} INFO - Processing /opt/airflow/dags/sales_etl_dag.py took 0.110 seconds
[2026-09-02T14:52:55.228+0000] {processor.py:186} INFO - Started process (PID=643) to work on /opt/airflow/dags/sales_etl_dag.py
[2026-09-02T14:52:55.229+0000] {processor.py:914} INFO - Processing file /opt/airflow/dags/sales_etl_dag.py for tasks to queue
[2026-09-02T14:52:55.231+0000] {logging_mixin.py:190} INFO - [2026-09-02T14:52:55.231+0000] {dagbag.py:588} INFO - Filling up the DagBag from /opt/airflow/dags/sales_etl_dag.py
[2026-09-02T14:52:55.255+0000] {processor.py:925} INFO - DAG(s) 'etl_pipeline' retrieved from /opt/airflow/dags/sales_etl_dag.py
[2026-09-02T14:52:55.283+0000] {logging_mixin.py:190} INFO - [2026-09-02T14:52:55.283+0000] {dag.py:3239} INFO - Sync 1 DAGs
[2026-09-02T14:52:55.308+0000] {logging_mixin.py:190} INFO - [2026-09-02T14:52:55.308+0000] {dag.py:4180} INFO - Setting next_dagrun for etl_pipeline to 2026-09-02 00:00:00+00:00, run_after=2026-09-03 00:00:00+00:00
[2026-09-02T14:52:55.328+0000] {processor.py:208} INFO - Processing /opt/airflow/dags/sales_etl_dag.py took 0.106 seconds
[2026-09-02T14:53:25.626+0000] {processor.py:186} INFO - Started process (PID=648) to work on /opt/airflow/dags/sales_etl_dag.py
[2026-09-02T14:53:25.628+0000] {processor.py:914} INFO - Processing file /opt/airflow/dags/sales_etl_dag.py for tasks to queue
[2026-09-02T14:53:25.631+0000] {logging_mixin.py:190} INFO - [2026-09-02T14:53:25.631+0000] {dagbag.py:588} INFO - Filling up the DagBag from /opt/airflow/dags/sales_etl_dag.py
[2026-09-02T14:53:25.664+0000] {processor.py:925} INFO - DAG(s) 'etl_pipeline' retrieved from /opt/airflow/dags/sales_etl_dag.py
[2026-09-02T14:53:25.696+0000] {logging_mixin.py:190} INFO - [2026-09-02T14:53:25.696+0000] {dag.py:3239} INFO - Sync 1 DAGs
[2026-09-02T14:53:25.721+0000] {logging_mixin.py:190} INFO - [2026-09-02T14:53:25.721+0000] {dag.py:4180} INFO - Setting next_dagrun for etl_pipeline to 2026-09-02 00:00:00+00:00, run_after=2026-09-03 00:00:00+00:00
[2026-09-02T14:53:25.741+0000] {processor.py:208} INFO - Processing /opt/airflow/dags/sales_etl_dag.py took 0.122 seconds
[2026-09-02T14:53:55.881+0000] {processor.py:186} INFO - Started process (PID=653) to work on /opt/airflow/dags/sales_etl_dag.py
[2026-09-02T14:53:55.882+0000] {processor.py:914} INFO - Processing file /opt/airflow/dags/sales_etl_dag.py for tasks to queue
[2026-09-02T14:53:55.886+0000] {logging_mixin.py:190} INFO - [2026-09-02T14:53:55.885+0000] {dagbag.py:588} INFO - Filling up the DagBag from /opt/airflow/dags/sales_etl_dag.py
[2026-09-02T14:53:55.924+0000] {processor.py:925} INFO - DAG(s) 'etl_pipeline' retrieved from /opt/airflow/dags/sales_etl_dag.py
[2026-09-02T14:53:55.964+0000] {logging_mixin.py:190} INFO - [2026-09-02T14:53:55.963+0000] {dag.py:3239} INFO - Sync 1 DAGs
[2026-09-02T14:53:55.989+0000] {logging_mixin.py:190} INFO - [2026-09-02T14:53:55.989+0000] {dag.py:4180} INFO - Setting next_dagrun for etl_pipeline to 2026-09-02 00:00:00+00:00, run_after=2026-09-03 00:00:00+00:00
[2026-09-02T14:53:56.012+0000] {processor.py:208} INFO - Processing /opt/airflow/dags/sales_etl_dag.py took 0.138 seconds
[2026-09-02T14:54:26.367+0000] {processor.py:186} INFO - Started process (PID=658) to work on /opt/airflow/dags/sales_etl_dag.py
[2026-09-02T14:54:26.369+0000] {processor.py:914} INFO - Processing file /opt/airflow/dags/sales_etl_dag.py for tasks to queue
[2026-09-02T14:54:26.373+0000] {logging_mixin.py:190} INFO - [2026-09-02T14:54:26.373+0000] {dagbag.py:588} INFO - Filling up the DagBag from /opt/airflow/dags/sales_etl_dag.py
[2026-09-02T14:54:26.406+0000] {processor.py:925} INFO - DAG(s) 'etl_pipeline' retrieved from /opt/airflow/dags/sales_etl_dag.py
[2026-09-02T14:54:26.443+0000] {logging_mixin.py:190} INFO - [2026-09-02T14:54:26.443+0000] {dag.py:3239} INFO - Sync 1 DAGs
[2026-09-02T14:54:26.469+0000] {logging_mixin.py:190} INFO - [2026-09-02T14:54:26.468+0000] {dag.py:4180} INFO - Setting next_dagrun for etl_pipeline to 2026-09-02 00:00:00+00:00, run_after=2026-09-03 00:00:00+00:00
[2026-09-02T14:54:26.491+0000] {processor.py:208} INFO - Processing /opt/airflow/dags/sales_etl_dag.py took 0.131 seconds
[2026-09-02T14:54:56.669+0000] {processor.py:186} INFO - Started process (PID=663) to work on /opt/airflow/dags/sales_etl_dag.py
[2026-09-02T14:54:56.671+0000] {processor.py:914} INFO - Processing file /opt/airflow/dags/sales_etl_dag.py for tasks to queue
[2026-09-02T14:54:56.673+0000] {logging_mixin.py:190} INFO - [2026-09-02T14:54:56.673+0000] {dagbag.py:588} INFO - Filling up the DagBag from /opt/airflow/dags/sales_etl_dag.py
[2026-09-02T14:54:56.696+0000] {processor.py:925} INFO - DAG(s) 'etl_pipeline' retrieved from /opt/airflow/dags/sales_etl_dag.py
[2026-09-02T14:54:56.724+0000] {logging_mixin.py:190} INFO - [2026-09-02T14:54:56.723+0000] {dag.py:3239} INFO - Sync 1 DAGs
[2026-09-02T14:54:56.747+0000] {logging_mixin.py:190} INFO - [2026-09-02T14:54:56.747+0000] {dag.py:4180} INFO - Setting next_dagrun for etl_pipeline to 2026-09-02 00:00:00+00:00, run_after=2026-09-03 00:00:00+00:00
[2026-09-02T14:54:56.768+0000] {processor.py:208} INFO - Processing /opt/airflow/dags/sales_etl_dag.py took 0.105 seconds
[2026-09-02T14:55:27.062+0000] {processor.py:186} INFO - Started process (PID=668) to work on /opt/airflow/dags/sales_etl_dag.py
[2026-09-02T14:55:27.064+0000] {processor.py:914} INFO - Processing file /opt/airflow/dags/sales_etl_dag.py for tasks to queue
[2026-09-02T14:55:27.068+0000] {logging_mixin.py:190} INFO - [2026-09-02T14:55:27.068+0000] {dagbag.py:588} INFO - Filling up the DagBag from /opt/airflow/dags/sales_etl_dag.py
[2026-09-02T14:55:27.098+0000] {processor.py:925} INFO - DAG(s) 'etl_pipeline' retrieved from /opt/airflow/dags/sales_etl_dag.py
[2026-09-02T14:55:27.130+0000] {logging_mixin.py:190} INFO - [2026-09-02T14:55:27.129+0000] {dag.py:3239} INFO - Sync 1 DAGs
[2026-09-02T14:55:27.152+0000] {logging_mixin.py:190} INFO - [2026-09-02T14:55:27.152+0000] {dag.py:4180} INFO - Setting next_dagrun for etl_pipeline to 2026-09-02 00:00:00+00:00, run_after=2026-09-03 00:00:00+00:00
[2026-09-02T14:55:27.173+0000] {processor.py:208} INFO - Processing /opt/airflow/dags/sales_etl_dag.py took 0.116 seconds
[2026-09-02T14:55:57.374+0000] {processor.py:186} INFO - Started process (PID=673) to work on /opt/airflow/dags/sales_etl_dag.py
[2026-09-02T14:55:57.376+0000] {processor.py:914} INFO - Processing file /opt/airflow/dags/sales_etl_dag.py for tasks to queue
[2026-09-02T14:55:57.380+0000] {logging_mixin.py:190} INFO - [2026-09-02T14:55:57.380+0000] {dagbag.py:588} INFO - Filling up the DagBag from /opt/airflow/dags/sales_etl_dag.py
[2026-09-02T14:55:57.420+0000] {processor.py:925} INFO - DAG(s) 'etl_pipeline' retrieved from /opt/airflow/dags/sales_etl_dag.py
[2026-09-02T14:55:57.479+0000] {logging_mixin.py:190} INFO - [2026-09-02T14:55:57.478+0000] {dag.py:3239} INFO - Sync 1 DAGs
[2026-09-02T14:55:57.513+0000] {logging_mixin.py:190} INFO - [2026-09-02T14:55:57.512+0000] {dag.py:4180} INFO - Setting next_dagrun for etl_pipeline to 2026-09-02 00:00:00+00:00, run_after=2026-09-03 00:00:00+00:00
[2026-09-02T14:55:57.546+0000] {processor.py:208} INFO - Processing /opt/airflow/dags/sales_etl_dag.py took 0.180 seconds
[2026-09-02T14:56:27.749+0000] {processor.py:186} INFO - Started process (PID=678) to work on /opt/airflow/dags/sales_etl_dag.py
[2026-09-02T14:56:27.750+0000] {processor.py:914} INFO - Processing file /opt/airflow/dags/sales_etl_dag.py for tasks to queue
[2026-09-02T14:56:27.752+0000] {logging_mixin.py:190} INFO - [2026-09-02T14:56:27.752+0000] {dagbag.py:588} INFO - Filling up the DagBag from /opt/airflow/dags/sales_etl_dag.py
[2026-09-02T14:56:27.776+0000] {processor.py:925} INFO - DAG(s) 'etl_pipeline' retrieved from /opt/airflow/dags/sales_etl_dag.py
[2026-09-02T14:56:27.804+0000] {logging_mixin.py:190} INFO - [2026-09-02T14:56:27.804+0000] {dag.py:3239} INFO - Sync 1 DAGs
[2026-09-02T14:56:27.829+0000] {logging_mixin.py:190} INFO - [2026-09-02T14:56:27.828+0000] {dag.py:4180} INFO - Setting next_dagrun for etl_pipeline to 2026-09-02 00:00:00+00:00, run_after=2026-09-03 00:00:00+00:00
[2026-09-02T14:56:27.852+0000] {processor.py:208} INFO - Processing /opt/airflow/dags/sales_etl_dag.py took 0.109 seconds
[2026-09-02T14:56:58.172+0000] {processor.py:186} INFO - Started process (PID=683) to work on /opt/airflow/dags/sales_etl_dag.py
[2026-09-02T14:56:58.174+0000] {processor.py:914} INFO - Processing file /opt/airflow/dags/sales_etl_dag.py for tasks to queue
[2026-09-02T14:56:58.179+0000] {logging_mixin.py:190} INFO - [2026-09-02T14:56:58.179+0000] {dagbag.py:588} INFO - Filling up the DagBag from /opt/airflow/dags/sales_etl_dag.py
[2026-09-02T14:56:58.214+0000] {processor.py:925} INFO - DAG(s) 'etl_pipeline' retrieved from /opt/airflow/dags/sales_etl_dag.py
[2026-09-02T14:56:58.249+0000] {logging_mixin.py:190} INFO - [2026-09-02T14:56:58.249+0000] {dag.py:3239} INFO - Sync 1 DAGs
[2026-09-02T14:56:58.276+0000] {logging_mixin.py:190} INFO - [2026-09-02T14:56:58.275+0000] {dag.py:4180} INFO - Setting next_dagrun for etl_pipeline to 2026-09-02 00:00:00+00:00, run_after=2026-09-03 00:00:00+00:00
[2026-09-02T14:56:58.305+0000] {processor.py:208} INFO - Processing /opt/airflow/dags/sales_etl_dag.py took 0.142 seconds
[2026-09-02T14:58:17.392+0000] {processor.py:186} INFO - Started process (PID=167) to work on /opt/airflow/dags/sales_etl_dag.py
[2026-09-02T14:58:17.393+0000] {processor.py:914} INFO - Processing file /opt/airflow/dags/sales_etl_dag.py for tasks to queue
[2026-09-02T14:58:17.399+0000] {logging_mixin.py:190} INFO - [2026-09-02T14:58:17.398+0000] {dagbag.py:588} INFO - Filling up the DagBag from /opt/airflow/dags/sales_etl_dag.py
[2026-09-02T14:58:17.486+0000] {processor.py:925} INFO - DAG(s) 'etl_pipeline' retrieved from /opt/airflow/dags/sales_etl_dag.py
[2026-09-02T14:58:17.629+0000] {logging_mixin.py:190} INFO - [2026-09-02T14:58:17.629+0000] {dag.py:3239} INFO - Sync 1 DAGs
[2026-09-02T14:58:17.707+0000] {logging_mixin.py:190} INFO - [2026-09-02T14:58:17.706+0000] {dag.py:4180} INFO - Setting next_dagrun for etl_pipeline to 2026-09-02 00:00:00+00:00, run_after=2026-09-03 00:00:00+00:00
[2026-09-02T14:58:17.768+0000] {processor.py:208} INFO - Processing /opt/airflow/dags/sales_etl_dag.py took 0.392 seconds
[2026-09-02T14:58:48.357+0000] {processor.py:186} INFO - Started process (PID=172) to work on /opt/airflow/dags/sales_etl_dag.py
[2026-09-02T14:58:48.360+0000] {processor.py:914} INFO - Processing file /opt/airflow/dags/sales_etl_dag.py for tasks to queue
[2026-09-02T14:58:48.373+0000] {logging_mixin.py:190} INFO - [2026-09-02T14:58:48.372+0000] {dagbag.py:588} INFO - Filling up the DagBag from /opt/airflow/dags/sales_etl_dag.py
[2026-09-02T14:58:48.440+0000] {processor.py:925} INFO - DAG(s) 'etl_pipeline' retrieved from /opt/airflow/dags/sales_etl_dag.py
[2026-09-02T14:58:48.561+0000] {logging_mixin.py:190} INFO - [2026-09-02T14:58:48.560+0000] {dag.py:3239} INFO - Sync 1 DAGs
[2026-09-02T14:58:48.640+0000] {logging_mixin.py:190} INFO - [2026-09-02T14:58:48.639+0000] {dag.py:4180} INFO - Setting next_dagrun for etl_pipeline to 2026-09-02 00:00:00+00:00, run_after=2026-09-03 00:00:00+00:00
[2026-09-02T14:58:48.709+0000] {processor.py:208} INFO - Processing /opt/airflow/dags/sales_etl_dag.py took 0.370 seconds
[2026-09-02T14:59:19.214+0000] {processor.py:186} INFO - Started process (PID=177) to work on /opt/airflow/dags/sales_etl_dag.py
[2026-09-02T14:59:19.216+0000] {processor.py:914} INFO - Processing file /opt/airflow/dags/sales_etl_dag.py for tasks to queue
[2026-09-02T14:59:19.219+0000] {logging_mixin.py:190} INFO - [2026-09-02T14:59:19.219+0000] {dagbag.py:588} INFO - Filling up the DagBag from /opt/airflow/dags/sales_etl_dag.py
[2026-09-02T14:59:19.249+0000] {processor.py:925} INFO - DAG(s) 'etl_pipeline' retrieved from /opt/airflow/dags/sales_etl_dag.py
[2026-09-02T14:59:19.296+0000] {logging_mixin.py:190} INFO - [2026-09-02T14:59:19.295+0000] {dag.py:3239} INFO - Sync 1 DAGs
[2026-09-02T14:59:19.335+0000] {logging_mixin.py:190} INFO - [2026-09-02T14:59:19.334+0000] {dag.py:4180} INFO - Setting next_dagrun for etl_pipeline to 2026-09-02 00:00:00+00:00, run_after=2026-09-03 00:00:00+00:00
[2026-09-02T14:59:19.382+0000] {processor.py:208} INFO - Processing /opt/airflow/dags/sales_etl_dag.py took 0.177 seconds
[2026-09-02T14:59:49.703+0000] {processor.py:186} INFO - Started process (PID=266) to work on /opt/airflow/dags/sales_etl_dag.py
[2026-09-02T14:59:49.705+0000] {processor.py:914} INFO - Processing file /opt/airflow/dags/sales_etl_dag.py for tasks to queue
[2026-09-02T14:59:49.708+0000] {logging_mixin.py:190} INFO - [2026-09-02T14:59:49.707+0000] {dagbag.py:588} INFO - Filling up the DagBag from /opt/airflow/dags/sales_etl_dag.py
[2026-09-02T14:59:49.744+0000] {processor.py:925} INFO - DAG(s) 'etl_pipeline' retrieved from /opt/airflow/dags/sales_etl_dag.py
[2026-09-02T14:59:49.816+0000] {logging_mixin.py:190} INFO - [2026-09-02T14:59:49.816+0000] {dag.py:3239} INFO - Sync 1 DAGs
[2026-09-02T14:59:49.864+0000] {logging_mixin.py:190} INFO - [2026-09-02T14:59:49.864+0000] {dag.py:4180} INFO - Setting next_dagrun for etl_pipeline to 2026-09-02 00:00:00+00:00, run_after=2026-09-03 00:00:00+00:00
[2026-09-02T14:59:49.894+0000] {processor.py:208} INFO - Processing /opt/airflow/dags/sales_etl_dag.py took 0.200 seconds
[2026-09-02T15:00:20.258+0000] {processor.py:186} INFO - Started process (PID=271) to work on /opt/airflow/dags/sales_etl_dag.py
[2026-09-02T15:00:20.260+0000] {processor.py:914} INFO - Processing file /opt/airflow/dags/sales_etl_dag.py for tasks to queue
[2026-09-02T15:00:20.266+0000] {logging_mixin.py:190} INFO - [2026-09-02T15:00:20.265+0000] {dagbag.py:588} INFO - Filling up the DagBag from /opt/airflow/dags/sales_etl_dag.py
[2026-09-02T15:00:20.294+0000] {processor.py:925} INFO - DAG(s) 'etl_pipeline' retrieved from /opt/airflow/dags/sales_etl_dag.py
[2026-09-02T15:00:20.336+0000] {logging_mixin.py:190} INFO - [2026-09-02T15:00:20.336+0000] {dag.py:3239} INFO - Sync 1 DAGs
[2026-09-02T15:00:20.363+0000] {logging_mixin.py:190} INFO - [2026-09-02T15:00:20.363+0000] {dag.py:4180} INFO - Setting next_dagrun for etl_pipeline to 2026-09-02 00:00:00+00:00, run_after=2026-09-03 00:00:00+00:00
[2026-09-02T15:00:20.385+0000] {processor.py:208} INFO - Processing /opt/airflow/dags/sales_etl_dag.py took 0.137 seconds
[2026-09-02T15:00:50.627+0000] {processor.py:186} INFO - Started process (PID=276) to work on /opt/airflow/dags/sales_etl_dag.py
[2026-09-02T15:00:50.628+0000] {processor.py:914} INFO - Processing file /opt/airflow/dags/sales_etl_dag.py for tasks to queue
[2026-09-02T15:00:50.631+0000] {logging_mixin.py:190} INFO - [2026-09-02T15:00:50.631+0000] {dagbag.py:588} INFO - Filling up the DagBag from /opt/airflow/dags/sales_etl_dag.py
[2026-09-02T15:00:50.660+0000] {processor.py:925} INFO - DAG(s) 'etl_pipeline' retrieved from /opt/airflow/dags/sales_etl_dag.py
[2026-09-02T15:00:50.690+0000] {logging_mixin.py:190} INFO - [2026-09-02T15:00:50.690+0000] {dag.py:3239} INFO - Sync 1 DAGs
[2026-09-02T15:00:50.717+0000] {logging_mixin.py:190} INFO - [2026-09-02T15:00:50.717+0000] {dag.py:4180} INFO - Setting next_dagrun for etl_pipeline to 2026-09-02 00:00:00+00:00, run_after=2026-09-03 00:00:00+00:00
[2026-09-02T15:00:50.739+0000] {processor.py:208} INFO - Processing /opt/airflow/dags/sales_etl_dag.py took 0.117 seconds
[2026-09-02T15:01:20.938+0000] {processor.py:186} INFO - Started process (PID=281) to work on /opt/airflow/dags/sales_etl_dag.py
[2026-09-02T15:01:20.940+0000] {processor.py:914} INFO - Processing file /opt/airflow/dags/sales_etl_dag.py for tasks to queue
[2026-09-02T15:01:20.942+0000] {logging_mixin.py:190} INFO - [2026-09-02T15:01:20.942+0000] {dagbag.py:588} INFO - Filling up the DagBag from /opt/airflow/dags/sales_etl_dag.py
[2026-09-02T15:01:20.971+0000] {processor.py:925} INFO - DAG(s) 'etl_pipeline' retrieved from /opt/airflow/dags/sales_etl_dag.py
[2026-09-02T15:01:21.004+0000] {logging_mixin.py:190} INFO - [2026-09-02T15:01:21.003+0000] {dag.py:3239} INFO - Sync 1 DAGs
[2026-09-02T15:01:21.029+0000] {logging_mixin.py:190} INFO - [2026-09-02T15:01:21.029+0000] {dag.py:4180} INFO - Setting next_dagrun for etl_pipeline to 2026-09-02 00:00:00+00:00, run_after=2026-09-03 00:00:00+00:00
[2026-09-02T15:01:21.049+0000] {processor.py:208} INFO - Processing /opt/airflow/dags/sales_etl_dag.py took 0.117 seconds
[2026-09-02T15:01:51.298+0000] {processor.py:186} INFO - Started process (PID=286) to work on /opt/airflow/dags/sales_etl_dag.py
[2026-09-02T15:01:51.300+0000] {processor.py:914} INFO - Processing file /opt/airflow/dags/sales_etl_dag.py for tasks to queue
[2026-09-02T15:01:51.303+0000] {logging_mixin.py:190} INFO - [2026-09-02T15:01:51.302+0000] {dagbag.py:588} INFO - Filling up the DagBag from /opt/airflow/dags/sales_etl_dag.py
[2026-09-02T15:01:51.332+0000] {processor.py:925} INFO - DAG(s) 'etl_pipeline' retrieved from /opt/airflow/dags/sales_etl_dag.py
[2026-09-02T15:01:51.365+0000] {logging_mixin.py:190} INFO - [2026-09-02T15:01:51.365+0000] {dag.py:3239} INFO - Sync 1 DAGs
[2026-09-02T15:01:51.392+0000] {logging_mixin.py:190} INFO - [2026-09-02T15:01:51.392+0000] {dag.py:4180} INFO - Setting next_dagrun for etl_pipeline to 2026-09-02 00:00:00+00:00, run_after=2026-09-03 00:00:00+00:00
[2026-09-02T15:01:51.413+0000] {processor.py:208} INFO - Processing /opt/airflow/dags/sales_etl_dag.py took 0.122 seconds
[2026-09-02T15:02:21.592+0000] {processor.py:186} INFO - Started process (PID=291) to work on /opt/airflow/dags/sales_etl_dag.py
[2026-09-02T15:02:21.593+0000] {processor.py:914} INFO - Processing file /opt/airflow/dags/sales_etl_dag.py for tasks to queue
[2026-09-02T15:02:21.598+0000] {logging_mixin.py:190} INFO - [2026-09-02T15:02:21.596+0000] {dagbag.py:588} INFO - Filling up the DagBag from /opt/airflow/dags/sales_etl_dag.py
[2026-09-02T15:02:21.632+0000] {processor.py:925} INFO - DAG(s) 'etl_pipeline' retrieved from /opt/airflow/dags/sales_etl_dag.py
[2026-09-02T15:02:21.666+0000] {logging_mixin.py:190} INFO - [2026-09-02T15:02:21.666+0000] {dag.py:3239} INFO - Sync 1 DAGs
[2026-09-02T15:02:21.689+0000] {logging_mixin.py:190} INFO - [2026-09-02T15:02:21.688+0000] {dag.py:4180} INFO - Setting next_dagrun for etl_pipeline to 2026-09-02 00:00:00+00:00, run_after=2026-09-03 00:00:00+00:00
[2026-09-02T15:02:21.712+0000] {processor.py:208} INFO - Processing /opt/airflow/dags/sales_etl_dag.py took 0.130 seconds
[2026-09-02T15:02:51.960+0000] {processor.py:186} INFO - Started process (PID=296) to work on /opt/airflow/dags/sales_etl_dag.py
[2026-09-02T15:02:51.962+0000] {processor.py:914} INFO - Processing file /opt/airflow/dags/sales_etl_dag.py for tasks to queue
[2026-09-02T15:02:51.967+0000] {logging_mixin.py:190} INFO - [2026-09-02T15:02:51.967+0000] {dagbag.py:588} INFO - Filling up the DagBag from /opt/airflow/dags/sales_etl_dag.py
[2026-09-02T15:02:52.004+0000] {processor.py:925} INFO - DAG(s) 'etl_pipeline' retrieved from /opt/airflow/dags/sales_etl_dag.py
[2026-09-02T15:02:52.068+0000] {logging_mixin.py:190} INFO - [2026-09-02T15:02:52.068+0000] {dag.py:3239} INFO - Sync 1 DAGs
[2026-09-02T15:02:52.101+0000] {logging_mixin.py:190} INFO - [2026-09-02T15:02:52.100+0000] {dag.py:4180} INFO - Setting next_dagrun for etl_pipeline to 2026-09-02 00:00:00+00:00, run_after=2026-09-03 00:00:00+00:00
[2026-09-02T15:02:52.131+0000] {processor.py:208} INFO - Processing /opt/airflow/dags/sales_etl_dag.py took 0.181 seconds
[2026-09-02T15:03:22.452+0000] {processor.py:186} INFO - Started process (PID=301) to work on /opt/airflow/dags/sales_etl_dag.py
[2026-09-02T15:03:22.454+0000] {processor.py:914} INFO - Processing file /opt/airflow/dags/sales_etl_dag.py for tasks to queue
[2026-09-02T15:03:22.458+0000] {logging_mixin.py:190} INFO - [2026-09-02T15:03:22.457+0000] {dagbag.py:588} INFO - Filling up the DagBag from /opt/airflow/dags/sales_etl_dag.py
[2026-09-02T15:03:22.499+0000] {processor.py:925} INFO - DAG(s) 'etl_pipeline' retrieved from /opt/airflow/dags/sales_etl_dag.py
[2026-09-02T15:03:22.547+0000] {logging_mixin.py:190} INFO - [2026-09-02T15:03:22.547+0000] {dag.py:3239} INFO - Sync 1 DAGs
[2026-09-02T15:03:22.586+0000] {logging_mixin.py:190} INFO - [2026-09-02T15:03:22.586+0000] {dag.py:4180} INFO - Setting next_dagrun for etl_pipeline to 2026-09-02 00:00:00+00:00, run_after=2026-09-03 00:00:00+00:00
[2026-09-02T15:03:22.610+0000] {processor.py:208} INFO - Processing /opt/airflow/dags/sales_etl_dag.py took 0.164 seconds
[2026-09-02T15:03:52.752+0000] {processor.py:186} INFO - Started process (PID=306) to work on /opt/airflow/dags/sales_etl_dag.py
[2026-09-02T15:03:52.754+0000] {processor.py:914} INFO - Processing file /opt/airflow/dags/sales_etl_dag.py for tasks to queue
[2026-09-02T15:03:52.757+0000] {logging_mixin.py:190} INFO - [2026-09-02T15:03:52.756+0000] {dagbag.py:588} INFO - Filling up the DagBag from /opt/airflow/dags/sales_etl_dag.py
[2026-09-02T15:03:52.800+0000] {processor.py:925} INFO - DAG(s) 'etl_pipeline' retrieved from /opt/airflow/dags/sales_etl_dag.py
[2026-09-02T15:03:52.837+0000] {logging_mixin.py:190} INFO - [2026-09-02T15:03:52.836+0000] {dag.py:3239} INFO - Sync 1 DAGs
[2026-09-02T15:03:52.864+0000] {logging_mixin.py:190} INFO - [2026-09-02T15:03:52.863+0000] {dag.py:4180} INFO - Setting next_dagrun for etl_pipeline to 2026-09-02 00:00:00+00:00, run_after=2026-09-03 00:00:00+00:00
[2026-09-02T15:03:52.889+0000] {processor.py:208} INFO - Processing /opt/airflow/dags/sales_etl_dag.py took 0.146 seconds
[2026-09-02T15:04:23.201+0000] {processor.py:186} INFO - Started process (PID=311) to work on /opt/airflow/dags/sales_etl_dag.py
[2026-09-02T15:04:23.203+0000] {processor.py:914} INFO - Processing file /opt/airflow/dags/sales_etl_dag.py for tasks to queue
[2026-09-02T15:04:23.207+0000] {logging_mixin.py:190} INFO - [2026-09-02T15:04:23.206+0000] {dagbag.py:588} INFO - Filling up the DagBag from /opt/airflow/dags/sales_etl_dag.py
[2026-09-02T15:04:23.237+0000] {processor.py:925} INFO - DAG(s) 'etl_pipeline' retrieved from /opt/airflow/dags/sales_etl_dag.py
[2026-09-02T15:04:23.280+0000] {logging_mixin.py:190} INFO - [2026-09-02T15:04:23.280+0000] {dag.py:3239} INFO - Sync 1 DAGs
[2026-09-02T15:04:23.318+0000] {logging_mixin.py:190} INFO - [2026-09-02T15:04:23.318+0000] {dag.py:4180} INFO - Setting next_dagrun for etl_pipeline to 2026-09-02 00:00:00+00:00, run_after=2026-09-03 00:00:00+00:00
[2026-09-02T15:04:23.345+0000] {processor.py:208} INFO - Processing /opt/airflow/dags/sales_etl_dag.py took 0.151 seconds
[2026-09-02T15:04:53.477+0000] {processor.py:186} INFO - Started process (PID=316) to work on /opt/airflow/dags/sales_etl_dag.py
[2026-09-02T15:04:53.479+0000] {processor.py:914} INFO - Processing file /opt/airflow/dags/sales_etl_dag.py for tasks to queue
[2026-09-02T15:04:53.482+0000] {logging_mixin.py:190} INFO - [2026-09-02T15:04:53.481+0000] {dagbag.py:588} INFO - Filling up the DagBag from /opt/airflow/dags/sales_etl_dag.py
[2026-09-02T15:04:53.512+0000] {processor.py:925} INFO - DAG(s) 'etl_pipeline' retrieved from /opt/airflow/dags/sales_etl_dag.py
[2026-09-02T15:04:53.544+0000] {logging_mixin.py:190} INFO - [2026-09-02T15:04:53.543+0000] {dag.py:3239} INFO - Sync 1 DAGs
[2026-09-02T15:04:53.570+0000] {logging_mixin.py:190} INFO - [2026-09-02T15:04:53.570+0000] {dag.py:4180} INFO - Setting next_dagrun for etl_pipeline to 2026-09-02 00:00:00+00:00, run_after=2026-09-03 00:00:00+00:00
[2026-09-02T15:04:53.593+0000] {processor.py:208} INFO - Processing /opt/airflow/dags/sales_etl_dag.py took 0.124 seconds
[2026-09-02T15:05:23.909+0000] {processor.py:186} INFO - Started process (PID=321) to work on /opt/airflow/dags/sales_etl_dag.py
[2026-09-02T15:05:23.910+0000] {processor.py:914} INFO - Processing file /opt/airflow/dags/sales_etl_dag.py for tasks to queue
[2026-09-02T15:05:23.913+0000] {logging_mixin.py:190} INFO - [2026-09-02T15:05:23.913+0000] {dagbag.py:588} INFO - Filling up the DagBag from /opt/airflow/dags/sales_etl_dag.py
[2026-09-02T15:05:23.945+0000] {processor.py:925} INFO - DAG(s) 'etl_pipeline' retrieved from /opt/airflow/dags/sales_etl_dag.py
[2026-09-02T15:05:23.980+0000] {logging_mixin.py:190} INFO - [2026-09-02T15:05:23.980+0000] {dag.py:3239} INFO - Sync 1 DAGs
[2026-09-02T15:05:24.010+0000] {logging_mixin.py:190} INFO - [2026-09-02T15:05:24.009+0000] {dag.py:4180} INFO - Setting next_dagrun for etl_pipeline to 2026-09-02 00:00:00+00:00, run_after=2026-09-03 00:00:00+00:00
[2026-09-02T15:05:24.050+0000] {processor.py:208} INFO - Processing /opt/airflow/dags/sales_etl_dag.py took 0.149 seconds
[2026-09-02T15:05:54.186+0000] {processor.py:186} INFO - Started process (PID=326) to work on /opt/airflow/dags/sales_etl_dag.py
[2026-09-02T15:05:54.187+0000] {processor.py:914} INFO - Processing file /opt/airflow/dags/sales_etl_dag.py for tasks to queue
[2026-09-02T15:05:54.191+0000] {logging_mixin.py:190} INFO - [2026-09-02T15:05:54.190+0000] {dagbag.py:588} INFO - Filling up the DagBag from /opt/airflow/dags/sales_etl_dag.py
[2026-09-02T15:05:54.216+0000] {processor.py:925} INFO - DAG(s) 'etl_pipeline' retrieved from /opt/airflow/dags/sales_etl_dag.py
[2026-09-02T15:05:54.246+0000] {logging_mixin.py:190} INFO - [2026-09-02T15:05:54.246+0000] {dag.py:3239} INFO - Sync 1 DAGs
[2026-09-02T15:05:54.271+0000] {logging_mixin.py:190} INFO - [2026-09-02T15:05:54.271+0000] {dag.py:4180} INFO - Setting next_dagrun for etl_pipeline to 2026-09-02 00:00:00+00:00, run_after=2026-09-03 00:00:00+00:00
[2026-09-02T15:05:54.296+0000] {processor.py:208} INFO - Processing /opt/airflow/dags/sales_etl_dag.py took 0.117 seconds
[2026-09-02T15:06:24.461+0000] {processor.py:186} INFO - Started process (PID=331) to work on /opt/airflow/dags/sales_etl_dag.py
[2026-09-02T15:06:24.463+0000] {processor.py:914} INFO - Processing file /opt/airflow/dags/sales_etl_dag.py for tasks to queue
[2026-09-02T15:06:24.466+0000] {logging_mixin.py:190} INFO - [2026-09-02T15:06:24.466+0000] {dagbag.py:588} INFO - Filling up the DagBag from /opt/airflow/dags/sales_etl_dag.py
[2026-09-02T15:06:24.492+0000] {processor.py:925} INFO - DAG(s) 'etl_pipeline' retrieved from /opt/airflow/dags/sales_etl_dag.py
[2026-09-02T15:06:24.525+0000] {logging_mixin.py:190} INFO - [2026-09-02T15:06:24.525+0000] {dag.py:3239} INFO - Sync 1 DAGs
[2026-09-02T15:06:24.551+0000] {logging_mixin.py:190} INFO - [2026-09-02T15:06:24.550+0000] {dag.py:4180} INFO - Setting next_dagrun for etl_pipeline to 2026-09-02 00:00:00+00:00, run_after=2026-09-03 00:00:00+00:00
[2026-09-02T15:06:24.576+0000] {processor.py:208} INFO - Processing /opt/airflow/dags/sales_etl_dag.py took 0.121 seconds
[2026-09-02T15:06:54.865+0000] {processor.py:186} INFO - Started process (PID=336) to work on /opt/airflow/dags/sales_etl_dag.py
[2026-09-02T15:06:54.867+0000] {processor.py:914} INFO - Processing file /opt/airflow/dags/sales_etl_dag.py for tasks to queue
[2026-09-02T15:06:54.872+0000] {logging_mixin.py:190} INFO - [2026-09-02T15:06:54.871+0000] {dagbag.py:588} INFO - Filling up the DagBag from /opt/airflow/dags/sales_etl_dag.py
[2026-09-02T15:06:54.905+0000] {processor.py:925} INFO - DAG(s) 'etl_pipeline' retrieved from /opt/airflow/dags/sales_etl_dag.py
[2026-09-02T15:06:54.939+0000] {logging_mixin.py:190} INFO - [2026-09-02T15:06:54.939+0000] {dag.py:3239} INFO - Sync 1 DAGs
[2026-09-02T15:06:54.967+0000] {logging_mixin.py:190} INFO - [2026-09-02T15:06:54.967+0000] {dag.py:4180} INFO - Setting next_dagrun for etl_pipeline to 2026-09-02 00:00:00+00:00, run_after=2026-09-03 00:00:00+00:00
[2026-09-02T15:06:54.991+0000] {processor.py:208} INFO - Processing /opt/airflow/dags/sales_etl_dag.py took 0.138 seconds
[2026-09-02T15:07:25.127+0000] {processor.py:186} INFO - Started process (PID=341) to work on /opt/airflow/dags/sales_etl_dag.py
[2026-09-02T15:07:25.129+0000] {processor.py:914} INFO - Processing file /opt/airflow/dags/sales_etl_dag.py for tasks to queue
[2026-09-02T15:07:25.134+0000] {logging_mixin.py:190} INFO - [2026-09-02T15:07:25.134+0000] {dagbag.py:588} INFO - Filling up the DagBag from /opt/airflow/dags/sales_etl_dag.py
[2026-09-02T15:07:25.169+0000] {processor.py:925} INFO - DAG(s) 'etl_pipeline' retrieved from /opt/airflow/dags/sales_etl_dag.py
[2026-09-02T15:07:25.215+0000] {logging_mixin.py:190} INFO - [2026-09-02T15:07:25.214+0000] {dag.py:3239} INFO - Sync 1 DAGs
[2026-09-02T15:07:25.261+0000] {logging_mixin.py:190} INFO - [2026-09-02T15:07:25.251+0000] {dag.py:4180} INFO - Setting next_dagrun for etl_pipeline to 2026-09-02 00:00:00+00:00, run_after=2026-09-03 00:00:00+00:00
[2026-09-02T15:07:25.329+0000] {processor.py:208} INFO - Processing /opt/airflow/dags/sales_etl_dag.py took 0.212 seconds
[2026-09-02T15:07:55.604+0000] {processor.py:186} INFO - Started process (PID=346) to work on /opt/airflow/dags/sales_etl_dag.py
[2026-09-02T15:07:55.606+0000] {processor.py:914} INFO - Processing file /opt/airflow/dags/sales_etl_dag.py for tasks to queue
[2026-09-02T15:07:55.608+0000] {logging_mixin.py:190} INFO - [2026-09-02T15:07:55.608+0000] {dagbag.py:588} INFO - Filling up the DagBag from /opt/airflow/dags/sales_etl_dag.py
[2026-09-02T15:07:55.637+0000] {processor.py:925} INFO - DAG(s) 'etl_pipeline' retrieved from /opt/airflow/dags/sales_etl_dag.py
[2026-09-02T15:07:55.668+0000] {logging_mixin.py:190} INFO - [2026-09-02T15:07:55.668+0000] {dag.py:3239} INFO - Sync 1 DAGs
[2026-09-02T15:07:55.692+0000] {logging_mixin.py:190} INFO - [2026-09-02T15:07:55.692+0000] {dag.py:4180} INFO - Setting next_dagrun for etl_pipeline to 2026-09-02 00:00:00+00:00, run_after=2026-09-03 00:00:00+00:00
[2026-09-02T15:07:55.722+0000] {processor.py:208} INFO - Processing /opt/airflow/dags/sales_etl_dag.py took 0.125 seconds
[2026-09-02T15:08:25.920+0000] {processor.py:186} INFO - Started process (PID=351) to work on /opt/airflow/dags/sales_etl_dag.py
[2026-09-02T15:08:25.921+0000] {processor.py:914} INFO - Processing file /opt/airflow/dags/sales_etl_dag.py for tasks to queue
[2026-09-02T15:08:25.924+0000] {logging_mixin.py:190} INFO - [2026-09-02T15:08:25.924+0000] {dagbag.py:588} INFO - Filling up the DagBag from /opt/airflow/dags/sales_etl_dag.py
[2026-09-02T15:08:25.953+0000] {processor.py:925} INFO - DAG(s) 'etl_pipeline' retrieved from /opt/airflow/dags/sales_etl_dag.py
[2026-09-02T15:08:25.983+0000] {logging_mixin.py:190} INFO - [2026-09-02T15:08:25.983+0000] {dag.py:3239} INFO - Sync 1 DAGs
[2026-09-02T15:08:26.006+0000] {logging_mixin.py:190} INFO - [2026-09-02T15:08:26.006+0000] {dag.py:4180} INFO - Setting next_dagrun for etl_pipeline to 2026-09-02 00:00:00+00:00, run_after=2026-09-03 00:00:00+00:00
[2026-09-02T15:08:26.025+0000] {processor.py:208} INFO - Processing /opt/airflow/dags/sales_etl_dag.py took 0.114 seconds
[2026-09-02T15:08:56.249+0000] {processor.py:186} INFO - Started process (PID=356) to work on /opt/airflow/dags/sales_etl_dag.py
[2026-09-02T15:08:56.251+0000] {processor.py:914} INFO - Processing file /opt/airflow/dags/sales_etl_dag.py for tasks to queue
[2026-09-02T15:08:56.254+0000] {logging_mixin.py:190} INFO - [2026-09-02T15:08:56.253+0000] {dagbag.py:588} INFO - Filling up the DagBag from /opt/airflow/dags/sales_etl_dag.py
[2026-09-02T15:08:56.286+0000] {processor.py:925} INFO - DAG(s) 'etl_pipeline' retrieved from /opt/airflow/dags/sales_etl_dag.py
[2026-09-02T15:08:56.315+0000] {logging_mixin.py:190} INFO - [2026-09-02T15:08:56.315+0000] {dag.py:3239} INFO - Sync 1 DAGs
[2026-09-02T15:08:56.338+0000] {logging_mixin.py:190} INFO - [2026-09-02T15:08:56.338+0000] {dag.py:4180} INFO - Setting next_dagrun for etl_pipeline to 2026-09-02 00:00:00+00:00, run_after=2026-09-03 00:00:00+00:00
[2026-09-02T15:08:56.359+0000] {processor.py:208} INFO - Processing /opt/airflow/dags/sales_etl_dag.py took 0.116 seconds
[2026-09-02T15:09:26.610+0000] {processor.py:186} INFO - Started process (PID=361) to work on /opt/airflow/dags/sales_etl_dag.py
[2026-09-02T15:09:26.611+0000] {processor.py:914} INFO - Processing file /opt/airflow/dags/sales_etl_dag.py for tasks to queue
[2026-09-02T15:09:26.614+0000] {logging_mixin.py:190} INFO - [2026-09-02T15:09:26.614+0000] {dagbag.py:588} INFO - Filling up the DagBag from /opt/airflow/dags/sales_etl_dag.py
[2026-09-02T15:09:26.642+0000] {processor.py:925} INFO - DAG(s) 'etl_pipeline' retrieved from /opt/airflow/dags/sales_etl_dag.py
[2026-09-02T15:09:26.672+0000] {logging_mixin.py:190} INFO - [2026-09-02T15:09:26.672+0000] {dag.py:3239} INFO - Sync 1 DAGs
[2026-09-02T15:09:26.696+0000] {logging_mixin.py:190} INFO - [2026-09-02T15:09:26.696+0000] {dag.py:4180} INFO - Setting next_dagrun for etl_pipeline to 2026-09-02 00:00:00+00:00, run_after=2026-09-03 00:00:00+00:00
[2026-09-02T15:09:26.717+0000] {processor.py:208} INFO - Processing /opt/airflow/dags/sales_etl_dag.py took 0.113 seconds
[2026-09-02T15:09:56.934+0000] {processor.py:186} INFO - Started process (PID=366) to work on /opt/airflow/dags/sales_etl_dag.py
[2026-09-02T15:09:56.936+0000] {processor.py:914} INFO - Processing file /opt/airflow/dags/sales_etl_dag.py for tasks to queue
[2026-09-02T15:09:56.941+0000] {logging_mixin.py:190} INFO - [2026-09-02T15:09:56.940+0000] {dagbag.py:588} INFO - Filling up the DagBag from /opt/airflow/dags/sales_etl_dag.py
[2026-09-02T15:09:56.979+0000] {processor.py:925} INFO - DAG(s) 'etl_pipeline' retrieved from /opt/airflow/dags/sales_etl_dag.py
[2026-09-02T15:09:57.026+0000] {logging_mixin.py:190} INFO - [2026-09-02T15:09:57.026+0000] {dag.py:3239} INFO - Sync 1 DAGs
[2026-09-02T15:09:57.054+0000] {logging_mixin.py:190} INFO - [2026-09-02T15:09:57.054+0000] {dag.py:4180} INFO - Setting next_dagrun for etl_pipeline to 2026-09-02 00:00:00+00:00, run_after=2026-09-03 00:00:00+00:00
[2026-09-02T15:09:57.081+0000] {processor.py:208} INFO - Processing /opt/airflow/dags/sales_etl_dag.py took 0.155 seconds
[2026-09-02T15:10:27.273+0000] {processor.py:186} INFO - Started process (PID=371) to work on /opt/airflow/dags/sales_etl_dag.py
[2026-09-02T15:10:27.275+0000] {processor.py:914} INFO - Processing file /opt/airflow/dags/sales_etl_dag.py for tasks to queue
[2026-09-02T15:10:27.278+0000] {logging_mixin.py:190} INFO - [2026-09-02T15:10:27.278+0000] {dagbag.py:588} INFO - Filling up the DagBag from /opt/airflow/dags/sales_etl_dag.py
[2026-09-02T15:10:27.380+0000] {processor.py:925} INFO - DAG(s) 'etl_pipeline' retrieved from /opt/airflow/dags/sales_etl_dag.py
[2026-09-02T15:10:27.419+0000] {logging_mixin.py:190} INFO - [2026-09-02T15:10:27.419+0000] {dag.py:3239} INFO - Sync 1 DAGs
[2026-09-02T15:10:27.447+0000] {logging_mixin.py:190} INFO - [2026-09-02T15:10:27.447+0000] {dag.py:4180} INFO - Setting next_dagrun for etl_pipeline to 2026-09-02 00:00:00+00:00, run_after=2026-09-03 00:00:00+00:00
[2026-09-02T15:10:27.468+0000] {processor.py:208} INFO - Processing /opt/airflow/dags/sales_etl_dag.py took 0.201 seconds
[2026-09-02T15:10:57.690+0000] {processor.py:186} INFO - Started process (PID=376) to work on /opt/airflow/dags/sales_etl_dag.py
[2026-09-02T15:10:57.693+0000] {processor.py:914} INFO - Processing file /opt/airflow/dags/sales_etl_dag.py for tasks to queue
[2026-09-02T15:10:57.699+0000] {logging_mixin.py:190} INFO - [2026-09-02T15:10:57.699+0000] {dagbag.py:588} INFO - Filling up the DagBag from /opt/airflow/dags/sales_etl_dag.py
[2026-09-02T15:10:57.753+0000] {processor.py:925} INFO - DAG(s) 'etl_pipeline' retrieved from /opt/airflow/dags/sales_etl_dag.py
[2026-09-02T15:10:57.831+0000] {logging_mixin.py:190} INFO - [2026-09-02T15:10:57.831+0000] {dag.py:3239} INFO - Sync 1 DAGs
[2026-09-02T15:10:57.891+0000] {logging_mixin.py:190} INFO - [2026-09-02T15:10:57.891+0000] {dag.py:4180} INFO - Setting next_dagrun for etl_pipeline to 2026-09-02 00:00:00+00:00, run_after=2026-09-03 00:00:00+00:00
[2026-09-02T15:10:57.937+0000] {processor.py:208} INFO - Processing /opt/airflow/dags/sales_etl_dag.py took 0.260 seconds
[2026-09-02T15:11:28.041+0000] {processor.py:186} INFO - Started process (PID=381) to work on /opt/airflow/dags/sales_etl_dag.py
[2026-09-02T15:11:28.042+0000] {processor.py:914} INFO - Processing file /opt/airflow/dags/sales_etl_dag.py for tasks to queue
[2026-09-02T15:11:28.045+0000] {logging_mixin.py:190} INFO - [2026-09-02T15:11:28.045+0000] {dagbag.py:588} INFO - Filling up the DagBag from /opt/airflow/dags/sales_etl_dag.py
[2026-09-02T15:11:28.071+0000] {processor.py:925} INFO - DAG(s) 'etl_pipeline' retrieved from /opt/airflow/dags/sales_etl_dag.py
[2026-09-02T15:11:28.104+0000] {logging_mixin.py:190} INFO - [2026-09-02T15:11:28.103+0000] {dag.py:3239} INFO - Sync 1 DAGs
[2026-09-02T15:11:28.128+0000] {logging_mixin.py:190} INFO - [2026-09-02T15:11:28.127+0000] {dag.py:4180} INFO - Setting next_dagrun for etl_pipeline to 2026-09-02 00:00:00+00:00, run_after=2026-09-03 00:00:00+00:00
[2026-09-02T15:11:28.149+0000] {processor.py:208} INFO - Processing /opt/airflow/dags/sales_etl_dag.py took 0.113 seconds
[2026-09-02T15:11:58.310+0000] {processor.py:186} INFO - Started process (PID=386) to work on /opt/airflow/dags/sales_etl_dag.py
[2026-09-02T15:11:58.312+0000] {processor.py:914} INFO - Processing file /opt/airflow/dags/sales_etl_dag.py for tasks to queue
[2026-09-02T15:11:58.316+0000] {logging_mixin.py:190} INFO - [2026-09-02T15:11:58.316+0000] {dagbag.py:588} INFO - Filling up the DagBag from /opt/airflow/dags/sales_etl_dag.py
[2026-09-02T15:11:58.341+0000] {processor.py:925} INFO - DAG(s) 'etl_pipeline' retrieved from /opt/airflow/dags/sales_etl_dag.py
[2026-09-02T15:11:58.384+0000] {logging_mixin.py:190} INFO - [2026-09-02T15:11:58.384+0000] {dag.py:3239} INFO - Sync 1 DAGs
[2026-09-02T15:11:58.417+0000] {logging_mixin.py:190} INFO - [2026-09-02T15:11:58.417+0000] {dag.py:4180} INFO - Setting next_dagrun for etl_pipeline to 2026-09-02 00:00:00+00:00, run_after=2026-09-03 00:00:00+00:00
[2026-09-02T15:11:58.445+0000] {processor.py:208} INFO - Processing /opt/airflow/dags/sales_etl_dag.py took 0.141 seconds
[2026-09-02T15:12:28.733+0000] {processor.py:186} INFO - Started process (PID=391) to work on /opt/airflow/dags/sales_etl_dag.py
[2026-09-02T15:12:28.735+0000] {processor.py:914} INFO - Processing file /opt/airflow/dags/sales_etl_dag.py for tasks to queue
[2026-09-02T15:12:28.740+0000] {logging_mixin.py:190} INFO - [2026-09-02T15:12:28.739+0000] {dagbag.py:588} INFO - Filling up the DagBag from /opt/airflow/dags/sales_etl_dag.py
[2026-09-02T15:12:28.784+0000] {processor.py:925} INFO - DAG(s) 'etl_pipeline' retrieved from /opt/airflow/dags/sales_etl_dag.py
[2026-09-02T15:12:28.829+0000] {logging_mixin.py:190} INFO - [2026-09-02T15:12:28.829+0000] {dag.py:3239} INFO - Sync 1 DAGs
[2026-09-02T15:12:28.868+0000] {logging_mixin.py:190} INFO - [2026-09-02T15:12:28.868+0000] {dag.py:4180} INFO - Setting next_dagrun for etl_pipeline to 2026-09-02 00:00:00+00:00, run_after=2026-09-03 00:00:00+00:00
[2026-09-02T15:12:28.901+0000] {processor.py:208} INFO - Processing /opt/airflow/dags/sales_etl_dag.py took 0.175 seconds
[2026-09-02T15:12:59.010+0000] {processor.py:186} INFO - Started process (PID=396) to work on /opt/airflow/dags/sales_etl_dag.py
[2026-09-02T15:12:59.012+0000] {processor.py:914} INFO - Processing file /opt/airflow/dags/sales_etl_dag.py for tasks to queue
[2026-09-02T15:12:59.016+0000] {logging_mixin.py:190} INFO - [2026-09-02T15:12:59.016+0000] {dagbag.py:588} INFO - Filling up the DagBag from /opt/airflow/dags/sales_etl_dag.py
[2026-09-02T15:12:59.042+0000] {processor.py:925} INFO - DAG(s) 'etl_pipeline' retrieved from /opt/airflow/dags/sales_etl_dag.py
[2026-09-02T15:12:59.079+0000] {logging_mixin.py:190} INFO - [2026-09-02T15:12:59.079+0000] {dag.py:3239} INFO - Sync 1 DAGs
[2026-09-02T15:12:59.104+0000] {logging_mixin.py:190} INFO - [2026-09-02T15:12:59.103+0000] {dag.py:4180} INFO - Setting next_dagrun for etl_pipeline to 2026-09-02 00:00:00+00:00, run_after=2026-09-03 00:00:00+00:00
[2026-09-02T15:12:59.124+0000] {processor.py:208} INFO - Processing /opt/airflow/dags/sales_etl_dag.py took 0.121 seconds
[2026-09-02T15:13:29.329+0000] {processor.py:186} INFO - Started process (PID=401) to work on /opt/airflow/dags/sales_etl_dag.py
[2026-09-02T15:13:29.330+0000] {processor.py:914} INFO - Processing file /opt/airflow/dags/sales_etl_dag.py for tasks to queue
[2026-09-02T15:13:29.333+0000] {logging_mixin.py:190} INFO - [2026-09-02T15:13:29.333+0000] {dagbag.py:588} INFO - Filling up the DagBag from /opt/airflow/dags/sales_etl_dag.py
[2026-09-02T15:13:29.358+0000] {processor.py:925} INFO - DAG(s) 'etl_pipeline' retrieved from /opt/airflow/dags/sales_etl_dag.py
[2026-09-02T15:13:29.389+0000] {logging_mixin.py:190} INFO - [2026-09-02T15:13:29.389+0000] {dag.py:3239} INFO - Sync 1 DAGs
[2026-09-02T15:13:29.410+0000] {logging_mixin.py:190} INFO - [2026-09-02T15:13:29.410+0000] {dag.py:4180} INFO - Setting next_dagrun for etl_pipeline to 2026-09-02 00:00:00+00:00, run_after=2026-09-03 00:00:00+00:00
[2026-09-02T15:13:29.430+0000] {processor.py:208} INFO - Processing /opt/airflow/dags/sales_etl_dag.py took 0.107 seconds
[2026-09-02T15:13:59.659+0000] {processor.py:186} INFO - Started process (PID=406) to work on /opt/airflow/dags/sales_etl_dag.py
[2026-09-02T15:13:59.661+0000] {processor.py:914} INFO - Processing file /opt/airflow/dags/sales_etl_dag.py for tasks to queue
[2026-09-02T15:13:59.663+0000] {logging_mixin.py:190} INFO - [2026-09-02T15:13:59.663+0000] {dagbag.py:588} INFO - Filling up the DagBag from /opt/airflow/dags/sales_etl_dag.py
[2026-09-02T15:13:59.688+0000] {processor.py:925} INFO - DAG(s) 'etl_pipeline' retrieved from /opt/airflow/dags/sales_etl_dag.py
[2026-09-02T15:13:59.716+0000] {logging_mixin.py:190} INFO - [2026-09-02T15:13:59.716+0000] {dag.py:3239} INFO - Sync 1 DAGs
[2026-09-02T15:13:59.738+0000] {logging_mixin.py:190} INFO - [2026-09-02T15:13:59.738+0000] {dag.py:4180} INFO - Setting next_dagrun for etl_pipeline to 2026-09-02 00:00:00+00:00, run_after=2026-09-03 00:00:00+00:00
[2026-09-02T15:13:59.760+0000] {processor.py:208} INFO - Processing /opt/airflow/dags/sales_etl_dag.py took 0.106 seconds
[2026-09-02T15:14:29.947+0000] {processor.py:186} INFO - Started process (PID=411) to work on /opt/airflow/dags/sales_etl_dag.py
[2026-09-02T15:14:29.949+0000] {processor.py:914} INFO - Processing file /opt/airflow/dags/sales_etl_dag.py for tasks to queue
[2026-09-02T15:14:29.954+0000] {logging_mixin.py:190} INFO - [2026-09-02T15:14:29.953+0000] {dagbag.py:588} INFO - Filling up the DagBag from /opt/airflow/dags/sales_etl_dag.py
[2026-09-02T15:14:29.984+0000] {processor.py:925} INFO - DAG(s) 'etl_pipeline' retrieved from /opt/airflow/dags/sales_etl_dag.py
[2026-09-02T15:14:30.016+0000] {logging_mixin.py:190} INFO - [2026-09-02T15:14:30.016+0000] {dag.py:3239} INFO - Sync 1 DAGs
[2026-09-02T15:14:30.041+0000] {logging_mixin.py:190} INFO - [2026-09-02T15:14:30.041+0000] {dag.py:4180} INFO - Setting next_dagrun for etl_pipeline to 2026-09-02 00:00:00+00:00, run_after=2026-09-03 00:00:00+00:00
[2026-09-02T15:14:30.063+0000] {processor.py:208} INFO - Processing /opt/airflow/dags/sales_etl_dag.py took 0.122 seconds
[2026-09-02T15:15:00.326+0000] {processor.py:186} INFO - Started process (PID=500) to work on /opt/airflow/dags/sales_etl_dag.py
[2026-09-02T15:15:00.328+0000] {processor.py:914} INFO - Processing file /opt/airflow/dags/sales_etl_dag.py for tasks to queue
[2026-09-02T15:15:00.331+0000] {logging_mixin.py:190} INFO - [2026-09-02T15:15:00.330+0000] {dagbag.py:588} INFO - Filling up the DagBag from /opt/airflow/dags/sales_etl_dag.py
[2026-09-02T15:15:00.362+0000] {processor.py:925} INFO - DAG(s) 'etl_pipeline' retrieved from /opt/airflow/dags/sales_etl_dag.py
[2026-09-02T15:15:00.393+0000] {logging_mixin.py:190} INFO - [2026-09-02T15:15:00.393+0000] {dag.py:3239} INFO - Sync 1 DAGs
[2026-09-02T15:15:00.414+0000] {logging_mixin.py:190} INFO - [2026-09-02T15:15:00.414+0000] {dag.py:4180} INFO - Setting next_dagrun for etl_pipeline to 2026-09-02 00:00:00+00:00, run_after=2026-09-03 00:00:00+00:00
[2026-09-02T15:15:00.431+0000] {processor.py:208} INFO - Processing /opt/airflow/dags/sales_etl_dag.py took 0.113 seconds
[2026-09-02T15:15:30.646+0000] {processor.py:186} INFO - Started process (PID=505) to work on /opt/airflow/dags/sales_etl_dag.py
[2026-09-02T15:15:30.647+0000] {processor.py:914} INFO - Processing file /opt/airflow/dags/sales_etl_dag.py for tasks to queue
[2026-09-02T15:15:30.649+0000] {logging_mixin.py:190} INFO - [2026-09-02T15:15:30.649+0000] {dagbag.py:588} INFO - Filling up the DagBag from /opt/airflow/dags/sales_etl_dag.py
[2026-09-02T15:15:30.669+0000] {processor.py:925} INFO - DAG(s) 'etl_pipeline' retrieved from /opt/airflow/dags/sales_etl_dag.py
[2026-09-02T15:15:30.697+0000] {logging_mixin.py:190} INFO - [2026-09-02T15:15:30.697+0000] {dag.py:3239} INFO - Sync 1 DAGs
[2026-09-02T15:15:30.721+0000] {logging_mixin.py:190} INFO - [2026-09-02T15:15:30.721+0000] {dag.py:4180} INFO - Setting next_dagrun for etl_pipeline to 2026-09-02 00:00:00+00:00, run_after=2026-09-03 00:00:00+00:00
[2026-09-02T15:15:30.742+0000] {processor.py:208} INFO - Processing /opt/airflow/dags/sales_etl_dag.py took 0.103 seconds
[2026-09-02T15:16:01.006+0000] {processor.py:186} INFO - Started process (PID=510) to work on /opt/airflow/dags/sales_etl_dag.py
[2026-09-02T15:16:01.008+0000] {processor.py:914} INFO - Processing file /opt/airflow/dags/sales_etl_dag.py for tasks to queue
[2026-09-02T15:16:01.011+0000] {logging_mixin.py:190} INFO - [2026-09-02T15:16:01.010+0000] {dagbag.py:588} INFO - Filling up the DagBag from /opt/airflow/dags/sales_etl_dag.py
[2026-09-02T15:16:01.038+0000] {processor.py:925} INFO - DAG(s) 'etl_pipeline' retrieved from /opt/airflow/dags/sales_etl_dag.py
[2026-09-02T15:16:01.067+0000] {logging_mixin.py:190} INFO - [2026-09-02T15:16:01.067+0000] {dag.py:3239} INFO - Sync 1 DAGs
[2026-09-02T15:16:01.091+0000] {logging_mixin.py:190} INFO - [2026-09-02T15:16:01.091+0000] {dag.py:4180} INFO - Setting next_dagrun for etl_pipeline to 2026-09-02 00:00:00+00:00, run_after=2026-09-03 00:00:00+00:00
[2026-09-02T15:16:01.109+0000] {processor.py:208} INFO - Processing /opt/airflow/dags/sales_etl_dag.py took 0.110 seconds
[2026-09-02T15:16:31.429+0000] {processor.py:186} INFO - Started process (PID=515) to work on /opt/airflow/dags/sales_etl_dag.py
[2026-09-02T15:16:31.431+0000] {processor.py:914} INFO - Processing file /opt/airflow/dags/sales_etl_dag.py for tasks to queue
[2026-09-02T15:16:31.434+0000] {logging_mixin.py:190} INFO - [2026-09-02T15:16:31.434+0000] {dagbag.py:588} INFO - Filling up the DagBag from /opt/airflow/dags/sales_etl_dag.py
[2026-09-02T15:16:31.459+0000] {processor.py:925} INFO - DAG(s) 'etl_pipeline' retrieved from /opt/airflow/dags/sales_etl_dag.py
[2026-09-02T15:16:31.485+0000] {logging_mixin.py:190} INFO - [2026-09-02T15:16:31.484+0000] {dag.py:3239} INFO - Sync 1 DAGs
[2026-09-02T15:16:31.507+0000] {logging_mixin.py:190} INFO - [2026-09-02T15:16:31.506+0000] {dag.py:4180} INFO - Setting next_dagrun for etl_pipeline to 2026-09-02 00:00:00+00:00, run_after=2026-09-03 00:00:00+00:00
[2026-09-02T15:16:31.527+0000] {processor.py:208} INFO - Processing /opt/airflow/dags/sales_etl_dag.py took 0.103 seconds
[2026-09-02T15:17:01.816+0000] {processor.py:186} INFO - Started process (PID=520) to work on /opt/airflow/dags/sales_etl_dag.py
[2026-09-02T15:17:01.818+0000] {processor.py:914} INFO - Processing file /opt/airflow/dags/sales_etl_dag.py for tasks to queue
[2026-09-02T15:17:01.821+0000] {logging_mixin.py:190} INFO - [2026-09-02T15:17:01.820+0000] {dagbag.py:588} INFO - Filling up the DagBag from /opt/airflow/dags/sales_etl_dag.py
[2026-09-02T15:17:01.853+0000] {processor.py:925} INFO - DAG(s) 'etl_pipeline' retrieved from /opt/airflow/dags/sales_etl_dag.py
[2026-09-02T15:17:01.888+0000] {logging_mixin.py:190} INFO - [2026-09-02T15:17:01.888+0000] {dag.py:3239} INFO - Sync 1 DAGs
[2026-09-02T15:17:01.920+0000] {logging_mixin.py:190} INFO - [2026-09-02T15:17:01.919+0000] {dag.py:4180} INFO - Setting next_dagrun for etl_pipeline to 2026-09-02 00:00:00+00:00, run_after=2026-09-03 00:00:00+00:00
[2026-09-02T15:17:01.988+0000] {processor.py:208} INFO - Processing /opt/airflow/dags/sales_etl_dag.py took 0.181 seconds
[2026-09-02T15:17:32.213+0000] {processor.py:186} INFO - Started process (PID=525) to work on /opt/airflow/dags/sales_etl_dag.py
[2026-09-02T15:17:32.214+0000] {processor.py:914} INFO - Processing file /opt/airflow/dags/sales_etl_dag.py for tasks to queue
[2026-09-02T15:17:32.216+0000] {logging_mixin.py:190} INFO - [2026-09-02T15:17:32.216+0000] {dagbag.py:588} INFO - Filling up the DagBag from /opt/airflow/dags/sales_etl_dag.py
[2026-09-02T15:17:32.237+0000] {processor.py:925} INFO - DAG(s) 'etl_pipeline' retrieved from /opt/airflow/dags/sales_etl_dag.py
[2026-09-02T15:17:32.266+0000] {logging_mixin.py:190} INFO - [2026-09-02T15:17:32.265+0000] {dag.py:3239} INFO - Sync 1 DAGs
[2026-09-02T15:17:32.292+0000] {logging_mixin.py:190} INFO - [2026-09-02T15:17:32.292+0000] {dag.py:4180} INFO - Setting next_dagrun for etl_pipeline to 2026-09-02 00:00:00+00:00, run_after=2026-09-03 00:00:00+00:00
[2026-09-02T15:17:32.311+0000] {processor.py:208} INFO - Processing /opt/airflow/dags/sales_etl_dag.py took 0.104 seconds
[2026-09-02T15:18:02.522+0000] {processor.py:186} INFO - Started process (PID=530) to work on /opt/airflow/dags/sales_etl_dag.py
[2026-09-02T15:18:02.523+0000] {processor.py:914} INFO - Processing file /opt/airflow/dags/sales_etl_dag.py for tasks to queue
[2026-09-02T15:18:02.526+0000] {logging_mixin.py:190} INFO - [2026-09-02T15:18:02.525+0000] {dagbag.py:588} INFO - Filling up the DagBag from /opt/airflow/dags/sales_etl_dag.py
[2026-09-02T15:18:02.548+0000] {processor.py:925} INFO - DAG(s) 'etl_pipeline' retrieved from /opt/airflow/dags/sales_etl_dag.py
[2026-09-02T15:18:02.583+0000] {logging_mixin.py:190} INFO - [2026-09-02T15:18:02.582+0000] {dag.py:3239} INFO - Sync 1 DAGs
[2026-09-02T15:18:02.614+0000] {logging_mixin.py:190} INFO - [2026-09-02T15:18:02.614+0000] {dag.py:4180} INFO - Setting next_dagrun for etl_pipeline to 2026-09-02 00:00:00+00:00, run_after=2026-09-03 00:00:00+00:00
[2026-09-02T15:18:02.638+0000] {processor.py:208} INFO - Processing /opt/airflow/dags/sales_etl_dag.py took 0.122 seconds
[2026-09-02T15:18:32.996+0000] {processor.py:186} INFO - Started process (PID=535) to work on /opt/airflow/dags/sales_etl_dag.py
[2026-09-02T15:18:32.997+0000] {processor.py:914} INFO - Processing file /opt/airflow/dags/sales_etl_dag.py for tasks to queue
[2026-09-02T15:18:33.000+0000] {logging_mixin.py:190} INFO - [2026-09-02T15:18:33.000+0000] {dagbag.py:588} INFO - Filling up the DagBag from /opt/airflow/dags/sales_etl_dag.py
[2026-09-02T15:18:33.024+0000] {processor.py:925} INFO - DAG(s) 'etl_pipeline' retrieved from /opt/airflow/dags/sales_etl_dag.py
[2026-09-02T15:18:33.051+0000] {logging_mixin.py:190} INFO - [2026-09-02T15:18:33.051+0000] {dag.py:3239} INFO - Sync 1 DAGs
[2026-09-02T15:18:33.074+0000] {logging_mixin.py:190} INFO - [2026-09-02T15:18:33.074+0000] {dag.py:4180} INFO - Setting next_dagrun for etl_pipeline to 2026-09-02 00:00:00+00:00, run_after=2026-09-03 00:00:00+00:00
[2026-09-02T15:18:33.095+0000] {processor.py:208} INFO - Processing /opt/airflow/dags/sales_etl_dag.py took 0.106 seconds
[2026-09-02T15:19:03.341+0000] {processor.py:186} INFO - Started process (PID=540) to work on /opt/airflow/dags/sales_etl_dag.py
[2026-09-02T15:19:03.342+0000] {processor.py:914} INFO - Processing file /opt/airflow/dags/sales_etl_dag.py for tasks to queue
[2026-09-02T15:19:03.345+0000] {logging_mixin.py:190} INFO - [2026-09-02T15:19:03.345+0000] {dagbag.py:588} INFO - Filling up the DagBag from /opt/airflow/dags/sales_etl_dag.py
[2026-09-02T15:19:03.401+0000] {processor.py:925} INFO - DAG(s) 'etl_pipeline' retrieved from /opt/airflow/dags/sales_etl_dag.py
[2026-09-02T15:19:03.463+0000] {logging_mixin.py:190} INFO - [2026-09-02T15:19:03.462+0000] {dag.py:3239} INFO - Sync 1 DAGs
[2026-09-02T15:19:03.493+0000] {logging_mixin.py:190} INFO - [2026-09-02T15:19:03.493+0000] {dag.py:4180} INFO - Setting next_dagrun for etl_pipeline to 2026-09-02 00:00:00+00:00, run_after=2026-09-03 00:00:00+00:00
[2026-09-02T15:19:03.512+0000] {processor.py:208} INFO - Processing /opt/airflow/dags/sales_etl_dag.py took 0.177 seconds
[2026-09-02T15:19:33.819+0000] {processor.py:186} INFO - Started process (PID=545) to work on /opt/airflow/dags/sales_etl_dag.py
[2026-09-02T15:19:33.821+0000] {processor.py:914} INFO - Processing file /opt/airflow/dags/sales_etl_dag.py for tasks to queue
[2026-09-02T15:19:33.823+0000] {logging_mixin.py:190} INFO - [2026-09-02T15:19:33.823+0000] {dagbag.py:588} INFO - Filling up the DagBag from /opt/airflow/dags/sales_etl_dag.py
[2026-09-02T15:19:33.847+0000] {processor.py:925} INFO - DAG(s) 'etl_pipeline' retrieved from /opt/airflow/dags/sales_etl_dag.py
[2026-09-02T15:19:33.875+0000] {logging_mixin.py:190} INFO - [2026-09-02T15:19:33.875+0000] {dag.py:3239} INFO - Sync 1 DAGs
[2026-09-02T15:19:33.899+0000] {logging_mixin.py:190} INFO - [2026-09-02T15:19:33.898+0000] {dag.py:4180} INFO - Setting next_dagrun for etl_pipeline to 2026-09-02 00:00:00+00:00, run_after=2026-09-03 00:00:00+00:00
[2026-09-02T15:19:33.920+0000] {processor.py:208} INFO - Processing /opt/airflow/dags/sales_etl_dag.py took 0.106 seconds
[2026-09-02T15:20:04.137+0000] {processor.py:186} INFO - Started process (PID=550) to work on /opt/airflow/dags/sales_etl_dag.py
[2026-09-02T15:20:04.139+0000] {processor.py:914} INFO - Processing file /opt/airflow/dags/sales_etl_dag.py for tasks to queue
[2026-09-02T15:20:04.142+0000] {logging_mixin.py:190} INFO - [2026-09-02T15:20:04.141+0000] {dagbag.py:588} INFO - Filling up the DagBag from /opt/airflow/dags/sales_etl_dag.py
[2026-09-02T15:20:04.166+0000] {processor.py:925} INFO - DAG(s) 'etl_pipeline' retrieved from /opt/airflow/dags/sales_etl_dag.py
[2026-09-02T15:20:04.231+0000] {logging_mixin.py:190} INFO - [2026-09-02T15:20:04.231+0000] {dag.py:3239} INFO - Sync 1 DAGs
[2026-09-02T15:20:04.284+0000] {logging_mixin.py:190} INFO - [2026-09-02T15:20:04.284+0000] {dag.py:4180} INFO - Setting next_dagrun for etl_pipeline to 2026-09-02 00:00:00+00:00, run_after=2026-09-03 00:00:00+00:00
[2026-09-02T15:20:04.307+0000] {processor.py:208} INFO - Processing /opt/airflow/dags/sales_etl_dag.py took 0.175 seconds
[2026-09-02T15:20:34.518+0000] {processor.py:186} INFO - Started process (PID=555) to work on /opt/airflow/dags/sales_etl_dag.py
[2026-09-02T15:20:34.519+0000] {processor.py:914} INFO - Processing file /opt/airflow/dags/sales_etl_dag.py for tasks to queue
[2026-09-02T15:20:34.522+0000] {logging_mixin.py:190} INFO - [2026-09-02T15:20:34.522+0000] {dagbag.py:588} INFO - Filling up the DagBag from /opt/airflow/dags/sales_etl_dag.py
[2026-09-02T15:20:34.548+0000] {processor.py:925} INFO - DAG(s) 'etl_pipeline' retrieved from /opt/airflow/dags/sales_etl_dag.py
[2026-09-02T15:20:34.582+0000] {logging_mixin.py:190} INFO - [2026-09-02T15:20:34.582+0000] {dag.py:3239} INFO - Sync 1 DAGs
[2026-09-02T15:20:34.606+0000] {logging_mixin.py:190} INFO - [2026-09-02T15:20:34.606+0000] {dag.py:4180} INFO - Setting next_dagrun for etl_pipeline to 2026-09-02 00:00:00+00:00, run_after=2026-09-03 00:00:00+00:00
[2026-09-02T15:20:34.629+0000] {processor.py:208} INFO - Processing /opt/airflow/dags/sales_etl_dag.py took 0.117 seconds
[2026-09-02T15:21:04.914+0000] {processor.py:186} INFO - Started process (PID=560) to work on /opt/airflow/dags/sales_etl_dag.py
[2026-09-02T15:21:04.915+0000] {processor.py:914} INFO - Processing file /opt/airflow/dags/sales_etl_dag.py for tasks to queue
[2026-09-02T15:21:04.918+0000] {logging_mixin.py:190} INFO - [2026-09-02T15:21:04.917+0000] {dagbag.py:588} INFO - Filling up the DagBag from /opt/airflow/dags/sales_etl_dag.py
[2026-09-02T15:21:04.945+0000] {processor.py:925} INFO - DAG(s) 'etl_pipeline' retrieved from /opt/airflow/dags/sales_etl_dag.py
[2026-09-02T15:21:04.974+0000] {logging_mixin.py:190} INFO - [2026-09-02T15:21:04.974+0000] {dag.py:3239} INFO - Sync 1 DAGs
[2026-09-02T15:21:04.999+0000] {logging_mixin.py:190} INFO - [2026-09-02T15:21:04.999+0000] {dag.py:4180} INFO - Setting next_dagrun for etl_pipeline to 2026-09-02 00:00:00+00:00, run_after=2026-09-03 00:00:00+00:00
[2026-09-02T15:21:05.016+0000] {processor.py:208} INFO - Processing /opt/airflow/dags/sales_etl_dag.py took 0.109 seconds
[2026-09-02T15:21:35.284+0000] {processor.py:186} INFO - Started process (PID=565) to work on /opt/airflow/dags/sales_etl_dag.py
[2026-09-02T15:21:35.285+0000] {processor.py:914} INFO - Processing file /opt/airflow/dags/sales_etl_dag.py for tasks to queue
[2026-09-02T15:21:35.287+0000] {logging_mixin.py:190} INFO - [2026-09-02T15:21:35.287+0000] {dagbag.py:588} INFO - Filling up the DagBag from /opt/airflow/dags/sales_etl_dag.py
[2026-09-02T15:21:35.312+0000] {processor.py:925} INFO - DAG(s) 'etl_pipeline' retrieved from /opt/airflow/dags/sales_etl_dag.py
[2026-09-02T15:21:35.351+0000] {logging_mixin.py:190} INFO - [2026-09-02T15:21:35.350+0000] {dag.py:3239} INFO - Sync 1 DAGs
[2026-09-02T15:21:35.381+0000] {logging_mixin.py:190} INFO - [2026-09-02T15:21:35.380+0000] {dag.py:4180} INFO - Setting next_dagrun for etl_pipeline to 2026-09-02 00:00:00+00:00, run_after=2026-09-03 00:00:00+00:00
[2026-09-02T15:21:35.415+0000] {processor.py:208} INFO - Processing /opt/airflow/dags/sales_etl_dag.py took 0.136 seconds
[2026-09-02T15:22:05.659+0000] {processor.py:186} INFO - Started process (PID=570) to work on /opt/airflow/dags/sales_etl_dag.py
[2026-09-02T15:22:05.660+0000] {processor.py:914} INFO - Processing file /opt/airflow/dags/sales_etl_dag.py for tasks to queue
[2026-09-02T15:22:05.663+0000] {logging_mixin.py:190} INFO - [2026-09-02T15:22:05.662+0000] {dagbag.py:588} INFO - Filling up the DagBag from /opt/airflow/dags/sales_etl_dag.py
[2026-09-02T15:22:05.681+0000] {processor.py:925} INFO - DAG(s) 'etl_pipeline' retrieved from /opt/airflow/dags/sales_etl_dag.py
[2026-09-02T15:22:05.712+0000] {logging_mixin.py:190} INFO - [2026-09-02T15:22:05.712+0000] {dag.py:3239} INFO - Sync 1 DAGs
[2026-09-02T15:22:05.736+0000] {logging_mixin.py:190} INFO - [2026-09-02T15:22:05.736+0000] {dag.py:4180} INFO - Setting next_dagrun for etl_pipeline to 2026-09-02 00:00:00+00:00, run_after=2026-09-03 00:00:00+00:00
[2026-09-02T15:22:05.756+0000] {processor.py:208} INFO - Processing /opt/airflow/dags/sales_etl_dag.py took 0.102 seconds
[2026-09-02T15:22:36.104+0000] {processor.py:186} INFO - Started process (PID=575) to work on /opt/airflow/dags/sales_etl_dag.py
[2026-09-02T15:22:36.106+0000] {processor.py:914} INFO - Processing file /opt/airflow/dags/sales_etl_dag.py for tasks to queue
[2026-09-02T15:22:36.111+0000] {logging_mixin.py:190} INFO - [2026-09-02T15:22:36.110+0000] {dagbag.py:588} INFO - Filling up the DagBag from /opt/airflow/dags/sales_etl_dag.py
[2026-09-02T15:22:36.138+0000] {processor.py:925} INFO - DAG(s) 'etl_pipeline' retrieved from /opt/airflow/dags/sales_etl_dag.py
[2026-09-02T15:22:36.178+0000] {logging_mixin.py:190} INFO - [2026-09-02T15:22:36.178+0000] {dag.py:3239} INFO - Sync 1 DAGs
[2026-09-02T15:22:36.205+0000] {logging_mixin.py:190} INFO - [2026-09-02T15:22:36.204+0000] {dag.py:4180} INFO - Setting next_dagrun for etl_pipeline to 2026-09-02 00:00:00+00:00, run_after=2026-09-03 00:00:00+00:00
[2026-09-02T15:22:36.228+0000] {processor.py:208} INFO - Processing /opt/airflow/dags/sales_etl_dag.py took 0.131 seconds
[2026-09-02T15:23:06.383+0000] {processor.py:186} INFO - Started process (PID=580) to work on /opt/airflow/dags/sales_etl_dag.py
[2026-09-02T15:23:06.384+0000] {processor.py:914} INFO - Processing file /opt/airflow/dags/sales_etl_dag.py for tasks to queue
[2026-09-02T15:23:06.386+0000] {logging_mixin.py:190} INFO - [2026-09-02T15:23:06.386+0000] {dagbag.py:588} INFO - Filling up the DagBag from /opt/airflow/dags/sales_etl_dag.py
[2026-09-02T15:23:06.413+0000] {processor.py:925} INFO - DAG(s) 'etl_pipeline' retrieved from /opt/airflow/dags/sales_etl_dag.py
[2026-09-02T15:23:06.440+0000] {logging_mixin.py:190} INFO - [2026-09-02T15:23:06.440+0000] {dag.py:3239} INFO - Sync 1 DAGs
[2026-09-02T15:23:06.464+0000] {logging_mixin.py:190} INFO - [2026-09-02T15:23:06.464+0000] {dag.py:4180} INFO - Setting next_dagrun for etl_pipeline to 2026-09-02 00:00:00+00:00, run_after=2026-09-03 00:00:00+00:00
[2026-09-02T15:23:06.491+0000] {processor.py:208} INFO - Processing /opt/airflow/dags/sales_etl_dag.py took 0.113 seconds
[2026-09-02T15:23:36.890+0000] {processor.py:186} INFO - Started process (PID=591) to work on /opt/airflow/dags/sales_etl_dag.py
[2026-09-02T15:23:36.892+0000] {processor.py:914} INFO - Processing file /opt/airflow/dags/sales_etl_dag.py for tasks to queue
[2026-09-02T15:23:36.896+0000] {logging_mixin.py:190} INFO - [2026-09-02T15:23:36.896+0000] {dagbag.py:588} INFO - Filling up the DagBag from /opt/airflow/dags/sales_etl_dag.py
[2026-09-02T15:23:36.931+0000] {processor.py:925} INFO - DAG(s) 'etl_pipeline' retrieved from /opt/airflow/dags/sales_etl_dag.py
[2026-09-02T15:23:36.968+0000] {logging_mixin.py:190} INFO - [2026-09-02T15:23:36.968+0000] {dag.py:3239} INFO - Sync 1 DAGs
[2026-09-02T15:23:36.999+0000] {logging_mixin.py:190} INFO - [2026-09-02T15:23:36.998+0000] {dag.py:4180} INFO - Setting next_dagrun for etl_pipeline to 2026-09-02 00:00:00+00:00, run_after=2026-09-03 00:00:00+00:00
[2026-09-02T15:23:37.027+0000] {processor.py:208} INFO - Processing /opt/airflow/dags/sales_etl_dag.py took 0.149 seconds
[2026-09-02T15:24:07.336+0000] {processor.py:186} INFO - Started process (PID=596) to work on /opt/airflow/dags/sales_etl_dag.py
[2026-09-02T15:24:07.338+0000] {processor.py:914} INFO - Processing file /opt/airflow/dags/sales_etl_dag.py for tasks to queue
[2026-09-02T15:24:07.345+0000] {logging_mixin.py:190} INFO - [2026-09-02T15:24:07.344+0000] {dagbag.py:588} INFO - Filling up the DagBag from /opt/airflow/dags/sales_etl_dag.py
[2026-09-02T15:24:07.380+0000] {processor.py:925} INFO - DAG(s) 'etl_pipeline' retrieved from /opt/airflow/dags/sales_etl_dag.py
[2026-09-02T15:24:07.426+0000] {logging_mixin.py:190} INFO - [2026-09-02T15:24:07.425+0000] {dag.py:3239} INFO - Sync 1 DAGs
[2026-09-02T15:24:07.457+0000] {logging_mixin.py:190} INFO - [2026-09-02T15:24:07.457+0000] {dag.py:4180} INFO - Setting next_dagrun for etl_pipeline to 2026-09-02 00:00:00+00:00, run_after=2026-09-03 00:00:00+00:00
[2026-09-02T15:24:07.483+0000] {processor.py:208} INFO - Processing /opt/airflow/dags/sales_etl_dag.py took 0.160 seconds
[2026-09-02T15:24:37.799+0000] {processor.py:186} INFO - Started process (PID=601) to work on /opt/airflow/dags/sales_etl_dag.py
[2026-09-02T15:24:37.800+0000] {processor.py:914} INFO - Processing file /opt/airflow/dags/sales_etl_dag.py for tasks to queue
[2026-09-02T15:24:37.805+0000] {logging_mixin.py:190} INFO - [2026-09-02T15:24:37.804+0000] {dagbag.py:588} INFO - Filling up the DagBag from /opt/airflow/dags/sales_etl_dag.py
[2026-09-02T15:24:37.846+0000] {processor.py:925} INFO - DAG(s) 'etl_pipeline' retrieved from /opt/airflow/dags/sales_etl_dag.py
[2026-09-02T15:24:37.892+0000] {logging_mixin.py:190} INFO - [2026-09-02T15:24:37.892+0000] {dag.py:3239} INFO - Sync 1 DAGs
[2026-09-02T15:24:37.932+0000] {logging_mixin.py:190} INFO - [2026-09-02T15:24:37.932+0000] {dag.py:4180} INFO - Setting next_dagrun for etl_pipeline to 2026-09-02 00:00:00+00:00, run_after=2026-09-03 00:00:00+00:00
[2026-09-02T15:24:37.962+0000] {processor.py:208} INFO - Processing /opt/airflow/dags/sales_etl_dag.py took 0.170 seconds
[2026-09-02T15:25:08.265+0000] {processor.py:186} INFO - Started process (PID=606) to work on /opt/airflow/dags/sales_etl_dag.py
[2026-09-02T15:25:08.267+0000] {processor.py:914} INFO - Processing file /opt/airflow/dags/sales_etl_dag.py for tasks to queue
[2026-09-02T15:25:08.270+0000] {logging_mixin.py:190} INFO - [2026-09-02T15:25:08.269+0000] {dagbag.py:588} INFO - Filling up the DagBag from /opt/airflow/dags/sales_etl_dag.py
[2026-09-02T15:25:08.297+0000] {processor.py:925} INFO - DAG(s) 'etl_pipeline' retrieved from /opt/airflow/dags/sales_etl_dag.py
[2026-09-02T15:25:08.338+0000] {logging_mixin.py:190} INFO - [2026-09-02T15:25:08.338+0000] {dag.py:3239} INFO - Sync 1 DAGs
[2026-09-02T15:25:08.373+0000] {logging_mixin.py:190} INFO - [2026-09-02T15:25:08.373+0000] {dag.py:4180} INFO - Setting next_dagrun for etl_pipeline to 2026-09-02 00:00:00+00:00, run_after=2026-09-03 00:00:00+00:00
[2026-09-02T15:25:08.400+0000] {processor.py:208} INFO - Processing /opt/airflow/dags/sales_etl_dag.py took 0.142 seconds
[2026-09-02T15:25:38.789+0000] {processor.py:186} INFO - Started process (PID=611) to work on /opt/airflow/dags/sales_etl_dag.py
[2026-09-02T15:25:38.791+0000] {processor.py:914} INFO - Processing file /opt/airflow/dags/sales_etl_dag.py for tasks to queue
[2026-09-02T15:25:38.794+0000] {logging_mixin.py:190} INFO - [2026-09-02T15:25:38.794+0000] {dagbag.py:588} INFO - Filling up the DagBag from /opt/airflow/dags/sales_etl_dag.py
[2026-09-02T15:25:38.826+0000] {processor.py:925} INFO - DAG(s) 'etl_pipeline' retrieved from /opt/airflow/dags/sales_etl_dag.py
[2026-09-02T15:25:38.867+0000] {logging_mixin.py:190} INFO - [2026-09-02T15:25:38.867+0000] {dag.py:3239} INFO - Sync 1 DAGs
[2026-09-02T15:25:38.900+0000] {logging_mixin.py:190} INFO - [2026-09-02T15:25:38.900+0000] {dag.py:4180} INFO - Setting next_dagrun for etl_pipeline to 2026-09-02 00:00:00+00:00, run_after=2026-09-03 00:00:00+00:00
[2026-09-02T15:25:38.930+0000] {processor.py:208} INFO - Processing /opt/airflow/dags/sales_etl_dag.py took 0.150 seconds
[2026-09-02T15:26:09.250+0000] {processor.py:186} INFO - Started process (PID=616) to work on /opt/airflow/dags/sales_etl_dag.py
[2026-09-02T15:26:09.252+0000] {processor.py:914} INFO - Processing file /opt/airflow/dags/sales_etl_dag.py for tasks to queue
[2026-09-02T15:26:09.257+0000] {logging_mixin.py:190} INFO - [2026-09-02T15:26:09.257+0000] {dagbag.py:588} INFO - Filling up the DagBag from /opt/airflow/dags/sales_etl_dag.py
[2026-09-02T15:26:09.312+0000] {processor.py:925} INFO - DAG(s) 'etl_pipeline' retrieved from /opt/airflow/dags/sales_etl_dag.py
[2026-09-02T15:26:09.356+0000] {logging_mixin.py:190} INFO - [2026-09-02T15:26:09.356+0000] {dag.py:3239} INFO - Sync 1 DAGs
[2026-09-02T15:26:09.400+0000] {logging_mixin.py:190} INFO - [2026-09-02T15:26:09.400+0000] {dag.py:4180} INFO - Setting next_dagrun for etl_pipeline to 2026-09-02 00:00:00+00:00, run_after=2026-09-03 00:00:00+00:00
[2026-09-02T15:26:09.439+0000] {processor.py:208} INFO - Processing /opt/airflow/dags/sales_etl_dag.py took 0.202 seconds
[2026-09-02T15:26:39.736+0000] {processor.py:186} INFO - Started process (PID=621) to work on /opt/airflow/dags/sales_etl_dag.py
[2026-09-02T15:26:39.738+0000] {processor.py:914} INFO - Processing file /opt/airflow/dags/sales_etl_dag.py for tasks to queue
[2026-09-02T15:26:39.742+0000] {logging_mixin.py:190} INFO - [2026-09-02T15:26:39.741+0000] {dagbag.py:588} INFO - Filling up the DagBag from /opt/airflow/dags/sales_etl_dag.py
[2026-09-02T15:26:39.779+0000] {processor.py:925} INFO - DAG(s) 'etl_pipeline' retrieved from /opt/airflow/dags/sales_etl_dag.py
[2026-09-02T15:26:39.835+0000] {logging_mixin.py:190} INFO - [2026-09-02T15:26:39.835+0000] {dag.py:3239} INFO - Sync 1 DAGs
[2026-09-02T15:26:39.872+0000] {logging_mixin.py:190} INFO - [2026-09-02T15:26:39.872+0000] {dag.py:4180} INFO - Setting next_dagrun for etl_pipeline to 2026-09-02 00:00:00+00:00, run_after=2026-09-03 00:00:00+00:00
[2026-09-02T15:26:39.899+0000] {processor.py:208} INFO - Processing /opt/airflow/dags/sales_etl_dag.py took 0.175 seconds
[2026-09-02T15:27:10.252+0000] {processor.py:186} INFO - Started process (PID=666) to work on /opt/airflow/dags/sales_etl_dag.py
[2026-09-02T15:27:10.254+0000] {processor.py:914} INFO - Processing file /opt/airflow/dags/sales_etl_dag.py for tasks to queue
[2026-09-02T15:27:10.263+0000] {logging_mixin.py:190} INFO - [2026-09-02T15:27:10.263+0000] {dagbag.py:588} INFO - Filling up the DagBag from /opt/airflow/dags/sales_etl_dag.py
[2026-09-02T15:27:10.316+0000] {processor.py:925} INFO - DAG(s) 'etl_pipeline' retrieved from /opt/airflow/dags/sales_etl_dag.py
[2026-09-02T15:27:10.370+0000] {logging_mixin.py:190} INFO - [2026-09-02T15:27:10.369+0000] {dag.py:3239} INFO - Sync 1 DAGs
[2026-09-02T15:27:10.421+0000] {logging_mixin.py:190} INFO - [2026-09-02T15:27:10.420+0000] {dag.py:4180} INFO - Setting next_dagrun for etl_pipeline to 2026-09-02 00:00:00+00:00, run_after=2026-09-03 00:00:00+00:00
[2026-09-02T15:27:10.458+0000] {processor.py:208} INFO - Processing /opt/airflow/dags/sales_etl_dag.py took 0.220 seconds
[2026-09-02T15:27:40.736+0000] {processor.py:186} INFO - Started process (PID=715) to work on /opt/airflow/dags/sales_etl_dag.py
[2026-09-02T15:27:40.739+0000] {processor.py:914} INFO - Processing file /opt/airflow/dags/sales_etl_dag.py for tasks to queue
[2026-09-02T15:27:40.745+0000] {logging_mixin.py:190} INFO - [2026-09-02T15:27:40.744+0000] {dagbag.py:588} INFO - Filling up the DagBag from /opt/airflow/dags/sales_etl_dag.py
[2026-09-02T15:27:40.793+0000] {processor.py:925} INFO - DAG(s) 'etl_pipeline' retrieved from /opt/airflow/dags/sales_etl_dag.py
[2026-09-02T15:27:40.838+0000] {logging_mixin.py:190} INFO - [2026-09-02T15:27:40.838+0000] {dag.py:3239} INFO - Sync 1 DAGs
[2026-09-02T15:27:40.873+0000] {logging_mixin.py:190} INFO - [2026-09-02T15:27:40.873+0000] {dag.py:4180} INFO - Setting next_dagrun for etl_pipeline to 2026-09-02 00:00:00+00:00, run_after=2026-09-03 00:00:00+00:00
[2026-09-02T15:27:40.907+0000] {processor.py:208} INFO - Processing /opt/airflow/dags/sales_etl_dag.py took 0.185 seconds
[2026-09-02T15:28:11.310+0000] {processor.py:186} INFO - Started process (PID=720) to work on /opt/airflow/dags/sales_etl_dag.py
[2026-09-02T15:28:11.312+0000] {processor.py:914} INFO - Processing file /opt/airflow/dags/sales_etl_dag.py for tasks to queue
[2026-09-02T15:28:11.318+0000] {logging_mixin.py:190} INFO - [2026-09-02T15:28:11.318+0000] {dagbag.py:588} INFO - Filling up the DagBag from /opt/airflow/dags/sales_etl_dag.py
[2026-09-02T15:28:11.376+0000] {processor.py:925} INFO - DAG(s) 'etl_pipeline' retrieved from /opt/airflow/dags/sales_etl_dag.py
[2026-09-02T15:28:11.436+0000] {logging_mixin.py:190} INFO - [2026-09-02T15:28:11.435+0000] {dag.py:3239} INFO - Sync 1 DAGs
[2026-09-02T15:28:11.476+0000] {logging_mixin.py:190} INFO - [2026-09-02T15:28:11.475+0000] {dag.py:4180} INFO - Setting next_dagrun for etl_pipeline to 2026-09-02 00:00:00+00:00, run_after=2026-09-03 00:00:00+00:00
[2026-09-02T15:28:11.508+0000] {processor.py:208} INFO - Processing /opt/airflow/dags/sales_etl_dag.py took 0.207 seconds
[2026-09-02T15:28:41.728+0000] {processor.py:186} INFO - Started process (PID=725) to work on /opt/airflow/dags/sales_etl_dag.py
[2026-09-02T15:28:41.730+0000] {processor.py:914} INFO - Processing file /opt/airflow/dags/sales_etl_dag.py for tasks to queue
[2026-09-02T15:28:41.736+0000] {logging_mixin.py:190} INFO - [2026-09-02T15:28:41.735+0000] {dagbag.py:588} INFO - Filling up the DagBag from /opt/airflow/dags/sales_etl_dag.py
[2026-09-02T15:28:41.778+0000] {processor.py:925} INFO - DAG(s) 'etl_pipeline' retrieved from /opt/airflow/dags/sales_etl_dag.py
[2026-09-02T15:28:41.821+0000] {logging_mixin.py:190} INFO - [2026-09-02T15:28:41.821+0000] {dag.py:3239} INFO - Sync 1 DAGs
[2026-09-02T15:28:41.871+0000] {logging_mixin.py:190} INFO - [2026-09-02T15:28:41.870+0000] {dag.py:4180} INFO - Setting next_dagrun for etl_pipeline to 2026-09-02 00:00:00+00:00, run_after=2026-09-03 00:00:00+00:00
[2026-09-02T15:28:41.912+0000] {processor.py:208} INFO - Processing /opt/airflow/dags/sales_etl_dag.py took 0.195 seconds
[2026-09-02T15:29:12.114+0000] {processor.py:186} INFO - Started process (PID=754) to work on /opt/airflow/dags/sales_etl_dag.py
[2026-09-02T15:29:12.117+0000] {processor.py:914} INFO - Processing file /opt/airflow/dags/sales_etl_dag.py for tasks to queue
[2026-09-02T15:29:12.121+0000] {logging_mixin.py:190} INFO - [2026-09-02T15:29:12.121+0000] {dagbag.py:588} INFO - Filling up the DagBag from /opt/airflow/dags/sales_etl_dag.py
[2026-09-02T15:29:12.166+0000] {processor.py:925} INFO - DAG(s) 'etl_pipeline' retrieved from /opt/airflow/dags/sales_etl_dag.py
[2026-09-02T15:29:12.212+0000] {logging_mixin.py:190} INFO - [2026-09-02T15:29:12.212+0000] {dag.py:3239} INFO - Sync 1 DAGs
[2026-09-02T15:29:12.250+0000] {logging_mixin.py:190} INFO - [2026-09-02T15:29:12.250+0000] {dag.py:4180} INFO - Setting next_dagrun for etl_pipeline to 2026-09-02 00:00:00+00:00, run_after=2026-09-03 00:00:00+00:00
[2026-09-02T15:29:12.273+0000] {processor.py:208} INFO - Processing /opt/airflow/dags/sales_etl_dag.py took 0.172 seconds
[2026-09-02T15:29:42.681+0000] {processor.py:186} INFO - Started process (PID=759) to work on /opt/airflow/dags/sales_etl_dag.py
[2026-09-02T15:29:42.684+0000] {processor.py:914} INFO - Processing file /opt/airflow/dags/sales_etl_dag.py for tasks to queue
[2026-09-02T15:29:42.693+0000] {logging_mixin.py:190} INFO - [2026-09-02T15:29:42.691+0000] {dagbag.py:588} INFO - Filling up the DagBag from /opt/airflow/dags/sales_etl_dag.py
[2026-09-02T15:29:42.733+0000] {processor.py:925} INFO - DAG(s) 'etl_pipeline' retrieved from /opt/airflow/dags/sales_etl_dag.py
[2026-09-02T15:29:42.784+0000] {logging_mixin.py:190} INFO - [2026-09-02T15:29:42.783+0000] {dag.py:3239} INFO - Sync 1 DAGs
[2026-09-02T15:29:42.819+0000] {logging_mixin.py:190} INFO - [2026-09-02T15:29:42.818+0000] {dag.py:4180} INFO - Setting next_dagrun for etl_pipeline to 2026-09-02 00:00:00+00:00, run_after=2026-09-03 00:00:00+00:00
[2026-09-02T15:29:42.850+0000] {processor.py:208} INFO - Processing /opt/airflow/dags/sales_etl_dag.py took 0.177 seconds
[2026-09-02T15:30:13.128+0000] {processor.py:186} INFO - Started process (PID=764) to work on /opt/airflow/dags/sales_etl_dag.py
[2026-09-02T15:30:13.130+0000] {processor.py:914} INFO - Processing file /opt/airflow/dags/sales_etl_dag.py for tasks to queue
[2026-09-02T15:30:13.135+0000] {logging_mixin.py:190} INFO - [2026-09-02T15:30:13.134+0000] {dagbag.py:588} INFO - Filling up the DagBag from /opt/airflow/dags/sales_etl_dag.py
[2026-09-02T15:30:13.179+0000] {processor.py:925} INFO - DAG(s) 'etl_pipeline' retrieved from /opt/airflow/dags/sales_etl_dag.py
[2026-09-02T15:30:13.226+0000] {logging_mixin.py:190} INFO - [2026-09-02T15:30:13.226+0000] {dag.py:3239} INFO - Sync 1 DAGs
[2026-09-02T15:30:13.267+0000] {logging_mixin.py:190} INFO - [2026-09-02T15:30:13.266+0000] {dag.py:4180} INFO - Setting next_dagrun for etl_pipeline to 2026-09-02 00:00:00+00:00, run_after=2026-09-03 00:00:00+00:00
[2026-09-02T15:30:13.299+0000] {processor.py:208} INFO - Processing /opt/airflow/dags/sales_etl_dag.py took 0.185 seconds
[2026-09-02T15:30:43.672+0000] {processor.py:186} INFO - Started process (PID=769) to work on /opt/airflow/dags/sales_etl_dag.py
[2026-09-02T15:30:43.673+0000] {processor.py:914} INFO - Processing file /opt/airflow/dags/sales_etl_dag.py for tasks to queue
[2026-09-02T15:30:43.678+0000] {logging_mixin.py:190} INFO - [2026-09-02T15:30:43.677+0000] {dagbag.py:588} INFO - Filling up the DagBag from /opt/airflow/dags/sales_etl_dag.py
[2026-09-02T15:30:43.710+0000] {processor.py:925} INFO - DAG(s) 'etl_pipeline' retrieved from /opt/airflow/dags/sales_etl_dag.py
[2026-09-02T15:30:43.745+0000] {logging_mixin.py:190} INFO - [2026-09-02T15:30:43.745+0000] {dag.py:3239} INFO - Sync 1 DAGs
[2026-09-02T15:30:43.783+0000] {logging_mixin.py:190} INFO - [2026-09-02T15:30:43.783+0000] {dag.py:4180} INFO - Setting next_dagrun for etl_pipeline to 2026-09-02 00:00:00+00:00, run_after=2026-09-03 00:00:00+00:00
[2026-09-02T15:30:43.812+0000] {processor.py:208} INFO - Processing /opt/airflow/dags/sales_etl_dag.py took 0.151 seconds
[2026-09-02T15:31:14.117+0000] {processor.py:186} INFO - Started process (PID=774) to work on /opt/airflow/dags/sales_etl_dag.py
[2026-09-02T15:31:14.119+0000] {processor.py:914} INFO - Processing file /opt/airflow/dags/sales_etl_dag.py for tasks to queue
[2026-09-02T15:31:14.124+0000] {logging_mixin.py:190} INFO - [2026-09-02T15:31:14.124+0000] {dagbag.py:588} INFO - Filling up the DagBag from /opt/airflow/dags/sales_etl_dag.py
[2026-09-02T15:31:14.187+0000] {processor.py:925} INFO - DAG(s) 'etl_pipeline' retrieved from /opt/airflow/dags/sales_etl_dag.py
[2026-09-02T15:31:14.237+0000] {logging_mixin.py:190} INFO - [2026-09-02T15:31:14.236+0000] {dag.py:3239} INFO - Sync 1 DAGs
[2026-09-02T15:31:14.282+0000] {logging_mixin.py:190} INFO - [2026-09-02T15:31:14.282+0000] {dag.py:4180} INFO - Setting next_dagrun for etl_pipeline to 2026-09-02 00:00:00+00:00, run_after=2026-09-03 00:00:00+00:00
[2026-09-02T15:31:14.319+0000] {processor.py:208} INFO - Processing /opt/airflow/dags/sales_etl_dag.py took 0.215 seconds
[2026-09-02T15:31:44.598+0000] {processor.py:186} INFO - Started process (PID=779) to work on /opt/airflow/dags/sales_etl_dag.py
[2026-09-02T15:31:44.600+0000] {processor.py:914} INFO - Processing file /opt/airflow/dags/sales_etl_dag.py for tasks to queue
[2026-09-02T15:31:44.603+0000] {logging_mixin.py:190} INFO - [2026-09-02T15:31:44.603+0000] {dagbag.py:588} INFO - Filling up the DagBag from /opt/airflow/dags/sales_etl_dag.py
[2026-09-02T15:31:44.644+0000] {processor.py:925} INFO - DAG(s) 'etl_pipeline' retrieved from /opt/airflow/dags/sales_etl_dag.py
[2026-09-02T15:31:44.686+0000] {logging_mixin.py:190} INFO - [2026-09-02T15:31:44.686+0000] {dag.py:3239} INFO - Sync 1 DAGs
[2026-09-02T15:31:44.716+0000] {logging_mixin.py:190} INFO - [2026-09-02T15:31:44.715+0000] {dag.py:4180} INFO - Setting next_dagrun for etl_pipeline to 2026-09-02 00:00:00+00:00, run_after=2026-09-03 00:00:00+00:00
[2026-09-02T15:31:44.743+0000] {processor.py:208} INFO - Processing /opt/airflow/dags/sales_etl_dag.py took 0.155 seconds
[2026-09-02T15:32:15.160+0000] {processor.py:186} INFO - Started process (PID=784) to work on /opt/airflow/dags/sales_etl_dag.py
[2026-09-02T15:32:15.162+0000] {processor.py:914} INFO - Processing file /opt/airflow/dags/sales_etl_dag.py for tasks to queue
[2026-09-02T15:32:15.167+0000] {logging_mixin.py:190} INFO - [2026-09-02T15:32:15.166+0000] {dagbag.py:588} INFO - Filling up the DagBag from /opt/airflow/dags/sales_etl_dag.py
[2026-09-02T15:32:15.218+0000] {processor.py:925} INFO - DAG(s) 'etl_pipeline' retrieved from /opt/airflow/dags/sales_etl_dag.py
[2026-09-02T15:32:15.291+0000] {logging_mixin.py:190} INFO - [2026-09-02T15:32:15.290+0000] {dag.py:3239} INFO - Sync 1 DAGs
[2026-09-02T15:32:15.346+0000] {logging_mixin.py:190} INFO - [2026-09-02T15:32:15.345+0000] {dag.py:4180} INFO - Setting next_dagrun for etl_pipeline to 2026-09-02 00:00:00+00:00, run_after=2026-09-03 00:00:00+00:00
[2026-09-02T15:32:15.388+0000] {processor.py:208} INFO - Processing /opt/airflow/dags/sales_etl_dag.py took 0.239 seconds
[2026-09-02T15:32:45.579+0000] {processor.py:186} INFO - Started process (PID=813) to work on /opt/airflow/dags/sales_etl_dag.py
[2026-09-02T15:32:45.581+0000] {processor.py:914} INFO - Processing file /opt/airflow/dags/sales_etl_dag.py for tasks to queue
[2026-09-02T15:32:45.586+0000] {logging_mixin.py:190} INFO - [2026-09-02T15:32:45.586+0000] {dagbag.py:588} INFO - Filling up the DagBag from /opt/airflow/dags/sales_etl_dag.py
[2026-09-02T15:32:45.633+0000] {processor.py:925} INFO - DAG(s) 'etl_pipeline' retrieved from /opt/airflow/dags/sales_etl_dag.py
[2026-09-02T15:32:45.674+0000] {logging_mixin.py:190} INFO - [2026-09-02T15:32:45.674+0000] {dag.py:3239} INFO - Sync 1 DAGs
[2026-09-02T15:32:45.705+0000] {logging_mixin.py:190} INFO - [2026-09-02T15:32:45.705+0000] {dag.py:4180} INFO - Setting next_dagrun for etl_pipeline to 2026-09-02 00:00:00+00:00, run_after=2026-09-03 00:00:00+00:00
[2026-09-02T15:32:45.740+0000] {processor.py:208} INFO - Processing /opt/airflow/dags/sales_etl_dag.py took 0.175 seconds
[2026-09-02T15:33:15.972+0000] {processor.py:186} INFO - Started process (PID=818) to work on /opt/airflow/dags/sales_etl_dag.py
[2026-09-02T15:33:15.974+0000] {processor.py:914} INFO - Processing file /opt/airflow/dags/sales_etl_dag.py for tasks to queue
[2026-09-02T15:33:15.979+0000] {logging_mixin.py:190} INFO - [2026-09-02T15:33:15.978+0000] {dagbag.py:588} INFO - Filling up the DagBag from /opt/airflow/dags/sales_etl_dag.py
[2026-09-02T15:33:16.014+0000] {processor.py:925} INFO - DAG(s) 'etl_pipeline' retrieved from /opt/airflow/dags/sales_etl_dag.py
[2026-09-02T15:33:16.075+0000] {logging_mixin.py:190} INFO - [2026-09-02T15:33:16.074+0000] {dag.py:3239} INFO - Sync 1 DAGs
[2026-09-02T15:33:16.125+0000] {logging_mixin.py:190} INFO - [2026-09-02T15:33:16.125+0000] {dag.py:4180} INFO - Setting next_dagrun for etl_pipeline to 2026-09-02 00:00:00+00:00, run_after=2026-09-03 00:00:00+00:00
[2026-09-02T15:33:16.172+0000] {processor.py:208} INFO - Processing /opt/airflow/dags/sales_etl_dag.py took 0.213 seconds
[2026-09-02T15:33:46.656+0000] {processor.py:186} INFO - Started process (PID=823) to work on /opt/airflow/dags/sales_etl_dag.py
[2026-09-02T15:33:46.658+0000] {processor.py:914} INFO - Processing file /opt/airflow/dags/sales_etl_dag.py for tasks to queue
[2026-09-02T15:33:46.663+0000] {logging_mixin.py:190} INFO - [2026-09-02T15:33:46.662+0000] {dagbag.py:588} INFO - Filling up the DagBag from /opt/airflow/dags/sales_etl_dag.py
[2026-09-02T15:33:46.705+0000] {processor.py:925} INFO - DAG(s) 'etl_pipeline' retrieved from /opt/airflow/dags/sales_etl_dag.py
[2026-09-02T15:33:46.743+0000] {logging_mixin.py:190} INFO - [2026-09-02T15:33:46.742+0000] {dag.py:3239} INFO - Sync 1 DAGs
[2026-09-02T15:33:46.775+0000] {logging_mixin.py:190} INFO - [2026-09-02T15:33:46.774+0000] {dag.py:4180} INFO - Setting next_dagrun for etl_pipeline to 2026-09-02 00:00:00+00:00, run_after=2026-09-03 00:00:00+00:00
[2026-09-02T15:33:46.807+0000] {processor.py:208} INFO - Processing /opt/airflow/dags/sales_etl_dag.py took 0.162 seconds
[2026-09-02T15:34:17.109+0000] {processor.py:186} INFO - Started process (PID=828) to work on /opt/airflow/dags/sales_etl_dag.py
[2026-09-02T15:34:17.111+0000] {processor.py:914} INFO - Processing file /opt/airflow/dags/sales_etl_dag.py for tasks to queue
[2026-09-02T15:34:17.116+0000] {logging_mixin.py:190} INFO - [2026-09-02T15:34:17.116+0000] {dagbag.py:588} INFO - Filling up the DagBag from /opt/airflow/dags/sales_etl_dag.py
[2026-09-02T15:34:17.164+0000] {processor.py:925} INFO - DAG(s) 'etl_pipeline' retrieved from /opt/airflow/dags/sales_etl_dag.py
[2026-09-02T15:34:17.217+0000] {logging_mixin.py:190} INFO - [2026-09-02T15:34:17.217+0000] {dag.py:3239} INFO - Sync 1 DAGs
[2026-09-02T15:34:17.257+0000] {logging_mixin.py:190} INFO - [2026-09-02T15:34:17.256+0000] {dag.py:4180} INFO - Setting next_dagrun for etl_pipeline to 2026-09-02 00:00:00+00:00, run_after=2026-09-03 00:00:00+00:00
[2026-09-02T15:34:17.283+0000] {processor.py:208} INFO - Processing /opt/airflow/dags/sales_etl_dag.py took 0.185 seconds
[2026-09-02T15:34:47.666+0000] {processor.py:186} INFO - Started process (PID=833) to work on /opt/airflow/dags/sales_etl_dag.py
[2026-09-02T15:34:47.668+0000] {processor.py:914} INFO - Processing file /opt/airflow/dags/sales_etl_dag.py for tasks to queue
[2026-09-02T15:34:47.676+0000] {logging_mixin.py:190} INFO - [2026-09-02T15:34:47.675+0000] {dagbag.py:588} INFO - Filling up the DagBag from /opt/airflow/dags/sales_etl_dag.py
[2026-09-02T15:34:47.710+0000] {processor.py:925} INFO - DAG(s) 'etl_pipeline' retrieved from /opt/airflow/dags/sales_etl_dag.py
[2026-09-02T15:34:47.744+0000] {logging_mixin.py:190} INFO - [2026-09-02T15:34:47.743+0000] {dag.py:3239} INFO - Sync 1 DAGs
[2026-09-02T15:34:47.771+0000] {logging_mixin.py:190} INFO - [2026-09-02T15:34:47.771+0000] {dag.py:4180} INFO - Setting next_dagrun for etl_pipeline to 2026-09-02 00:00:00+00:00, run_after=2026-09-03 00:00:00+00:00
[2026-09-02T15:34:47.798+0000] {processor.py:208} INFO - Processing /opt/airflow/dags/sales_etl_dag.py took 0.140 seconds
[2026-09-02T15:35:18.144+0000] {processor.py:186} INFO - Started process (PID=838) to work on /opt/airflow/dags/sales_etl_dag.py
[2026-09-02T15:35:18.146+0000] {processor.py:914} INFO - Processing file /opt/airflow/dags/sales_etl_dag.py for tasks to queue
[2026-09-02T15:35:18.151+0000] {logging_mixin.py:190} INFO - [2026-09-02T15:35:18.150+0000] {dagbag.py:588} INFO - Filling up the DagBag from /opt/airflow/dags/sales_etl_dag.py
[2026-09-02T15:35:18.201+0000] {processor.py:925} INFO - DAG(s) 'etl_pipeline' retrieved from /opt/airflow/dags/sales_etl_dag.py
[2026-09-02T15:35:18.252+0000] {logging_mixin.py:190} INFO - [2026-09-02T15:35:18.251+0000] {dag.py:3239} INFO - Sync 1 DAGs
[2026-09-02T15:35:18.303+0000] {logging_mixin.py:190} INFO - [2026-09-02T15:35:18.302+0000] {dag.py:4180} INFO - Setting next_dagrun for etl_pipeline to 2026-09-02 00:00:00+00:00, run_after=2026-09-03 00:00:00+00:00
[2026-09-02T15:35:18.332+0000] {processor.py:208} INFO - Processing /opt/airflow/dags/sales_etl_dag.py took 0.200 seconds
[2026-09-02T15:52:49.668+0000] {processor.py:186} INFO - Started process (PID=843) to work on /opt/airflow/dags/sales_etl_dag.py
[2026-09-02T15:52:49.670+0000] {processor.py:914} INFO - Processing file /opt/airflow/dags/sales_etl_dag.py for tasks to queue
[2026-09-02T15:52:49.682+0000] {logging_mixin.py:190} INFO - [2026-09-02T15:52:49.681+0000] {dagbag.py:588} INFO - Filling up the DagBag from /opt/airflow/dags/sales_etl_dag.py
[2026-09-02T15:52:49.795+0000] {processor.py:925} INFO - DAG(s) 'etl_pipeline' retrieved from /opt/airflow/dags/sales_etl_dag.py
[2026-09-02T15:52:49.909+0000] {logging_mixin.py:190} INFO - [2026-09-02T15:52:49.908+0000] {dag.py:3239} INFO - Sync 1 DAGs
[2026-09-02T15:52:50.046+0000] {logging_mixin.py:190} INFO - [2026-09-02T15:52:50.046+0000] {dag.py:4180} INFO - Setting next_dagrun for etl_pipeline to 2026-09-02 00:00:00+00:00, run_after=2026-09-03 00:00:00+00:00
[2026-09-02T15:52:50.109+0000] {processor.py:208} INFO - Processing /opt/airflow/dags/sales_etl_dag.py took 0.460 seconds
[2026-09-02T15:53:21.687+0000] {processor.py:186} INFO - Started process (PID=848) to work on /opt/airflow/dags/sales_etl_dag.py
[2026-09-02T15:53:21.688+0000] {processor.py:914} INFO - Processing file /opt/airflow/dags/sales_etl_dag.py for tasks to queue
[2026-09-02T15:53:21.691+0000] {logging_mixin.py:190} INFO - [2026-09-02T15:53:21.691+0000] {dagbag.py:588} INFO - Filling up the DagBag from /opt/airflow/dags/sales_etl_dag.py
[2026-09-02T15:53:21.713+0000] {processor.py:925} INFO - DAG(s) 'etl_pipeline' retrieved from /opt/airflow/dags/sales_etl_dag.py
[2026-09-02T15:53:21.744+0000] {logging_mixin.py:190} INFO - [2026-09-02T15:53:21.743+0000] {dag.py:3239} INFO - Sync 1 DAGs
[2026-09-02T15:53:21.770+0000] {logging_mixin.py:190} INFO - [2026-09-02T15:53:21.770+0000] {dag.py:4180} INFO - Setting next_dagrun for etl_pipeline to 2026-09-02 00:00:00+00:00, run_after=2026-09-03 00:00:00+00:00
[2026-09-02T15:53:21.790+0000] {processor.py:208} INFO - Processing /opt/airflow/dags/sales_etl_dag.py took 0.110 seconds
[2026-09-02T15:53:51.904+0000] {processor.py:186} INFO - Started process (PID=853) to work on /opt/airflow/dags/sales_etl_dag.py
[2026-09-02T15:53:51.905+0000] {processor.py:914} INFO - Processing file /opt/airflow/dags/sales_etl_dag.py for tasks to queue
[2026-09-02T15:53:51.908+0000] {logging_mixin.py:190} INFO - [2026-09-02T15:53:51.908+0000] {dagbag.py:588} INFO - Filling up the DagBag from /opt/airflow/dags/sales_etl_dag.py
[2026-09-02T15:53:51.930+0000] {processor.py:925} INFO - DAG(s) 'etl_pipeline' retrieved from /opt/airflow/dags/sales_etl_dag.py
[2026-09-02T15:53:51.958+0000] {logging_mixin.py:190} INFO - [2026-09-02T15:53:51.958+0000] {dag.py:3239} INFO - Sync 1 DAGs
[2026-09-02T15:53:51.979+0000] {logging_mixin.py:190} INFO - [2026-09-02T15:53:51.979+0000] {dag.py:4180} INFO - Setting next_dagrun for etl_pipeline to 2026-09-02 00:00:00+00:00, run_after=2026-09-03 00:00:00+00:00
[2026-09-02T15:53:51.999+0000] {processor.py:208} INFO - Processing /opt/airflow/dags/sales_etl_dag.py took 0.102 seconds
[2026-09-02T15:54:22.305+0000] {processor.py:186} INFO - Started process (PID=858) to work on /opt/airflow/dags/sales_etl_dag.py
[2026-09-02T15:54:22.306+0000] {processor.py:914} INFO - Processing file /opt/airflow/dags/sales_etl_dag.py for tasks to queue
[2026-09-02T15:54:22.308+0000] {logging_mixin.py:190} INFO - [2026-09-02T15:54:22.308+0000] {dagbag.py:588} INFO - Filling up the DagBag from /opt/airflow/dags/sales_etl_dag.py
[2026-09-02T15:54:22.331+0000] {processor.py:925} INFO - DAG(s) 'etl_pipeline' retrieved from /opt/airflow/dags/sales_etl_dag.py
[2026-09-02T15:54:22.355+0000] {logging_mixin.py:190} INFO - [2026-09-02T15:54:22.355+0000] {dag.py:3239} INFO - Sync 1 DAGs
[2026-09-02T15:54:22.376+0000] {logging_mixin.py:190} INFO - [2026-09-02T15:54:22.376+0000] {dag.py:4180} INFO - Setting next_dagrun for etl_pipeline to 2026-09-02 00:00:00+00:00, run_after=2026-09-03 00:00:00+00:00
[2026-09-02T15:54:22.396+0000] {processor.py:208} INFO - Processing /opt/airflow/dags/sales_etl_dag.py took 0.096 seconds
[2026-09-02T15:54:52.624+0000] {processor.py:186} INFO - Started process (PID=863) to work on /opt/airflow/dags/sales_etl_dag.py
[2026-09-02T15:54:52.625+0000] {processor.py:914} INFO - Processing file /opt/airflow/dags/sales_etl_dag.py for tasks to queue
[2026-09-02T15:54:52.627+0000] {logging_mixin.py:190} INFO - [2026-09-02T15:54:52.626+0000] {dagbag.py:588} INFO - Filling up the DagBag from /opt/airflow/dags/sales_etl_dag.py
[2026-09-02T15:54:52.646+0000] {processor.py:925} INFO - DAG(s) 'etl_pipeline' retrieved from /opt/airflow/dags/sales_etl_dag.py
[2026-09-02T15:54:52.673+0000] {logging_mixin.py:190} INFO - [2026-09-02T15:54:52.672+0000] {dag.py:3239} INFO - Sync 1 DAGs
[2026-09-02T15:54:52.693+0000] {logging_mixin.py:190} INFO - [2026-09-02T15:54:52.693+0000] {dag.py:4180} INFO - Setting next_dagrun for etl_pipeline to 2026-09-02 00:00:00+00:00, run_after=2026-09-03 00:00:00+00:00
[2026-09-02T15:54:52.712+0000] {processor.py:208} INFO - Processing /opt/airflow/dags/sales_etl_dag.py took 0.093 seconds
[2026-09-02T15:55:22.868+0000] {processor.py:186} INFO - Started process (PID=868) to work on /opt/airflow/dags/sales_etl_dag.py
[2026-09-02T15:55:22.869+0000] {processor.py:914} INFO - Processing file /opt/airflow/dags/sales_etl_dag.py for tasks to queue
[2026-09-02T15:55:22.871+0000] {logging_mixin.py:190} INFO - [2026-09-02T15:55:22.871+0000] {dagbag.py:588} INFO - Filling up the DagBag from /opt/airflow/dags/sales_etl_dag.py
[2026-09-02T15:55:22.891+0000] {processor.py:925} INFO - DAG(s) 'etl_pipeline' retrieved from /opt/airflow/dags/sales_etl_dag.py
[2026-09-02T15:55:22.919+0000] {logging_mixin.py:190} INFO - [2026-09-02T15:55:22.918+0000] {dag.py:3239} INFO - Sync 1 DAGs
[2026-09-02T15:55:22.948+0000] {logging_mixin.py:190} INFO - [2026-09-02T15:55:22.948+0000] {dag.py:4180} INFO - Setting next_dagrun for etl_pipeline to 2026-09-02 00:00:00+00:00, run_after=2026-09-03 00:00:00+00:00
[2026-09-02T15:55:22.970+0000] {processor.py:208} INFO - Processing /opt/airflow/dags/sales_etl_dag.py took 0.108 seconds
[2026-09-02T15:55:53.204+0000] {processor.py:186} INFO - Started process (PID=873) to work on /opt/airflow/dags/sales_etl_dag.py
[2026-09-02T15:55:53.205+0000] {processor.py:914} INFO - Processing file /opt/airflow/dags/sales_etl_dag.py for tasks to queue
[2026-09-02T15:55:53.208+0000] {logging_mixin.py:190} INFO - [2026-09-02T15:55:53.207+0000] {dagbag.py:588} INFO - Filling up the DagBag from /opt/airflow/dags/sales_etl_dag.py
[2026-09-02T15:55:53.227+0000] {processor.py:925} INFO - DAG(s) 'etl_pipeline' retrieved from /opt/airflow/dags/sales_etl_dag.py
[2026-09-02T15:55:53.255+0000] {logging_mixin.py:190} INFO - [2026-09-02T15:55:53.255+0000] {dag.py:3239} INFO - Sync 1 DAGs
[2026-09-02T15:55:53.275+0000] {logging_mixin.py:190} INFO - [2026-09-02T15:55:53.275+0000] {dag.py:4180} INFO - Setting next_dagrun for etl_pipeline to 2026-09-02 00:00:00+00:00, run_after=2026-09-03 00:00:00+00:00
[2026-09-02T15:55:53.293+0000] {processor.py:208} INFO - Processing /opt/airflow/dags/sales_etl_dag.py took 0.095 seconds
[2026-09-02T15:56:23.351+0000] {processor.py:186} INFO - Started process (PID=878) to work on /opt/airflow/dags/sales_etl_dag.py
[2026-09-02T15:56:23.352+0000] {processor.py:914} INFO - Processing file /opt/airflow/dags/sales_etl_dag.py for tasks to queue
[2026-09-02T15:56:23.354+0000] {logging_mixin.py:190} INFO - [2026-09-02T15:56:23.354+0000] {dagbag.py:588} INFO - Filling up the DagBag from /opt/airflow/dags/sales_etl_dag.py
[2026-09-02T15:56:23.376+0000] {processor.py:925} INFO - DAG(s) 'etl_pipeline' retrieved from /opt/airflow/dags/sales_etl_dag.py
[2026-09-02T15:56:23.401+0000] {logging_mixin.py:190} INFO - [2026-09-02T15:56:23.400+0000] {dag.py:3239} INFO - Sync 1 DAGs
[2026-09-02T15:56:23.422+0000] {logging_mixin.py:190} INFO - [2026-09-02T15:56:23.422+0000] {dag.py:4180} INFO - Setting next_dagrun for etl_pipeline to 2026-09-02 00:00:00+00:00, run_after=2026-09-03 00:00:00+00:00
[2026-09-02T15:56:23.441+0000] {processor.py:208} INFO - Processing /opt/airflow/dags/sales_etl_dag.py took 0.095 seconds
[2026-09-02T16:25:59.884+0000] {processor.py:186} INFO - Started process (PID=883) to work on /opt/airflow/dags/sales_etl_dag.py
[2026-09-02T16:25:59.885+0000] {processor.py:914} INFO - Processing file /opt/airflow/dags/sales_etl_dag.py for tasks to queue
[2026-09-02T16:25:59.890+0000] {logging_mixin.py:190} INFO - [2026-09-02T16:25:59.889+0000] {dagbag.py:588} INFO - Filling up the DagBag from /opt/airflow/dags/sales_etl_dag.py
[2026-09-02T16:25:59.957+0000] {processor.py:925} INFO - DAG(s) 'etl_pipeline' retrieved from /opt/airflow/dags/sales_etl_dag.py
[2026-09-02T16:26:00.055+0000] {logging_mixin.py:190} INFO - [2026-09-02T16:26:00.053+0000] {dag.py:3239} INFO - Sync 1 DAGs
[2026-09-02T16:26:00.126+0000] {logging_mixin.py:190} INFO - [2026-09-02T16:26:00.126+0000] {dag.py:4180} INFO - Setting next_dagrun for etl_pipeline to 2026-09-02 00:00:00+00:00, run_after=2026-09-03 00:00:00+00:00
[2026-09-02T16:26:00.206+0000] {processor.py:208} INFO - Processing /opt/airflow/dags/sales_etl_dag.py took 0.336 seconds
[2026-09-02T18:43:09.618+0000] {processor.py:186} INFO - Started process (PID=888) to work on /opt/airflow/dags/sales_etl_dag.py
[2026-09-02T18:43:09.629+0000] {processor.py:914} INFO - Processing file /opt/airflow/dags/sales_etl_dag.py for tasks to queue
[2026-09-02T18:43:09.634+0000] {logging_mixin.py:190} INFO - [2026-09-02T18:43:09.633+0000] {dagbag.py:588} INFO - Filling up the DagBag from /opt/airflow/dags/sales_etl_dag.py
[2026-09-02T18:43:09.701+0000] {processor.py:925} INFO - DAG(s) 'etl_pipeline' retrieved from /opt/airflow/dags/sales_etl_dag.py
[2026-09-02T18:43:09.786+0000] {logging_mixin.py:190} INFO - [2026-09-02T18:43:09.785+0000] {dag.py:3239} INFO - Sync 1 DAGs
[2026-09-02T18:43:09.878+0000] {logging_mixin.py:190} INFO - [2026-09-02T18:43:09.878+0000] {dag.py:4180} INFO - Setting next_dagrun for etl_pipeline to 2026-09-02 00:00:00+00:00, run_after=2026-09-03 00:00:00+00:00
[2026-09-02T18:43:09.955+0000] {processor.py:208} INFO - Processing /opt/airflow/dags/sales_etl_dag.py took 0.350 seconds
[2026-09-02T19:07:24.739+0000] {processor.py:186} INFO - Started process (PID=893) to work on /opt/airflow/dags/sales_etl_dag.py
[2026-09-02T19:07:24.752+0000] {processor.py:914} INFO - Processing file /opt/airflow/dags/sales_etl_dag.py for tasks to queue
[2026-09-02T19:07:24.767+0000] {logging_mixin.py:190} INFO - [2026-09-02T19:07:24.767+0000] {dagbag.py:588} INFO - Filling up the DagBag from /opt/airflow/dags/sales_etl_dag.py
[2026-09-02T19:07:24.861+0000] {processor.py:925} INFO - DAG(s) 'etl_pipeline' retrieved from /opt/airflow/dags/sales_etl_dag.py
[2026-09-02T19:07:24.948+0000] {logging_mixin.py:190} INFO - [2026-09-02T19:07:24.946+0000] {dag.py:3239} INFO - Sync 1 DAGs
[2026-09-02T19:07:25.014+0000] {logging_mixin.py:190} INFO - [2026-09-02T19:07:25.014+0000] {dag.py:4180} INFO - Setting next_dagrun for etl_pipeline to 2026-09-02 00:00:00+00:00, run_after=2026-09-03 00:00:00+00:00
[2026-09-02T19:07:25.080+0000] {processor.py:208} INFO - Processing /opt/airflow/dags/sales_etl_dag.py took 0.358 seconds
[2026-09-02T23:36:37.175+0000] {processor.py:186} INFO - Started process (PID=898) to work on /opt/airflow/dags/sales_etl_dag.py
[2026-09-02T23:36:37.178+0000] {processor.py:914} INFO - Processing file /opt/airflow/dags/sales_etl_dag.py for tasks to queue
[2026-09-02T23:36:37.191+0000] {logging_mixin.py:190} INFO - [2026-09-02T23:36:37.183+0000] {dagbag.py:588} INFO - Filling up the DagBag from /opt/airflow/dags/sales_etl_dag.py
[2026-09-02T23:36:37.281+0000] {processor.py:925} INFO - DAG(s) 'etl_pipeline' retrieved from /opt/airflow/dags/sales_etl_dag.py
[2026-09-02T23:36:37.415+0000] {logging_mixin.py:190} INFO - [2026-09-02T23:36:37.415+0000] {dag.py:3239} INFO - Sync 1 DAGs
[2026-09-02T23:36:37.517+0000] {logging_mixin.py:190} INFO - [2026-09-02T23:36:37.506+0000] {dag.py:4180} INFO - Setting next_dagrun for etl_pipeline to 2026-09-02 00:00:00+00:00, run_after=2026-09-03 00:00:00+00:00
[2026-09-02T23:36:37.588+0000] {processor.py:208} INFO - Processing /opt/airflow/dags/sales_etl_dag.py took 0.429 seconds
