[2026-08-31T14:10:59.901+0000] {manager.py:483} INFO - Processing files using up to 2 processes at a time 
[2026-08-31T14:10:59.901+0000] {manager.py:484} INFO - Process each file at most once every 30 seconds
[2026-08-31T14:10:59.902+0000] {manager.py:485} INFO - Checking for new files in /opt/airflow/dags every 300 seconds
[2026-08-31T14:10:59.902+0000] {manager.py:821} INFO - Searching for files in /opt/airflow/dags
[2026-08-31T14:10:59.907+0000] {manager.py:824} INFO - There are 0 files in /opt/airflow/dags
[2026-08-31T14:16:00.869+0000] {manager.py:821} INFO - Searching for files in /opt/airflow/dags
[2026-08-31T14:16:00.883+0000] {manager.py:824} INFO - There are 1 files in /opt/airflow/dags
[2026-08-31T14:16:01.939+0000] {manager.py:997} INFO - 
================================================================================
DAG File Processing Stats

File Path                           PID    Runtime      # DAGs    # Errors  Last Runtime    Last Run               Last # of DB Queries
----------------------------------  -----  ---------  --------  ----------  --------------  -------------------  ----------------------
/opt/airflow/dags/sales_etl_dag.py                           1           0  0.46s           2026-08-31T14:16:01                      45
================================================================================
[2026-08-31T14:16:32.623+0000] {manager.py:997} INFO - 
================================================================================
DAG File Processing Stats

File Path                           PID    Runtime      # DAGs    # Errors  Last Runtime    Last Run               Last # of DB Queries
----------------------------------  -----  ---------  --------  ----------  --------------  -------------------  ----------------------
/opt/airflow/dags/sales_etl_dag.py                           1           0  0.16s           2026-08-31T14:16:31                      12
================================================================================
[2026-08-31T14:17:03.009+0000] {manager.py:997} INFO - 
================================================================================
DAG File Processing Stats

File Path                           PID    Runtime      # DAGs    # Errors  Last Runtime    Last Run               Last # of DB Queries
----------------------------------  -----  ---------  --------  ----------  --------------  -------------------  ----------------------
/opt/airflow/dags/sales_etl_dag.py                           1           0  0.13s           2026-08-31T14:17:02                      12
================================================================================
[2026-08-31T14:17:33.307+0000] {manager.py:997} INFO - 
================================================================================
DAG File Processing Stats

File Path                           PID    Runtime      # DAGs    # Errors  Last Runtime    Last Run               Last # of DB Queries
----------------------------------  -----  ---------  --------  ----------  --------------  -------------------  ----------------------
/opt/airflow/dags/sales_etl_dag.py                           1           0  0.13s           2026-08-31T14:17:32                      12
================================================================================
[2026-08-31T14:18:03.701+0000] {manager.py:997} INFO - 
================================================================================
DAG File Processing Stats

File Path                           PID    Runtime      # DAGs    # Errors  Last Runtime    Last Run               Last # of DB Queries
----------------------------------  -----  ---------  --------  ----------  --------------  -------------------  ----------------------
/opt/airflow/dags/sales_etl_dag.py                           1           0  0.14s           2026-08-31T14:18:02                      12
================================================================================
[2026-08-31T14:18:34.037+0000] {manager.py:997} INFO - 
================================================================================
DAG File Processing Stats

File Path                           PID    Runtime      # DAGs    # Errors  Last Runtime    Last Run               Last # of DB Queries
----------------------------------  -----  ---------  --------  ----------  --------------  -------------------  ----------------------
/opt/airflow/dags/sales_etl_dag.py                           1           0  0.15s           2026-08-31T14:18:33                      12
================================================================================
[2026-08-31T14:19:04.457+0000] {manager.py:997} INFO - 
================================================================================
DAG File Processing Stats

File Path                           PID    Runtime      # DAGs    # Errors  Last Runtime    Last Run               Last # of DB Queries
----------------------------------  -----  ---------  --------  ----------  --------------  -------------------  ----------------------
/opt/airflow/dags/sales_etl_dag.py                           1           0  0.12s           2026-08-31T14:19:03                      12
================================================================================
[2026-08-31T14:19:34.807+0000] {manager.py:997} INFO - 
================================================================================
DAG File Processing Stats

File Path                           PID    Runtime      # DAGs    # Errors  Last Runtime    Last Run               Last # of DB Queries
----------------------------------  -----  ---------  --------  ----------  --------------  -------------------  ----------------------
/opt/airflow/dags/sales_etl_dag.py                           1           0  0.12s           2026-08-31T14:19:33                      12
================================================================================
[2026-08-31T14:20:05.127+0000] {manager.py:997} INFO - 
================================================================================
DAG File Processing Stats

File Path                           PID    Runtime      # DAGs    # Errors  Last Runtime    Last Run               Last # of DB Queries
----------------------------------  -----  ---------  --------  ----------  --------------  -------------------  ----------------------
/opt/airflow/dags/sales_etl_dag.py                           1           0  0.12s           2026-08-31T14:20:04                      12
================================================================================
[2026-08-31T14:20:35.409+0000] {manager.py:997} INFO - 
================================================================================
DAG File Processing Stats

File Path                           PID    Runtime      # DAGs    # Errors  Last Runtime    Last Run               Last # of DB Queries
----------------------------------  -----  ---------  --------  ----------  --------------  -------------------  ----------------------
/opt/airflow/dags/sales_etl_dag.py                           1           0  0.12s           2026-08-31T14:20:34                      12
================================================================================
[2026-08-31T14:20:56.161+0000] {manager.py:465} INFO - Exiting gracefully upon receiving signal 15
[2026-08-31T14:21:21.161+0000] {manager.py:483} INFO - Processing files using up to 2 processes at a time 
[2026-08-31T14:21:21.162+0000] {manager.py:484} INFO - Process each file at most once every 30 seconds
[2026-08-31T14:21:21.165+0000] {manager.py:485} INFO - Checking for new files in /opt/airflow/dags every 300 seconds
[2026-08-31T14:21:21.169+0000] {manager.py:821} INFO - Searching for files in /opt/airflow/dags
[2026-08-31T14:21:21.211+0000] {manager.py:824} INFO - There are 1 files in /opt/airflow/dags
[2026-08-31T14:21:21.369+0000] {manager.py:997} INFO - 
================================================================================
DAG File Processing Stats

File Path                             PID  Runtime      # DAGs    # Errors  Last Runtime    Last Run      Last # of DB Queries
----------------------------------  -----  ---------  --------  ----------  --------------  ----------  ----------------------
/opt/airflow/dags/sales_etl_dag.py    167  0.04s             0           0                                                   0
================================================================================
[2026-08-31T14:21:51.612+0000] {manager.py:997} INFO - 
================================================================================
DAG File Processing Stats

File Path                           PID    Runtime      # DAGs    # Errors  Last Runtime    Last Run               Last # of DB Queries
----------------------------------  -----  ---------  --------  ----------  --------------  -------------------  ----------------------
/opt/airflow/dags/sales_etl_dag.py                           1           0  0.33s           2026-08-31T14:21:21                      12
================================================================================
[2026-08-31T14:22:22.177+0000] {manager.py:997} INFO - 
================================================================================
DAG File Processing Stats

File Path                           PID    Runtime      # DAGs    # Errors  Last Runtime    Last Run               Last # of DB Queries
----------------------------------  -----  ---------  --------  ----------  --------------  -------------------  ----------------------
/opt/airflow/dags/sales_etl_dag.py                           1           0  0.28s           2026-08-31T14:21:52                      12
================================================================================
[2026-08-31T14:22:52.770+0000] {manager.py:997} INFO - 
================================================================================
DAG File Processing Stats

File Path                             PID  Runtime      # DAGs    # Errors  Last Runtime    Last Run               Last # of DB Queries
----------------------------------  -----  ---------  --------  ----------  --------------  -------------------  ----------------------
/opt/airflow/dags/sales_etl_dag.py    182  0.01s             1           0  0.17s           2026-08-31T14:22:22                      12
================================================================================
[2026-08-31T14:23:23.123+0000] {manager.py:997} INFO - 
================================================================================
DAG File Processing Stats

File Path                             PID  Runtime      # DAGs    # Errors  Last Runtime    Last Run               Last # of DB Queries
----------------------------------  -----  ---------  --------  ----------  --------------  -------------------  ----------------------
/opt/airflow/dags/sales_etl_dag.py    211  0.01s             1           0  0.13s           2026-08-31T14:22:52                      12
================================================================================
[2026-08-31T14:23:53.397+0000] {manager.py:997} INFO - 
================================================================================
DAG File Processing Stats

File Path                             PID  Runtime      # DAGs    # Errors  Last Runtime    Last Run               Last # of DB Queries
----------------------------------  -----  ---------  --------  ----------  --------------  -------------------  ----------------------
/opt/airflow/dags/sales_etl_dag.py    216  0.00s             1           0  0.13s           2026-08-31T14:23:23                      12
================================================================================
[2026-08-31T14:24:23.786+0000] {manager.py:997} INFO - 
================================================================================
DAG File Processing Stats

File Path                             PID  Runtime      # DAGs    # Errors  Last Runtime    Last Run               Last # of DB Queries
----------------------------------  -----  ---------  --------  ----------  --------------  -------------------  ----------------------
/opt/airflow/dags/sales_etl_dag.py    221  0.00s             1           0  0.12s           2026-08-31T14:23:53                      12
================================================================================
[2026-08-31T14:24:54.097+0000] {manager.py:997} INFO - 
================================================================================
DAG File Processing Stats

File Path                             PID  Runtime      # DAGs    # Errors  Last Runtime    Last Run               Last # of DB Queries
----------------------------------  -----  ---------  --------  ----------  --------------  -------------------  ----------------------
/opt/airflow/dags/sales_etl_dag.py    226  0.00s             1           0  0.13s           2026-08-31T14:24:23                      12
================================================================================
[2026-08-31T14:25:24.463+0000] {manager.py:997} INFO - 
================================================================================
DAG File Processing Stats

File Path                             PID  Runtime      # DAGs    # Errors  Last Runtime    Last Run               Last # of DB Queries
----------------------------------  -----  ---------  --------  ----------  --------------  -------------------  ----------------------
/opt/airflow/dags/sales_etl_dag.py    231  0.00s             1           0  0.12s           2026-08-31T14:24:54                      12
================================================================================
[2026-08-31T14:25:54.706+0000] {manager.py:997} INFO - 
================================================================================
DAG File Processing Stats

File Path                             PID  Runtime      # DAGs    # Errors  Last Runtime    Last Run               Last # of DB Queries
----------------------------------  -----  ---------  --------  ----------  --------------  -------------------  ----------------------
/opt/airflow/dags/sales_etl_dag.py    236  0.00s             1           0  0.12s           2026-08-31T14:25:24                      12
================================================================================
[2026-08-31T14:26:22.013+0000] {manager.py:821} INFO - Searching for files in /opt/airflow/dags
[2026-08-31T14:26:22.032+0000] {manager.py:824} INFO - There are 1 files in /opt/airflow/dags
[2026-08-31T14:26:25.097+0000] {manager.py:997} INFO - 
================================================================================
DAG File Processing Stats

File Path                             PID  Runtime      # DAGs    # Errors  Last Runtime    Last Run               Last # of DB Queries
----------------------------------  -----  ---------  --------  ----------  --------------  -------------------  ----------------------
/opt/airflow/dags/sales_etl_dag.py    265  0.00s             1           0  0.14s           2026-08-31T14:25:54                      12
================================================================================
[2026-08-31T14:26:55.378+0000] {manager.py:997} INFO - 
================================================================================
DAG File Processing Stats

File Path                             PID  Runtime      # DAGs    # Errors  Last Runtime    Last Run               Last # of DB Queries
----------------------------------  -----  ---------  --------  ----------  --------------  -------------------  ----------------------
/opt/airflow/dags/sales_etl_dag.py    270  0.00s             1           0  0.13s           2026-08-31T14:26:25                      12
================================================================================
[2026-08-31T14:27:25.706+0000] {manager.py:997} INFO - 
================================================================================
DAG File Processing Stats

File Path                             PID  Runtime      # DAGs    # Errors  Last Runtime    Last Run               Last # of DB Queries
----------------------------------  -----  ---------  --------  ----------  --------------  -------------------  ----------------------
/opt/airflow/dags/sales_etl_dag.py    275  0.01s             1           0  0.13s           2026-08-31T14:26:55                      12
================================================================================
[2026-08-31T14:27:56.008+0000] {manager.py:997} INFO - 
================================================================================
DAG File Processing Stats

File Path                             PID  Runtime      # DAGs    # Errors  Last Runtime    Last Run               Last # of DB Queries
----------------------------------  -----  ---------  --------  ----------  --------------  -------------------  ----------------------
/opt/airflow/dags/sales_etl_dag.py    280  0.00s             1           0  0.27s           2026-08-31T14:27:25                      12
================================================================================
[2026-08-31T14:28:26.302+0000] {manager.py:997} INFO - 
================================================================================
DAG File Processing Stats

File Path                             PID  Runtime      # DAGs    # Errors  Last Runtime    Last Run               Last # of DB Queries
----------------------------------  -----  ---------  --------  ----------  --------------  -------------------  ----------------------
/opt/airflow/dags/sales_etl_dag.py    285  0.00s             1           0  0.15s           2026-08-31T14:27:56                      12
================================================================================
[2026-08-31T14:28:56.687+0000] {manager.py:997} INFO - 
================================================================================
DAG File Processing Stats

File Path                             PID  Runtime      # DAGs    # Errors  Last Runtime    Last Run               Last # of DB Queries
----------------------------------  -----  ---------  --------  ----------  --------------  -------------------  ----------------------
/opt/airflow/dags/sales_etl_dag.py    314  0.01s             1           0  0.15s           2026-08-31T14:28:26                      12
================================================================================
[2026-08-31T14:29:26.992+0000] {manager.py:997} INFO - 
================================================================================
DAG File Processing Stats

File Path                             PID  Runtime      # DAGs    # Errors  Last Runtime    Last Run               Last # of DB Queries
----------------------------------  -----  ---------  --------  ----------  --------------  -------------------  ----------------------
/opt/airflow/dags/sales_etl_dag.py    319  0.00s             1           0  0.14s           2026-08-31T14:28:56                      12
================================================================================
[2026-08-31T14:29:57.399+0000] {manager.py:997} INFO - 
================================================================================
DAG File Processing Stats

File Path                             PID  Runtime      # DAGs    # Errors  Last Runtime    Last Run               Last # of DB Queries
----------------------------------  -----  ---------  --------  ----------  --------------  -------------------  ----------------------
/opt/airflow/dags/sales_etl_dag.py    324  0.01s             1           0  0.12s           2026-08-31T14:29:27                      12
================================================================================
[2026-08-31T14:30:27.672+0000] {manager.py:997} INFO - 
================================================================================
DAG File Processing Stats

File Path                             PID  Runtime      # DAGs    # Errors  Last Runtime    Last Run               Last # of DB Queries
----------------------------------  -----  ---------  --------  ----------  --------------  -------------------  ----------------------
/opt/airflow/dags/sales_etl_dag.py    329  0.00s             1           0  0.14s           2026-08-31T14:29:57                      12
================================================================================
[2026-08-31T14:30:58.045+0000] {manager.py:997} INFO - 
================================================================================
DAG File Processing Stats

File Path                             PID  Runtime      # DAGs    # Errors  Last Runtime    Last Run               Last # of DB Queries
----------------------------------  -----  ---------  --------  ----------  --------------  -------------------  ----------------------
/opt/airflow/dags/sales_etl_dag.py    334  0.00s             1           0  0.12s           2026-08-31T14:30:27                      12
================================================================================
[2026-08-31T14:31:22.248+0000] {manager.py:821} INFO - Searching for files in /opt/airflow/dags
[2026-08-31T14:31:22.276+0000] {manager.py:824} INFO - There are 1 files in /opt/airflow/dags
[2026-08-31T14:31:28.354+0000] {manager.py:997} INFO - 
================================================================================
DAG File Processing Stats

File Path                             PID  Runtime      # DAGs    # Errors  Last Runtime    Last Run               Last # of DB Queries
----------------------------------  -----  ---------  --------  ----------  --------------  -------------------  ----------------------
/opt/airflow/dags/sales_etl_dag.py    339  0.00s             1           0  0.16s           2026-08-31T14:30:58                      12
================================================================================
[2026-08-31T14:31:58.709+0000] {manager.py:997} INFO - 
================================================================================
DAG File Processing Stats

File Path                             PID  Runtime      # DAGs    # Errors  Last Runtime    Last Run               Last # of DB Queries
----------------------------------  -----  ---------  --------  ----------  --------------  -------------------  ----------------------
/opt/airflow/dags/sales_etl_dag.py    344  0.01s             1           0  0.13s           2026-08-31T14:31:28                      12
================================================================================
[2026-08-31T14:32:29.019+0000] {manager.py:997} INFO - 
================================================================================
DAG File Processing Stats

File Path                             PID  Runtime      # DAGs    # Errors  Last Runtime    Last Run               Last # of DB Queries
----------------------------------  -----  ---------  --------  ----------  --------------  -------------------  ----------------------
/opt/airflow/dags/sales_etl_dag.py    349  0.00s             1           0  0.14s           2026-08-31T14:31:58                      12
================================================================================
[2026-08-31T14:32:59.305+0000] {manager.py:997} INFO - 
================================================================================
DAG File Processing Stats

File Path                             PID  Runtime      # DAGs    # Errors  Last Runtime    Last Run               Last # of DB Queries
----------------------------------  -----  ---------  --------  ----------  --------------  -------------------  ----------------------
/opt/airflow/dags/sales_etl_dag.py    354  0.00s             1           0  0.12s           2026-08-31T14:32:29                      12
================================================================================
[2026-08-31T14:33:29.706+0000] {manager.py:997} INFO - 
================================================================================
DAG File Processing Stats

File Path                             PID  Runtime      # DAGs    # Errors  Last Runtime    Last Run               Last # of DB Queries
----------------------------------  -----  ---------  --------  ----------  --------------  -------------------  ----------------------
/opt/airflow/dags/sales_etl_dag.py    359  0.00s             1           0  0.23s           2026-08-31T14:32:59                      12
================================================================================
[2026-08-31T14:34:00.036+0000] {manager.py:997} INFO - 
================================================================================
DAG File Processing Stats

File Path                             PID  Runtime      # DAGs    # Errors  Last Runtime    Last Run               Last # of DB Queries
----------------------------------  -----  ---------  --------  ----------  --------------  -------------------  ----------------------
/opt/airflow/dags/sales_etl_dag.py    364  0.00s             1           0  0.12s           2026-08-31T14:33:29                      12
================================================================================
[2026-08-31T14:34:30.363+0000] {manager.py:997} INFO - 
================================================================================
DAG File Processing Stats

File Path                             PID  Runtime      # DAGs    # Errors  Last Runtime    Last Run               Last # of DB Queries
----------------------------------  -----  ---------  --------  ----------  --------------  -------------------  ----------------------
/opt/airflow/dags/sales_etl_dag.py    369  0.00s             1           0  0.12s           2026-08-31T14:34:00                      12
================================================================================
[2026-08-31T14:35:00.647+0000] {manager.py:997} INFO - 
================================================================================
DAG File Processing Stats

File Path                             PID  Runtime      # DAGs    # Errors  Last Runtime    Last Run               Last # of DB Queries
----------------------------------  -----  ---------  --------  ----------  --------------  -------------------  ----------------------
/opt/airflow/dags/sales_etl_dag.py    398  0.00s             1           0  0.14s           2026-08-31T14:34:30                      12
================================================================================
[2026-08-31T14:35:31.000+0000] {manager.py:997} INFO - 
================================================================================
DAG File Processing Stats

File Path                             PID  Runtime      # DAGs    # Errors  Last Runtime    Last Run               Last # of DB Queries
----------------------------------  -----  ---------  --------  ----------  --------------  -------------------  ----------------------
/opt/airflow/dags/sales_etl_dag.py    403  0.00s             1           0  0.12s           2026-08-31T14:35:00                      12
================================================================================
[2026-08-31T14:36:01.305+0000] {manager.py:997} INFO - 
================================================================================
DAG File Processing Stats

File Path                             PID  Runtime      # DAGs    # Errors  Last Runtime    Last Run               Last # of DB Queries
----------------------------------  -----  ---------  --------  ----------  --------------  -------------------  ----------------------
/opt/airflow/dags/sales_etl_dag.py    408  0.00s             1           0  0.12s           2026-08-31T14:35:31                      12
================================================================================
[2026-08-31T14:36:07.148+0000] {manager.py:465} INFO - Exiting gracefully upon receiving signal 15
[2026-08-31T14:36:33.073+0000] {manager.py:483} INFO - Processing files using up to 2 processes at a time 
[2026-08-31T14:36:33.074+0000] {manager.py:484} INFO - Process each file at most once every 30 seconds
[2026-08-31T14:36:33.075+0000] {manager.py:485} INFO - Checking for new files in /opt/airflow/dags every 300 seconds
[2026-08-31T14:36:33.076+0000] {manager.py:821} INFO - Searching for files in /opt/airflow/dags
[2026-08-31T14:36:33.109+0000] {manager.py:824} INFO - There are 1 files in /opt/airflow/dags
[2026-08-31T14:36:33.233+0000] {manager.py:997} INFO - 
================================================================================
DAG File Processing Stats

File Path                             PID  Runtime      # DAGs    # Errors  Last Runtime    Last Run      Last # of DB Queries
----------------------------------  -----  ---------  --------  ----------  --------------  ----------  ----------------------
/opt/airflow/dags/sales_etl_dag.py    167  0.04s             0           0                                                   0
================================================================================
[2026-08-31T14:37:03.475+0000] {manager.py:997} INFO - 
================================================================================
DAG File Processing Stats

File Path                           PID    Runtime      # DAGs    # Errors  Last Runtime    Last Run               Last # of DB Queries
----------------------------------  -----  ---------  --------  ----------  --------------  -------------------  ----------------------
/opt/airflow/dags/sales_etl_dag.py                           1           0  0.32s           2026-08-31T14:36:33                      12
================================================================================
[2026-08-31T14:37:33.979+0000] {manager.py:997} INFO - 
================================================================================
DAG File Processing Stats

File Path                             PID  Runtime      # DAGs    # Errors  Last Runtime    Last Run               Last # of DB Queries
----------------------------------  -----  ---------  --------  ----------  --------------  -------------------  ----------------------
/opt/airflow/dags/sales_etl_dag.py    177  0.01s             1           0  0.15s           2026-08-31T14:37:03                      12
================================================================================
[2026-08-31T14:38:04.357+0000] {manager.py:997} INFO - 
================================================================================
DAG File Processing Stats

File Path                             PID  Runtime      # DAGs    # Errors  Last Runtime    Last Run               Last # of DB Queries
----------------------------------  -----  ---------  --------  ----------  --------------  -------------------  ----------------------
/opt/airflow/dags/sales_etl_dag.py    182  0.00s             1           0  0.16s           2026-08-31T14:37:34                      12
================================================================================
[2026-08-31T14:38:34.681+0000] {manager.py:997} INFO - 
================================================================================
DAG File Processing Stats

File Path                             PID  Runtime      # DAGs    # Errors  Last Runtime    Last Run               Last # of DB Queries
----------------------------------  -----  ---------  --------  ----------  --------------  -------------------  ----------------------
/opt/airflow/dags/sales_etl_dag.py    187  0.00s             1           0  0.14s           2026-08-31T14:38:04                      12
================================================================================
[2026-08-31T14:39:05.068+0000] {manager.py:997} INFO - 
================================================================================
DAG File Processing Stats

File Path                             PID  Runtime      # DAGs    # Errors  Last Runtime    Last Run               Last # of DB Queries
----------------------------------  -----  ---------  --------  ----------  --------------  -------------------  ----------------------
/opt/airflow/dags/sales_etl_dag.py    216  0.00s             1           0  0.14s           2026-08-31T14:38:34                      12
================================================================================
[2026-08-31T14:39:20.349+0000] {manager.py:465} INFO - Exiting gracefully upon receiving signal 15
[2026-08-31T14:40:00.537+0000] {manager.py:483} INFO - Processing files using up to 2 processes at a time 
[2026-08-31T14:40:00.539+0000] {manager.py:484} INFO - Process each file at most once every 30 seconds
[2026-08-31T14:40:00.540+0000] {manager.py:485} INFO - Checking for new files in /opt/airflow/dags every 300 seconds
[2026-08-31T14:40:00.540+0000] {manager.py:821} INFO - Searching for files in /opt/airflow/dags
[2026-08-31T14:40:00.566+0000] {manager.py:824} INFO - There are 1 files in /opt/airflow/dags
[2026-08-31T14:40:00.708+0000] {manager.py:997} INFO - 
================================================================================
DAG File Processing Stats

File Path                             PID  Runtime      # DAGs    # Errors  Last Runtime    Last Run      Last # of DB Queries
----------------------------------  -----  ---------  --------  ----------  --------------  ----------  ----------------------
/opt/airflow/dags/sales_etl_dag.py    167  0.05s             0           0                                                   0
================================================================================
[2026-08-31T14:40:31.029+0000] {manager.py:997} INFO - 
================================================================================
DAG File Processing Stats

File Path                             PID  Runtime      # DAGs    # Errors  Last Runtime    Last Run               Last # of DB Queries
----------------------------------  -----  ---------  --------  ----------  --------------  -------------------  ----------------------
/opt/airflow/dags/sales_etl_dag.py    172  0.01s             1           0  0.34s           2026-08-31T14:40:00                      12
================================================================================
[2026-08-31T14:41:01.295+0000] {manager.py:997} INFO - 
================================================================================
DAG File Processing Stats

File Path                             PID  Runtime      # DAGs    # Errors  Last Runtime    Last Run               Last # of DB Queries
----------------------------------  -----  ---------  --------  ----------  --------------  -------------------  ----------------------
/opt/airflow/dags/sales_etl_dag.py    177  0.00s             1           0  0.25s           2026-08-31T14:40:31                      12
================================================================================
[2026-08-31T14:41:31.559+0000] {manager.py:997} INFO - 
================================================================================
DAG File Processing Stats

File Path                             PID  Runtime      # DAGs    # Errors  Last Runtime    Last Run               Last # of DB Queries
----------------------------------  -----  ---------  --------  ----------  --------------  -------------------  ----------------------
/opt/airflow/dags/sales_etl_dag.py    206  0.00s             1           0  0.13s           2026-08-31T14:41:01                      12
================================================================================
[2026-08-31T14:42:01.959+0000] {manager.py:997} INFO - 
================================================================================
DAG File Processing Stats

File Path                             PID  Runtime      # DAGs    # Errors  Last Runtime    Last Run               Last # of DB Queries
----------------------------------  -----  ---------  --------  ----------  --------------  -------------------  ----------------------
/opt/airflow/dags/sales_etl_dag.py    211  0.00s             1           0  0.13s           2026-08-31T14:41:31                      12
================================================================================
[2026-08-31T14:42:32.300+0000] {manager.py:997} INFO - 
================================================================================
DAG File Processing Stats

File Path                             PID  Runtime      # DAGs    # Errors  Last Runtime    Last Run               Last # of DB Queries
----------------------------------  -----  ---------  --------  ----------  --------------  -------------------  ----------------------
/opt/airflow/dags/sales_etl_dag.py    216  0.00s             1           0  0.13s           2026-08-31T14:42:02                      12
================================================================================
[2026-08-31T14:43:02.695+0000] {manager.py:997} INFO - 
================================================================================
DAG File Processing Stats

File Path                             PID  Runtime      # DAGs    # Errors  Last Runtime    Last Run               Last # of DB Queries
----------------------------------  -----  ---------  --------  ----------  --------------  -------------------  ----------------------
/opt/airflow/dags/sales_etl_dag.py    221  0.00s             1           0  0.13s           2026-08-31T14:42:32                      12
================================================================================
[2026-08-31T14:43:33.025+0000] {manager.py:997} INFO - 
================================================================================
DAG File Processing Stats

File Path                             PID  Runtime      # DAGs    # Errors  Last Runtime    Last Run               Last # of DB Queries
----------------------------------  -----  ---------  --------  ----------  --------------  -------------------  ----------------------
/opt/airflow/dags/sales_etl_dag.py    226  0.00s             1           0  0.13s           2026-08-31T14:43:02                      12
================================================================================
[2026-08-31T14:44:03.405+0000] {manager.py:997} INFO - 
================================================================================
DAG File Processing Stats

File Path                             PID  Runtime      # DAGs    # Errors  Last Runtime    Last Run               Last # of DB Queries
----------------------------------  -----  ---------  --------  ----------  --------------  -------------------  ----------------------
/opt/airflow/dags/sales_etl_dag.py    231  0.00s             1           0  0.13s           2026-08-31T14:43:33                      12
================================================================================
[2026-08-31T14:44:33.733+0000] {manager.py:997} INFO - 
================================================================================
DAG File Processing Stats

File Path                             PID  Runtime      # DAGs    # Errors  Last Runtime    Last Run               Last # of DB Queries
----------------------------------  -----  ---------  --------  ----------  --------------  -------------------  ----------------------
/opt/airflow/dags/sales_etl_dag.py    236  0.01s             1           0  0.12s           2026-08-31T14:44:03                      12
================================================================================
[2026-08-31T14:45:01.073+0000] {manager.py:821} INFO - Searching for files in /opt/airflow/dags
[2026-08-31T14:45:01.091+0000] {manager.py:824} INFO - There are 1 files in /opt/airflow/dags
[2026-08-31T14:45:04.146+0000] {manager.py:997} INFO - 
================================================================================
DAG File Processing Stats

File Path                             PID  Runtime      # DAGs    # Errors  Last Runtime    Last Run               Last # of DB Queries
----------------------------------  -----  ---------  --------  ----------  --------------  -------------------  ----------------------
/opt/airflow/dags/sales_etl_dag.py    241  0.00s             1           0  0.13s           2026-08-31T14:44:33                      12
================================================================================
[2026-08-31T14:45:34.404+0000] {manager.py:997} INFO - 
================================================================================
DAG File Processing Stats

File Path                             PID  Runtime      # DAGs    # Errors  Last Runtime    Last Run               Last # of DB Queries
----------------------------------  -----  ---------  --------  ----------  --------------  -------------------  ----------------------
/opt/airflow/dags/sales_etl_dag.py    246  0.00s             1           0  0.13s           2026-08-31T14:45:04                      12
================================================================================
[2026-08-31T14:46:04.681+0000] {manager.py:997} INFO - 
================================================================================
DAG File Processing Stats

File Path                             PID  Runtime      # DAGs    # Errors  Last Runtime    Last Run               Last # of DB Queries
----------------------------------  -----  ---------  --------  ----------  --------------  -------------------  ----------------------
/opt/airflow/dags/sales_etl_dag.py    251  0.00s             1           0  0.12s           2026-08-31T14:45:34                      12
================================================================================
[2026-08-31T14:46:34.947+0000] {manager.py:997} INFO - 
================================================================================
DAG File Processing Stats

File Path                             PID  Runtime      # DAGs    # Errors  Last Runtime    Last Run               Last # of DB Queries
----------------------------------  -----  ---------  --------  ----------  --------------  -------------------  ----------------------
/opt/airflow/dags/sales_etl_dag.py    256  0.00s             1           0  0.12s           2026-08-31T14:46:04                      12
================================================================================
[2026-08-31T14:47:05.230+0000] {manager.py:997} INFO - 
================================================================================
DAG File Processing Stats

File Path                             PID  Runtime      # DAGs    # Errors  Last Runtime    Last Run               Last # of DB Queries
----------------------------------  -----  ---------  --------  ----------  --------------  -------------------  ----------------------
/opt/airflow/dags/sales_etl_dag.py    261  0.00s             1           0  0.12s           2026-08-31T14:46:35                      12
================================================================================
[2026-08-31T14:47:35.640+0000] {manager.py:997} INFO - 
================================================================================
DAG File Processing Stats

File Path                             PID  Runtime      # DAGs    # Errors  Last Runtime    Last Run               Last # of DB Queries
----------------------------------  -----  ---------  --------  ----------  --------------  -------------------  ----------------------
/opt/airflow/dags/sales_etl_dag.py    266  0.00s             1           0  0.13s           2026-08-31T14:47:05                      12
================================================================================
[2026-08-31T14:48:05.981+0000] {manager.py:997} INFO - 
================================================================================
DAG File Processing Stats

File Path                             PID  Runtime      # DAGs    # Errors  Last Runtime    Last Run               Last # of DB Queries
----------------------------------  -----  ---------  --------  ----------  --------------  -------------------  ----------------------
/opt/airflow/dags/sales_etl_dag.py    271  0.00s             1           0  0.12s           2026-08-31T14:47:35                      12
================================================================================
[2026-08-31T14:48:36.330+0000] {manager.py:997} INFO - 
================================================================================
DAG File Processing Stats

File Path                             PID  Runtime      # DAGs    # Errors  Last Runtime    Last Run               Last # of DB Queries
----------------------------------  -----  ---------  --------  ----------  --------------  -------------------  ----------------------
/opt/airflow/dags/sales_etl_dag.py    276  0.00s             1           0  0.12s           2026-08-31T14:48:06                      12
================================================================================
[2026-08-31T14:49:06.668+0000] {manager.py:997} INFO - 
================================================================================
DAG File Processing Stats

File Path                             PID  Runtime      # DAGs    # Errors  Last Runtime    Last Run               Last # of DB Queries
----------------------------------  -----  ---------  --------  ----------  --------------  -------------------  ----------------------
/opt/airflow/dags/sales_etl_dag.py    281  0.00s             1           0  0.12s           2026-08-31T14:48:36                      12
================================================================================
[2026-08-31T14:49:37.047+0000] {manager.py:997} INFO - 
================================================================================
DAG File Processing Stats

File Path                             PID  Runtime      # DAGs    # Errors  Last Runtime    Last Run               Last # of DB Queries
----------------------------------  -----  ---------  --------  ----------  --------------  -------------------  ----------------------
/opt/airflow/dags/sales_etl_dag.py    286  0.00s             1           0  0.12s           2026-08-31T14:49:06                      12
================================================================================
[2026-08-31T14:50:01.285+0000] {manager.py:821} INFO - Searching for files in /opt/airflow/dags
[2026-08-31T14:50:01.310+0000] {manager.py:824} INFO - There are 1 files in /opt/airflow/dags
[2026-08-31T14:50:07.400+0000] {manager.py:997} INFO - 
================================================================================
DAG File Processing Stats

File Path                             PID  Runtime      # DAGs    # Errors  Last Runtime    Last Run               Last # of DB Queries
----------------------------------  -----  ---------  --------  ----------  --------------  -------------------  ----------------------
/opt/airflow/dags/sales_etl_dag.py    291  0.00s             1           0  0.12s           2026-08-31T14:49:37                      12
================================================================================
[2026-08-31T14:50:37.764+0000] {manager.py:997} INFO - 
================================================================================
DAG File Processing Stats

File Path                             PID  Runtime      # DAGs    # Errors  Last Runtime    Last Run               Last # of DB Queries
----------------------------------  -----  ---------  --------  ----------  --------------  -------------------  ----------------------
/opt/airflow/dags/sales_etl_dag.py    296  0.00s             1           0  0.12s           2026-08-31T14:50:07                      12
================================================================================
[2026-08-31T14:51:08.095+0000] {manager.py:997} INFO - 
================================================================================
DAG File Processing Stats

File Path                             PID  Runtime      # DAGs    # Errors  Last Runtime    Last Run               Last # of DB Queries
----------------------------------  -----  ---------  --------  ----------  --------------  -------------------  ----------------------
/opt/airflow/dags/sales_etl_dag.py    301  0.00s             1           0  0.12s           2026-08-31T14:50:37                      12
================================================================================
[2026-08-31T14:51:38.393+0000] {manager.py:997} INFO - 
================================================================================
DAG File Processing Stats

File Path                             PID  Runtime      # DAGs    # Errors  Last Runtime    Last Run               Last # of DB Queries
----------------------------------  -----  ---------  --------  ----------  --------------  -------------------  ----------------------
/opt/airflow/dags/sales_etl_dag.py    306  0.00s             1           0  0.12s           2026-08-31T14:51:08                      12
================================================================================
[2026-08-31T14:52:08.786+0000] {manager.py:997} INFO - 
================================================================================
DAG File Processing Stats

File Path                             PID  Runtime      # DAGs    # Errors  Last Runtime    Last Run               Last # of DB Queries
----------------------------------  -----  ---------  --------  ----------  --------------  -------------------  ----------------------
/opt/airflow/dags/sales_etl_dag.py    311  0.00s             1           0  0.13s           2026-08-31T14:51:38                      12
================================================================================
[2026-08-31T14:52:39.082+0000] {manager.py:997} INFO - 
================================================================================
DAG File Processing Stats

File Path                             PID  Runtime      # DAGs    # Errors  Last Runtime    Last Run               Last # of DB Queries
----------------------------------  -----  ---------  --------  ----------  --------------  -------------------  ----------------------
/opt/airflow/dags/sales_etl_dag.py    316  0.00s             1           0  0.12s           2026-08-31T14:52:08                      12
================================================================================
[2026-08-31T14:53:09.442+0000] {manager.py:997} INFO - 
================================================================================
DAG File Processing Stats

File Path                             PID  Runtime      # DAGs    # Errors  Last Runtime    Last Run               Last # of DB Queries
----------------------------------  -----  ---------  --------  ----------  --------------  -------------------  ----------------------
/opt/airflow/dags/sales_etl_dag.py    321  0.00s             1           0  0.12s           2026-08-31T14:52:39                      12
================================================================================
[2026-08-31T14:53:39.781+0000] {manager.py:997} INFO - 
================================================================================
DAG File Processing Stats

File Path                             PID  Runtime      # DAGs    # Errors  Last Runtime    Last Run               Last # of DB Queries
----------------------------------  -----  ---------  --------  ----------  --------------  -------------------  ----------------------
/opt/airflow/dags/sales_etl_dag.py    326  0.00s             1           0  0.14s           2026-08-31T14:53:09                      12
================================================================================
[2026-08-31T14:54:10.156+0000] {manager.py:997} INFO - 
================================================================================
DAG File Processing Stats

File Path                             PID  Runtime      # DAGs    # Errors  Last Runtime    Last Run               Last # of DB Queries
----------------------------------  -----  ---------  --------  ----------  --------------  -------------------  ----------------------
/opt/airflow/dags/sales_etl_dag.py    331  0.00s             1           0  0.12s           2026-08-31T14:53:39                      12
================================================================================
[2026-08-31T14:54:40.520+0000] {manager.py:997} INFO - 
================================================================================
DAG File Processing Stats

File Path                             PID  Runtime      # DAGs    # Errors  Last Runtime    Last Run               Last # of DB Queries
----------------------------------  -----  ---------  --------  ----------  --------------  -------------------  ----------------------
/opt/airflow/dags/sales_etl_dag.py    336  0.00s             1           0  0.12s           2026-08-31T14:54:10                      12
================================================================================
[2026-08-31T14:55:01.737+0000] {manager.py:821} INFO - Searching for files in /opt/airflow/dags
[2026-08-31T14:55:01.760+0000] {manager.py:824} INFO - There are 1 files in /opt/airflow/dags
[2026-08-31T14:55:10.867+0000] {manager.py:997} INFO - 
================================================================================
DAG File Processing Stats

File Path                             PID  Runtime      # DAGs    # Errors  Last Runtime    Last Run               Last # of DB Queries
----------------------------------  -----  ---------  --------  ----------  --------------  -------------------  ----------------------
/opt/airflow/dags/sales_etl_dag.py    341  0.00s             1           0  0.13s           2026-08-31T14:54:40                      12
================================================================================
[2026-08-31T14:55:41.204+0000] {manager.py:997} INFO - 
================================================================================
DAG File Processing Stats

File Path                             PID  Runtime      # DAGs    # Errors  Last Runtime    Last Run               Last # of DB Queries
----------------------------------  -----  ---------  --------  ----------  --------------  -------------------  ----------------------
/opt/airflow/dags/sales_etl_dag.py    346  0.01s             1           0  0.12s           2026-08-31T14:55:10                      12
================================================================================
[2026-08-31T14:56:11.590+0000] {manager.py:997} INFO - 
================================================================================
DAG File Processing Stats

File Path                             PID  Runtime      # DAGs    # Errors  Last Runtime    Last Run               Last # of DB Queries
----------------------------------  -----  ---------  --------  ----------  --------------  -------------------  ----------------------
/opt/airflow/dags/sales_etl_dag.py    351  0.00s             1           0  0.12s           2026-08-31T14:55:41                      12
================================================================================
[2026-08-31T14:56:41.898+0000] {manager.py:997} INFO - 
================================================================================
DAG File Processing Stats

File Path                             PID  Runtime      # DAGs    # Errors  Last Runtime    Last Run               Last # of DB Queries
----------------------------------  -----  ---------  --------  ----------  --------------  -------------------  ----------------------
/opt/airflow/dags/sales_etl_dag.py    356  0.00s             1           0  0.13s           2026-08-31T14:56:11                      12
================================================================================
[2026-08-31T14:57:12.320+0000] {manager.py:997} INFO - 
================================================================================
DAG File Processing Stats

File Path                             PID  Runtime      # DAGs    # Errors  Last Runtime    Last Run               Last # of DB Queries
----------------------------------  -----  ---------  --------  ----------  --------------  -------------------  ----------------------
/opt/airflow/dags/sales_etl_dag.py    361  0.00s             1           0  0.12s           2026-08-31T14:56:42                      12
================================================================================
[2026-08-31T14:57:42.651+0000] {manager.py:997} INFO - 
================================================================================
DAG File Processing Stats

File Path                             PID  Runtime      # DAGs    # Errors  Last Runtime    Last Run               Last # of DB Queries
----------------------------------  -----  ---------  --------  ----------  --------------  -------------------  ----------------------
/opt/airflow/dags/sales_etl_dag.py    366  0.00s             1           0  0.12s           2026-08-31T14:57:12                      12
================================================================================
[2026-08-31T14:58:13.036+0000] {manager.py:997} INFO - 
================================================================================
DAG File Processing Stats

File Path                             PID  Runtime      # DAGs    # Errors  Last Runtime    Last Run               Last # of DB Queries
----------------------------------  -----  ---------  --------  ----------  --------------  -------------------  ----------------------
/opt/airflow/dags/sales_etl_dag.py    371  0.00s             1           0  0.12s           2026-08-31T14:57:42                      12
================================================================================
[2026-08-31T14:58:43.364+0000] {manager.py:997} INFO - 
================================================================================
DAG File Processing Stats

File Path                             PID  Runtime      # DAGs    # Errors  Last Runtime    Last Run               Last # of DB Queries
----------------------------------  -----  ---------  --------  ----------  --------------  -------------------  ----------------------
/opt/airflow/dags/sales_etl_dag.py    376  0.00s             1           0  0.11s           2026-08-31T14:58:13                      12
================================================================================
[2026-08-31T14:59:13.777+0000] {manager.py:997} INFO - 
================================================================================
DAG File Processing Stats

File Path                             PID  Runtime      # DAGs    # Errors  Last Runtime    Last Run               Last # of DB Queries
----------------------------------  -----  ---------  --------  ----------  --------------  -------------------  ----------------------
/opt/airflow/dags/sales_etl_dag.py    381  0.00s             1           0  0.12s           2026-08-31T14:58:43                      12
================================================================================
[2026-08-31T14:59:44.085+0000] {manager.py:997} INFO - 
================================================================================
DAG File Processing Stats

File Path                             PID  Runtime      # DAGs    # Errors  Last Runtime    Last Run               Last # of DB Queries
----------------------------------  -----  ---------  --------  ----------  --------------  -------------------  ----------------------
/opt/airflow/dags/sales_etl_dag.py    386  0.00s             1           0  0.11s           2026-08-31T14:59:13                      12
================================================================================
[2026-08-31T15:00:02.297+0000] {manager.py:821} INFO - Searching for files in /opt/airflow/dags
[2026-08-31T15:00:02.318+0000] {manager.py:824} INFO - There are 1 files in /opt/airflow/dags
[2026-08-31T15:00:14.436+0000] {manager.py:997} INFO - 
================================================================================
DAG File Processing Stats

File Path                             PID  Runtime      # DAGs    # Errors  Last Runtime    Last Run               Last # of DB Queries
----------------------------------  -----  ---------  --------  ----------  --------------  -------------------  ----------------------
/opt/airflow/dags/sales_etl_dag.py    391  0.00s             1           0  0.12s           2026-08-31T14:59:44                      12
================================================================================
[2026-08-31T15:00:44.743+0000] {manager.py:997} INFO - 
================================================================================
DAG File Processing Stats

File Path                             PID  Runtime      # DAGs    # Errors  Last Runtime    Last Run               Last # of DB Queries
----------------------------------  -----  ---------  --------  ----------  --------------  -------------------  ----------------------
/opt/airflow/dags/sales_etl_dag.py    396  0.00s             1           0  0.15s           2026-08-31T15:00:14                      12
================================================================================
[2026-08-31T15:01:15.107+0000] {manager.py:997} INFO - 
================================================================================
DAG File Processing Stats

File Path                             PID  Runtime      # DAGs    # Errors  Last Runtime    Last Run               Last # of DB Queries
----------------------------------  -----  ---------  --------  ----------  --------------  -------------------  ----------------------
/opt/airflow/dags/sales_etl_dag.py    401  0.00s             1           0  0.11s           2026-08-31T15:00:44                      12
================================================================================
[2026-08-31T15:01:45.355+0000] {manager.py:997} INFO - 
================================================================================
DAG File Processing Stats

File Path                             PID  Runtime      # DAGs    # Errors  Last Runtime    Last Run               Last # of DB Queries
----------------------------------  -----  ---------  --------  ----------  --------------  -------------------  ----------------------
/opt/airflow/dags/sales_etl_dag.py    406  0.00s             1           0  0.14s           2026-08-31T15:01:15                      12
================================================================================
[2026-08-31T15:02:15.616+0000] {manager.py:997} INFO - 
================================================================================
DAG File Processing Stats

File Path                             PID  Runtime      # DAGs    # Errors  Last Runtime    Last Run               Last # of DB Queries
----------------------------------  -----  ---------  --------  ----------  --------------  -------------------  ----------------------
/opt/airflow/dags/sales_etl_dag.py    411  0.00s             1           0  0.12s           2026-08-31T15:01:45                      12
================================================================================
[2026-08-31T15:02:46.000+0000] {manager.py:997} INFO - 
================================================================================
DAG File Processing Stats

File Path                             PID  Runtime      # DAGs    # Errors  Last Runtime    Last Run               Last # of DB Queries
----------------------------------  -----  ---------  --------  ----------  --------------  -------------------  ----------------------
/opt/airflow/dags/sales_etl_dag.py    416  0.00s             1           0  0.15s           2026-08-31T15:02:15                      12
================================================================================
[2026-08-31T15:03:16.271+0000] {manager.py:997} INFO - 
================================================================================
DAG File Processing Stats

File Path                             PID  Runtime      # DAGs    # Errors  Last Runtime    Last Run               Last # of DB Queries
----------------------------------  -----  ---------  --------  ----------  --------------  -------------------  ----------------------
/opt/airflow/dags/sales_etl_dag.py    445  0.00s             1           0  0.12s           2026-08-31T15:02:46                      12
================================================================================
[2026-08-31T15:03:46.598+0000] {manager.py:997} INFO - 
================================================================================
DAG File Processing Stats

File Path                             PID  Runtime      # DAGs    # Errors  Last Runtime    Last Run               Last # of DB Queries
----------------------------------  -----  ---------  --------  ----------  --------------  -------------------  ----------------------
/opt/airflow/dags/sales_etl_dag.py    450  0.00s             1           0  0.13s           2026-08-31T15:03:16                      12
================================================================================
[2026-08-31T15:04:16.872+0000] {manager.py:997} INFO - 
================================================================================
DAG File Processing Stats

File Path                             PID  Runtime      # DAGs    # Errors  Last Runtime    Last Run               Last # of DB Queries
----------------------------------  -----  ---------  --------  ----------  --------------  -------------------  ----------------------
/opt/airflow/dags/sales_etl_dag.py    455  0.00s             1           0  0.15s           2026-08-31T15:03:46                      12
================================================================================
[2026-08-31T15:04:47.228+0000] {manager.py:997} INFO - 
================================================================================
DAG File Processing Stats

File Path                             PID  Runtime      # DAGs    # Errors  Last Runtime    Last Run               Last # of DB Queries
----------------------------------  -----  ---------  --------  ----------  --------------  -------------------  ----------------------
/opt/airflow/dags/sales_etl_dag.py    460  0.00s             1           0  0.12s           2026-08-31T15:04:16                      12
================================================================================
[2026-08-31T15:05:02.372+0000] {manager.py:821} INFO - Searching for files in /opt/airflow/dags
[2026-08-31T15:05:02.395+0000] {manager.py:824} INFO - There are 1 files in /opt/airflow/dags
[2026-08-31T15:05:17.562+0000] {manager.py:997} INFO - 
================================================================================
DAG File Processing Stats

File Path                             PID  Runtime      # DAGs    # Errors  Last Runtime    Last Run               Last # of DB Queries
----------------------------------  -----  ---------  --------  ----------  --------------  -------------------  ----------------------
/opt/airflow/dags/sales_etl_dag.py    465  0.00s             1           0  0.14s           2026-08-31T15:04:47                      12
================================================================================
[2026-08-31T15:05:47.884+0000] {manager.py:997} INFO - 
================================================================================
DAG File Processing Stats

File Path                             PID  Runtime      # DAGs    # Errors  Last Runtime    Last Run               Last # of DB Queries
----------------------------------  -----  ---------  --------  ----------  --------------  -------------------  ----------------------
/opt/airflow/dags/sales_etl_dag.py    470  0.00s             1           0  0.12s           2026-08-31T15:05:17                      12
================================================================================
[2026-08-31T15:06:18.166+0000] {manager.py:997} INFO - 
================================================================================
DAG File Processing Stats

File Path                             PID  Runtime      # DAGs    # Errors  Last Runtime    Last Run               Last # of DB Queries
----------------------------------  -----  ---------  --------  ----------  --------------  -------------------  ----------------------
/opt/airflow/dags/sales_etl_dag.py    475  0.01s             1           0  0.11s           2026-08-31T15:05:47                      12
================================================================================
[2026-08-31T15:06:48.499+0000] {manager.py:997} INFO - 
================================================================================
DAG File Processing Stats

File Path                             PID  Runtime      # DAGs    # Errors  Last Runtime    Last Run               Last # of DB Queries
----------------------------------  -----  ---------  --------  ----------  --------------  -------------------  ----------------------
/opt/airflow/dags/sales_etl_dag.py    480  0.00s             1           0  0.13s           2026-08-31T15:06:18                      12
================================================================================
[2026-08-31T15:07:18.783+0000] {manager.py:997} INFO - 
================================================================================
DAG File Processing Stats

File Path                             PID  Runtime      # DAGs    # Errors  Last Runtime    Last Run               Last # of DB Queries
----------------------------------  -----  ---------  --------  ----------  --------------  -------------------  ----------------------
/opt/airflow/dags/sales_etl_dag.py    485  0.00s             1           0  0.13s           2026-08-31T15:06:48                      12
================================================================================
[2026-08-31T15:07:49.154+0000] {manager.py:997} INFO - 
================================================================================
DAG File Processing Stats

File Path                             PID  Runtime      # DAGs    # Errors  Last Runtime    Last Run               Last # of DB Queries
----------------------------------  -----  ---------  --------  ----------  --------------  -------------------  ----------------------
/opt/airflow/dags/sales_etl_dag.py    490  0.00s             1           0  0.12s           2026-08-31T15:07:18                      12
================================================================================
[2026-08-31T15:08:19.422+0000] {manager.py:997} INFO - 
================================================================================
DAG File Processing Stats

File Path                             PID  Runtime      # DAGs    # Errors  Last Runtime    Last Run               Last # of DB Queries
----------------------------------  -----  ---------  --------  ----------  --------------  -------------------  ----------------------
/opt/airflow/dags/sales_etl_dag.py    495  0.00s             1           0  0.12s           2026-08-31T15:07:49                      12
================================================================================
[2026-08-31T15:08:49.787+0000] {manager.py:997} INFO - 
================================================================================
DAG File Processing Stats

File Path                             PID  Runtime      # DAGs    # Errors  Last Runtime    Last Run               Last # of DB Queries
----------------------------------  -----  ---------  --------  ----------  --------------  -------------------  ----------------------
/opt/airflow/dags/sales_etl_dag.py    500  0.00s             1           0  0.11s           2026-08-31T15:08:19                      12
================================================================================
[2026-08-31T15:09:20.097+0000] {manager.py:997} INFO - 
================================================================================
DAG File Processing Stats

File Path                             PID  Runtime      # DAGs    # Errors  Last Runtime    Last Run               Last # of DB Queries
----------------------------------  -----  ---------  --------  ----------  --------------  -------------------  ----------------------
/opt/airflow/dags/sales_etl_dag.py    505  0.00s             1           0  0.11s           2026-08-31T15:08:49                      12
================================================================================
[2026-08-31T15:09:50.422+0000] {manager.py:997} INFO - 
================================================================================
DAG File Processing Stats

File Path                             PID  Runtime      # DAGs    # Errors  Last Runtime    Last Run               Last # of DB Queries
----------------------------------  -----  ---------  --------  ----------  --------------  -------------------  ----------------------
/opt/airflow/dags/sales_etl_dag.py    510  0.00s             1           0  0.14s           2026-08-31T15:09:20                      12
================================================================================
[2026-08-31T15:10:02.565+0000] {manager.py:821} INFO - Searching for files in /opt/airflow/dags
[2026-08-31T15:10:02.592+0000] {manager.py:824} INFO - There are 1 files in /opt/airflow/dags
[2026-08-31T15:10:20.772+0000] {manager.py:997} INFO - 
================================================================================
DAG File Processing Stats

File Path                             PID  Runtime      # DAGs    # Errors  Last Runtime    Last Run               Last # of DB Queries
----------------------------------  -----  ---------  --------  ----------  --------------  -------------------  ----------------------
/opt/airflow/dags/sales_etl_dag.py    515  0.00s             1           0  0.15s           2026-08-31T15:09:50                      12
================================================================================
[2026-08-31T15:10:51.084+0000] {manager.py:997} INFO - 
================================================================================
DAG File Processing Stats

File Path                             PID  Runtime      # DAGs    # Errors  Last Runtime    Last Run               Last # of DB Queries
----------------------------------  -----  ---------  --------  ----------  --------------  -------------------  ----------------------
/opt/airflow/dags/sales_etl_dag.py    520  0.00s             1           0  0.12s           2026-08-31T15:10:20                      12
================================================================================
[2026-08-31T15:11:21.358+0000] {manager.py:997} INFO - 
================================================================================
DAG File Processing Stats

File Path                             PID  Runtime      # DAGs    # Errors  Last Runtime    Last Run               Last # of DB Queries
----------------------------------  -----  ---------  --------  ----------  --------------  -------------------  ----------------------
/opt/airflow/dags/sales_etl_dag.py    525  0.00s             1           0  0.12s           2026-08-31T15:10:51                      12
================================================================================
[2026-08-31T15:11:51.727+0000] {manager.py:997} INFO - 
================================================================================
DAG File Processing Stats

File Path                             PID  Runtime      # DAGs    # Errors  Last Runtime    Last Run               Last # of DB Queries
----------------------------------  -----  ---------  --------  ----------  --------------  -------------------  ----------------------
/opt/airflow/dags/sales_etl_dag.py    530  0.00s             1           0  0.12s           2026-08-31T15:11:21                      12
================================================================================
[2026-08-31T15:12:22.030+0000] {manager.py:997} INFO - 
================================================================================
DAG File Processing Stats

File Path                             PID  Runtime      # DAGs    # Errors  Last Runtime    Last Run               Last # of DB Queries
----------------------------------  -----  ---------  --------  ----------  --------------  -------------------  ----------------------
/opt/airflow/dags/sales_etl_dag.py    535  0.00s             1           0  0.11s           2026-08-31T15:11:51                      12
================================================================================
[2026-08-31T15:12:52.384+0000] {manager.py:997} INFO - 
================================================================================
DAG File Processing Stats

File Path                             PID  Runtime      # DAGs    # Errors  Last Runtime    Last Run               Last # of DB Queries
----------------------------------  -----  ---------  --------  ----------  --------------  -------------------  ----------------------
/opt/airflow/dags/sales_etl_dag.py    540  0.00s             1           0  0.11s           2026-08-31T15:12:22                      12
================================================================================
[2026-08-31T15:13:22.707+0000] {manager.py:997} INFO - 
================================================================================
DAG File Processing Stats

File Path                             PID  Runtime      # DAGs    # Errors  Last Runtime    Last Run               Last # of DB Queries
----------------------------------  -----  ---------  --------  ----------  --------------  -------------------  ----------------------
/opt/airflow/dags/sales_etl_dag.py    545  0.00s             1           0  0.12s           2026-08-31T15:12:52                      12
================================================================================
[2026-08-31T15:13:53.012+0000] {manager.py:997} INFO - 
================================================================================
DAG File Processing Stats

File Path                             PID  Runtime      # DAGs    # Errors  Last Runtime    Last Run               Last # of DB Queries
----------------------------------  -----  ---------  --------  ----------  --------------  -------------------  ----------------------
/opt/airflow/dags/sales_etl_dag.py    550  0.00s             1           0  0.12s           2026-08-31T15:13:22                      12
================================================================================
[2026-08-31T15:14:23.373+0000] {manager.py:997} INFO - 
================================================================================
DAG File Processing Stats

File Path                             PID  Runtime      # DAGs    # Errors  Last Runtime    Last Run               Last # of DB Queries
----------------------------------  -----  ---------  --------  ----------  --------------  -------------------  ----------------------
/opt/airflow/dags/sales_etl_dag.py    555  0.00s             1           0  0.13s           2026-08-31T15:13:53                      12
================================================================================
[2026-08-31T15:14:53.645+0000] {manager.py:997} INFO - 
================================================================================
DAG File Processing Stats

File Path                             PID  Runtime      # DAGs    # Errors  Last Runtime    Last Run               Last # of DB Queries
----------------------------------  -----  ---------  --------  ----------  --------------  -------------------  ----------------------
/opt/airflow/dags/sales_etl_dag.py    560  0.00s             1           0  0.12s           2026-08-31T15:14:23                      12
================================================================================
[2026-08-31T15:15:02.823+0000] {manager.py:821} INFO - Searching for files in /opt/airflow/dags
[2026-08-31T15:15:02.844+0000] {manager.py:824} INFO - There are 1 files in /opt/airflow/dags
[2026-08-31T15:15:24.067+0000] {manager.py:997} INFO - 
================================================================================
DAG File Processing Stats

File Path                             PID  Runtime      # DAGs    # Errors  Last Runtime    Last Run               Last # of DB Queries
----------------------------------  -----  ---------  --------  ----------  --------------  -------------------  ----------------------
/opt/airflow/dags/sales_etl_dag.py    565  0.00s             1           0  0.17s           2026-08-31T15:14:53                      12
================================================================================
[2026-08-31T15:15:54.371+0000] {manager.py:997} INFO - 
================================================================================
DAG File Processing Stats

File Path                             PID  Runtime      # DAGs    # Errors  Last Runtime    Last Run               Last # of DB Queries
----------------------------------  -----  ---------  --------  ----------  --------------  -------------------  ----------------------
/opt/airflow/dags/sales_etl_dag.py    570  0.00s             1           0  0.12s           2026-08-31T15:15:24                      12
================================================================================
[2026-08-31T15:16:24.736+0000] {manager.py:997} INFO - 
================================================================================
DAG File Processing Stats

File Path                             PID  Runtime      # DAGs    # Errors  Last Runtime    Last Run               Last # of DB Queries
----------------------------------  -----  ---------  --------  ----------  --------------  -------------------  ----------------------
/opt/airflow/dags/sales_etl_dag.py    575  0.00s             1           0  0.12s           2026-08-31T15:15:54                      12
================================================================================
[2026-08-31T15:16:54.987+0000] {manager.py:997} INFO - 
================================================================================
DAG File Processing Stats

File Path                             PID  Runtime      # DAGs    # Errors  Last Runtime    Last Run               Last # of DB Queries
----------------------------------  -----  ---------  --------  ----------  --------------  -------------------  ----------------------
/opt/airflow/dags/sales_etl_dag.py    580  0.00s             1           0  0.12s           2026-08-31T15:16:24                      12
================================================================================
[2026-08-31T15:17:25.390+0000] {manager.py:997} INFO - 
================================================================================
DAG File Processing Stats

File Path                             PID  Runtime      # DAGs    # Errors  Last Runtime    Last Run               Last # of DB Queries
----------------------------------  -----  ---------  --------  ----------  --------------  -------------------  ----------------------
/opt/airflow/dags/sales_etl_dag.py    585  0.00s             1           0  0.13s           2026-08-31T15:16:55                      12
================================================================================
[2026-08-31T15:17:55.664+0000] {manager.py:997} INFO - 
================================================================================
DAG File Processing Stats

File Path                             PID  Runtime      # DAGs    # Errors  Last Runtime    Last Run               Last # of DB Queries
----------------------------------  -----  ---------  --------  ----------  --------------  -------------------  ----------------------
/opt/airflow/dags/sales_etl_dag.py    590  0.00s             1           0  0.13s           2026-08-31T15:17:25                      12
================================================================================
[2026-08-31T15:18:26.019+0000] {manager.py:997} INFO - 
================================================================================
DAG File Processing Stats

File Path                             PID  Runtime      # DAGs    # Errors  Last Runtime    Last Run               Last # of DB Queries
----------------------------------  -----  ---------  --------  ----------  --------------  -------------------  ----------------------
/opt/airflow/dags/sales_etl_dag.py    595  0.00s             1           0  0.13s           2026-08-31T15:17:55                      12
================================================================================
[2026-08-31T15:18:56.327+0000] {manager.py:997} INFO - 
================================================================================
DAG File Processing Stats

File Path                             PID  Runtime      # DAGs    # Errors  Last Runtime    Last Run               Last # of DB Queries
----------------------------------  -----  ---------  --------  ----------  --------------  -------------------  ----------------------
/opt/airflow/dags/sales_etl_dag.py    600  0.01s             1           0  0.12s           2026-08-31T15:18:26                      12
================================================================================
[2026-08-31T15:19:26.675+0000] {manager.py:997} INFO - 
================================================================================
DAG File Processing Stats

File Path                             PID  Runtime      # DAGs    # Errors  Last Runtime    Last Run               Last # of DB Queries
----------------------------------  -----  ---------  --------  ----------  --------------  -------------------  ----------------------
/opt/airflow/dags/sales_etl_dag.py    605  0.00s             1           0  0.13s           2026-08-31T15:18:56                      12
================================================================================
[2026-08-31T15:19:56.967+0000] {manager.py:997} INFO - 
================================================================================
DAG File Processing Stats

File Path                             PID  Runtime      # DAGs    # Errors  Last Runtime    Last Run               Last # of DB Queries
----------------------------------  -----  ---------  --------  ----------  --------------  -------------------  ----------------------
/opt/airflow/dags/sales_etl_dag.py    610  0.00s             1           0  0.13s           2026-08-31T15:19:26                      12
================================================================================
[2026-08-31T15:20:03.092+0000] {manager.py:821} INFO - Searching for files in /opt/airflow/dags
[2026-08-31T15:20:03.109+0000] {manager.py:824} INFO - There are 1 files in /opt/airflow/dags
[2026-08-31T15:20:27.330+0000] {manager.py:997} INFO - 
================================================================================
DAG File Processing Stats

File Path                             PID  Runtime      # DAGs    # Errors  Last Runtime    Last Run               Last # of DB Queries
----------------------------------  -----  ---------  --------  ----------  --------------  -------------------  ----------------------
/opt/airflow/dags/sales_etl_dag.py    615  0.00s             1           0  0.16s           2026-08-31T15:19:57                      12
================================================================================
[2026-08-31T15:20:57.623+0000] {manager.py:997} INFO - 
================================================================================
DAG File Processing Stats

File Path                             PID  Runtime      # DAGs    # Errors  Last Runtime    Last Run               Last # of DB Queries
----------------------------------  -----  ---------  --------  ----------  --------------  -------------------  ----------------------
/opt/airflow/dags/sales_etl_dag.py    620  0.01s             1           0  0.12s           2026-08-31T15:20:27                      12
================================================================================
[2026-08-31T15:21:27.974+0000] {manager.py:997} INFO - 
================================================================================
DAG File Processing Stats

File Path                             PID  Runtime      # DAGs    # Errors  Last Runtime    Last Run               Last # of DB Queries
----------------------------------  -----  ---------  --------  ----------  --------------  -------------------  ----------------------
/opt/airflow/dags/sales_etl_dag.py    625  0.00s             1           0  0.15s           2026-08-31T15:20:57                      12
================================================================================
[2026-08-31T15:21:58.256+0000] {manager.py:997} INFO - 
================================================================================
DAG File Processing Stats

File Path                             PID  Runtime      # DAGs    # Errors  Last Runtime    Last Run               Last # of DB Queries
----------------------------------  -----  ---------  --------  ----------  --------------  -------------------  ----------------------
/opt/airflow/dags/sales_etl_dag.py    630  0.00s             1           0  0.12s           2026-08-31T15:21:28                      12
================================================================================
[2026-08-31T15:22:28.617+0000] {manager.py:997} INFO - 
================================================================================
DAG File Processing Stats

File Path                             PID  Runtime      # DAGs    # Errors  Last Runtime    Last Run               Last # of DB Queries
----------------------------------  -----  ---------  --------  ----------  --------------  -------------------  ----------------------
/opt/airflow/dags/sales_etl_dag.py    635  0.00s             1           0  0.13s           2026-08-31T15:21:58                      12
================================================================================
[2026-08-31T15:22:58.919+0000] {manager.py:997} INFO - 
================================================================================
DAG File Processing Stats

File Path                             PID  Runtime      # DAGs    # Errors  Last Runtime    Last Run               Last # of DB Queries
----------------------------------  -----  ---------  --------  ----------  --------------  -------------------  ----------------------
/opt/airflow/dags/sales_etl_dag.py    640  0.00s             1           0  0.12s           2026-08-31T15:22:28                      12
================================================================================
[2026-08-31T15:23:29.269+0000] {manager.py:997} INFO - 
================================================================================
DAG File Processing Stats

File Path                             PID  Runtime      # DAGs    # Errors  Last Runtime    Last Run               Last # of DB Queries
----------------------------------  -----  ---------  --------  ----------  --------------  -------------------  ----------------------
/opt/airflow/dags/sales_etl_dag.py    645  0.00s             1           0  0.12s           2026-08-31T15:22:59                      12
================================================================================
[2026-08-31T15:23:59.547+0000] {manager.py:997} INFO - 
================================================================================
DAG File Processing Stats

File Path                             PID  Runtime      # DAGs    # Errors  Last Runtime    Last Run               Last # of DB Queries
----------------------------------  -----  ---------  --------  ----------  --------------  -------------------  ----------------------
/opt/airflow/dags/sales_etl_dag.py    650  0.00s             1           0  0.13s           2026-08-31T15:23:29                      12
================================================================================
[2026-08-31T15:24:29.948+0000] {manager.py:997} INFO - 
================================================================================
DAG File Processing Stats

File Path                             PID  Runtime      # DAGs    # Errors  Last Runtime    Last Run               Last # of DB Queries
----------------------------------  -----  ---------  --------  ----------  --------------  -------------------  ----------------------
/opt/airflow/dags/sales_etl_dag.py    655  0.00s             1           0  0.14s           2026-08-31T15:23:59                      12
================================================================================
[2026-08-31T15:25:00.224+0000] {manager.py:997} INFO - 
================================================================================
DAG File Processing Stats

File Path                             PID  Runtime      # DAGs    # Errors  Last Runtime    Last Run               Last # of DB Queries
----------------------------------  -----  ---------  --------  ----------  --------------  -------------------  ----------------------
/opt/airflow/dags/sales_etl_dag.py    660  0.01s             1           0  0.12s           2026-08-31T15:24:30                      12
================================================================================
[2026-08-31T15:25:03.336+0000] {manager.py:821} INFO - Searching for files in /opt/airflow/dags
[2026-08-31T15:25:03.356+0000] {manager.py:824} INFO - There are 1 files in /opt/airflow/dags
[2026-08-31T15:25:30.650+0000] {manager.py:997} INFO - 
================================================================================
DAG File Processing Stats

File Path                             PID  Runtime      # DAGs    # Errors  Last Runtime    Last Run               Last # of DB Queries
----------------------------------  -----  ---------  --------  ----------  --------------  -------------------  ----------------------
/opt/airflow/dags/sales_etl_dag.py    665  0.00s             1           0  0.14s           2026-08-31T15:25:00                      12
================================================================================
[2026-08-31T15:26:00.954+0000] {manager.py:997} INFO - 
================================================================================
DAG File Processing Stats

File Path                             PID  Runtime      # DAGs    # Errors  Last Runtime    Last Run               Last # of DB Queries
----------------------------------  -----  ---------  --------  ----------  --------------  -------------------  ----------------------
/opt/airflow/dags/sales_etl_dag.py    670  0.00s             1           0  0.12s           2026-08-31T15:25:30                      12
================================================================================
[2026-08-31T15:26:31.268+0000] {manager.py:997} INFO - 
================================================================================
DAG File Processing Stats

File Path                             PID  Runtime      # DAGs    # Errors  Last Runtime    Last Run               Last # of DB Queries
----------------------------------  -----  ---------  --------  ----------  --------------  -------------------  ----------------------
/opt/airflow/dags/sales_etl_dag.py    675  0.00s             1           0  0.12s           2026-08-31T15:26:01                      12
================================================================================
[2026-08-31T15:27:01.531+0000] {manager.py:997} INFO - 
================================================================================
DAG File Processing Stats

File Path                             PID  Runtime      # DAGs    # Errors  Last Runtime    Last Run               Last # of DB Queries
----------------------------------  -----  ---------  --------  ----------  --------------  -------------------  ----------------------
/opt/airflow/dags/sales_etl_dag.py    680  0.00s             1           0  0.12s           2026-08-31T15:26:31                      12
================================================================================
[2026-08-31T15:27:31.889+0000] {manager.py:997} INFO - 
================================================================================
DAG File Processing Stats

File Path                             PID  Runtime      # DAGs    # Errors  Last Runtime    Last Run               Last # of DB Queries
----------------------------------  -----  ---------  --------  ----------  --------------  -------------------  ----------------------
/opt/airflow/dags/sales_etl_dag.py    685  0.00s             1           0  0.12s           2026-08-31T15:27:01                      12
================================================================================
[2026-08-31T15:28:02.171+0000] {manager.py:997} INFO - 
================================================================================
DAG File Processing Stats

File Path                             PID  Runtime      # DAGs    # Errors  Last Runtime    Last Run               Last # of DB Queries
----------------------------------  -----  ---------  --------  ----------  --------------  -------------------  ----------------------
/opt/airflow/dags/sales_etl_dag.py    690  0.00s             1           0  0.12s           2026-08-31T15:27:32                      12
================================================================================
[2026-08-31T15:28:32.550+0000] {manager.py:997} INFO - 
================================================================================
DAG File Processing Stats

File Path                             PID  Runtime      # DAGs    # Errors  Last Runtime    Last Run               Last # of DB Queries
----------------------------------  -----  ---------  --------  ----------  --------------  -------------------  ----------------------
/opt/airflow/dags/sales_etl_dag.py    695  0.00s             1           0  0.14s           2026-08-31T15:28:02                      12
================================================================================
[2026-08-31T15:29:02.851+0000] {manager.py:997} INFO - 
================================================================================
DAG File Processing Stats

File Path                             PID  Runtime      # DAGs    # Errors  Last Runtime    Last Run               Last # of DB Queries
----------------------------------  -----  ---------  --------  ----------  --------------  -------------------  ----------------------
/opt/airflow/dags/sales_etl_dag.py    700  0.00s             1           0  0.13s           2026-08-31T15:28:32                      12
================================================================================
[2026-08-31T15:29:33.215+0000] {manager.py:997} INFO - 
================================================================================
DAG File Processing Stats

File Path                             PID  Runtime      # DAGs    # Errors  Last Runtime    Last Run               Last # of DB Queries
----------------------------------  -----  ---------  --------  ----------  --------------  -------------------  ----------------------
/opt/airflow/dags/sales_etl_dag.py    705  0.00s             1           0  0.12s           2026-08-31T15:29:02                      12
================================================================================
[2026-08-31T15:30:03.506+0000] {manager.py:821} INFO - Searching for files in /opt/airflow/dags
[2026-08-31T15:30:03.524+0000] {manager.py:824} INFO - There are 1 files in /opt/airflow/dags
[2026-08-31T15:30:03.544+0000] {manager.py:997} INFO - 
================================================================================
DAG File Processing Stats

File Path                             PID  Runtime      # DAGs    # Errors  Last Runtime    Last Run               Last # of DB Queries
----------------------------------  -----  ---------  --------  ----------  --------------  -------------------  ----------------------
/opt/airflow/dags/sales_etl_dag.py    710  0.00s             1           0  0.12s           2026-08-31T15:29:33                      12
================================================================================
[2026-08-31T15:30:33.856+0000] {manager.py:997} INFO - 
================================================================================
DAG File Processing Stats

File Path                             PID  Runtime      # DAGs    # Errors  Last Runtime    Last Run               Last # of DB Queries
----------------------------------  -----  ---------  --------  ----------  --------------  -------------------  ----------------------
/opt/airflow/dags/sales_etl_dag.py    715  0.00s             1           0  0.12s           2026-08-31T15:30:03                      12
================================================================================
[2026-08-31T15:31:04.183+0000] {manager.py:997} INFO - 
================================================================================
DAG File Processing Stats

File Path                             PID  Runtime      # DAGs    # Errors  Last Runtime    Last Run               Last # of DB Queries
----------------------------------  -----  ---------  --------  ----------  --------------  -------------------  ----------------------
/opt/airflow/dags/sales_etl_dag.py    720  0.00s             1           0  0.12s           2026-08-31T15:30:33                      12
================================================================================
[2026-08-31T15:31:34.507+0000] {manager.py:997} INFO - 
================================================================================
DAG File Processing Stats

File Path                             PID  Runtime      # DAGs    # Errors  Last Runtime    Last Run               Last # of DB Queries
----------------------------------  -----  ---------  --------  ----------  --------------  -------------------  ----------------------
/opt/airflow/dags/sales_etl_dag.py    725  0.00s             1           0  0.14s           2026-08-31T15:31:04                      12
================================================================================
[2026-08-31T15:32:04.829+0000] {manager.py:997} INFO - 
================================================================================
DAG File Processing Stats

File Path                             PID  Runtime      # DAGs    # Errors  Last Runtime    Last Run               Last # of DB Queries
----------------------------------  -----  ---------  --------  ----------  --------------  -------------------  ----------------------
/opt/airflow/dags/sales_etl_dag.py    730  0.01s             1           0  0.18s           2026-08-31T15:31:34                      12
================================================================================
[2026-08-31T18:24:50.718+0000] {manager.py:483} INFO - Processing files using up to 2 processes at a time 
[2026-08-31T18:24:50.719+0000] {manager.py:484} INFO - Process each file at most once every 30 seconds
[2026-08-31T18:24:50.725+0000] {manager.py:485} INFO - Checking for new files in /opt/airflow/dags every 300 seconds
[2026-08-31T18:24:50.726+0000] {manager.py:821} INFO - Searching for files in /opt/airflow/dags
[2026-08-31T18:24:50.765+0000] {manager.py:824} INFO - There are 1 files in /opt/airflow/dags
[2026-08-31T18:24:50.892+0000] {manager.py:997} INFO - 
================================================================================
DAG File Processing Stats

File Path                             PID  Runtime      # DAGs    # Errors  Last Runtime    Last Run      Last # of DB Queries
----------------------------------  -----  ---------  --------  ----------  --------------  ----------  ----------------------
/opt/airflow/dags/sales_etl_dag.py    167  0.05s             0           0                                                   0
================================================================================
[2026-08-31T18:25:21.266+0000] {manager.py:997} INFO - 
================================================================================
DAG File Processing Stats

File Path                             PID  Runtime      # DAGs    # Errors  Last Runtime    Last Run               Last # of DB Queries
----------------------------------  -----  ---------  --------  ----------  --------------  -------------------  ----------------------
/opt/airflow/dags/sales_etl_dag.py    172  0.01s             1           0  0.30s           2026-08-31T18:24:51                      12
================================================================================
[2026-08-31T18:25:51.587+0000] {manager.py:997} INFO - 
================================================================================
DAG File Processing Stats

File Path                             PID  Runtime      # DAGs    # Errors  Last Runtime    Last Run               Last # of DB Queries
----------------------------------  -----  ---------  --------  ----------  --------------  -------------------  ----------------------
/opt/airflow/dags/sales_etl_dag.py    201  0.01s             1           0  0.18s           2026-08-31T18:25:21                      12
================================================================================
[2026-08-31T18:26:21.993+0000] {manager.py:997} INFO - 
================================================================================
DAG File Processing Stats

File Path                             PID  Runtime      # DAGs    # Errors  Last Runtime    Last Run               Last # of DB Queries
----------------------------------  -----  ---------  --------  ----------  --------------  -------------------  ----------------------
/opt/airflow/dags/sales_etl_dag.py    206  0.01s             1           0  0.23s           2026-08-31T18:25:51                      12
================================================================================
[2026-08-31T18:26:52.444+0000] {manager.py:997} INFO - 
================================================================================
DAG File Processing Stats

File Path                             PID  Runtime      # DAGs    # Errors  Last Runtime    Last Run               Last # of DB Queries
----------------------------------  -----  ---------  --------  ----------  --------------  -------------------  ----------------------
/opt/airflow/dags/sales_etl_dag.py    211  0.01s             1           0  0.18s           2026-08-31T18:26:22                      12
================================================================================
[2026-08-31T18:27:22.755+0000] {manager.py:997} INFO - 
================================================================================
DAG File Processing Stats

File Path                             PID  Runtime      # DAGs    # Errors  Last Runtime    Last Run               Last # of DB Queries
----------------------------------  -----  ---------  --------  ----------  --------------  -------------------  ----------------------
/opt/airflow/dags/sales_etl_dag.py    216  0.01s             1           0  0.19s           2026-08-31T18:26:52                      12
================================================================================
[2026-08-31T18:27:53.204+0000] {manager.py:997} INFO - 
================================================================================
DAG File Processing Stats

File Path                             PID  Runtime      # DAGs    # Errors  Last Runtime    Last Run               Last # of DB Queries
----------------------------------  -----  ---------  --------  ----------  --------------  -------------------  ----------------------
/opt/airflow/dags/sales_etl_dag.py    221  0.01s             1           0  0.18s           2026-08-31T18:27:22                      12
================================================================================
[2026-08-31T18:27:55.403+0000] {manager.py:465} INFO - Exiting gracefully upon receiving signal 15
[2026-08-31T18:28:33.162+0000] {manager.py:483} INFO - Processing files using up to 2 processes at a time 
[2026-08-31T18:28:33.163+0000] {manager.py:484} INFO - Process each file at most once every 30 seconds
[2026-08-31T18:28:33.164+0000] {manager.py:485} INFO - Checking for new files in /opt/airflow/dags every 300 seconds
[2026-08-31T18:28:33.165+0000] {manager.py:821} INFO - Searching for files in /opt/airflow/dags
[2026-08-31T18:28:33.192+0000] {manager.py:824} INFO - There are 1 files in /opt/airflow/dags
[2026-08-31T18:28:33.309+0000] {manager.py:997} INFO - 
================================================================================
DAG File Processing Stats

File Path                             PID  Runtime      # DAGs    # Errors  Last Runtime    Last Run      Last # of DB Queries
----------------------------------  -----  ---------  --------  ----------  --------------  ----------  ----------------------
/opt/airflow/dags/sales_etl_dag.py    167  0.04s             0           0                                                   0
================================================================================
[2026-08-31T18:29:03.588+0000] {manager.py:997} INFO - 
================================================================================
DAG File Processing Stats

File Path                             PID  Runtime      # DAGs    # Errors  Last Runtime    Last Run               Last # of DB Queries
----------------------------------  -----  ---------  --------  ----------  --------------  -------------------  ----------------------
/opt/airflow/dags/sales_etl_dag.py    172  0.01s             1           0  0.27s           2026-08-31T18:28:33                      12
================================================================================
[2026-08-31T18:29:33.897+0000] {manager.py:997} INFO - 
================================================================================
DAG File Processing Stats

File Path                             PID  Runtime      # DAGs    # Errors  Last Runtime    Last Run               Last # of DB Queries
----------------------------------  -----  ---------  --------  ----------  --------------  -------------------  ----------------------
/opt/airflow/dags/sales_etl_dag.py    177  0.02s             1           0  0.19s           2026-08-31T18:29:03                      12
================================================================================
[2026-08-31T18:30:04.337+0000] {manager.py:997} INFO - 
================================================================================
DAG File Processing Stats

File Path                             PID  Runtime      # DAGs    # Errors  Last Runtime    Last Run               Last # of DB Queries
----------------------------------  -----  ---------  --------  ----------  --------------  -------------------  ----------------------
/opt/airflow/dags/sales_etl_dag.py    206  0.00s             1           0  0.23s           2026-08-31T18:29:34                      12
================================================================================
[2026-08-31T18:30:34.726+0000] {manager.py:997} INFO - 
================================================================================
DAG File Processing Stats

File Path                             PID  Runtime      # DAGs    # Errors  Last Runtime    Last Run               Last # of DB Queries
----------------------------------  -----  ---------  --------  ----------  --------------  -------------------  ----------------------
/opt/airflow/dags/sales_etl_dag.py    211  0.00s             1           0  0.14s           2026-08-31T18:30:04                      12
================================================================================
[2026-08-31T18:30:48.889+0000] {manager.py:465} INFO - Exiting gracefully upon receiving signal 15
[2026-08-31T18:31:46.758+0000] {manager.py:483} INFO - Processing files using up to 2 processes at a time 
[2026-08-31T18:31:46.760+0000] {manager.py:484} INFO - Process each file at most once every 30 seconds
[2026-08-31T18:31:46.761+0000] {manager.py:485} INFO - Checking for new files in /opt/airflow/dags every 300 seconds
[2026-08-31T18:31:46.762+0000] {manager.py:821} INFO - Searching for files in /opt/airflow/dags
[2026-08-31T18:31:46.797+0000] {manager.py:824} INFO - There are 1 files in /opt/airflow/dags
[2026-08-31T18:31:46.919+0000] {manager.py:997} INFO - 
================================================================================
DAG File Processing Stats

File Path                             PID  Runtime      # DAGs    # Errors  Last Runtime    Last Run      Last # of DB Queries
----------------------------------  -----  ---------  --------  ----------  --------------  ----------  ----------------------
/opt/airflow/dags/sales_etl_dag.py    167  0.03s             0           0                                                   0
================================================================================
[2026-08-31T18:32:17.180+0000] {manager.py:997} INFO - 
================================================================================
DAG File Processing Stats

File Path                           PID    Runtime      # DAGs    # Errors  Last Runtime    Last Run               Last # of DB Queries
----------------------------------  -----  ---------  --------  ----------  --------------  -------------------  ----------------------
/opt/airflow/dags/sales_etl_dag.py                           1           0  0.63s           2026-08-31T18:31:47                      45
================================================================================
[2026-08-31T18:32:47.281+0000] {manager.py:997} INFO - 
================================================================================
DAG File Processing Stats

File Path                           PID    Runtime      # DAGs    # Errors  Last Runtime    Last Run               Last # of DB Queries
----------------------------------  -----  ---------  --------  ----------  --------------  -------------------  ----------------------
/opt/airflow/dags/sales_etl_dag.py                           1           0  0.21s           2026-08-31T18:32:18                      12
================================================================================
[2026-08-31T18:33:17.517+0000] {manager.py:997} INFO - 
================================================================================
DAG File Processing Stats

File Path                           PID    Runtime      # DAGs    # Errors  Last Runtime    Last Run               Last # of DB Queries
----------------------------------  -----  ---------  --------  ----------  --------------  -------------------  ----------------------
/opt/airflow/dags/sales_etl_dag.py                           1           0  0.19s           2026-08-31T18:32:48                      12
================================================================================
[2026-08-31T18:33:47.819+0000] {manager.py:997} INFO - 
================================================================================
DAG File Processing Stats

File Path                           PID    Runtime      # DAGs    # Errors  Last Runtime    Last Run               Last # of DB Queries
----------------------------------  -----  ---------  --------  ----------  --------------  -------------------  ----------------------
/opt/airflow/dags/sales_etl_dag.py                           1           0  0.16s           2026-08-31T18:33:18                      12
================================================================================
[2026-08-31T18:34:18.265+0000] {manager.py:997} INFO - 
================================================================================
DAG File Processing Stats

File Path                           PID    Runtime      # DAGs    # Errors  Last Runtime    Last Run               Last # of DB Queries
----------------------------------  -----  ---------  --------  ----------  --------------  -------------------  ----------------------
/opt/airflow/dags/sales_etl_dag.py                           1           0  0.15s           2026-08-31T18:33:48                      12
================================================================================
[2026-08-31T18:34:48.641+0000] {manager.py:997} INFO - 
================================================================================
DAG File Processing Stats

File Path                           PID    Runtime      # DAGs    # Errors  Last Runtime    Last Run               Last # of DB Queries
----------------------------------  -----  ---------  --------  ----------  --------------  -------------------  ----------------------
/opt/airflow/dags/sales_etl_dag.py                           1           0  0.14s           2026-08-31T18:34:19                      12
================================================================================
[2026-08-31T18:35:19.047+0000] {manager.py:997} INFO - 
================================================================================
DAG File Processing Stats

File Path                           PID    Runtime      # DAGs    # Errors  Last Runtime    Last Run               Last # of DB Queries
----------------------------------  -----  ---------  --------  ----------  --------------  -------------------  ----------------------
/opt/airflow/dags/sales_etl_dag.py                           1           0  0.16s           2026-08-31T18:34:49                      12
================================================================================
[2026-08-31T18:35:49.458+0000] {manager.py:997} INFO - 
================================================================================
DAG File Processing Stats

File Path                           PID    Runtime      # DAGs    # Errors  Last Runtime    Last Run               Last # of DB Queries
----------------------------------  -----  ---------  --------  ----------  --------------  -------------------  ----------------------
/opt/airflow/dags/sales_etl_dag.py                           1           0  0.13s           2026-08-31T18:35:20                      12
================================================================================
[2026-08-31T18:36:19.790+0000] {manager.py:997} INFO - 
================================================================================
DAG File Processing Stats

File Path                           PID    Runtime      # DAGs    # Errors  Last Runtime    Last Run               Last # of DB Queries
----------------------------------  -----  ---------  --------  ----------  --------------  -------------------  ----------------------
/opt/airflow/dags/sales_etl_dag.py                           1           0  0.16s           2026-08-31T18:35:50                      12
================================================================================
[2026-08-31T18:36:47.226+0000] {manager.py:821} INFO - Searching for files in /opt/airflow/dags
[2026-08-31T18:36:47.263+0000] {manager.py:824} INFO - There are 1 files in /opt/airflow/dags
[2026-08-31T18:36:50.314+0000] {manager.py:997} INFO - 
================================================================================
DAG File Processing Stats

File Path                           PID    Runtime      # DAGs    # Errors  Last Runtime    Last Run               Last # of DB Queries
----------------------------------  -----  ---------  --------  ----------  --------------  -------------------  ----------------------
/opt/airflow/dags/sales_etl_dag.py                           1           0  0.14s           2026-08-31T18:36:20                      12
================================================================================
[2026-08-31T18:37:20.682+0000] {manager.py:997} INFO - 
================================================================================
DAG File Processing Stats

File Path                           PID    Runtime      # DAGs    # Errors  Last Runtime    Last Run               Last # of DB Queries
----------------------------------  -----  ---------  --------  ----------  --------------  -------------------  ----------------------
/opt/airflow/dags/sales_etl_dag.py                           1           0  0.14s           2026-08-31T18:36:51                      12
================================================================================
[2026-08-31T18:37:51.058+0000] {manager.py:997} INFO - 
================================================================================
DAG File Processing Stats

File Path                           PID    Runtime      # DAGs    # Errors  Last Runtime    Last Run               Last # of DB Queries
----------------------------------  -----  ---------  --------  ----------  --------------  -------------------  ----------------------
/opt/airflow/dags/sales_etl_dag.py                           1           0  0.13s           2026-08-31T18:37:21                      12
================================================================================
[2026-08-31T18:38:21.499+0000] {manager.py:997} INFO - 
================================================================================
DAG File Processing Stats

File Path                           PID    Runtime      # DAGs    # Errors  Last Runtime    Last Run               Last # of DB Queries
----------------------------------  -----  ---------  --------  ----------  --------------  -------------------  ----------------------
/opt/airflow/dags/sales_etl_dag.py                           1           0  0.13s           2026-08-31T18:37:52                      12
================================================================================
[2026-08-31T18:38:51.851+0000] {manager.py:997} INFO - 
================================================================================
DAG File Processing Stats

File Path                           PID    Runtime      # DAGs    # Errors  Last Runtime    Last Run               Last # of DB Queries
----------------------------------  -----  ---------  --------  ----------  --------------  -------------------  ----------------------
/opt/airflow/dags/sales_etl_dag.py                           1           0  0.16s           2026-08-31T18:38:22                      12
================================================================================
[2026-08-31T18:39:22.236+0000] {manager.py:997} INFO - 
================================================================================
DAG File Processing Stats

File Path                           PID    Runtime      # DAGs    # Errors  Last Runtime    Last Run               Last # of DB Queries
----------------------------------  -----  ---------  --------  ----------  --------------  -------------------  ----------------------
/opt/airflow/dags/sales_etl_dag.py                           1           0  0.12s           2026-08-31T18:38:52                      12
================================================================================
[2026-08-31T18:39:52.678+0000] {manager.py:997} INFO - 
================================================================================
DAG File Processing Stats

File Path                           PID    Runtime      # DAGs    # Errors  Last Runtime    Last Run               Last # of DB Queries
----------------------------------  -----  ---------  --------  ----------  --------------  -------------------  ----------------------
/opt/airflow/dags/sales_etl_dag.py                           1           0  0.12s           2026-08-31T18:39:23                      12
================================================================================
[2026-08-31T18:40:23.063+0000] {manager.py:997} INFO - 
================================================================================
DAG File Processing Stats

File Path                           PID    Runtime      # DAGs    # Errors  Last Runtime    Last Run               Last # of DB Queries
----------------------------------  -----  ---------  --------  ----------  --------------  -------------------  ----------------------
/opt/airflow/dags/sales_etl_dag.py                           1           0  0.13s           2026-08-31T18:39:53                      12
================================================================================
[2026-08-31T18:40:53.536+0000] {manager.py:997} INFO - 
================================================================================
DAG File Processing Stats

File Path                           PID    Runtime      # DAGs    # Errors  Last Runtime    Last Run               Last # of DB Queries
----------------------------------  -----  ---------  --------  ----------  --------------  -------------------  ----------------------
/opt/airflow/dags/sales_etl_dag.py                           1           0  0.14s           2026-08-31T18:40:24                      12
================================================================================
[2026-08-31T18:41:23.912+0000] {manager.py:997} INFO - 
================================================================================
DAG File Processing Stats

File Path                           PID    Runtime      # DAGs    # Errors  Last Runtime    Last Run               Last # of DB Queries
----------------------------------  -----  ---------  --------  ----------  --------------  -------------------  ----------------------
/opt/airflow/dags/sales_etl_dag.py                           1           0  0.13s           2026-08-31T18:40:54                      12
================================================================================
[2026-08-31T18:41:47.289+0000] {manager.py:821} INFO - Searching for files in /opt/airflow/dags
[2026-08-31T18:41:47.322+0000] {manager.py:824} INFO - There are 1 files in /opt/airflow/dags
[2026-08-31T18:41:54.258+0000] {manager.py:997} INFO - 
================================================================================
DAG File Processing Stats

File Path                           PID    Runtime      # DAGs    # Errors  Last Runtime    Last Run               Last # of DB Queries
----------------------------------  -----  ---------  --------  ----------  --------------  -------------------  ----------------------
/opt/airflow/dags/sales_etl_dag.py                           1           0  0.14s           2026-08-31T18:41:25                      12
================================================================================
[2026-08-31T18:42:24.657+0000] {manager.py:997} INFO - 
================================================================================
DAG File Processing Stats

File Path                           PID    Runtime      # DAGs    # Errors  Last Runtime    Last Run               Last # of DB Queries
----------------------------------  -----  ---------  --------  ----------  --------------  -------------------  ----------------------
/opt/airflow/dags/sales_etl_dag.py                           1           0  0.19s           2026-08-31T18:41:55                      12
================================================================================
[2026-08-31T18:42:54.990+0000] {manager.py:997} INFO - 
================================================================================
DAG File Processing Stats

File Path                           PID    Runtime      # DAGs    # Errors  Last Runtime    Last Run               Last # of DB Queries
----------------------------------  -----  ---------  --------  ----------  --------------  -------------------  ----------------------
/opt/airflow/dags/sales_etl_dag.py                           1           0  0.19s           2026-08-31T18:42:25                      12
================================================================================
[2026-08-31T18:43:25.413+0000] {manager.py:997} INFO - 
================================================================================
DAG File Processing Stats

File Path                           PID    Runtime      # DAGs    # Errors  Last Runtime    Last Run               Last # of DB Queries
----------------------------------  -----  ---------  --------  ----------  --------------  -------------------  ----------------------
/opt/airflow/dags/sales_etl_dag.py                           1           0  0.16s           2026-08-31T18:42:56                      12
================================================================================
[2026-08-31T18:43:55.731+0000] {manager.py:997} INFO - 
================================================================================
DAG File Processing Stats

File Path                           PID    Runtime      # DAGs    # Errors  Last Runtime    Last Run               Last # of DB Queries
----------------------------------  -----  ---------  --------  ----------  --------------  -------------------  ----------------------
/opt/airflow/dags/sales_etl_dag.py                           1           0  0.19s           2026-08-31T18:43:26                      12
================================================================================
[2026-08-31T18:44:04.108+0000] {manager.py:465} INFO - Exiting gracefully upon receiving signal 15
[2026-08-31T18:44:25.732+0000] {manager.py:483} INFO - Processing files using up to 2 processes at a time 
[2026-08-31T18:44:25.733+0000] {manager.py:484} INFO - Process each file at most once every 30 seconds
[2026-08-31T18:44:25.733+0000] {manager.py:485} INFO - Checking for new files in /opt/airflow/dags every 300 seconds
[2026-08-31T18:44:25.734+0000] {manager.py:821} INFO - Searching for files in /opt/airflow/dags
[2026-08-31T18:44:25.761+0000] {manager.py:824} INFO - There are 1 files in /opt/airflow/dags
[2026-08-31T18:44:25.855+0000] {manager.py:997} INFO - 
================================================================================
DAG File Processing Stats

File Path                             PID  Runtime      # DAGs    # Errors  Last Runtime    Last Run      Last # of DB Queries
----------------------------------  -----  ---------  --------  ----------  --------------  ----------  ----------------------
/opt/airflow/dags/sales_etl_dag.py    167  0.03s             0           0                                                   0
================================================================================
[2026-08-31T18:44:56.165+0000] {manager.py:997} INFO - 
================================================================================
DAG File Processing Stats

File Path                             PID  Runtime      # DAGs    # Errors  Last Runtime    Last Run               Last # of DB Queries
----------------------------------  -----  ---------  --------  ----------  --------------  -------------------  ----------------------
/opt/airflow/dags/sales_etl_dag.py    172  0.01s             1           0  0.20s           2026-08-31T18:44:26                      12
================================================================================
[2026-08-31T18:45:26.669+0000] {manager.py:997} INFO - 
================================================================================
DAG File Processing Stats

File Path                             PID  Runtime      # DAGs    # Errors  Last Runtime    Last Run               Last # of DB Queries
----------------------------------  -----  ---------  --------  ----------  --------------  -------------------  ----------------------
/opt/airflow/dags/sales_etl_dag.py    177  0.00s             1           0  0.13s           2026-08-31T18:44:56                      12
================================================================================
[2026-08-31T18:45:56.995+0000] {manager.py:997} INFO - 
================================================================================
DAG File Processing Stats

File Path                             PID  Runtime      # DAGs    # Errors  Last Runtime    Last Run               Last # of DB Queries
----------------------------------  -----  ---------  --------  ----------  --------------  -------------------  ----------------------
/opt/airflow/dags/sales_etl_dag.py    182  0.00s             1           0  0.13s           2026-08-31T18:45:26                      12
================================================================================
[2026-08-31T18:46:27.416+0000] {manager.py:997} INFO - 
================================================================================
DAG File Processing Stats

File Path                             PID  Runtime      # DAGs    # Errors  Last Runtime    Last Run               Last # of DB Queries
----------------------------------  -----  ---------  --------  ----------  --------------  -------------------  ----------------------
/opt/airflow/dags/sales_etl_dag.py    187  0.01s             1           0  0.16s           2026-08-31T18:45:57                      12
================================================================================
[2026-08-31T18:46:57.735+0000] {manager.py:997} INFO - 
================================================================================
DAG File Processing Stats

File Path                             PID  Runtime      # DAGs    # Errors  Last Runtime    Last Run               Last # of DB Queries
----------------------------------  -----  ---------  --------  ----------  --------------  -------------------  ----------------------
/opt/airflow/dags/sales_etl_dag.py    192  0.00s             1           0  0.21s           2026-08-31T18:46:27                      12
================================================================================
[2026-08-31T18:47:28.015+0000] {manager.py:997} INFO - 
================================================================================
DAG File Processing Stats

File Path                             PID  Runtime      # DAGs    # Errors  Last Runtime    Last Run               Last # of DB Queries
----------------------------------  -----  ---------  --------  ----------  --------------  -------------------  ----------------------
/opt/airflow/dags/sales_etl_dag.py    197  0.00s             1           0  0.13s           2026-08-31T18:46:57                      12
================================================================================
[2026-08-31T18:47:58.507+0000] {manager.py:997} INFO - 
================================================================================
DAG File Processing Stats

File Path                             PID  Runtime      # DAGs    # Errors  Last Runtime    Last Run               Last # of DB Queries
----------------------------------  -----  ---------  --------  ----------  --------------  -------------------  ----------------------
/opt/airflow/dags/sales_etl_dag.py    202  0.01s             1           0  0.16s           2026-08-31T18:47:28                      12
================================================================================
[2026-08-31T18:48:28.832+0000] {manager.py:997} INFO - 
================================================================================
DAG File Processing Stats

File Path                             PID  Runtime      # DAGs    # Errors  Last Runtime    Last Run               Last # of DB Queries
----------------------------------  -----  ---------  --------  ----------  --------------  -------------------  ----------------------
/opt/airflow/dags/sales_etl_dag.py    207  0.01s             1           0  0.16s           2026-08-31T18:47:58                      12
================================================================================
[2026-08-31T18:48:59.156+0000] {manager.py:997} INFO - 
================================================================================
DAG File Processing Stats

File Path                             PID  Runtime      # DAGs    # Errors  Last Runtime    Last Run               Last # of DB Queries
----------------------------------  -----  ---------  --------  ----------  --------------  -------------------  ----------------------
/opt/airflow/dags/sales_etl_dag.py    212  0.00s             1           0  0.14s           2026-08-31T18:48:28                      12
================================================================================
[2026-08-31T18:49:26.455+0000] {manager.py:821} INFO - Searching for files in /opt/airflow/dags
[2026-08-31T18:49:26.486+0000] {manager.py:824} INFO - There are 1 files in /opt/airflow/dags
[2026-08-31T18:49:29.552+0000] {manager.py:997} INFO - 
================================================================================
DAG File Processing Stats

File Path                             PID  Runtime      # DAGs    # Errors  Last Runtime    Last Run               Last # of DB Queries
----------------------------------  -----  ---------  --------  ----------  --------------  -------------------  ----------------------
/opt/airflow/dags/sales_etl_dag.py    217  0.00s             1           0  0.13s           2026-08-31T18:48:59                      12
================================================================================
[2026-08-31T18:50:00.030+0000] {manager.py:997} INFO - 
================================================================================
DAG File Processing Stats

File Path                             PID  Runtime      # DAGs    # Errors  Last Runtime    Last Run               Last # of DB Queries
----------------------------------  -----  ---------  --------  ----------  --------------  -------------------  ----------------------
/opt/airflow/dags/sales_etl_dag.py    222  0.01s             1           0  0.14s           2026-08-31T18:49:29                      12
================================================================================
[2026-08-31T18:50:30.406+0000] {manager.py:997} INFO - 
================================================================================
DAG File Processing Stats

File Path                             PID  Runtime      # DAGs    # Errors  Last Runtime    Last Run               Last # of DB Queries
----------------------------------  -----  ---------  --------  ----------  --------------  -------------------  ----------------------
/opt/airflow/dags/sales_etl_dag.py    227  0.00s             1           0  0.17s           2026-08-31T18:50:00                      12
================================================================================
[2026-08-31T18:51:00.856+0000] {manager.py:997} INFO - 
================================================================================
DAG File Processing Stats

File Path                             PID  Runtime      # DAGs    # Errors  Last Runtime    Last Run               Last # of DB Queries
----------------------------------  -----  ---------  --------  ----------  --------------  -------------------  ----------------------
/opt/airflow/dags/sales_etl_dag.py    232  0.01s             1           0  0.14s           2026-08-31T18:50:30                      12
================================================================================
[2026-08-31T18:51:34.733+0000] {manager.py:997} INFO - 
================================================================================
DAG File Processing Stats

File Path                           PID    Runtime      # DAGs    # Errors  Last Runtime    Last Run               Last # of DB Queries
----------------------------------  -----  ---------  --------  ----------  --------------  -------------------  ----------------------
/opt/airflow/dags/sales_etl_dag.py                           1           0  0.17s           2026-08-31T18:51:31                      12
================================================================================
[2026-08-31T18:52:05.056+0000] {manager.py:997} INFO - 
================================================================================
DAG File Processing Stats

File Path                           PID    Runtime      # DAGs    # Errors  Last Runtime    Last Run               Last # of DB Queries
----------------------------------  -----  ---------  --------  ----------  --------------  -------------------  ----------------------
/opt/airflow/dags/sales_etl_dag.py                           1           0  0.14s           2026-08-31T18:52:02                      12
================================================================================
[2026-08-31T18:52:35.514+0000] {manager.py:997} INFO - 
================================================================================
DAG File Processing Stats

File Path                           PID    Runtime      # DAGs    # Errors  Last Runtime    Last Run               Last # of DB Queries
----------------------------------  -----  ---------  --------  ----------  --------------  -------------------  ----------------------
/opt/airflow/dags/sales_etl_dag.py                           1           0  0.13s           2026-08-31T18:52:32                      12
================================================================================
[2026-08-31T18:53:05.903+0000] {manager.py:997} INFO - 
================================================================================
DAG File Processing Stats

File Path                           PID    Runtime      # DAGs    # Errors  Last Runtime    Last Run               Last # of DB Queries
----------------------------------  -----  ---------  --------  ----------  --------------  -------------------  ----------------------
/opt/airflow/dags/sales_etl_dag.py                           1           0  0.17s           2026-08-31T18:53:03                      12
================================================================================
[2026-08-31T18:53:36.375+0000] {manager.py:997} INFO - 
================================================================================
DAG File Processing Stats

File Path                           PID    Runtime      # DAGs    # Errors  Last Runtime    Last Run               Last # of DB Queries
----------------------------------  -----  ---------  --------  ----------  --------------  -------------------  ----------------------
/opt/airflow/dags/sales_etl_dag.py                           1           0  0.14s           2026-08-31T18:53:33                      12
================================================================================
[2026-08-31T18:54:06.709+0000] {manager.py:997} INFO - 
================================================================================
DAG File Processing Stats

File Path                           PID    Runtime      # DAGs    # Errors  Last Runtime    Last Run               Last # of DB Queries
----------------------------------  -----  ---------  --------  ----------  --------------  -------------------  ----------------------
/opt/airflow/dags/sales_etl_dag.py                           1           0  0.14s           2026-08-31T18:54:03                      12
================================================================================
[2026-08-31T18:54:26.922+0000] {manager.py:821} INFO - Searching for files in /opt/airflow/dags
[2026-08-31T18:54:26.944+0000] {manager.py:824} INFO - There are 1 files in /opt/airflow/dags
[2026-08-31T18:54:37.113+0000] {manager.py:997} INFO - 
================================================================================
DAG File Processing Stats

File Path                           PID    Runtime      # DAGs    # Errors  Last Runtime    Last Run               Last # of DB Queries
----------------------------------  -----  ---------  --------  ----------  --------------  -------------------  ----------------------
/opt/airflow/dags/sales_etl_dag.py                           1           0  0.17s           2026-08-31T18:54:34                      12
================================================================================
[2026-08-31T18:55:07.497+0000] {manager.py:997} INFO - 
================================================================================
DAG File Processing Stats

File Path                           PID    Runtime      # DAGs    # Errors  Last Runtime    Last Run               Last # of DB Queries
----------------------------------  -----  ---------  --------  ----------  --------------  -------------------  ----------------------
/opt/airflow/dags/sales_etl_dag.py                           1           0  0.17s           2026-08-31T18:55:04                      12
================================================================================
[2026-08-31T18:55:37.878+0000] {manager.py:997} INFO - 
================================================================================
DAG File Processing Stats

File Path                           PID    Runtime      # DAGs    # Errors  Last Runtime    Last Run               Last # of DB Queries
----------------------------------  -----  ---------  --------  ----------  --------------  -------------------  ----------------------
/opt/airflow/dags/sales_etl_dag.py                           1           0  0.14s           2026-08-31T18:55:34                      12
================================================================================
[2026-08-31T18:56:08.227+0000] {manager.py:997} INFO - 
================================================================================
DAG File Processing Stats

File Path                           PID    Runtime      # DAGs    # Errors  Last Runtime    Last Run               Last # of DB Queries
----------------------------------  -----  ---------  --------  ----------  --------------  -------------------  ----------------------
/opt/airflow/dags/sales_etl_dag.py                           1           0  0.23s           2026-08-31T18:56:05                      12
================================================================================
[2026-08-31T18:56:38.577+0000] {manager.py:997} INFO - 
================================================================================
DAG File Processing Stats

File Path                           PID    Runtime      # DAGs    # Errors  Last Runtime    Last Run               Last # of DB Queries
----------------------------------  -----  ---------  --------  ----------  --------------  -------------------  ----------------------
/opt/airflow/dags/sales_etl_dag.py                           1           0  0.12s           2026-08-31T18:56:35                      12
================================================================================
[2026-08-31T18:57:08.936+0000] {manager.py:997} INFO - 
================================================================================
DAG File Processing Stats

File Path                           PID    Runtime      # DAGs    # Errors  Last Runtime    Last Run               Last # of DB Queries
----------------------------------  -----  ---------  --------  ----------  --------------  -------------------  ----------------------
/opt/airflow/dags/sales_etl_dag.py                           1           0  0.20s           2026-08-31T18:57:06                      12
================================================================================
[2026-08-31T18:57:39.344+0000] {manager.py:997} INFO - 
================================================================================
DAG File Processing Stats

File Path                           PID    Runtime      # DAGs    # Errors  Last Runtime    Last Run               Last # of DB Queries
----------------------------------  -----  ---------  --------  ----------  --------------  -------------------  ----------------------
/opt/airflow/dags/sales_etl_dag.py                           1           0  0.19s           2026-08-31T18:57:36                      12
================================================================================
[2026-08-31T18:58:09.758+0000] {manager.py:997} INFO - 
================================================================================
DAG File Processing Stats

File Path                           PID    Runtime      # DAGs    # Errors  Last Runtime    Last Run               Last # of DB Queries
----------------------------------  -----  ---------  --------  ----------  --------------  -------------------  ----------------------
/opt/airflow/dags/sales_etl_dag.py                           1           0  0.16s           2026-08-31T18:58:06                      12
================================================================================
[2026-08-31T18:58:40.131+0000] {manager.py:997} INFO - 
================================================================================
DAG File Processing Stats

File Path                           PID    Runtime      # DAGs    # Errors  Last Runtime    Last Run               Last # of DB Queries
----------------------------------  -----  ---------  --------  ----------  --------------  -------------------  ----------------------
/opt/airflow/dags/sales_etl_dag.py                           1           0  0.14s           2026-08-31T18:58:37                      12
================================================================================
[2026-08-31T18:59:10.552+0000] {manager.py:997} INFO - 
================================================================================
DAG File Processing Stats

File Path                           PID    Runtime      # DAGs    # Errors  Last Runtime    Last Run               Last # of DB Queries
----------------------------------  -----  ---------  --------  ----------  --------------  -------------------  ----------------------
/opt/airflow/dags/sales_etl_dag.py                           1           0  0.17s           2026-08-31T18:59:07                      12
================================================================================
[2026-08-31T18:59:27.731+0000] {manager.py:821} INFO - Searching for files in /opt/airflow/dags
[2026-08-31T18:59:27.752+0000] {manager.py:824} INFO - There are 1 files in /opt/airflow/dags
[2026-08-31T18:59:40.954+0000] {manager.py:997} INFO - 
================================================================================
DAG File Processing Stats

File Path                           PID    Runtime      # DAGs    # Errors  Last Runtime    Last Run               Last # of DB Queries
----------------------------------  -----  ---------  --------  ----------  --------------  -------------------  ----------------------
/opt/airflow/dags/sales_etl_dag.py                           1           0  0.14s           2026-08-31T18:59:38                      12
================================================================================
[2026-08-31T19:00:11.382+0000] {manager.py:997} INFO - 
================================================================================
DAG File Processing Stats

File Path                           PID    Runtime      # DAGs    # Errors  Last Runtime    Last Run               Last # of DB Queries
----------------------------------  -----  ---------  --------  ----------  --------------  -------------------  ----------------------
/opt/airflow/dags/sales_etl_dag.py                           1           0  0.19s           2026-08-31T19:00:08                      12
================================================================================
[2026-08-31T19:00:41.737+0000] {manager.py:997} INFO - 
================================================================================
DAG File Processing Stats

File Path                           PID    Runtime      # DAGs    # Errors  Last Runtime    Last Run               Last # of DB Queries
----------------------------------  -----  ---------  --------  ----------  --------------  -------------------  ----------------------
/opt/airflow/dags/sales_etl_dag.py                           1           0  0.19s           2026-08-31T19:00:38                      12
================================================================================
[2026-08-31T19:01:12.170+0000] {manager.py:997} INFO - 
================================================================================
DAG File Processing Stats

File Path                           PID    Runtime      # DAGs    # Errors  Last Runtime    Last Run               Last # of DB Queries
----------------------------------  -----  ---------  --------  ----------  --------------  -------------------  ----------------------
/opt/airflow/dags/sales_etl_dag.py                           1           0  0.18s           2026-08-31T19:01:09                      12
================================================================================
[2026-08-31T19:01:42.530+0000] {manager.py:997} INFO - 
================================================================================
DAG File Processing Stats

File Path                           PID    Runtime      # DAGs    # Errors  Last Runtime    Last Run               Last # of DB Queries
----------------------------------  -----  ---------  --------  ----------  --------------  -------------------  ----------------------
/opt/airflow/dags/sales_etl_dag.py                           1           0  0.15s           2026-08-31T19:01:39                      12
================================================================================
[2026-08-31T19:02:12.909+0000] {manager.py:997} INFO - 
================================================================================
DAG File Processing Stats

File Path                           PID    Runtime      # DAGs    # Errors  Last Runtime    Last Run               Last # of DB Queries
----------------------------------  -----  ---------  --------  ----------  --------------  -------------------  ----------------------
/opt/airflow/dags/sales_etl_dag.py                           1           0  0.16s           2026-08-31T19:02:09                      12
================================================================================
[2026-08-31T19:02:43.317+0000] {manager.py:997} INFO - 
================================================================================
DAG File Processing Stats

File Path                           PID    Runtime      # DAGs    # Errors  Last Runtime    Last Run               Last # of DB Queries
----------------------------------  -----  ---------  --------  ----------  --------------  -------------------  ----------------------
/opt/airflow/dags/sales_etl_dag.py                           1           0  0.17s           2026-08-31T19:02:20                      12
================================================================================
[2026-08-31T19:03:13.672+0000] {manager.py:997} INFO - 
================================================================================
DAG File Processing Stats

File Path                           PID    Runtime      # DAGs    # Errors  Last Runtime    Last Run               Last # of DB Queries
----------------------------------  -----  ---------  --------  ----------  --------------  -------------------  ----------------------
/opt/airflow/dags/sales_etl_dag.py                           1           0  0.15s           2026-08-31T19:02:50                      12
================================================================================
[2026-08-31T19:03:44.149+0000] {manager.py:997} INFO - 
================================================================================
DAG File Processing Stats

File Path                           PID    Runtime      # DAGs    # Errors  Last Runtime    Last Run               Last # of DB Queries
----------------------------------  -----  ---------  --------  ----------  --------------  -------------------  ----------------------
/opt/airflow/dags/sales_etl_dag.py                           1           0  0.15s           2026-08-31T19:03:20                      12
================================================================================
[2026-08-31T19:04:14.514+0000] {manager.py:997} INFO - 
================================================================================
DAG File Processing Stats

File Path                           PID    Runtime      # DAGs    # Errors  Last Runtime    Last Run               Last # of DB Queries
----------------------------------  -----  ---------  --------  ----------  --------------  -------------------  ----------------------
/opt/airflow/dags/sales_etl_dag.py                           1           0  0.16s           2026-08-31T19:03:51                      12
================================================================================
[2026-08-31T19:04:27.779+0000] {manager.py:821} INFO - Searching for files in /opt/airflow/dags
[2026-08-31T19:04:27.793+0000] {manager.py:824} INFO - There are 1 files in /opt/airflow/dags
[2026-08-31T19:04:44.993+0000] {manager.py:997} INFO - 
================================================================================
DAG File Processing Stats

File Path                           PID    Runtime      # DAGs    # Errors  Last Runtime    Last Run               Last # of DB Queries
----------------------------------  -----  ---------  --------  ----------  --------------  -------------------  ----------------------
/opt/airflow/dags/sales_etl_dag.py                           1           0  0.13s           2026-08-31T19:04:21                      12
================================================================================
[2026-08-31T19:05:15.390+0000] {manager.py:997} INFO - 
================================================================================
DAG File Processing Stats

File Path                           PID    Runtime      # DAGs    # Errors  Last Runtime    Last Run               Last # of DB Queries
----------------------------------  -----  ---------  --------  ----------  --------------  -------------------  ----------------------
/opt/airflow/dags/sales_etl_dag.py                           1           0  0.12s           2026-08-31T19:04:52                      12
================================================================================
[2026-08-31T19:05:45.747+0000] {manager.py:997} INFO - 
================================================================================
DAG File Processing Stats

File Path                           PID    Runtime      # DAGs    # Errors  Last Runtime    Last Run               Last # of DB Queries
----------------------------------  -----  ---------  --------  ----------  --------------  -------------------  ----------------------
/opt/airflow/dags/sales_etl_dag.py                           1           0  0.13s           2026-08-31T19:05:22                      12
================================================================================
[2026-08-31T19:10:47.523+0000] {manager.py:821} INFO - Searching for files in /opt/airflow/dags
[2026-08-31T19:10:47.539+0000] {manager.py:824} INFO - There are 1 files in /opt/airflow/dags
[2026-08-31T19:10:57.705+0000] {manager.py:997} INFO - 
================================================================================
DAG File Processing Stats

File Path                           PID    Runtime      # DAGs    # Errors  Last Runtime    Last Run               Last # of DB Queries
----------------------------------  -----  ---------  --------  ----------  --------------  -------------------  ----------------------
/opt/airflow/dags/sales_etl_dag.py                           1           0  0.17s           2026-08-31T19:10:47                      12
================================================================================
[2026-08-31T19:11:28.111+0000] {manager.py:997} INFO - 
================================================================================
DAG File Processing Stats

File Path                           PID    Runtime      # DAGs    # Errors  Last Runtime    Last Run               Last # of DB Queries
----------------------------------  -----  ---------  --------  ----------  --------------  -------------------  ----------------------
/opt/airflow/dags/sales_etl_dag.py                           1           0  0.16s           2026-08-31T19:11:18                      12
================================================================================
[2026-08-31T19:11:58.471+0000] {manager.py:997} INFO - 
================================================================================
DAG File Processing Stats

File Path                           PID    Runtime      # DAGs    # Errors  Last Runtime    Last Run               Last # of DB Queries
----------------------------------  -----  ---------  --------  ----------  --------------  -------------------  ----------------------
/opt/airflow/dags/sales_etl_dag.py                           1           0  0.17s           2026-08-31T19:11:48                      12
================================================================================
[2026-08-31T19:12:28.903+0000] {manager.py:997} INFO - 
================================================================================
DAG File Processing Stats

File Path                           PID    Runtime      # DAGs    # Errors  Last Runtime    Last Run               Last # of DB Queries
----------------------------------  -----  ---------  --------  ----------  --------------  -------------------  ----------------------
/opt/airflow/dags/sales_etl_dag.py                           1           0  0.17s           2026-08-31T19:12:18                      12
================================================================================
[2026-08-31T19:12:59.302+0000] {manager.py:997} INFO - 
================================================================================
DAG File Processing Stats

File Path                           PID    Runtime      # DAGs    # Errors  Last Runtime    Last Run               Last # of DB Queries
----------------------------------  -----  ---------  --------  ----------  --------------  -------------------  ----------------------
/opt/airflow/dags/sales_etl_dag.py                           1           0  0.14s           2026-08-31T19:12:49                      12
================================================================================
[2026-08-31T19:13:29.699+0000] {manager.py:997} INFO - 
================================================================================
DAG File Processing Stats

File Path                           PID    Runtime      # DAGs    # Errors  Last Runtime    Last Run               Last # of DB Queries
----------------------------------  -----  ---------  --------  ----------  --------------  -------------------  ----------------------
/opt/airflow/dags/sales_etl_dag.py                           1           0  0.14s           2026-08-31T19:13:19                      12
================================================================================
[2026-08-31T19:14:00.051+0000] {manager.py:997} INFO - 
================================================================================
DAG File Processing Stats

File Path                           PID    Runtime      # DAGs    # Errors  Last Runtime    Last Run               Last # of DB Queries
----------------------------------  -----  ---------  --------  ----------  --------------  -------------------  ----------------------
/opt/airflow/dags/sales_etl_dag.py                           1           0  0.18s           2026-08-31T19:13:50                      12
================================================================================
[2026-08-31T19:14:30.481+0000] {manager.py:997} INFO - 
================================================================================
DAG File Processing Stats

File Path                           PID    Runtime      # DAGs    # Errors  Last Runtime    Last Run               Last # of DB Queries
----------------------------------  -----  ---------  --------  ----------  --------------  -------------------  ----------------------
/opt/airflow/dags/sales_etl_dag.py                           1           0  0.18s           2026-08-31T19:14:20                      12
================================================================================
[2026-08-31T19:15:00.837+0000] {manager.py:997} INFO - 
================================================================================
DAG File Processing Stats

File Path                           PID    Runtime      # DAGs    # Errors  Last Runtime    Last Run               Last # of DB Queries
----------------------------------  -----  ---------  --------  ----------  --------------  -------------------  ----------------------
/opt/airflow/dags/sales_etl_dag.py                           1           0  0.20s           2026-08-31T19:14:50                      12
================================================================================
[2026-08-31T19:15:31.222+0000] {manager.py:997} INFO - 
================================================================================
DAG File Processing Stats

File Path                           PID    Runtime      # DAGs    # Errors  Last Runtime    Last Run               Last # of DB Queries
----------------------------------  -----  ---------  --------  ----------  --------------  -------------------  ----------------------
/opt/airflow/dags/sales_etl_dag.py                           1           0  0.16s           2026-08-31T19:15:21                      12
================================================================================
[2026-08-31T19:15:48.408+0000] {manager.py:821} INFO - Searching for files in /opt/airflow/dags
[2026-08-31T19:15:48.432+0000] {manager.py:824} INFO - There are 1 files in /opt/airflow/dags
[2026-08-31T19:16:01.641+0000] {manager.py:997} INFO - 
================================================================================
DAG File Processing Stats

File Path                           PID    Runtime      # DAGs    # Errors  Last Runtime    Last Run               Last # of DB Queries
----------------------------------  -----  ---------  --------  ----------  --------------  -------------------  ----------------------
/opt/airflow/dags/sales_etl_dag.py                           1           0  0.14s           2026-08-31T19:15:51                      12
================================================================================
[2026-08-31T19:16:32.052+0000] {manager.py:997} INFO - 
================================================================================
DAG File Processing Stats

File Path                           PID    Runtime      # DAGs    # Errors  Last Runtime    Last Run               Last # of DB Queries
----------------------------------  -----  ---------  --------  ----------  --------------  -------------------  ----------------------
/opt/airflow/dags/sales_etl_dag.py                           1           0  0.14s           2026-08-31T19:16:21                      12
================================================================================
[2026-08-31T19:17:02.392+0000] {manager.py:997} INFO - 
================================================================================
DAG File Processing Stats

File Path                           PID    Runtime      # DAGs    # Errors  Last Runtime    Last Run               Last # of DB Queries
----------------------------------  -----  ---------  --------  ----------  --------------  -------------------  ----------------------
/opt/airflow/dags/sales_etl_dag.py                           1           0  0.16s           2026-08-31T19:16:52                      12
================================================================================
[2026-08-31T19:17:32.746+0000] {manager.py:997} INFO - 
================================================================================
DAG File Processing Stats

File Path                           PID    Runtime      # DAGs    # Errors  Last Runtime    Last Run               Last # of DB Queries
----------------------------------  -----  ---------  --------  ----------  --------------  -------------------  ----------------------
/opt/airflow/dags/sales_etl_dag.py                           1           0  0.13s           2026-08-31T19:17:22                      12
================================================================================
[2026-08-31T19:18:03.155+0000] {manager.py:997} INFO - 
================================================================================
DAG File Processing Stats

File Path                           PID    Runtime      # DAGs    # Errors  Last Runtime    Last Run               Last # of DB Queries
----------------------------------  -----  ---------  --------  ----------  --------------  -------------------  ----------------------
/opt/airflow/dags/sales_etl_dag.py                           1           0  0.14s           2026-08-31T19:17:53                      12
================================================================================
[2026-08-31T19:18:33.492+0000] {manager.py:997} INFO - 
================================================================================
DAG File Processing Stats

File Path                           PID    Runtime      # DAGs    # Errors  Last Runtime    Last Run               Last # of DB Queries
----------------------------------  -----  ---------  --------  ----------  --------------  -------------------  ----------------------
/opt/airflow/dags/sales_etl_dag.py                           1           0  0.17s           2026-08-31T19:18:23                      12
================================================================================
[2026-08-31T19:19:03.919+0000] {manager.py:997} INFO - 
================================================================================
DAG File Processing Stats

File Path                           PID    Runtime      # DAGs    # Errors  Last Runtime    Last Run               Last # of DB Queries
----------------------------------  -----  ---------  --------  ----------  --------------  -------------------  ----------------------
/opt/airflow/dags/sales_etl_dag.py                           1           0  0.16s           2026-08-31T19:18:53                      12
================================================================================
[2026-08-31T19:19:34.307+0000] {manager.py:997} INFO - 
================================================================================
DAG File Processing Stats

File Path                           PID    Runtime      # DAGs    # Errors  Last Runtime    Last Run               Last # of DB Queries
----------------------------------  -----  ---------  --------  ----------  --------------  -------------------  ----------------------
/opt/airflow/dags/sales_etl_dag.py                           1           0  0.16s           2026-08-31T19:19:24                      12
================================================================================
[2026-08-31T19:20:04.734+0000] {manager.py:997} INFO - 
================================================================================
DAG File Processing Stats

File Path                           PID    Runtime      # DAGs    # Errors  Last Runtime    Last Run               Last # of DB Queries
----------------------------------  -----  ---------  --------  ----------  --------------  -------------------  ----------------------
/opt/airflow/dags/sales_etl_dag.py                           1           0  0.15s           2026-08-31T19:19:54                      12
================================================================================
[2026-08-31T19:20:35.078+0000] {manager.py:997} INFO - 
================================================================================
DAG File Processing Stats

File Path                           PID    Runtime      # DAGs    # Errors  Last Runtime    Last Run               Last # of DB Queries
----------------------------------  -----  ---------  --------  ----------  --------------  -------------------  ----------------------
/opt/airflow/dags/sales_etl_dag.py                           1           0  0.16s           2026-08-31T19:20:25                      12
================================================================================
[2026-08-31T19:20:49.214+0000] {manager.py:821} INFO - Searching for files in /opt/airflow/dags
[2026-08-31T19:20:49.244+0000] {manager.py:824} INFO - There are 1 files in /opt/airflow/dags
[2026-08-31T19:21:05.492+0000] {manager.py:997} INFO - 
================================================================================
DAG File Processing Stats

File Path                           PID    Runtime      # DAGs    # Errors  Last Runtime    Last Run               Last # of DB Queries
----------------------------------  -----  ---------  --------  ----------  --------------  -------------------  ----------------------
/opt/airflow/dags/sales_etl_dag.py                           1           0  0.16s           2026-08-31T19:20:55                      12
================================================================================
[2026-08-31T19:21:35.903+0000] {manager.py:997} INFO - 
================================================================================
DAG File Processing Stats

File Path                           PID    Runtime      # DAGs    # Errors  Last Runtime    Last Run               Last # of DB Queries
----------------------------------  -----  ---------  --------  ----------  --------------  -------------------  ----------------------
/opt/airflow/dags/sales_etl_dag.py                           1           0  0.15s           2026-08-31T19:21:25                      12
================================================================================
[2026-08-31T19:22:06.217+0000] {manager.py:997} INFO - 
================================================================================
DAG File Processing Stats

File Path                           PID    Runtime      # DAGs    # Errors  Last Runtime    Last Run               Last # of DB Queries
----------------------------------  -----  ---------  --------  ----------  --------------  -------------------  ----------------------
/opt/airflow/dags/sales_etl_dag.py                           1           0  0.19s           2026-08-31T19:21:56                      12
================================================================================
[2026-08-31T19:22:36.577+0000] {manager.py:997} INFO - 
================================================================================
DAG File Processing Stats

File Path                           PID    Runtime      # DAGs    # Errors  Last Runtime    Last Run               Last # of DB Queries
----------------------------------  -----  ---------  --------  ----------  --------------  -------------------  ----------------------
/opt/airflow/dags/sales_etl_dag.py                           1           0  0.14s           2026-08-31T19:22:26                      12
================================================================================
[2026-08-31T19:23:06.924+0000] {manager.py:997} INFO - 
================================================================================
DAG File Processing Stats

File Path                           PID    Runtime      # DAGs    # Errors  Last Runtime    Last Run               Last # of DB Queries
----------------------------------  -----  ---------  --------  ----------  --------------  -------------------  ----------------------
/opt/airflow/dags/sales_etl_dag.py                           1           0  0.12s           2026-08-31T19:22:56                      12
================================================================================
[2026-08-31T19:23:37.379+0000] {manager.py:997} INFO - 
================================================================================
DAG File Processing Stats

File Path                           PID    Runtime      # DAGs    # Errors  Last Runtime    Last Run               Last # of DB Queries
----------------------------------  -----  ---------  --------  ----------  --------------  -------------------  ----------------------
/opt/airflow/dags/sales_etl_dag.py                           1           0  0.14s           2026-08-31T19:23:27                      12
================================================================================
[2026-08-31T19:24:07.756+0000] {manager.py:997} INFO - 
================================================================================
DAG File Processing Stats

File Path                           PID    Runtime      # DAGs    # Errors  Last Runtime    Last Run               Last # of DB Queries
----------------------------------  -----  ---------  --------  ----------  --------------  -------------------  ----------------------
/opt/airflow/dags/sales_etl_dag.py                           1           0  0.12s           2026-08-31T19:23:57                      12
================================================================================
[2026-08-31T19:24:38.174+0000] {manager.py:997} INFO - 
================================================================================
DAG File Processing Stats

File Path                           PID    Runtime      # DAGs    # Errors  Last Runtime    Last Run               Last # of DB Queries
----------------------------------  -----  ---------  --------  ----------  --------------  -------------------  ----------------------
/opt/airflow/dags/sales_etl_dag.py                           1           0  0.14s           2026-08-31T19:24:28                      12
================================================================================
[2026-08-31T19:25:08.512+0000] {manager.py:997} INFO - 
================================================================================
DAG File Processing Stats

File Path                           PID    Runtime      # DAGs    # Errors  Last Runtime    Last Run               Last # of DB Queries
----------------------------------  -----  ---------  --------  ----------  --------------  -------------------  ----------------------
/opt/airflow/dags/sales_etl_dag.py                           1           0  0.14s           2026-08-31T19:24:58                      12
================================================================================
[2026-08-31T19:30:38.641+0000] {manager.py:821} INFO - Searching for files in /opt/airflow/dags
[2026-08-31T19:30:38.663+0000] {manager.py:824} INFO - There are 1 files in /opt/airflow/dags
[2026-08-31T19:30:59.935+0000] {manager.py:997} INFO - 
================================================================================
DAG File Processing Stats

File Path                           PID    Runtime      # DAGs    # Errors  Last Runtime    Last Run               Last # of DB Queries
----------------------------------  -----  ---------  --------  ----------  --------------  -------------------  ----------------------
/opt/airflow/dags/sales_etl_dag.py                           1           0  0.17s           2026-08-31T19:30:38                      12
================================================================================
[2026-08-31T19:31:30.372+0000] {manager.py:997} INFO - 
================================================================================
DAG File Processing Stats

File Path                           PID    Runtime      # DAGs    # Errors  Last Runtime    Last Run               Last # of DB Queries
----------------------------------  -----  ---------  --------  ----------  --------------  -------------------  ----------------------
/opt/airflow/dags/sales_etl_dag.py                           1           0  0.15s           2026-08-31T19:31:09                      12
================================================================================
[2026-08-31T19:32:00.757+0000] {manager.py:997} INFO - 
================================================================================
DAG File Processing Stats

File Path                           PID    Runtime      # DAGs    # Errors  Last Runtime    Last Run               Last # of DB Queries
----------------------------------  -----  ---------  --------  ----------  --------------  -------------------  ----------------------
/opt/airflow/dags/sales_etl_dag.py                           1           0  0.16s           2026-08-31T19:31:39                      12
================================================================================
[2026-08-31T19:32:31.156+0000] {manager.py:997} INFO - 
================================================================================
DAG File Processing Stats

File Path                           PID    Runtime      # DAGs    # Errors  Last Runtime    Last Run               Last # of DB Queries
----------------------------------  -----  ---------  --------  ----------  --------------  -------------------  ----------------------
/opt/airflow/dags/sales_etl_dag.py                           1           0  0.14s           2026-08-31T19:32:10                      12
================================================================================
[2026-08-31T19:33:01.526+0000] {manager.py:997} INFO - 
================================================================================
DAG File Processing Stats

File Path                           PID    Runtime      # DAGs    # Errors  Last Runtime    Last Run               Last # of DB Queries
----------------------------------  -----  ---------  --------  ----------  --------------  -------------------  ----------------------
/opt/airflow/dags/sales_etl_dag.py                           1           0  0.12s           2026-08-31T19:32:40                      12
================================================================================
[2026-08-31T19:33:12.412+0000] {manager.py:465} INFO - Exiting gracefully upon receiving signal 15
[2026-08-31T19:33:49.129+0000] {manager.py:483} INFO - Processing files using up to 2 processes at a time 
[2026-08-31T19:33:49.130+0000] {manager.py:484} INFO - Process each file at most once every 30 seconds
[2026-08-31T19:33:49.131+0000] {manager.py:485} INFO - Checking for new files in /opt/airflow/dags every 300 seconds
[2026-08-31T19:33:49.132+0000] {manager.py:821} INFO - Searching for files in /opt/airflow/dags
[2026-08-31T19:33:49.153+0000] {manager.py:824} INFO - There are 1 files in /opt/airflow/dags
[2026-08-31T19:33:49.239+0000] {manager.py:997} INFO - 
================================================================================
DAG File Processing Stats

File Path                             PID  Runtime      # DAGs    # Errors  Last Runtime    Last Run      Last # of DB Queries
----------------------------------  -----  ---------  --------  ----------  --------------  ----------  ----------------------
/opt/airflow/dags/sales_etl_dag.py    167  0.02s             0           0                                                   0
================================================================================
[2026-08-31T19:34:19.553+0000] {manager.py:997} INFO - 
================================================================================
DAG File Processing Stats

File Path                             PID  Runtime      # DAGs    # Errors  Last Runtime    Last Run               Last # of DB Queries
----------------------------------  -----  ---------  --------  ----------  --------------  -------------------  ----------------------
/opt/airflow/dags/sales_etl_dag.py    172  0.01s             1           0  0.27s           2026-08-31T19:33:49                      12
================================================================================
[2026-08-31T19:34:50.043+0000] {manager.py:997} INFO - 
================================================================================
DAG File Processing Stats

File Path                             PID  Runtime      # DAGs    # Errors  Last Runtime    Last Run               Last # of DB Queries
----------------------------------  -----  ---------  --------  ----------  --------------  -------------------  ----------------------
/opt/airflow/dags/sales_etl_dag.py    261  0.01s             1           0  0.24s           2026-08-31T19:34:19                      12
================================================================================
[2026-08-31T19:35:20.353+0000] {manager.py:997} INFO - 
================================================================================
DAG File Processing Stats

File Path                             PID  Runtime      # DAGs    # Errors  Last Runtime    Last Run               Last # of DB Queries
----------------------------------  -----  ---------  --------  ----------  --------------  -------------------  ----------------------
/opt/airflow/dags/sales_etl_dag.py    266  0.00s             1           0  0.19s           2026-08-31T19:34:50                      12
================================================================================
[2026-08-31T19:35:50.691+0000] {manager.py:997} INFO - 
================================================================================
DAG File Processing Stats

File Path                             PID  Runtime      # DAGs    # Errors  Last Runtime    Last Run               Last # of DB Queries
----------------------------------  -----  ---------  --------  ----------  --------------  -------------------  ----------------------
/opt/airflow/dags/sales_etl_dag.py    271  0.00s             1           0  0.12s           2026-08-31T19:35:20                      12
================================================================================
[2026-08-31T19:36:21.077+0000] {manager.py:997} INFO - 
================================================================================
DAG File Processing Stats

File Path                             PID  Runtime      # DAGs    # Errors  Last Runtime    Last Run               Last # of DB Queries
----------------------------------  -----  ---------  --------  ----------  --------------  -------------------  ----------------------
/opt/airflow/dags/sales_etl_dag.py    276  0.01s             1           0  0.15s           2026-08-31T19:35:50                      12
================================================================================
[2026-08-31T19:36:51.486+0000] {manager.py:997} INFO - 
================================================================================
DAG File Processing Stats

File Path                             PID  Runtime      # DAGs    # Errors  Last Runtime    Last Run               Last # of DB Queries
----------------------------------  -----  ---------  --------  ----------  --------------  -------------------  ----------------------
/opt/airflow/dags/sales_etl_dag.py    281  0.00s             1           0  0.13s           2026-08-31T19:36:21                      12
================================================================================
[2026-08-31T19:37:21.836+0000] {manager.py:997} INFO - 
================================================================================
DAG File Processing Stats

File Path                             PID  Runtime      # DAGs    # Errors  Last Runtime    Last Run               Last # of DB Queries
----------------------------------  -----  ---------  --------  ----------  --------------  -------------------  ----------------------
/opt/airflow/dags/sales_etl_dag.py    286  0.01s             1           0  0.14s           2026-08-31T19:36:51                      12
================================================================================
[2026-08-31T19:37:52.285+0000] {manager.py:997} INFO - 
================================================================================
DAG File Processing Stats

File Path                             PID  Runtime      # DAGs    # Errors  Last Runtime    Last Run               Last # of DB Queries
----------------------------------  -----  ---------  --------  ----------  --------------  -------------------  ----------------------
/opt/airflow/dags/sales_etl_dag.py    291  0.00s             1           0  0.19s           2026-08-31T19:37:22                      12
================================================================================
[2026-08-31T19:38:22.592+0000] {manager.py:997} INFO - 
================================================================================
DAG File Processing Stats

File Path                             PID  Runtime      # DAGs    # Errors  Last Runtime    Last Run               Last # of DB Queries
----------------------------------  -----  ---------  --------  ----------  --------------  -------------------  ----------------------
/opt/airflow/dags/sales_etl_dag.py    296  0.00s             1           0  0.13s           2026-08-31T19:37:52                      12
================================================================================
[2026-08-31T19:38:49.978+0000] {manager.py:821} INFO - Searching for files in /opt/airflow/dags
[2026-08-31T19:38:50.013+0000] {manager.py:824} INFO - There are 1 files in /opt/airflow/dags
[2026-08-31T19:38:53.067+0000] {manager.py:997} INFO - 
================================================================================
DAG File Processing Stats

File Path                             PID  Runtime      # DAGs    # Errors  Last Runtime    Last Run               Last # of DB Queries
----------------------------------  -----  ---------  --------  ----------  --------------  -------------------  ----------------------
/opt/airflow/dags/sales_etl_dag.py    301  0.00s             1           0  0.12s           2026-08-31T19:38:22                      12
================================================================================
[2026-08-31T19:39:23.373+0000] {manager.py:997} INFO - 
================================================================================
DAG File Processing Stats

File Path                             PID  Runtime      # DAGs    # Errors  Last Runtime    Last Run               Last # of DB Queries
----------------------------------  -----  ---------  --------  ----------  --------------  -------------------  ----------------------
/opt/airflow/dags/sales_etl_dag.py    306  0.00s             1           0  0.13s           2026-08-31T19:38:53                      12
================================================================================
[2026-08-31T19:39:53.812+0000] {manager.py:997} INFO - 
================================================================================
DAG File Processing Stats

File Path                             PID  Runtime      # DAGs    # Errors  Last Runtime    Last Run               Last # of DB Queries
----------------------------------  -----  ---------  --------  ----------  --------------  -------------------  ----------------------
/opt/airflow/dags/sales_etl_dag.py    311  0.01s             1           0  0.14s           2026-08-31T19:39:23                      12
================================================================================
[2026-08-31T19:40:24.165+0000] {manager.py:997} INFO - 
================================================================================
DAG File Processing Stats

File Path                             PID  Runtime      # DAGs    # Errors  Last Runtime    Last Run               Last # of DB Queries
----------------------------------  -----  ---------  --------  ----------  --------------  -------------------  ----------------------
/opt/airflow/dags/sales_etl_dag.py    316  0.00s             1           0  0.15s           2026-08-31T19:39:53                      12
================================================================================
[2026-08-31T19:40:54.571+0000] {manager.py:997} INFO - 
================================================================================
DAG File Processing Stats

File Path                             PID  Runtime      # DAGs    # Errors  Last Runtime    Last Run               Last # of DB Queries
----------------------------------  -----  ---------  --------  ----------  --------------  -------------------  ----------------------
/opt/airflow/dags/sales_etl_dag.py    321  0.00s             1           0  0.12s           2026-08-31T19:40:24                      12
================================================================================
[2026-08-31T19:41:24.937+0000] {manager.py:997} INFO - 
================================================================================
DAG File Processing Stats

File Path                             PID  Runtime      # DAGs    # Errors  Last Runtime    Last Run               Last # of DB Queries
----------------------------------  -----  ---------  --------  ----------  --------------  -------------------  ----------------------
/opt/airflow/dags/sales_etl_dag.py    326  0.00s             1           0  0.13s           2026-08-31T19:40:54                      12
================================================================================
[2026-08-31T19:41:55.292+0000] {manager.py:997} INFO - 
================================================================================
DAG File Processing Stats

File Path                             PID  Runtime      # DAGs    # Errors  Last Runtime    Last Run               Last # of DB Queries
----------------------------------  -----  ---------  --------  ----------  --------------  -------------------  ----------------------
/opt/airflow/dags/sales_etl_dag.py    331  0.00s             1           0  0.12s           2026-08-31T19:41:25                      12
================================================================================
[2026-08-31T19:42:25.696+0000] {manager.py:997} INFO - 
================================================================================
DAG File Processing Stats

File Path                             PID  Runtime      # DAGs    # Errors  Last Runtime    Last Run               Last # of DB Queries
----------------------------------  -----  ---------  --------  ----------  --------------  -------------------  ----------------------
/opt/airflow/dags/sales_etl_dag.py    336  0.01s             1           0  0.12s           2026-08-31T19:41:55                      12
================================================================================
[2026-08-31T19:42:56.087+0000] {manager.py:997} INFO - 
================================================================================
DAG File Processing Stats

File Path                             PID  Runtime      # DAGs    # Errors  Last Runtime    Last Run               Last # of DB Queries
----------------------------------  -----  ---------  --------  ----------  --------------  -------------------  ----------------------
/opt/airflow/dags/sales_etl_dag.py    341  0.00s             1           0  0.17s           2026-08-31T19:42:25                      12
================================================================================
[2026-08-31T19:43:26.493+0000] {manager.py:997} INFO - 
================================================================================
DAG File Processing Stats

File Path                             PID  Runtime      # DAGs    # Errors  Last Runtime    Last Run               Last # of DB Queries
----------------------------------  -----  ---------  --------  ----------  --------------  -------------------  ----------------------
/opt/airflow/dags/sales_etl_dag.py    346  0.01s             1           0  0.18s           2026-08-31T19:42:56                      12
================================================================================
[2026-08-31T19:43:50.753+0000] {manager.py:821} INFO - Searching for files in /opt/airflow/dags
[2026-08-31T19:43:50.790+0000] {manager.py:824} INFO - There are 1 files in /opt/airflow/dags
[2026-08-31T19:43:56.860+0000] {manager.py:997} INFO - 
================================================================================
DAG File Processing Stats

File Path                             PID  Runtime      # DAGs    # Errors  Last Runtime    Last Run               Last # of DB Queries
----------------------------------  -----  ---------  --------  ----------  --------------  -------------------  ----------------------
/opt/airflow/dags/sales_etl_dag.py    375  0.00s             1           0  0.21s           2026-08-31T19:43:26                      12
================================================================================
[2026-08-31T19:44:27.277+0000] {manager.py:997} INFO - 
================================================================================
DAG File Processing Stats

File Path                             PID  Runtime      # DAGs    # Errors  Last Runtime    Last Run               Last # of DB Queries
----------------------------------  -----  ---------  --------  ----------  --------------  -------------------  ----------------------
/opt/airflow/dags/sales_etl_dag.py    440  0.00s             1           0  0.17s           2026-08-31T19:43:57                      12
================================================================================
[2026-08-31T19:44:57.584+0000] {manager.py:997} INFO - 
================================================================================
DAG File Processing Stats

File Path                             PID  Runtime      # DAGs    # Errors  Last Runtime    Last Run               Last # of DB Queries
----------------------------------  -----  ---------  --------  ----------  --------------  -------------------  ----------------------
/opt/airflow/dags/sales_etl_dag.py    445  0.00s             1           0  0.15s           2026-08-31T19:44:27                      12
================================================================================
[2026-08-31T19:45:28.017+0000] {manager.py:997} INFO - 
================================================================================
DAG File Processing Stats

File Path                             PID  Runtime      # DAGs    # Errors  Last Runtime    Last Run               Last # of DB Queries
----------------------------------  -----  ---------  --------  ----------  --------------  -------------------  ----------------------
/opt/airflow/dags/sales_etl_dag.py    534  0.01s             1           0  0.13s           2026-08-31T19:44:57                      12
================================================================================
[2026-09-02T14:39:00.413+0000] {manager.py:483} INFO - Processing files using up to 2 processes at a time 
[2026-09-02T14:39:00.414+0000] {manager.py:484} INFO - Process each file at most once every 30 seconds
[2026-09-02T14:39:00.415+0000] {manager.py:485} INFO - Checking for new files in /opt/airflow/dags every 300 seconds
[2026-09-02T14:39:00.416+0000] {manager.py:821} INFO - Searching for files in /opt/airflow/dags
[2026-09-02T14:39:00.507+0000] {manager.py:824} INFO - There are 1 files in /opt/airflow/dags
[2026-09-02T14:39:00.776+0000] {manager.py:997} INFO - 
================================================================================
DAG File Processing Stats

File Path                             PID  Runtime      # DAGs    # Errors  Last Runtime    Last Run      Last # of DB Queries
----------------------------------  -----  ---------  --------  ----------  --------------  ----------  ----------------------
/opt/airflow/dags/sales_etl_dag.py    166  0.06s             0           0                                                   0
================================================================================
[2026-09-02T14:39:31.340+0000] {manager.py:997} INFO - 
================================================================================
DAG File Processing Stats

File Path                           PID    Runtime      # DAGs    # Errors  Last Runtime    Last Run               Last # of DB Queries
----------------------------------  -----  ---------  --------  ----------  --------------  -------------------  ----------------------
/opt/airflow/dags/sales_etl_dag.py                           1           0  0.75s           2026-09-02T14:39:01                      12
================================================================================
[2026-09-02T14:40:01.543+0000] {manager.py:997} INFO - 
================================================================================
DAG File Processing Stats

File Path                           PID    Runtime      # DAGs    # Errors  Last Runtime    Last Run               Last # of DB Queries
----------------------------------  -----  ---------  --------  ----------  --------------  -------------------  ----------------------
/opt/airflow/dags/sales_etl_dag.py                           1           0  0.86s           2026-09-02T14:39:32                      12
================================================================================
[2026-09-02T14:40:32.324+0000] {manager.py:997} INFO - 
================================================================================
DAG File Processing Stats

File Path                           PID    Runtime      # DAGs    # Errors  Last Runtime    Last Run               Last # of DB Queries
----------------------------------  -----  ---------  --------  ----------  --------------  -------------------  ----------------------
/opt/airflow/dags/sales_etl_dag.py                           1           0  0.17s           2026-09-02T14:40:03                      12
================================================================================
[2026-09-02T14:41:02.720+0000] {manager.py:997} INFO - 
================================================================================
DAG File Processing Stats

File Path                           PID    Runtime      # DAGs    # Errors  Last Runtime    Last Run               Last # of DB Queries
----------------------------------  -----  ---------  --------  ----------  --------------  -------------------  ----------------------
/opt/airflow/dags/sales_etl_dag.py                           1           0  0.16s           2026-09-02T14:40:33                      12
================================================================================
[2026-09-02T14:41:33.020+0000] {manager.py:997} INFO - 
================================================================================
DAG File Processing Stats

File Path                           PID    Runtime      # DAGs    # Errors  Last Runtime    Last Run               Last # of DB Queries
----------------------------------  -----  ---------  --------  ----------  --------------  -------------------  ----------------------
/opt/airflow/dags/sales_etl_dag.py                           1           0  0.17s           2026-09-02T14:41:03                      12
================================================================================
[2026-09-02T14:42:03.409+0000] {manager.py:997} INFO - 
================================================================================
DAG File Processing Stats

File Path                           PID    Runtime      # DAGs    # Errors  Last Runtime    Last Run               Last # of DB Queries
----------------------------------  -----  ---------  --------  ----------  --------------  -------------------  ----------------------
/opt/airflow/dags/sales_etl_dag.py                           1           0  0.14s           2026-09-02T14:41:34                      12
================================================================================
[2026-09-02T14:42:33.719+0000] {manager.py:997} INFO - 
================================================================================
DAG File Processing Stats

File Path                           PID    Runtime      # DAGs    # Errors  Last Runtime    Last Run               Last # of DB Queries
----------------------------------  -----  ---------  --------  ----------  --------------  -------------------  ----------------------
/opt/airflow/dags/sales_etl_dag.py                           1           0  0.16s           2026-09-02T14:42:04                      12
================================================================================
[2026-09-02T14:43:04.069+0000] {manager.py:997} INFO - 
================================================================================
DAG File Processing Stats

File Path                           PID    Runtime      # DAGs    # Errors  Last Runtime    Last Run               Last # of DB Queries
----------------------------------  -----  ---------  --------  ----------  --------------  -------------------  ----------------------
/opt/airflow/dags/sales_etl_dag.py                           1           0  0.17s           2026-09-02T14:42:34                      12
================================================================================
[2026-09-02T14:43:34.364+0000] {manager.py:997} INFO - 
================================================================================
DAG File Processing Stats

File Path                           PID    Runtime      # DAGs    # Errors  Last Runtime    Last Run               Last # of DB Queries
----------------------------------  -----  ---------  --------  ----------  --------------  -------------------  ----------------------
/opt/airflow/dags/sales_etl_dag.py                           1           0  0.17s           2026-09-02T14:43:05                      12
================================================================================
[2026-09-02T14:44:00.725+0000] {manager.py:821} INFO - Searching for files in /opt/airflow/dags
[2026-09-02T14:44:00.768+0000] {manager.py:824} INFO - There are 1 files in /opt/airflow/dags
[2026-09-02T14:44:04.818+0000] {manager.py:997} INFO - 
================================================================================
DAG File Processing Stats

File Path                           PID    Runtime      # DAGs    # Errors  Last Runtime    Last Run               Last # of DB Queries
----------------------------------  -----  ---------  --------  ----------  --------------  -------------------  ----------------------
/opt/airflow/dags/sales_etl_dag.py                           1           0  0.16s           2026-09-02T14:43:35                      12
================================================================================
[2026-09-02T14:44:35.112+0000] {manager.py:997} INFO - 
================================================================================
DAG File Processing Stats

File Path                           PID    Runtime      # DAGs    # Errors  Last Runtime    Last Run               Last # of DB Queries
----------------------------------  -----  ---------  --------  ----------  --------------  -------------------  ----------------------
/opt/airflow/dags/sales_etl_dag.py                           1           0  0.14s           2026-09-02T14:44:05                      12
================================================================================
[2026-09-02T14:45:05.492+0000] {manager.py:997} INFO - 
================================================================================
DAG File Processing Stats

File Path                           PID    Runtime      # DAGs    # Errors  Last Runtime    Last Run               Last # of DB Queries
----------------------------------  -----  ---------  --------  ----------  --------------  -------------------  ----------------------
/opt/airflow/dags/sales_etl_dag.py                           1           0  0.15s           2026-09-02T14:44:36                      12
================================================================================
[2026-09-02T14:45:35.777+0000] {manager.py:997} INFO - 
================================================================================
DAG File Processing Stats

File Path                           PID    Runtime      # DAGs    # Errors  Last Runtime    Last Run               Last # of DB Queries
----------------------------------  -----  ---------  --------  ----------  --------------  -------------------  ----------------------
/opt/airflow/dags/sales_etl_dag.py                           1           0  0.15s           2026-09-02T14:45:06                      12
================================================================================
[2026-09-02T14:46:06.151+0000] {manager.py:997} INFO - 
================================================================================
DAG File Processing Stats

File Path                           PID    Runtime      # DAGs    # Errors  Last Runtime    Last Run               Last # of DB Queries
----------------------------------  -----  ---------  --------  ----------  --------------  -------------------  ----------------------
/opt/airflow/dags/sales_etl_dag.py                           1           0  0.16s           2026-09-02T14:45:36                      12
================================================================================
[2026-09-02T14:46:36.511+0000] {manager.py:997} INFO - 
================================================================================
DAG File Processing Stats

File Path                           PID    Runtime      # DAGs    # Errors  Last Runtime    Last Run               Last # of DB Queries
----------------------------------  -----  ---------  --------  ----------  --------------  -------------------  ----------------------
/opt/airflow/dags/sales_etl_dag.py                           1           0  0.15s           2026-09-02T14:46:07                      12
================================================================================
[2026-09-02T14:47:06.842+0000] {manager.py:997} INFO - 
================================================================================
DAG File Processing Stats

File Path                           PID    Runtime      # DAGs    # Errors  Last Runtime    Last Run               Last # of DB Queries
----------------------------------  -----  ---------  --------  ----------  --------------  -------------------  ----------------------
/opt/airflow/dags/sales_etl_dag.py                           1           0  0.14s           2026-09-02T14:46:37                      12
================================================================================
[2026-09-02T14:47:37.158+0000] {manager.py:997} INFO - 
================================================================================
DAG File Processing Stats

File Path                           PID    Runtime      # DAGs    # Errors  Last Runtime    Last Run               Last # of DB Queries
----------------------------------  -----  ---------  --------  ----------  --------------  -------------------  ----------------------
/opt/airflow/dags/sales_etl_dag.py                           1           0  0.17s           2026-09-02T14:47:08                      12
================================================================================
[2026-09-02T14:48:07.521+0000] {manager.py:997} INFO - 
================================================================================
DAG File Processing Stats

File Path                           PID    Runtime      # DAGs    # Errors  Last Runtime    Last Run               Last # of DB Queries
----------------------------------  -----  ---------  --------  ----------  --------------  -------------------  ----------------------
/opt/airflow/dags/sales_etl_dag.py                           1           0  0.15s           2026-09-02T14:47:38                      12
================================================================================
[2026-09-02T14:48:37.806+0000] {manager.py:997} INFO - 
================================================================================
DAG File Processing Stats

File Path                           PID    Runtime      # DAGs    # Errors  Last Runtime    Last Run               Last # of DB Queries
----------------------------------  -----  ---------  --------  ----------  --------------  -------------------  ----------------------
/opt/airflow/dags/sales_etl_dag.py                           1           0  0.18s           2026-09-02T14:48:08                      12
================================================================================
[2026-09-02T14:49:01.171+0000] {manager.py:821} INFO - Searching for files in /opt/airflow/dags
[2026-09-02T14:49:01.198+0000] {manager.py:824} INFO - There are 1 files in /opt/airflow/dags
[2026-09-02T14:49:08.280+0000] {manager.py:997} INFO - 
================================================================================
DAG File Processing Stats

File Path                           PID    Runtime      # DAGs    # Errors  Last Runtime    Last Run               Last # of DB Queries
----------------------------------  -----  ---------  --------  ----------  --------------  -------------------  ----------------------
/opt/airflow/dags/sales_etl_dag.py                           1           0  0.16s           2026-09-02T14:48:52                      12
================================================================================
[2026-09-02T14:49:38.622+0000] {manager.py:997} INFO - 
================================================================================
DAG File Processing Stats

File Path                           PID    Runtime      # DAGs    # Errors  Last Runtime    Last Run               Last # of DB Queries
----------------------------------  -----  ---------  --------  ----------  --------------  -------------------  ----------------------
/opt/airflow/dags/sales_etl_dag.py                           1           0  0.18s           2026-09-02T14:49:22                      12
================================================================================
[2026-09-02T14:50:09.000+0000] {manager.py:997} INFO - 
================================================================================
DAG File Processing Stats

File Path                           PID    Runtime      # DAGs    # Errors  Last Runtime    Last Run               Last # of DB Queries
----------------------------------  -----  ---------  --------  ----------  --------------  -------------------  ----------------------
/opt/airflow/dags/sales_etl_dag.py                           1           0  0.47s           2026-09-02T14:49:53                      12
================================================================================
[2026-09-02T14:50:39.676+0000] {manager.py:997} INFO - 
================================================================================
DAG File Processing Stats

File Path                           PID    Runtime      # DAGs    # Errors  Last Runtime    Last Run               Last # of DB Queries
----------------------------------  -----  ---------  --------  ----------  --------------  -------------------  ----------------------
/opt/airflow/dags/sales_etl_dag.py                           1           0  0.16s           2026-09-02T14:50:23                      12
================================================================================
[2026-09-02T14:51:10.075+0000] {manager.py:997} INFO - 
================================================================================
DAG File Processing Stats

File Path                           PID    Runtime      # DAGs    # Errors  Last Runtime    Last Run               Last # of DB Queries
----------------------------------  -----  ---------  --------  ----------  --------------  -------------------  ----------------------
/opt/airflow/dags/sales_etl_dag.py                           1           0  0.17s           2026-09-02T14:50:53                      12
================================================================================
[2026-09-02T14:51:40.382+0000] {manager.py:997} INFO - 
================================================================================
DAG File Processing Stats

File Path                           PID    Runtime      # DAGs    # Errors  Last Runtime    Last Run               Last # of DB Queries
----------------------------------  -----  ---------  --------  ----------  --------------  -------------------  ----------------------
/opt/airflow/dags/sales_etl_dag.py                           1           0  0.13s           2026-09-02T14:51:24                      12
================================================================================
[2026-09-02T14:52:10.758+0000] {manager.py:997} INFO - 
================================================================================
DAG File Processing Stats

File Path                           PID    Runtime      # DAGs    # Errors  Last Runtime    Last Run               Last # of DB Queries
----------------------------------  -----  ---------  --------  ----------  --------------  -------------------  ----------------------
/opt/airflow/dags/sales_etl_dag.py                           1           0  0.13s           2026-09-02T14:51:54                      12
================================================================================
[2026-09-02T14:52:41.064+0000] {manager.py:997} INFO - 
================================================================================
DAG File Processing Stats

File Path                           PID    Runtime      # DAGs    # Errors  Last Runtime    Last Run               Last # of DB Queries
----------------------------------  -----  ---------  --------  ----------  --------------  -------------------  ----------------------
/opt/airflow/dags/sales_etl_dag.py                           1           0  0.14s           2026-09-02T14:52:25                      12
================================================================================
[2026-09-02T14:53:11.448+0000] {manager.py:997} INFO - 
================================================================================
DAG File Processing Stats

File Path                           PID    Runtime      # DAGs    # Errors  Last Runtime    Last Run               Last # of DB Queries
----------------------------------  -----  ---------  --------  ----------  --------------  -------------------  ----------------------
/opt/airflow/dags/sales_etl_dag.py                           1           0  0.14s           2026-09-02T14:52:55                      12
================================================================================
[2026-09-02T14:53:41.723+0000] {manager.py:997} INFO - 
================================================================================
DAG File Processing Stats

File Path                           PID    Runtime      # DAGs    # Errors  Last Runtime    Last Run               Last # of DB Queries
----------------------------------  -----  ---------  --------  ----------  --------------  -------------------  ----------------------
/opt/airflow/dags/sales_etl_dag.py                           1           0  0.17s           2026-09-02T14:53:25                      12
================================================================================
[2026-09-02T14:54:02.040+0000] {manager.py:821} INFO - Searching for files in /opt/airflow/dags
[2026-09-02T14:54:02.070+0000] {manager.py:824} INFO - There are 1 files in /opt/airflow/dags
[2026-09-02T14:54:12.166+0000] {manager.py:997} INFO - 
================================================================================
DAG File Processing Stats

File Path                           PID    Runtime      # DAGs    # Errors  Last Runtime    Last Run               Last # of DB Queries
----------------------------------  -----  ---------  --------  ----------  --------------  -------------------  ----------------------
/opt/airflow/dags/sales_etl_dag.py                           1           0  0.17s           2026-09-02T14:53:56                      12
================================================================================
[2026-09-02T14:54:42.482+0000] {manager.py:997} INFO - 
================================================================================
DAG File Processing Stats

File Path                           PID    Runtime      # DAGs    # Errors  Last Runtime    Last Run               Last # of DB Queries
----------------------------------  -----  ---------  --------  ----------  --------------  -------------------  ----------------------
/opt/airflow/dags/sales_etl_dag.py                           1           0  0.17s           2026-09-02T14:54:26                      12
================================================================================
[2026-09-02T14:55:12.897+0000] {manager.py:997} INFO - 
================================================================================
DAG File Processing Stats

File Path                           PID    Runtime      # DAGs    # Errors  Last Runtime    Last Run               Last # of DB Queries
----------------------------------  -----  ---------  --------  ----------  --------------  -------------------  ----------------------
/opt/airflow/dags/sales_etl_dag.py                           1           0  0.14s           2026-09-02T14:54:56                      12
================================================================================
[2026-09-02T14:55:43.193+0000] {manager.py:997} INFO - 
================================================================================
DAG File Processing Stats

File Path                           PID    Runtime      # DAGs    # Errors  Last Runtime    Last Run               Last # of DB Queries
----------------------------------  -----  ---------  --------  ----------  --------------  -------------------  ----------------------
/opt/airflow/dags/sales_etl_dag.py                           1           0  0.16s           2026-09-02T14:55:27                      12
================================================================================
[2026-09-02T14:56:13.585+0000] {manager.py:997} INFO - 
================================================================================
DAG File Processing Stats

File Path                           PID    Runtime      # DAGs    # Errors  Last Runtime    Last Run               Last # of DB Queries
----------------------------------  -----  ---------  --------  ----------  --------------  -------------------  ----------------------
/opt/airflow/dags/sales_etl_dag.py                           1           0  0.23s           2026-09-02T14:55:57                      12
================================================================================
[2026-09-02T14:56:43.992+0000] {manager.py:997} INFO - 
================================================================================
DAG File Processing Stats

File Path                           PID    Runtime      # DAGs    # Errors  Last Runtime    Last Run               Last # of DB Queries
----------------------------------  -----  ---------  --------  ----------  --------------  -------------------  ----------------------
/opt/airflow/dags/sales_etl_dag.py                           1           0  0.14s           2026-09-02T14:56:27                      12
================================================================================
[2026-09-02T14:57:14.292+0000] {manager.py:997} INFO - 
================================================================================
DAG File Processing Stats

File Path                           PID    Runtime      # DAGs    # Errors  Last Runtime    Last Run               Last # of DB Queries
----------------------------------  -----  ---------  --------  ----------  --------------  -------------------  ----------------------
/opt/airflow/dags/sales_etl_dag.py                           1           0  0.19s           2026-09-02T14:56:58                      12
================================================================================
[2026-09-02T14:57:17.033+0000] {manager.py:465} INFO - Exiting gracefully upon receiving signal 15
[2026-09-02T14:58:17.081+0000] {manager.py:483} INFO - Processing files using up to 2 processes at a time 
[2026-09-02T14:58:17.082+0000] {manager.py:484} INFO - Process each file at most once every 30 seconds
[2026-09-02T14:58:17.084+0000] {manager.py:485} INFO - Checking for new files in /opt/airflow/dags every 300 seconds
[2026-09-02T14:58:17.085+0000] {manager.py:821} INFO - Searching for files in /opt/airflow/dags
[2026-09-02T14:58:17.157+0000] {manager.py:824} INFO - There are 1 files in /opt/airflow/dags
[2026-09-02T14:58:17.382+0000] {manager.py:997} INFO - 
================================================================================
DAG File Processing Stats

File Path                             PID  Runtime      # DAGs    # Errors  Last Runtime    Last Run      Last # of DB Queries
----------------------------------  -----  ---------  --------  ----------  --------------  ----------  ----------------------
/opt/airflow/dags/sales_etl_dag.py    167  0.06s             0           0                                                   0
================================================================================
[2026-09-02T14:58:47.797+0000] {manager.py:997} INFO - 
================================================================================
DAG File Processing Stats

File Path                           PID    Runtime      # DAGs    # Errors  Last Runtime    Last Run               Last # of DB Queries
----------------------------------  -----  ---------  --------  ----------  --------------  -------------------  ----------------------
/opt/airflow/dags/sales_etl_dag.py                           1           0  0.48s           2026-09-02T14:58:17                      12
================================================================================
[2026-09-02T14:59:18.158+0000] {manager.py:997} INFO - 
================================================================================
DAG File Processing Stats

File Path                           PID    Runtime      # DAGs    # Errors  Last Runtime    Last Run               Last # of DB Queries
----------------------------------  -----  ---------  --------  ----------  --------------  -------------------  ----------------------
/opt/airflow/dags/sales_etl_dag.py                           1           0  0.49s           2026-09-02T14:58:48                      12
================================================================================
[2026-09-02T14:59:48.639+0000] {manager.py:997} INFO - 
================================================================================
DAG File Processing Stats

File Path                           PID    Runtime      # DAGs    # Errors  Last Runtime    Last Run               Last # of DB Queries
----------------------------------  -----  ---------  --------  ----------  --------------  -------------------  ----------------------
/opt/airflow/dags/sales_etl_dag.py                           1           0  0.23s           2026-09-02T14:59:19                      12
================================================================================
[2026-09-02T15:00:19.191+0000] {manager.py:997} INFO - 
================================================================================
DAG File Processing Stats

File Path                           PID    Runtime      # DAGs    # Errors  Last Runtime    Last Run               Last # of DB Queries
----------------------------------  -----  ---------  --------  ----------  --------------  -------------------  ----------------------
/opt/airflow/dags/sales_etl_dag.py                           1           0  0.24s           2026-09-02T14:59:49                      12
================================================================================
[2026-09-02T15:00:49.582+0000] {manager.py:997} INFO - 
================================================================================
DAG File Processing Stats

File Path                           PID    Runtime      # DAGs    # Errors  Last Runtime    Last Run               Last # of DB Queries
----------------------------------  -----  ---------  --------  ----------  --------------  -------------------  ----------------------
/opt/airflow/dags/sales_etl_dag.py                           1           0  0.19s           2026-09-02T15:00:20                      12
================================================================================
[2026-09-02T15:01:19.881+0000] {manager.py:997} INFO - 
================================================================================
DAG File Processing Stats

File Path                           PID    Runtime      # DAGs    # Errors  Last Runtime    Last Run               Last # of DB Queries
----------------------------------  -----  ---------  --------  ----------  --------------  -------------------  ----------------------
/opt/airflow/dags/sales_etl_dag.py                           1           0  0.15s           2026-09-02T15:00:50                      12
================================================================================
[2026-09-02T15:01:50.254+0000] {manager.py:997} INFO - 
================================================================================
DAG File Processing Stats

File Path                           PID    Runtime      # DAGs    # Errors  Last Runtime    Last Run               Last # of DB Queries
----------------------------------  -----  ---------  --------  ----------  --------------  -------------------  ----------------------
/opt/airflow/dags/sales_etl_dag.py                           1           0  0.16s           2026-09-02T15:01:21                      12
================================================================================
[2026-09-02T15:02:20.531+0000] {manager.py:997} INFO - 
================================================================================
DAG File Processing Stats

File Path                           PID    Runtime      # DAGs    # Errors  Last Runtime    Last Run               Last # of DB Queries
----------------------------------  -----  ---------  --------  ----------  --------------  -------------------  ----------------------
/opt/airflow/dags/sales_etl_dag.py                           1           0  0.15s           2026-09-02T15:01:51                      12
================================================================================
[2026-09-02T15:02:50.889+0000] {manager.py:997} INFO - 
================================================================================
DAG File Processing Stats

File Path                           PID    Runtime      # DAGs    # Errors  Last Runtime    Last Run               Last # of DB Queries
----------------------------------  -----  ---------  --------  ----------  --------------  -------------------  ----------------------
/opt/airflow/dags/sales_etl_dag.py                           1           0  0.17s           2026-09-02T15:02:21                      12
================================================================================
[2026-09-02T15:03:17.291+0000] {manager.py:821} INFO - Searching for files in /opt/airflow/dags
[2026-09-02T15:03:17.331+0000] {manager.py:824} INFO - There are 1 files in /opt/airflow/dags
[2026-09-02T15:03:21.392+0000] {manager.py:997} INFO - 
================================================================================
DAG File Processing Stats

File Path                           PID    Runtime      # DAGs    # Errors  Last Runtime    Last Run               Last # of DB Queries
----------------------------------  -----  ---------  --------  ----------  --------------  -------------------  ----------------------
/opt/airflow/dags/sales_etl_dag.py                           1           0  0.24s           2026-09-02T15:02:52                      12
================================================================================
[2026-09-02T15:03:51.688+0000] {manager.py:997} INFO - 
================================================================================
DAG File Processing Stats

File Path                           PID    Runtime      # DAGs    # Errors  Last Runtime    Last Run               Last # of DB Queries
----------------------------------  -----  ---------  --------  ----------  --------------  -------------------  ----------------------
/opt/airflow/dags/sales_etl_dag.py                           1           0  0.21s           2026-09-02T15:03:22                      12
================================================================================
[2026-09-02T15:04:22.135+0000] {manager.py:997} INFO - 
================================================================================
DAG File Processing Stats

File Path                           PID    Runtime      # DAGs    # Errors  Last Runtime    Last Run               Last # of DB Queries
----------------------------------  -----  ---------  --------  ----------  --------------  -------------------  ----------------------
/opt/airflow/dags/sales_etl_dag.py                           1           0  0.19s           2026-09-02T15:03:52                      12
================================================================================
[2026-09-02T15:04:52.426+0000] {manager.py:997} INFO - 
================================================================================
DAG File Processing Stats

File Path                           PID    Runtime      # DAGs    # Errors  Last Runtime    Last Run               Last # of DB Queries
----------------------------------  -----  ---------  --------  ----------  --------------  -------------------  ----------------------
/opt/airflow/dags/sales_etl_dag.py                           1           0  0.20s           2026-09-02T15:04:23                      12
================================================================================
[2026-09-02T15:05:22.858+0000] {manager.py:997} INFO - 
================================================================================
DAG File Processing Stats

File Path                           PID    Runtime      # DAGs    # Errors  Last Runtime    Last Run               Last # of DB Queries
----------------------------------  -----  ---------  --------  ----------  --------------  -------------------  ----------------------
/opt/airflow/dags/sales_etl_dag.py                           1           0  0.16s           2026-09-02T15:04:53                      12
================================================================================
[2026-09-02T15:05:53.138+0000] {manager.py:997} INFO - 
================================================================================
DAG File Processing Stats

File Path                           PID    Runtime      # DAGs    # Errors  Last Runtime    Last Run               Last # of DB Queries
----------------------------------  -----  ---------  --------  ----------  --------------  -------------------  ----------------------
/opt/airflow/dags/sales_etl_dag.py                           1           0  0.19s           2026-09-02T15:05:24                      12
================================================================================
[2026-09-02T15:06:23.411+0000] {manager.py:997} INFO - 
================================================================================
DAG File Processing Stats

File Path                           PID    Runtime      # DAGs    # Errors  Last Runtime    Last Run               Last # of DB Queries
----------------------------------  -----  ---------  --------  ----------  --------------  -------------------  ----------------------
/opt/airflow/dags/sales_etl_dag.py                           1           0  0.15s           2026-09-02T15:05:54                      12
================================================================================
[2026-09-02T15:06:53.781+0000] {manager.py:997} INFO - 
================================================================================
DAG File Processing Stats

File Path                           PID    Runtime      # DAGs    # Errors  Last Runtime    Last Run               Last # of DB Queries
----------------------------------  -----  ---------  --------  ----------  --------------  -------------------  ----------------------
/opt/airflow/dags/sales_etl_dag.py                           1           0  0.15s           2026-09-02T15:06:24                      12
================================================================================
[2026-09-02T15:07:24.070+0000] {manager.py:997} INFO - 
================================================================================
DAG File Processing Stats

File Path                           PID    Runtime      # DAGs    # Errors  Last Runtime    Last Run               Last # of DB Queries
----------------------------------  -----  ---------  --------  ----------  --------------  -------------------  ----------------------
/opt/airflow/dags/sales_etl_dag.py                           1           0  0.20s           2026-09-02T15:06:55                      12
================================================================================
[2026-09-02T15:07:54.550+0000] {manager.py:997} INFO - 
================================================================================
DAG File Processing Stats

File Path                           PID    Runtime      # DAGs    # Errors  Last Runtime    Last Run               Last # of DB Queries
----------------------------------  -----  ---------  --------  ----------  --------------  -------------------  ----------------------
/opt/airflow/dags/sales_etl_dag.py                           1           0  0.25s           2026-09-02T15:07:25                      12
================================================================================
[2026-09-02T15:08:17.763+0000] {manager.py:821} INFO - Searching for files in /opt/airflow/dags
[2026-09-02T15:08:17.790+0000] {manager.py:824} INFO - There are 1 files in /opt/airflow/dags
[2026-09-02T15:08:24.866+0000] {manager.py:997} INFO - 
================================================================================
DAG File Processing Stats

File Path                           PID    Runtime      # DAGs    # Errors  Last Runtime    Last Run               Last # of DB Queries
----------------------------------  -----  ---------  --------  ----------  --------------  -------------------  ----------------------
/opt/airflow/dags/sales_etl_dag.py                           1           0  0.17s           2026-09-02T15:07:55                      12
================================================================================
[2026-09-02T15:08:55.199+0000] {manager.py:997} INFO - 
================================================================================
DAG File Processing Stats

File Path                           PID    Runtime      # DAGs    # Errors  Last Runtime    Last Run               Last # of DB Queries
----------------------------------  -----  ---------  --------  ----------  --------------  -------------------  ----------------------
/opt/airflow/dags/sales_etl_dag.py                           1           0  0.15s           2026-09-02T15:08:26                      12
================================================================================
[2026-09-02T15:09:25.560+0000] {manager.py:997} INFO - 
================================================================================
DAG File Processing Stats

File Path                           PID    Runtime      # DAGs    # Errors  Last Runtime    Last Run               Last # of DB Queries
----------------------------------  -----  ---------  --------  ----------  --------------  -------------------  ----------------------
/opt/airflow/dags/sales_etl_dag.py                           1           0  0.15s           2026-09-02T15:08:56                      12
================================================================================
[2026-09-02T15:09:55.886+0000] {manager.py:997} INFO - 
================================================================================
DAG File Processing Stats

File Path                           PID    Runtime      # DAGs    # Errors  Last Runtime    Last Run               Last # of DB Queries
----------------------------------  -----  ---------  --------  ----------  --------------  -------------------  ----------------------
/opt/airflow/dags/sales_etl_dag.py                           1           0  0.15s           2026-09-02T15:09:26                      12
================================================================================
[2026-09-02T15:10:26.226+0000] {manager.py:997} INFO - 
================================================================================
DAG File Processing Stats

File Path                           PID    Runtime      # DAGs    # Errors  Last Runtime    Last Run               Last # of DB Queries
----------------------------------  -----  ---------  --------  ----------  --------------  -------------------  ----------------------
/opt/airflow/dags/sales_etl_dag.py                           1           0  0.19s           2026-09-02T15:09:57                      12
================================================================================
[2026-09-02T15:10:56.619+0000] {manager.py:997} INFO - 
================================================================================
DAG File Processing Stats

File Path                           PID    Runtime      # DAGs    # Errors  Last Runtime    Last Run               Last # of DB Queries
----------------------------------  -----  ---------  --------  ----------  --------------  -------------------  ----------------------
/opt/airflow/dags/sales_etl_dag.py                           1           0  0.23s           2026-09-02T15:10:27                      12
================================================================================
[2026-09-02T15:11:26.992+0000] {manager.py:997} INFO - 
================================================================================
DAG File Processing Stats

File Path                           PID    Runtime      # DAGs    # Errors  Last Runtime    Last Run               Last # of DB Queries
----------------------------------  -----  ---------  --------  ----------  --------------  -------------------  ----------------------
/opt/airflow/dags/sales_etl_dag.py                           1           0  0.31s           2026-09-02T15:10:57                      12
================================================================================
[2026-09-02T15:11:57.270+0000] {manager.py:997} INFO - 
================================================================================
DAG File Processing Stats

File Path                           PID    Runtime      # DAGs    # Errors  Last Runtime    Last Run               Last # of DB Queries
----------------------------------  -----  ---------  --------  ----------  --------------  -------------------  ----------------------
/opt/airflow/dags/sales_etl_dag.py                           1           0  0.14s           2026-09-02T15:11:28                      12
================================================================================
[2026-09-02T15:12:27.665+0000] {manager.py:997} INFO - 
================================================================================
DAG File Processing Stats

File Path                           PID    Runtime      # DAGs    # Errors  Last Runtime    Last Run               Last # of DB Queries
----------------------------------  -----  ---------  --------  ----------  --------------  -------------------  ----------------------
/opt/airflow/dags/sales_etl_dag.py                           1           0  0.17s           2026-09-02T15:11:58                      12
================================================================================
[2026-09-02T15:12:57.962+0000] {manager.py:997} INFO - 
================================================================================
DAG File Processing Stats

File Path                           PID    Runtime      # DAGs    # Errors  Last Runtime    Last Run               Last # of DB Queries
----------------------------------  -----  ---------  --------  ----------  --------------  -------------------  ----------------------
/opt/airflow/dags/sales_etl_dag.py                           1           0  0.23s           2026-09-02T15:12:28                      12
================================================================================
[2026-09-02T15:13:18.148+0000] {manager.py:821} INFO - Searching for files in /opt/airflow/dags
[2026-09-02T15:13:18.177+0000] {manager.py:824} INFO - There are 1 files in /opt/airflow/dags
[2026-09-02T15:13:28.284+0000] {manager.py:997} INFO - 
================================================================================
DAG File Processing Stats

File Path                           PID    Runtime      # DAGs    # Errors  Last Runtime    Last Run               Last # of DB Queries
----------------------------------  -----  ---------  --------  ----------  --------------  -------------------  ----------------------
/opt/airflow/dags/sales_etl_dag.py                           1           0  0.16s           2026-09-02T15:12:59                      12
================================================================================
[2026-09-02T15:13:58.617+0000] {manager.py:997} INFO - 
================================================================================
DAG File Processing Stats

File Path                           PID    Runtime      # DAGs    # Errors  Last Runtime    Last Run               Last # of DB Queries
----------------------------------  -----  ---------  --------  ----------  --------------  -------------------  ----------------------
/opt/airflow/dags/sales_etl_dag.py                           1           0  0.14s           2026-09-02T15:13:29                      12
================================================================================
[2026-09-02T15:14:28.906+0000] {manager.py:997} INFO - 
================================================================================
DAG File Processing Stats

File Path                           PID    Runtime      # DAGs    # Errors  Last Runtime    Last Run               Last # of DB Queries
----------------------------------  -----  ---------  --------  ----------  --------------  -------------------  ----------------------
/opt/airflow/dags/sales_etl_dag.py                           1           0  0.14s           2026-09-02T15:13:59                      12
================================================================================
[2026-09-02T15:14:59.270+0000] {manager.py:997} INFO - 
================================================================================
DAG File Processing Stats

File Path                           PID    Runtime      # DAGs    # Errors  Last Runtime    Last Run               Last # of DB Queries
----------------------------------  -----  ---------  --------  ----------  --------------  -------------------  ----------------------
/opt/airflow/dags/sales_etl_dag.py                           1           0  0.15s           2026-09-02T15:14:30                      12
================================================================================
[2026-09-02T15:15:29.600+0000] {manager.py:997} INFO - 
================================================================================
DAG File Processing Stats

File Path                           PID    Runtime      # DAGs    # Errors  Last Runtime    Last Run               Last # of DB Queries
----------------------------------  -----  ---------  --------  ----------  --------------  -------------------  ----------------------
/opt/airflow/dags/sales_etl_dag.py                           1           0  0.15s           2026-09-02T15:15:00                      12
================================================================================
[2026-09-02T15:15:59.948+0000] {manager.py:997} INFO - 
================================================================================
DAG File Processing Stats

File Path                           PID    Runtime      # DAGs    # Errors  Last Runtime    Last Run               Last # of DB Queries
----------------------------------  -----  ---------  --------  ----------  --------------  -------------------  ----------------------
/opt/airflow/dags/sales_etl_dag.py                           1           0  0.13s           2026-09-02T15:15:30                      12
================================================================================
[2026-09-02T15:16:30.384+0000] {manager.py:997} INFO - 
================================================================================
DAG File Processing Stats

File Path                           PID    Runtime      # DAGs    # Errors  Last Runtime    Last Run               Last # of DB Queries
----------------------------------  -----  ---------  --------  ----------  --------------  -------------------  ----------------------
/opt/airflow/dags/sales_etl_dag.py                           1           0  0.15s           2026-09-02T15:16:01                      12
================================================================================
[2026-09-02T15:17:00.761+0000] {manager.py:997} INFO - 
================================================================================
DAG File Processing Stats

File Path                           PID    Runtime      # DAGs    # Errors  Last Runtime    Last Run               Last # of DB Queries
----------------------------------  -----  ---------  --------  ----------  --------------  -------------------  ----------------------
/opt/airflow/dags/sales_etl_dag.py                           1           0  0.13s           2026-09-02T15:16:31                      12
================================================================================
[2026-09-02T15:17:31.169+0000] {manager.py:997} INFO - 
================================================================================
DAG File Processing Stats

File Path                           PID    Runtime      # DAGs    # Errors  Last Runtime    Last Run               Last # of DB Queries
----------------------------------  -----  ---------  --------  ----------  --------------  -------------------  ----------------------
/opt/airflow/dags/sales_etl_dag.py                           1           0  0.22s           2026-09-02T15:17:01                      12
================================================================================
[2026-09-02T15:18:01.479+0000] {manager.py:997} INFO - 
================================================================================
DAG File Processing Stats

File Path                           PID    Runtime      # DAGs    # Errors  Last Runtime    Last Run               Last # of DB Queries
----------------------------------  -----  ---------  --------  ----------  --------------  -------------------  ----------------------
/opt/airflow/dags/sales_etl_dag.py                           1           0  0.13s           2026-09-02T15:17:32                      12
================================================================================
[2026-09-02T15:18:18.752+0000] {manager.py:821} INFO - Searching for files in /opt/airflow/dags
[2026-09-02T15:18:18.779+0000] {manager.py:824} INFO - There are 1 files in /opt/airflow/dags
[2026-09-02T15:18:31.951+0000] {manager.py:997} INFO - 
================================================================================
DAG File Processing Stats

File Path                           PID    Runtime      # DAGs    # Errors  Last Runtime    Last Run               Last # of DB Queries
----------------------------------  -----  ---------  --------  ----------  --------------  -------------------  ----------------------
/opt/airflow/dags/sales_etl_dag.py                           1           0  0.15s           2026-09-02T15:18:02                      12
================================================================================
[2026-09-02T15:19:02.293+0000] {manager.py:997} INFO - 
================================================================================
DAG File Processing Stats

File Path                           PID    Runtime      # DAGs    # Errors  Last Runtime    Last Run               Last # of DB Queries
----------------------------------  -----  ---------  --------  ----------  --------------  -------------------  ----------------------
/opt/airflow/dags/sales_etl_dag.py                           1           0  0.14s           2026-09-02T15:18:33                      12
================================================================================
[2026-09-02T15:19:32.770+0000] {manager.py:997} INFO - 
================================================================================
DAG File Processing Stats

File Path                           PID    Runtime      # DAGs    # Errors  Last Runtime    Last Run               Last # of DB Queries
----------------------------------  -----  ---------  --------  ----------  --------------  -------------------  ----------------------
/opt/airflow/dags/sales_etl_dag.py                           1           0  0.21s           2026-09-02T15:19:03                      12
================================================================================
[2026-09-02T15:20:03.097+0000] {manager.py:997} INFO - 
================================================================================
DAG File Processing Stats

File Path                           PID    Runtime      # DAGs    # Errors  Last Runtime    Last Run               Last # of DB Queries
----------------------------------  -----  ---------  --------  ----------  --------------  -------------------  ----------------------
/opt/airflow/dags/sales_etl_dag.py                           1           0  0.14s           2026-09-02T15:19:33                      12
================================================================================
[2026-09-02T15:20:33.461+0000] {manager.py:997} INFO - 
================================================================================
DAG File Processing Stats

File Path                           PID    Runtime      # DAGs    # Errors  Last Runtime    Last Run               Last # of DB Queries
----------------------------------  -----  ---------  --------  ----------  --------------  -------------------  ----------------------
/opt/airflow/dags/sales_etl_dag.py                           1           0  0.20s           2026-09-02T15:20:04                      12
================================================================================
[2026-09-02T15:21:03.862+0000] {manager.py:997} INFO - 
================================================================================
DAG File Processing Stats

File Path                           PID    Runtime      # DAGs    # Errors  Last Runtime    Last Run               Last # of DB Queries
----------------------------------  -----  ---------  --------  ----------  --------------  -------------------  ----------------------
/opt/airflow/dags/sales_etl_dag.py                           1           0  0.16s           2026-09-02T15:20:34                      12
================================================================================
[2026-09-02T15:21:34.233+0000] {manager.py:997} INFO - 
================================================================================
DAG File Processing Stats

File Path                           PID    Runtime      # DAGs    # Errors  Last Runtime    Last Run               Last # of DB Queries
----------------------------------  -----  ---------  --------  ----------  --------------  -------------------  ----------------------
/opt/airflow/dags/sales_etl_dag.py                           1           0  0.14s           2026-09-02T15:21:05                      12
================================================================================
[2026-09-02T15:22:04.620+0000] {manager.py:997} INFO - 
================================================================================
DAG File Processing Stats

File Path                           PID    Runtime      # DAGs    # Errors  Last Runtime    Last Run               Last # of DB Queries
----------------------------------  -----  ---------  --------  ----------  --------------  -------------------  ----------------------
/opt/airflow/dags/sales_etl_dag.py                           1           0  0.17s           2026-09-02T15:21:35                      12
================================================================================
[2026-09-02T15:22:35.048+0000] {manager.py:997} INFO - 
================================================================================
DAG File Processing Stats

File Path                           PID    Runtime      # DAGs    # Errors  Last Runtime    Last Run               Last # of DB Queries
----------------------------------  -----  ---------  --------  ----------  --------------  -------------------  ----------------------
/opt/airflow/dags/sales_etl_dag.py                           1           0  0.13s           2026-09-02T15:22:05                      12
================================================================================
[2026-09-02T15:23:05.340+0000] {manager.py:997} INFO - 
================================================================================
DAG File Processing Stats

File Path                           PID    Runtime      # DAGs    # Errors  Last Runtime    Last Run               Last # of DB Queries
----------------------------------  -----  ---------  --------  ----------  --------------  -------------------  ----------------------
/opt/airflow/dags/sales_etl_dag.py                           1           0  0.17s           2026-09-02T15:22:36                      12
================================================================================
[2026-09-02T15:23:19.587+0000] {manager.py:821} INFO - Searching for files in /opt/airflow/dags
[2026-09-02T15:23:19.609+0000] {manager.py:824} INFO - There are 1 files in /opt/airflow/dags
[2026-09-02T15:23:35.815+0000] {manager.py:997} INFO - 
================================================================================
DAG File Processing Stats

File Path                           PID    Runtime      # DAGs    # Errors  Last Runtime    Last Run               Last # of DB Queries
----------------------------------  -----  ---------  --------  ----------  --------------  -------------------  ----------------------
/opt/airflow/dags/sales_etl_dag.py                           1           0  0.14s           2026-09-02T15:23:06                      12
================================================================================
[2026-09-02T15:24:06.249+0000] {manager.py:997} INFO - 
================================================================================
DAG File Processing Stats

File Path                           PID    Runtime      # DAGs    # Errors  Last Runtime    Last Run               Last # of DB Queries
----------------------------------  -----  ---------  --------  ----------  --------------  -------------------  ----------------------
/opt/airflow/dags/sales_etl_dag.py                           1           0  0.20s           2026-09-02T15:23:37                      12
================================================================================
[2026-09-02T15:24:36.735+0000] {manager.py:997} INFO - 
================================================================================
DAG File Processing Stats

File Path                           PID    Runtime      # DAGs    # Errors  Last Runtime    Last Run               Last # of DB Queries
----------------------------------  -----  ---------  --------  ----------  --------------  -------------------  ----------------------
/opt/airflow/dags/sales_etl_dag.py                           1           0  0.21s           2026-09-02T15:24:07                      12
================================================================================
[2026-09-02T15:25:07.217+0000] {manager.py:997} INFO - 
================================================================================
DAG File Processing Stats

File Path                           PID    Runtime      # DAGs    # Errors  Last Runtime    Last Run               Last # of DB Queries
----------------------------------  -----  ---------  --------  ----------  --------------  -------------------  ----------------------
/opt/airflow/dags/sales_etl_dag.py                           1           0  0.21s           2026-09-02T15:24:37                      12
================================================================================
[2026-09-02T15:25:37.701+0000] {manager.py:997} INFO - 
================================================================================
DAG File Processing Stats

File Path                           PID    Runtime      # DAGs    # Errors  Last Runtime    Last Run               Last # of DB Queries
----------------------------------  -----  ---------  --------  ----------  --------------  -------------------  ----------------------
/opt/airflow/dags/sales_etl_dag.py                           1           0  0.18s           2026-09-02T15:25:08                      12
================================================================================
[2026-09-02T15:26:08.156+0000] {manager.py:997} INFO - 
================================================================================
DAG File Processing Stats

File Path                           PID    Runtime      # DAGs    # Errors  Last Runtime    Last Run               Last # of DB Queries
----------------------------------  -----  ---------  --------  ----------  --------------  -------------------  ----------------------
/opt/airflow/dags/sales_etl_dag.py                           1           0  0.21s           2026-09-02T15:25:38                      12
================================================================================
[2026-09-02T15:26:38.663+0000] {manager.py:997} INFO - 
================================================================================
DAG File Processing Stats

File Path                           PID    Runtime      # DAGs    # Errors  Last Runtime    Last Run               Last # of DB Queries
----------------------------------  -----  ---------  --------  ----------  --------------  -------------------  ----------------------
/opt/airflow/dags/sales_etl_dag.py                           1           0  0.26s           2026-09-02T15:26:09                      12
================================================================================
[2026-09-02T15:27:09.166+0000] {manager.py:997} INFO - 
================================================================================
DAG File Processing Stats

File Path                           PID    Runtime      # DAGs    # Errors  Last Runtime    Last Run               Last # of DB Queries
----------------------------------  -----  ---------  --------  ----------  --------------  -------------------  ----------------------
/opt/airflow/dags/sales_etl_dag.py                           1           0  0.23s           2026-09-02T15:26:39                      12
================================================================================
[2026-09-02T15:27:39.641+0000] {manager.py:997} INFO - 
================================================================================
DAG File Processing Stats

File Path                           PID    Runtime      # DAGs    # Errors  Last Runtime    Last Run               Last # of DB Queries
----------------------------------  -----  ---------  --------  ----------  --------------  -------------------  ----------------------
/opt/airflow/dags/sales_etl_dag.py                           1           0  0.29s           2026-09-02T15:27:10                      12
================================================================================
[2026-09-02T15:28:10.217+0000] {manager.py:997} INFO - 
================================================================================
DAG File Processing Stats

File Path                           PID    Runtime      # DAGs    # Errors  Last Runtime    Last Run               Last # of DB Queries
----------------------------------  -----  ---------  --------  ----------  --------------  -------------------  ----------------------
/opt/airflow/dags/sales_etl_dag.py                           1           0  0.24s           2026-09-02T15:27:40                      12
================================================================================
[2026-09-02T15:28:19.617+0000] {manager.py:821} INFO - Searching for files in /opt/airflow/dags
[2026-09-02T15:28:19.669+0000] {manager.py:824} INFO - There are 1 files in /opt/airflow/dags
[2026-09-02T15:28:40.649+0000] {manager.py:997} INFO - 
================================================================================
DAG File Processing Stats

File Path                           PID    Runtime      # DAGs    # Errors  Last Runtime    Last Run               Last # of DB Queries
----------------------------------  -----  ---------  --------  ----------  --------------  -------------------  ----------------------
/opt/airflow/dags/sales_etl_dag.py                           1           0  0.26s           2026-09-02T15:28:11                      12
================================================================================
[2026-09-02T15:29:11.020+0000] {manager.py:997} INFO - 
================================================================================
DAG File Processing Stats

File Path                           PID    Runtime      # DAGs    # Errors  Last Runtime    Last Run               Last # of DB Queries
----------------------------------  -----  ---------  --------  ----------  --------------  -------------------  ----------------------
/opt/airflow/dags/sales_etl_dag.py                           1           0  0.24s           2026-09-02T15:28:41                      12
================================================================================
[2026-09-02T15:29:41.610+0000] {manager.py:997} INFO - 
================================================================================
DAG File Processing Stats

File Path                           PID    Runtime      # DAGs    # Errors  Last Runtime    Last Run               Last # of DB Queries
----------------------------------  -----  ---------  --------  ----------  --------------  -------------------  ----------------------
/opt/airflow/dags/sales_etl_dag.py                           1           0  0.23s           2026-09-02T15:29:12                      12
================================================================================
[2026-09-02T15:30:12.047+0000] {manager.py:997} INFO - 
================================================================================
DAG File Processing Stats

File Path                           PID    Runtime      # DAGs    # Errors  Last Runtime    Last Run               Last # of DB Queries
----------------------------------  -----  ---------  --------  ----------  --------------  -------------------  ----------------------
/opt/airflow/dags/sales_etl_dag.py                           1           0  0.24s           2026-09-02T15:29:42                      12
================================================================================
[2026-09-02T15:30:42.606+0000] {manager.py:997} INFO - 
================================================================================
DAG File Processing Stats

File Path                           PID    Runtime      # DAGs    # Errors  Last Runtime    Last Run               Last # of DB Queries
----------------------------------  -----  ---------  --------  ----------  --------------  -------------------  ----------------------
/opt/airflow/dags/sales_etl_dag.py                           1           0  0.24s           2026-09-02T15:30:13                      12
================================================================================
[2026-09-02T15:31:13.032+0000] {manager.py:997} INFO - 
================================================================================
DAG File Processing Stats

File Path                           PID    Runtime      # DAGs    # Errors  Last Runtime    Last Run               Last # of DB Queries
----------------------------------  -----  ---------  --------  ----------  --------------  -------------------  ----------------------
/opt/airflow/dags/sales_etl_dag.py                           1           0  0.20s           2026-09-02T15:30:43                      12
================================================================================
[2026-09-02T15:31:43.525+0000] {manager.py:997} INFO - 
================================================================================
DAG File Processing Stats

File Path                           PID    Runtime      # DAGs    # Errors  Last Runtime    Last Run               Last # of DB Queries
----------------------------------  -----  ---------  --------  ----------  --------------  -------------------  ----------------------
/opt/airflow/dags/sales_etl_dag.py                           1           0  0.27s           2026-09-02T15:31:14                      12
================================================================================
[2026-09-02T15:32:14.077+0000] {manager.py:997} INFO - 
================================================================================
DAG File Processing Stats

File Path                           PID    Runtime      # DAGs    # Errors  Last Runtime    Last Run               Last # of DB Queries
----------------------------------  -----  ---------  --------  ----------  --------------  -------------------  ----------------------
/opt/airflow/dags/sales_etl_dag.py                           1           0  0.20s           2026-09-02T15:31:44                      12
================================================================================
[2026-09-02T15:32:44.475+0000] {manager.py:997} INFO - 
================================================================================
DAG File Processing Stats

File Path                           PID    Runtime      # DAGs    # Errors  Last Runtime    Last Run               Last # of DB Queries
----------------------------------  -----  ---------  --------  ----------  --------------  -------------------  ----------------------
/opt/airflow/dags/sales_etl_dag.py                           1           0  0.29s           2026-09-02T15:32:15                      12
================================================================================
[2026-09-02T15:33:14.881+0000] {manager.py:997} INFO - 
================================================================================
DAG File Processing Stats

File Path                           PID    Runtime      # DAGs    # Errors  Last Runtime    Last Run               Last # of DB Queries
----------------------------------  -----  ---------  --------  ----------  --------------  -------------------  ----------------------
/opt/airflow/dags/sales_etl_dag.py                           1           0  0.24s           2026-09-02T15:32:45                      12
================================================================================
[2026-09-02T15:33:20.168+0000] {manager.py:821} INFO - Searching for files in /opt/airflow/dags
[2026-09-02T15:33:20.205+0000] {manager.py:824} INFO - There are 1 files in /opt/airflow/dags
[2026-09-02T15:33:45.571+0000] {manager.py:997} INFO - 
================================================================================
DAG File Processing Stats

File Path                           PID    Runtime      # DAGs    # Errors  Last Runtime    Last Run               Last # of DB Queries
----------------------------------  -----  ---------  --------  ----------  --------------  -------------------  ----------------------
/opt/airflow/dags/sales_etl_dag.py                           1           0  0.29s           2026-09-02T15:33:16                      12
================================================================================
[2026-09-02T15:34:16.019+0000] {manager.py:997} INFO - 
================================================================================
DAG File Processing Stats

File Path                           PID    Runtime      # DAGs    # Errors  Last Runtime    Last Run               Last # of DB Queries
----------------------------------  -----  ---------  --------  ----------  --------------  -------------------  ----------------------
/opt/airflow/dags/sales_etl_dag.py                           1           0  0.22s           2026-09-02T15:33:46                      12
================================================================================
[2026-09-02T15:34:46.575+0000] {manager.py:997} INFO - 
================================================================================
DAG File Processing Stats

File Path                           PID    Runtime      # DAGs    # Errors  Last Runtime    Last Run               Last # of DB Queries
----------------------------------  -----  ---------  --------  ----------  --------------  -------------------  ----------------------
/opt/airflow/dags/sales_etl_dag.py                           1           0  0.24s           2026-09-02T15:34:17                      12
================================================================================
[2026-09-02T15:35:17.045+0000] {manager.py:997} INFO - 
================================================================================
DAG File Processing Stats

File Path                           PID    Runtime      # DAGs    # Errors  Last Runtime    Last Run               Last # of DB Queries
----------------------------------  -----  ---------  --------  ----------  --------------  -------------------  ----------------------
/opt/airflow/dags/sales_etl_dag.py                           1           0  0.20s           2026-09-02T15:34:47                      12
================================================================================
[2026-09-02T15:52:49.345+0000] {manager.py:821} INFO - Searching for files in /opt/airflow/dags
[2026-09-02T15:52:49.469+0000] {manager.py:824} INFO - There are 1 files in /opt/airflow/dags
[2026-09-02T15:52:52.659+0000] {manager.py:997} INFO - 
================================================================================
DAG File Processing Stats

File Path                           PID    Runtime      # DAGs    # Errors  Last Runtime    Last Run               Last # of DB Queries
----------------------------------  -----  ---------  --------  ----------  --------------  -------------------  ----------------------
/opt/airflow/dags/sales_etl_dag.py                           1           0  0.56s           2026-09-02T15:52:50                      12
================================================================================
[2026-09-02T15:53:42.943+0000] {manager.py:997} INFO - 
================================================================================
DAG File Processing Stats

File Path                           PID    Runtime      # DAGs    # Errors  Last Runtime    Last Run               Last # of DB Queries
----------------------------------  -----  ---------  --------  ----------  --------------  -------------------  ----------------------
/opt/airflow/dags/sales_etl_dag.py                           1           0  0.14s           2026-09-02T15:53:21                      12
================================================================================
[2026-09-02T15:54:13.183+0000] {manager.py:997} INFO - 
================================================================================
DAG File Processing Stats

File Path                           PID    Runtime      # DAGs    # Errors  Last Runtime    Last Run               Last # of DB Queries
----------------------------------  -----  ---------  --------  ----------  --------------  -------------------  ----------------------
/opt/airflow/dags/sales_etl_dag.py                           1           0  0.13s           2026-09-02T15:53:52                      12
================================================================================
[2026-09-02T15:54:44.489+0000] {manager.py:997} INFO - 
================================================================================
DAG File Processing Stats

File Path                           PID    Runtime      # DAGs    # Errors  Last Runtime    Last Run               Last # of DB Queries
----------------------------------  -----  ---------  --------  ----------  --------------  -------------------  ----------------------
/opt/airflow/dags/sales_etl_dag.py                           1           0  0.13s           2026-09-02T15:54:22                      12
================================================================================
[2026-09-02T15:55:14.752+0000] {manager.py:997} INFO - 
================================================================================
DAG File Processing Stats

File Path                           PID    Runtime      # DAGs    # Errors  Last Runtime    Last Run               Last # of DB Queries
----------------------------------  -----  ---------  --------  ----------  --------------  -------------------  ----------------------
/opt/airflow/dags/sales_etl_dag.py                           1           0  0.12s           2026-09-02T15:54:52                      12
================================================================================
[2026-09-02T15:55:46.088+0000] {manager.py:997} INFO - 
================================================================================
DAG File Processing Stats

File Path                           PID    Runtime      # DAGs    # Errors  Last Runtime    Last Run               Last # of DB Queries
----------------------------------  -----  ---------  --------  ----------  --------------  -------------------  ----------------------
/opt/airflow/dags/sales_etl_dag.py                           1           0  0.14s           2026-09-02T15:55:22                      12
================================================================================
[2026-09-02T15:56:16.261+0000] {manager.py:997} INFO - 
================================================================================
DAG File Processing Stats

File Path                           PID    Runtime      # DAGs    # Errors  Last Runtime    Last Run               Last # of DB Queries
----------------------------------  -----  ---------  --------  ----------  --------------  -------------------  ----------------------
/opt/airflow/dags/sales_etl_dag.py                           1           0  0.12s           2026-09-02T15:55:53                      12
================================================================================
[2026-09-02T16:25:59.342+0000] {manager.py:821} INFO - Searching for files in /opt/airflow/dags
[2026-09-02T16:25:59.744+0000] {manager.py:824} INFO - There are 1 files in /opt/airflow/dags
[2026-09-02T18:43:09.486+0000] {manager.py:821} INFO - Searching for files in /opt/airflow/dags
[2026-09-02T18:43:09.518+0000] {manager.py:824} INFO - There are 1 files in /opt/airflow/dags
[2026-09-02T18:43:23.727+0000] {manager.py:997} INFO - 
================================================================================
DAG File Processing Stats

File Path                           PID    Runtime      # DAGs    # Errors  Last Runtime    Last Run               Last # of DB Queries
----------------------------------  -----  ---------  --------  ----------  --------------  -------------------  ----------------------
/opt/airflow/dags/sales_etl_dag.py                           1           0  0.42s           2026-09-02T18:43:09                      12
================================================================================
[2026-09-02T19:07:24.183+0000] {manager.py:821} INFO - Searching for files in /opt/airflow/dags
[2026-09-02T19:07:24.491+0000] {manager.py:824} INFO - There are 1 files in /opt/airflow/dags
[2026-09-02T23:36:36.767+0000] {manager.py:821} INFO - Searching for files in /opt/airflow/dags
[2026-09-02T23:36:37.025+0000] {manager.py:824} INFO - There are 1 files in /opt/airflow/dags
[2026-09-03T10:50:16.118+0000] {manager.py:821} INFO - Searching for files in /opt/airflow/dags
[2026-09-03T10:50:16.469+0000] {manager.py:824} INFO - There are 1 files in /opt/airflow/dags
[2026-09-03T10:50:32.947+0000] {manager.py:997} INFO - 
================================================================================
DAG File Processing Stats

File Path                           PID    Runtime      # DAGs    # Errors  Last Runtime    Last Run               Last # of DB Queries
----------------------------------  -----  ---------  --------  ----------  --------------  -------------------  ----------------------
/opt/airflow/dags/sales_etl_dag.py                           1           0  1.46s           2026-09-03T10:50:18                      12
================================================================================
[2026-09-03T10:51:03.527+0000] {manager.py:997} INFO - 
================================================================================
DAG File Processing Stats

File Path                           PID    Runtime      # DAGs    # Errors  Last Runtime    Last Run               Last # of DB Queries
----------------------------------  -----  ---------  --------  ----------  --------------  -------------------  ----------------------
/opt/airflow/dags/sales_etl_dag.py                           1           0  0.19s           2026-09-03T10:50:48                      12
================================================================================
[2026-09-03T10:51:33.717+0000] {manager.py:997} INFO - 
================================================================================
DAG File Processing Stats

File Path                           PID    Runtime      # DAGs    # Errors  Last Runtime    Last Run               Last # of DB Queries
----------------------------------  -----  ---------  --------  ----------  --------------  -------------------  ----------------------
/opt/airflow/dags/sales_etl_dag.py                           1           0  0.13s           2026-09-03T10:51:18                      12
================================================================================
[2026-09-03T10:52:04.128+0000] {manager.py:997} INFO - 
================================================================================
DAG File Processing Stats

File Path                           PID    Runtime      # DAGs    # Errors  Last Runtime    Last Run               Last # of DB Queries
----------------------------------  -----  ---------  --------  ----------  --------------  -------------------  ----------------------
/opt/airflow/dags/sales_etl_dag.py                           1           0  0.14s           2026-09-03T10:51:48                      12
================================================================================
[2026-09-03T10:52:34.508+0000] {manager.py:997} INFO - 
================================================================================
DAG File Processing Stats

File Path                           PID    Runtime      # DAGs    # Errors  Last Runtime    Last Run               Last # of DB Queries
----------------------------------  -----  ---------  --------  ----------  --------------  -------------------  ----------------------
/opt/airflow/dags/sales_etl_dag.py                           1           0  0.14s           2026-09-03T10:52:19                      12
================================================================================
[2026-09-03T10:53:04.975+0000] {manager.py:997} INFO - 
================================================================================
DAG File Processing Stats

File Path                           PID    Runtime      # DAGs    # Errors  Last Runtime    Last Run               Last # of DB Queries
----------------------------------  -----  ---------  --------  ----------  --------------  -------------------  ----------------------
/opt/airflow/dags/sales_etl_dag.py                           1           0  0.20s           2026-09-03T10:52:49                      12
================================================================================
[2026-09-03T10:53:35.384+0000] {manager.py:997} INFO - 
================================================================================
DAG File Processing Stats

File Path                           PID    Runtime      # DAGs    # Errors  Last Runtime    Last Run               Last # of DB Queries
----------------------------------  -----  ---------  --------  ----------  --------------  -------------------  ----------------------
/opt/airflow/dags/sales_etl_dag.py                           1           0  0.20s           2026-09-03T10:53:20                      12
================================================================================
[2026-09-03T10:54:05.749+0000] {manager.py:997} INFO - 
================================================================================
DAG File Processing Stats

File Path                           PID    Runtime      # DAGs    # Errors  Last Runtime    Last Run               Last # of DB Queries
----------------------------------  -----  ---------  --------  ----------  --------------  -------------------  ----------------------
/opt/airflow/dags/sales_etl_dag.py                           1           0  0.13s           2026-09-03T10:53:50                      12
================================================================================
[2026-09-03T10:54:36.201+0000] {manager.py:997} INFO - 
================================================================================
DAG File Processing Stats

File Path                           PID    Runtime      # DAGs    # Errors  Last Runtime    Last Run               Last # of DB Queries
----------------------------------  -----  ---------  --------  ----------  --------------  -------------------  ----------------------
/opt/airflow/dags/sales_etl_dag.py                           1           0  0.17s           2026-09-03T10:54:21                      12
================================================================================
[2026-09-03T10:55:06.590+0000] {manager.py:997} INFO - 
================================================================================
DAG File Processing Stats

File Path                           PID    Runtime      # DAGs    # Errors  Last Runtime    Last Run               Last # of DB Queries
----------------------------------  -----  ---------  --------  ----------  --------------  -------------------  ----------------------
/opt/airflow/dags/sales_etl_dag.py                           1           0  0.13s           2026-09-03T10:54:51                      12
================================================================================
[2026-09-03T10:55:16.714+0000] {manager.py:821} INFO - Searching for files in /opt/airflow/dags
[2026-09-03T10:55:16.735+0000] {manager.py:824} INFO - There are 1 files in /opt/airflow/dags
[2026-09-03T10:55:37.033+0000] {manager.py:997} INFO - 
================================================================================
DAG File Processing Stats

File Path                           PID    Runtime      # DAGs    # Errors  Last Runtime    Last Run               Last # of DB Queries
----------------------------------  -----  ---------  --------  ----------  --------------  -------------------  ----------------------
/opt/airflow/dags/sales_etl_dag.py                           1           0  0.12s           2026-09-03T10:55:21                      12
================================================================================
[2026-09-03T10:56:07.473+0000] {manager.py:997} INFO - 
================================================================================
DAG File Processing Stats

File Path                           PID    Runtime      # DAGs    # Errors  Last Runtime    Last Run               Last # of DB Queries
----------------------------------  -----  ---------  --------  ----------  --------------  -------------------  ----------------------
/opt/airflow/dags/sales_etl_dag.py                           1           0  0.15s           2026-09-03T10:55:52                      12
================================================================================
[2026-09-03T10:56:37.816+0000] {manager.py:997} INFO - 
================================================================================
DAG File Processing Stats

File Path                           PID    Runtime      # DAGs    # Errors  Last Runtime    Last Run               Last # of DB Queries
----------------------------------  -----  ---------  --------  ----------  --------------  -------------------  ----------------------
/opt/airflow/dags/sales_etl_dag.py                           1           0  0.13s           2026-09-03T10:56:22                      12
================================================================================
[2026-09-03T10:57:08.287+0000] {manager.py:997} INFO - 
================================================================================
DAG File Processing Stats

File Path                           PID    Runtime      # DAGs    # Errors  Last Runtime    Last Run               Last # of DB Queries
----------------------------------  -----  ---------  --------  ----------  --------------  -------------------  ----------------------
/opt/airflow/dags/sales_etl_dag.py                           1           0  0.13s           2026-09-03T10:56:53                      12
================================================================================
[2026-09-03T10:57:38.687+0000] {manager.py:997} INFO - 
================================================================================
DAG File Processing Stats

File Path                           PID    Runtime      # DAGs    # Errors  Last Runtime    Last Run               Last # of DB Queries
----------------------------------  -----  ---------  --------  ----------  --------------  -------------------  ----------------------
/opt/airflow/dags/sales_etl_dag.py                           1           0  0.16s           2026-09-03T10:57:23                      12
================================================================================
[2026-09-03T10:58:09.118+0000] {manager.py:997} INFO - 
================================================================================
DAG File Processing Stats

File Path                           PID    Runtime      # DAGs    # Errors  Last Runtime    Last Run               Last # of DB Queries
----------------------------------  -----  ---------  --------  ----------  --------------  -------------------  ----------------------
/opt/airflow/dags/sales_etl_dag.py                           1           0  0.13s           2026-09-03T10:57:53                      12
================================================================================
[2026-09-03T10:58:39.453+0000] {manager.py:997} INFO - 
================================================================================
DAG File Processing Stats

File Path                           PID    Runtime      # DAGs    # Errors  Last Runtime    Last Run               Last # of DB Queries
----------------------------------  -----  ---------  --------  ----------  --------------  -------------------  ----------------------
/opt/airflow/dags/sales_etl_dag.py                           1           0  0.15s           2026-09-03T10:58:24                      12
================================================================================
[2026-09-03T10:59:09.838+0000] {manager.py:997} INFO - 
================================================================================
DAG File Processing Stats

File Path                           PID    Runtime      # DAGs    # Errors  Last Runtime    Last Run               Last # of DB Queries
----------------------------------  -----  ---------  --------  ----------  --------------  -------------------  ----------------------
/opt/airflow/dags/sales_etl_dag.py                           1           0  0.17s           2026-09-03T10:58:54                      12
================================================================================
[2026-09-03T10:59:40.260+0000] {manager.py:997} INFO - 
================================================================================
DAG File Processing Stats

File Path                           PID    Runtime      # DAGs    # Errors  Last Runtime    Last Run               Last # of DB Queries
----------------------------------  -----  ---------  --------  ----------  --------------  -------------------  ----------------------
/opt/airflow/dags/sales_etl_dag.py                           1           0  0.15s           2026-09-03T10:59:25                      12
================================================================================
[2026-09-03T11:00:10.672+0000] {manager.py:997} INFO - 
================================================================================
DAG File Processing Stats

File Path                           PID    Runtime      # DAGs    # Errors  Last Runtime    Last Run               Last # of DB Queries
----------------------------------  -----  ---------  --------  ----------  --------------  -------------------  ----------------------
/opt/airflow/dags/sales_etl_dag.py                           1           0  0.14s           2026-09-03T10:59:55                      12
================================================================================
[2026-09-03T11:00:16.736+0000] {manager.py:821} INFO - Searching for files in /opt/airflow/dags
[2026-09-03T11:00:16.773+0000] {manager.py:824} INFO - There are 1 files in /opt/airflow/dags
[2026-09-03T11:00:41.068+0000] {manager.py:997} INFO - 
================================================================================
DAG File Processing Stats

File Path                           PID    Runtime      # DAGs    # Errors  Last Runtime    Last Run               Last # of DB Queries
----------------------------------  -----  ---------  --------  ----------  --------------  -------------------  ----------------------
/opt/airflow/dags/sales_etl_dag.py                           1           0  0.15s           2026-09-03T11:00:26                      12
================================================================================
[2026-09-03T11:01:11.515+0000] {manager.py:997} INFO - 
================================================================================
DAG File Processing Stats

File Path                           PID    Runtime      # DAGs    # Errors  Last Runtime    Last Run               Last # of DB Queries
----------------------------------  -----  ---------  --------  ----------  --------------  -------------------  ----------------------
/opt/airflow/dags/sales_etl_dag.py                           1           0  0.18s           2026-09-03T11:00:56                      12
================================================================================
[2026-09-03T11:01:41.899+0000] {manager.py:997} INFO - 
================================================================================
DAG File Processing Stats

File Path                           PID    Runtime      # DAGs    # Errors  Last Runtime    Last Run               Last # of DB Queries
----------------------------------  -----  ---------  --------  ----------  --------------  -------------------  ----------------------
/opt/airflow/dags/sales_etl_dag.py                           1           0  0.14s           2026-09-03T11:01:26                      12
================================================================================
[2026-09-03T11:02:12.278+0000] {manager.py:997} INFO - 
================================================================================
DAG File Processing Stats

File Path                           PID    Runtime      # DAGs    # Errors  Last Runtime    Last Run               Last # of DB Queries
----------------------------------  -----  ---------  --------  ----------  --------------  -------------------  ----------------------
/opt/airflow/dags/sales_etl_dag.py                           1           0  0.16s           2026-09-03T11:01:57                      12
================================================================================
[2026-09-03T11:02:42.653+0000] {manager.py:997} INFO - 
================================================================================
DAG File Processing Stats

File Path                           PID    Runtime      # DAGs    # Errors  Last Runtime    Last Run               Last # of DB Queries
----------------------------------  -----  ---------  --------  ----------  --------------  -------------------  ----------------------
/opt/airflow/dags/sales_etl_dag.py                           1           0  0.14s           2026-09-03T11:02:27                      12
================================================================================
[2026-09-03T11:03:13.019+0000] {manager.py:997} INFO - 
================================================================================
DAG File Processing Stats

File Path                           PID    Runtime      # DAGs    # Errors  Last Runtime    Last Run               Last # of DB Queries
----------------------------------  -----  ---------  --------  ----------  --------------  -------------------  ----------------------
/opt/airflow/dags/sales_etl_dag.py                           1           0  0.15s           2026-09-03T11:02:57                      12
================================================================================
[2026-09-03T11:03:43.496+0000] {manager.py:997} INFO - 
================================================================================
DAG File Processing Stats

File Path                           PID    Runtime      # DAGs    # Errors  Last Runtime    Last Run               Last # of DB Queries
----------------------------------  -----  ---------  --------  ----------  --------------  -------------------  ----------------------
/opt/airflow/dags/sales_etl_dag.py                           1           0  0.13s           2026-09-03T11:03:28                      12
================================================================================
[2026-09-03T11:04:13.811+0000] {manager.py:997} INFO - 
================================================================================
DAG File Processing Stats

File Path                           PID    Runtime      # DAGs    # Errors  Last Runtime    Last Run               Last # of DB Queries
----------------------------------  -----  ---------  --------  ----------  --------------  -------------------  ----------------------
/opt/airflow/dags/sales_etl_dag.py                           1           0  0.14s           2026-09-03T11:03:58                      12
================================================================================
[2026-09-03T11:04:44.219+0000] {manager.py:997} INFO - 
================================================================================
DAG File Processing Stats

File Path                           PID    Runtime      # DAGs    # Errors  Last Runtime    Last Run               Last # of DB Queries
----------------------------------  -----  ---------  --------  ----------  --------------  -------------------  ----------------------
/opt/airflow/dags/sales_etl_dag.py                           1           0  0.17s           2026-09-03T11:04:29                      12
================================================================================
[2026-09-03T11:05:14.622+0000] {manager.py:997} INFO - 
================================================================================
DAG File Processing Stats

File Path                           PID    Runtime      # DAGs    # Errors  Last Runtime    Last Run               Last # of DB Queries
----------------------------------  -----  ---------  --------  ----------  --------------  -------------------  ----------------------
/opt/airflow/dags/sales_etl_dag.py                           1           0  0.13s           2026-09-03T11:04:59                      12
================================================================================
[2026-09-03T11:05:17.644+0000] {manager.py:821} INFO - Searching for files in /opt/airflow/dags
[2026-09-03T11:05:17.669+0000] {manager.py:824} INFO - There are 1 files in /opt/airflow/dags
[2026-09-03T11:05:44.956+0000] {manager.py:997} INFO - 
================================================================================
DAG File Processing Stats

File Path                           PID    Runtime      # DAGs    # Errors  Last Runtime    Last Run               Last # of DB Queries
----------------------------------  -----  ---------  --------  ----------  --------------  -------------------  ----------------------
/opt/airflow/dags/sales_etl_dag.py                           1           0  0.16s           2026-09-03T11:05:29                      12
================================================================================
[2026-09-03T11:06:15.440+0000] {manager.py:997} INFO - 
================================================================================
DAG File Processing Stats

File Path                           PID    Runtime      # DAGs    # Errors  Last Runtime    Last Run               Last # of DB Queries
----------------------------------  -----  ---------  --------  ----------  --------------  -------------------  ----------------------
/opt/airflow/dags/sales_etl_dag.py                           1           0  0.18s           2026-09-03T11:06:00                      12
================================================================================
[2026-09-03T11:06:45.771+0000] {manager.py:997} INFO - 
================================================================================
DAG File Processing Stats

File Path                           PID    Runtime      # DAGs    # Errors  Last Runtime    Last Run               Last # of DB Queries
----------------------------------  -----  ---------  --------  ----------  --------------  -------------------  ----------------------
/opt/airflow/dags/sales_etl_dag.py                           1           0  0.19s           2026-09-03T11:06:30                      12
================================================================================
[2026-09-03T11:07:16.081+0000] {manager.py:997} INFO - 
================================================================================
DAG File Processing Stats

File Path                           PID    Runtime      # DAGs    # Errors  Last Runtime    Last Run               Last # of DB Queries
----------------------------------  -----  ---------  --------  ----------  --------------  -------------------  ----------------------
/opt/airflow/dags/sales_etl_dag.py                           1           0  0.14s           2026-09-03T11:07:01                      12
================================================================================
[2026-09-03T11:07:46.549+0000] {manager.py:997} INFO - 
================================================================================
DAG File Processing Stats

File Path                           PID    Runtime      # DAGs    # Errors  Last Runtime    Last Run               Last # of DB Queries
----------------------------------  -----  ---------  --------  ----------  --------------  -------------------  ----------------------
/opt/airflow/dags/sales_etl_dag.py                           1           0  0.14s           2026-09-03T11:07:31                      12
================================================================================
[2026-09-03T11:08:16.864+0000] {manager.py:997} INFO - 
================================================================================
DAG File Processing Stats

File Path                           PID    Runtime      # DAGs    # Errors  Last Runtime    Last Run               Last # of DB Queries
----------------------------------  -----  ---------  --------  ----------  --------------  -------------------  ----------------------
/opt/airflow/dags/sales_etl_dag.py                           1           0  0.17s           2026-09-03T11:08:01                      12
================================================================================
[2026-09-03T11:08:47.302+0000] {manager.py:997} INFO - 
================================================================================
DAG File Processing Stats

File Path                           PID    Runtime      # DAGs    # Errors  Last Runtime    Last Run               Last # of DB Queries
----------------------------------  -----  ---------  --------  ----------  --------------  -------------------  ----------------------
/opt/airflow/dags/sales_etl_dag.py                           1           0  0.14s           2026-09-03T11:08:32                      12
================================================================================
[2026-09-03T11:09:17.663+0000] {manager.py:997} INFO - 
================================================================================
DAG File Processing Stats

File Path                           PID    Runtime      # DAGs    # Errors  Last Runtime    Last Run               Last # of DB Queries
----------------------------------  -----  ---------  --------  ----------  --------------  -------------------  ----------------------
/opt/airflow/dags/sales_etl_dag.py                           1           0  0.15s           2026-09-03T11:09:02                      12
================================================================================
[2026-09-03T11:09:48.107+0000] {manager.py:997} INFO - 
================================================================================
DAG File Processing Stats

File Path                           PID    Runtime      # DAGs    # Errors  Last Runtime    Last Run               Last # of DB Queries
----------------------------------  -----  ---------  --------  ----------  --------------  -------------------  ----------------------
/opt/airflow/dags/sales_etl_dag.py                           1           0  0.14s           2026-09-03T11:09:32                      12
================================================================================
[2026-09-03T11:10:18.422+0000] {manager.py:821} INFO - Searching for files in /opt/airflow/dags
[2026-09-03T11:10:18.484+0000] {manager.py:824} INFO - There are 1 files in /opt/airflow/dags
[2026-09-03T11:10:18.525+0000] {manager.py:997} INFO - 
================================================================================
DAG File Processing Stats

File Path                           PID    Runtime      # DAGs    # Errors  Last Runtime    Last Run               Last # of DB Queries
----------------------------------  -----  ---------  --------  ----------  --------------  -------------------  ----------------------
/opt/airflow/dags/sales_etl_dag.py                           1           0  0.13s           2026-09-03T11:10:03                      12
================================================================================
[2026-09-03T11:10:48.835+0000] {manager.py:997} INFO - 
================================================================================
DAG File Processing Stats

File Path                           PID    Runtime      # DAGs    # Errors  Last Runtime    Last Run               Last # of DB Queries
----------------------------------  -----  ---------  --------  ----------  --------------  -------------------  ----------------------
/opt/airflow/dags/sales_etl_dag.py                           1           0  0.15s           2026-09-03T11:10:33                      12
================================================================================
[2026-09-03T11:11:19.273+0000] {manager.py:997} INFO - 
================================================================================
DAG File Processing Stats

File Path                           PID    Runtime      # DAGs    # Errors  Last Runtime    Last Run               Last # of DB Queries
----------------------------------  -----  ---------  --------  ----------  --------------  -------------------  ----------------------
/opt/airflow/dags/sales_etl_dag.py                           1           0  0.15s           2026-09-03T11:11:04                      12
================================================================================
[2026-09-03T11:11:49.642+0000] {manager.py:997} INFO - 
================================================================================
DAG File Processing Stats

File Path                           PID    Runtime      # DAGs    # Errors  Last Runtime    Last Run               Last # of DB Queries
----------------------------------  -----  ---------  --------  ----------  --------------  -------------------  ----------------------
/opt/airflow/dags/sales_etl_dag.py                           1           0  0.19s           2026-09-03T11:11:34                      12
================================================================================
[2026-09-03T11:12:19.971+0000] {manager.py:997} INFO - 
================================================================================
DAG File Processing Stats

File Path                           PID    Runtime      # DAGs    # Errors  Last Runtime    Last Run               Last # of DB Queries
----------------------------------  -----  ---------  --------  ----------  --------------  -------------------  ----------------------
/opt/airflow/dags/sales_etl_dag.py                           1           0  0.15s           2026-09-03T11:12:04                      12
================================================================================
[2026-09-03T11:12:50.463+0000] {manager.py:997} INFO - 
================================================================================
DAG File Processing Stats

File Path                           PID    Runtime      # DAGs    # Errors  Last Runtime    Last Run               Last # of DB Queries
----------------------------------  -----  ---------  --------  ----------  --------------  -------------------  ----------------------
/opt/airflow/dags/sales_etl_dag.py                           1           0  0.13s           2026-09-03T11:12:35                      12
================================================================================
[2026-09-03T11:13:20.846+0000] {manager.py:997} INFO - 
================================================================================
DAG File Processing Stats

File Path                           PID    Runtime      # DAGs    # Errors  Last Runtime    Last Run               Last # of DB Queries
----------------------------------  -----  ---------  --------  ----------  --------------  -------------------  ----------------------
/opt/airflow/dags/sales_etl_dag.py                           1           0  0.19s           2026-09-03T11:13:05                      12
================================================================================
[2026-09-03T11:13:51.212+0000] {manager.py:997} INFO - 
================================================================================
DAG File Processing Stats

File Path                           PID    Runtime      # DAGs    # Errors  Last Runtime    Last Run               Last # of DB Queries
----------------------------------  -----  ---------  --------  ----------  --------------  -------------------  ----------------------
/opt/airflow/dags/sales_etl_dag.py                           1           0  0.12s           2026-09-03T11:13:36                      12
================================================================================
[2026-09-03T11:14:21.664+0000] {manager.py:997} INFO - 
================================================================================
DAG File Processing Stats

File Path                           PID    Runtime      # DAGs    # Errors  Last Runtime    Last Run               Last # of DB Queries
----------------------------------  -----  ---------  --------  ----------  --------------  -------------------  ----------------------
/opt/airflow/dags/sales_etl_dag.py                           1           0  0.15s           2026-09-03T11:14:06                      12
================================================================================
[2026-09-03T11:14:52.024+0000] {manager.py:997} INFO - 
================================================================================
DAG File Processing Stats

File Path                           PID    Runtime      # DAGs    # Errors  Last Runtime    Last Run               Last # of DB Queries
----------------------------------  -----  ---------  --------  ----------  --------------  -------------------  ----------------------
/opt/airflow/dags/sales_etl_dag.py                           1           0  0.14s           2026-09-03T11:14:36                      12
================================================================================
[2026-09-03T11:15:18.424+0000] {manager.py:821} INFO - Searching for files in /opt/airflow/dags
[2026-09-03T11:15:18.441+0000] {manager.py:824} INFO - There are 1 files in /opt/airflow/dags
[2026-09-03T11:15:22.483+0000] {manager.py:997} INFO - 
================================================================================
DAG File Processing Stats

File Path                           PID    Runtime      # DAGs    # Errors  Last Runtime    Last Run               Last # of DB Queries
----------------------------------  -----  ---------  --------  ----------  --------------  -------------------  ----------------------
/opt/airflow/dags/sales_etl_dag.py                           1           0  0.13s           2026-09-03T11:15:07                      12
================================================================================
[2026-09-03T11:15:52.830+0000] {manager.py:997} INFO - 
================================================================================
DAG File Processing Stats

File Path                           PID    Runtime      # DAGs    # Errors  Last Runtime    Last Run               Last # of DB Queries
----------------------------------  -----  ---------  --------  ----------  --------------  -------------------  ----------------------
/opt/airflow/dags/sales_etl_dag.py                           1           0  0.21s           2026-09-03T11:15:37                      12
================================================================================
[2026-09-03T11:16:23.295+0000] {manager.py:997} INFO - 
================================================================================
DAG File Processing Stats

File Path                           PID    Runtime      # DAGs    # Errors  Last Runtime    Last Run               Last # of DB Queries
----------------------------------  -----  ---------  --------  ----------  --------------  -------------------  ----------------------
/opt/airflow/dags/sales_etl_dag.py                           1           0  0.18s           2026-09-03T11:16:08                      12
================================================================================
[2026-09-03T11:16:53.633+0000] {manager.py:997} INFO - 
================================================================================
DAG File Processing Stats

File Path                           PID    Runtime      # DAGs    # Errors  Last Runtime    Last Run               Last # of DB Queries
----------------------------------  -----  ---------  --------  ----------  --------------  -------------------  ----------------------
/opt/airflow/dags/sales_etl_dag.py                           1           0  0.18s           2026-09-03T11:16:38                      12
================================================================================
[2026-09-03T11:17:24.029+0000] {manager.py:997} INFO - 
================================================================================
DAG File Processing Stats

File Path                           PID    Runtime      # DAGs    # Errors  Last Runtime    Last Run               Last # of DB Queries
----------------------------------  -----  ---------  --------  ----------  --------------  -------------------  ----------------------
/opt/airflow/dags/sales_etl_dag.py                           1           0  0.19s           2026-09-03T11:17:08                      12
================================================================================
[2026-09-03T11:17:54.339+0000] {manager.py:997} INFO - 
================================================================================
DAG File Processing Stats

File Path                           PID    Runtime      # DAGs    # Errors  Last Runtime    Last Run               Last # of DB Queries
----------------------------------  -----  ---------  --------  ----------  --------------  -------------------  ----------------------
/opt/airflow/dags/sales_etl_dag.py                           1           0  0.17s           2026-09-03T11:17:39                      12
================================================================================
[2026-09-03T11:18:24.766+0000] {manager.py:997} INFO - 
================================================================================
DAG File Processing Stats

File Path                           PID    Runtime      # DAGs    # Errors  Last Runtime    Last Run               Last # of DB Queries
----------------------------------  -----  ---------  --------  ----------  --------------  -------------------  ----------------------
/opt/airflow/dags/sales_etl_dag.py                           1           0  0.27s           2026-09-03T11:18:09                      12
================================================================================
[2026-09-03T11:18:55.204+0000] {manager.py:997} INFO - 
================================================================================
DAG File Processing Stats

File Path                           PID    Runtime      # DAGs    # Errors  Last Runtime    Last Run               Last # of DB Queries
----------------------------------  -----  ---------  --------  ----------  --------------  -------------------  ----------------------
/opt/airflow/dags/sales_etl_dag.py                           1           0  0.16s           2026-09-03T11:18:40                      12
================================================================================
[2026-09-03T11:19:25.566+0000] {manager.py:997} INFO - 
================================================================================
DAG File Processing Stats

File Path                           PID    Runtime      # DAGs    # Errors  Last Runtime    Last Run               Last # of DB Queries
----------------------------------  -----  ---------  --------  ----------  --------------  -------------------  ----------------------
/opt/airflow/dags/sales_etl_dag.py                           1           0  0.14s           2026-09-03T11:19:10                      12
================================================================================
[2026-09-03T11:19:56.005+0000] {manager.py:997} INFO - 
================================================================================
DAG File Processing Stats

File Path                           PID    Runtime      # DAGs    # Errors  Last Runtime    Last Run               Last # of DB Queries
----------------------------------  -----  ---------  --------  ----------  --------------  -------------------  ----------------------
/opt/airflow/dags/sales_etl_dag.py                           1           0  0.15s           2026-09-03T11:19:40                      12
================================================================================
[2026-09-03T11:20:19.209+0000] {manager.py:821} INFO - Searching for files in /opt/airflow/dags
[2026-09-03T11:20:19.230+0000] {manager.py:824} INFO - There are 1 files in /opt/airflow/dags
[2026-09-03T11:20:26.326+0000] {manager.py:997} INFO - 
================================================================================
DAG File Processing Stats

File Path                           PID    Runtime      # DAGs    # Errors  Last Runtime    Last Run               Last # of DB Queries
----------------------------------  -----  ---------  --------  ----------  --------------  -------------------  ----------------------
/opt/airflow/dags/sales_etl_dag.py                           1           0  0.96s           2026-09-03T11:20:12                      12
================================================================================
[2026-09-03T11:20:56.754+0000] {manager.py:997} INFO - 
================================================================================
DAG File Processing Stats

File Path                           PID    Runtime      # DAGs    # Errors  Last Runtime    Last Run               Last # of DB Queries
----------------------------------  -----  ---------  --------  ----------  --------------  -------------------  ----------------------
/opt/airflow/dags/sales_etl_dag.py                           1           0  0.15s           2026-09-03T11:20:42                      12
================================================================================
[2026-09-03T11:21:27.135+0000] {manager.py:997} INFO - 
================================================================================
DAG File Processing Stats

File Path                           PID    Runtime      # DAGs    # Errors  Last Runtime    Last Run               Last # of DB Queries
----------------------------------  -----  ---------  --------  ----------  --------------  -------------------  ----------------------
/opt/airflow/dags/sales_etl_dag.py                           1           0  0.19s           2026-09-03T11:21:13                      12
================================================================================
[2026-09-03T11:21:57.506+0000] {manager.py:997} INFO - 
================================================================================
DAG File Processing Stats

File Path                           PID    Runtime      # DAGs    # Errors  Last Runtime    Last Run               Last # of DB Queries
----------------------------------  -----  ---------  --------  ----------  --------------  -------------------  ----------------------
/opt/airflow/dags/sales_etl_dag.py                           1           0  0.17s           2026-09-03T11:21:43                      12
================================================================================
[2026-09-03T11:22:27.918+0000] {manager.py:997} INFO - 
================================================================================
DAG File Processing Stats

File Path                           PID    Runtime      # DAGs    # Errors  Last Runtime    Last Run               Last # of DB Queries
----------------------------------  -----  ---------  --------  ----------  --------------  -------------------  ----------------------
/opt/airflow/dags/sales_etl_dag.py                           1           0  0.20s           2026-09-03T11:22:13                      12
================================================================================
[2026-09-03T11:22:58.284+0000] {manager.py:997} INFO - 
================================================================================
DAG File Processing Stats

File Path                           PID    Runtime      # DAGs    # Errors  Last Runtime    Last Run               Last # of DB Queries
----------------------------------  -----  ---------  --------  ----------  --------------  -------------------  ----------------------
/opt/airflow/dags/sales_etl_dag.py                           1           0  0.14s           2026-09-03T11:22:44                      12
================================================================================
[2026-09-03T11:23:28.716+0000] {manager.py:997} INFO - 
================================================================================
DAG File Processing Stats

File Path                           PID    Runtime      # DAGs    # Errors  Last Runtime    Last Run               Last # of DB Queries
----------------------------------  -----  ---------  --------  ----------  --------------  -------------------  ----------------------
/opt/airflow/dags/sales_etl_dag.py                           1           0  0.17s           2026-09-03T11:23:14                      12
================================================================================
[2026-09-03T11:23:59.104+0000] {manager.py:997} INFO - 
================================================================================
DAG File Processing Stats

File Path                           PID    Runtime      # DAGs    # Errors  Last Runtime    Last Run               Last # of DB Queries
----------------------------------  -----  ---------  --------  ----------  --------------  -------------------  ----------------------
/opt/airflow/dags/sales_etl_dag.py                           1           0  0.20s           2026-09-03T11:23:45                      12
================================================================================
[2026-09-03T11:24:29.512+0000] {manager.py:997} INFO - 
================================================================================
DAG File Processing Stats

File Path                           PID    Runtime      # DAGs    # Errors  Last Runtime    Last Run               Last # of DB Queries
----------------------------------  -----  ---------  --------  ----------  --------------  -------------------  ----------------------
/opt/airflow/dags/sales_etl_dag.py                           1           0  0.23s           2026-09-03T11:24:15                      12
================================================================================
[2026-09-03T11:24:59.884+0000] {manager.py:997} INFO - 
================================================================================
DAG File Processing Stats

File Path                           PID    Runtime      # DAGs    # Errors  Last Runtime    Last Run               Last # of DB Queries
----------------------------------  -----  ---------  --------  ----------  --------------  -------------------  ----------------------
/opt/airflow/dags/sales_etl_dag.py                           1           0  0.15s           2026-09-03T11:24:45                      12
================================================================================
[2026-09-03T11:25:19.288+0000] {manager.py:821} INFO - Searching for files in /opt/airflow/dags
[2026-09-03T11:25:19.317+0000] {manager.py:824} INFO - There are 1 files in /opt/airflow/dags
[2026-09-03T11:25:30.345+0000] {manager.py:997} INFO - 
================================================================================
DAG File Processing Stats

File Path                           PID    Runtime      # DAGs    # Errors  Last Runtime    Last Run               Last # of DB Queries
----------------------------------  -----  ---------  --------  ----------  --------------  -------------------  ----------------------
/opt/airflow/dags/sales_etl_dag.py                           1           0  0.17s           2026-09-03T11:25:16                      12
================================================================================
[2026-09-03T11:26:00.683+0000] {manager.py:997} INFO - 
================================================================================
DAG File Processing Stats

File Path                           PID    Runtime      # DAGs    # Errors  Last Runtime    Last Run               Last # of DB Queries
----------------------------------  -----  ---------  --------  ----------  --------------  -------------------  ----------------------
/opt/airflow/dags/sales_etl_dag.py                           1           0  0.44s           2026-09-03T11:25:46                      12
================================================================================
[2026-09-03T11:26:31.397+0000] {manager.py:997} INFO - 
================================================================================
DAG File Processing Stats

File Path                           PID    Runtime      # DAGs    # Errors  Last Runtime    Last Run               Last # of DB Queries
----------------------------------  -----  ---------  --------  ----------  --------------  -------------------  ----------------------
/opt/airflow/dags/sales_etl_dag.py                           1           0  0.20s           2026-09-03T11:26:17                      12
================================================================================
[2026-09-03T11:27:01.853+0000] {manager.py:997} INFO - 
================================================================================
DAG File Processing Stats

File Path                           PID    Runtime      # DAGs    # Errors  Last Runtime    Last Run               Last # of DB Queries
----------------------------------  -----  ---------  --------  ----------  --------------  -------------------  ----------------------
/opt/airflow/dags/sales_etl_dag.py                           1           0  0.16s           2026-09-03T11:26:47                      12
================================================================================
[2026-09-03T11:27:32.246+0000] {manager.py:997} INFO - 
================================================================================
DAG File Processing Stats

File Path                           PID    Runtime      # DAGs    # Errors  Last Runtime    Last Run               Last # of DB Queries
----------------------------------  -----  ---------  --------  ----------  --------------  -------------------  ----------------------
/opt/airflow/dags/sales_etl_dag.py                           1           0  0.15s           2026-09-03T11:27:18                      12
================================================================================
[2026-09-03T11:28:02.638+0000] {manager.py:997} INFO - 
================================================================================
DAG File Processing Stats

File Path                           PID    Runtime      # DAGs    # Errors  Last Runtime    Last Run               Last # of DB Queries
----------------------------------  -----  ---------  --------  ----------  --------------  -------------------  ----------------------
/opt/airflow/dags/sales_etl_dag.py                           1           0  0.20s           2026-09-03T11:27:48                      12
================================================================================
[2026-09-03T11:28:33.020+0000] {manager.py:997} INFO - 
================================================================================
DAG File Processing Stats

File Path                           PID    Runtime      # DAGs    # Errors  Last Runtime    Last Run               Last # of DB Queries
----------------------------------  -----  ---------  --------  ----------  --------------  -------------------  ----------------------
/opt/airflow/dags/sales_etl_dag.py                           1           0  0.15s           2026-09-03T11:28:18                      12
================================================================================
[2026-09-03T11:29:03.321+0000] {manager.py:997} INFO - 
================================================================================
DAG File Processing Stats

File Path                           PID    Runtime      # DAGs    # Errors  Last Runtime    Last Run               Last # of DB Queries
----------------------------------  -----  ---------  --------  ----------  --------------  -------------------  ----------------------
/opt/airflow/dags/sales_etl_dag.py                           1           0  0.60s           2026-09-03T11:28:49                      12
================================================================================
[2026-09-03T11:29:33.447+0000] {manager.py:997} INFO - 
================================================================================
DAG File Processing Stats

File Path                           PID    Runtime      # DAGs    # Errors  Last Runtime    Last Run               Last # of DB Queries
----------------------------------  -----  ---------  --------  ----------  --------------  -------------------  ----------------------
/opt/airflow/dags/sales_etl_dag.py                           1           0  0.37s           2026-09-03T11:29:20                      12
================================================================================
[2026-09-03T11:30:03.698+0000] {manager.py:997} INFO - 
================================================================================
DAG File Processing Stats

File Path                           PID    Runtime      # DAGs    # Errors  Last Runtime    Last Run               Last # of DB Queries
----------------------------------  -----  ---------  --------  ----------  --------------  -------------------  ----------------------
/opt/airflow/dags/sales_etl_dag.py                           1           0  0.20s           2026-09-03T11:29:50                      12
================================================================================
[2026-09-03T11:30:19.846+0000] {manager.py:821} INFO - Searching for files in /opt/airflow/dags
[2026-09-03T11:30:19.868+0000] {manager.py:824} INFO - There are 1 files in /opt/airflow/dags
[2026-09-03T11:30:34.170+0000] {manager.py:997} INFO - 
================================================================================
DAG File Processing Stats

File Path                           PID    Runtime      # DAGs    # Errors  Last Runtime    Last Run               Last # of DB Queries
----------------------------------  -----  ---------  --------  ----------  --------------  -------------------  ----------------------
/opt/airflow/dags/sales_etl_dag.py                           1           0  0.17s           2026-09-03T11:30:21                      12
================================================================================
[2026-09-03T11:31:04.544+0000] {manager.py:997} INFO - 
================================================================================
DAG File Processing Stats

File Path                           PID    Runtime      # DAGs    # Errors  Last Runtime    Last Run               Last # of DB Queries
----------------------------------  -----  ---------  --------  ----------  --------------  -------------------  ----------------------
/opt/airflow/dags/sales_etl_dag.py                           1           0  0.21s           2026-09-03T11:30:51                      12
================================================================================
[2026-09-03T11:31:34.981+0000] {manager.py:997} INFO - 
================================================================================
DAG File Processing Stats

File Path                           PID    Runtime      # DAGs    # Errors  Last Runtime    Last Run               Last # of DB Queries
----------------------------------  -----  ---------  --------  ----------  --------------  -------------------  ----------------------
/opt/airflow/dags/sales_etl_dag.py                           1           0  0.21s           2026-09-03T11:31:21                      12
================================================================================
[2026-09-03T11:32:05.147+0000] {manager.py:997} INFO - 
================================================================================
DAG File Processing Stats

File Path                           PID    Runtime      # DAGs    # Errors  Last Runtime    Last Run               Last # of DB Queries
----------------------------------  -----  ---------  --------  ----------  --------------  -------------------  ----------------------
/opt/airflow/dags/sales_etl_dag.py                           1           0  0.85s           2026-09-03T11:31:53                      12
================================================================================
[2026-09-03T11:32:35.595+0000] {manager.py:997} INFO - 
================================================================================
DAG File Processing Stats

File Path                           PID    Runtime      # DAGs    # Errors  Last Runtime    Last Run               Last # of DB Queries
----------------------------------  -----  ---------  --------  ----------  --------------  -------------------  ----------------------
/opt/airflow/dags/sales_etl_dag.py                           1           0  0.15s           2026-09-03T11:32:23                      12
================================================================================
[2026-09-03T11:33:05.925+0000] {manager.py:997} INFO - 
================================================================================
DAG File Processing Stats

File Path                           PID    Runtime      # DAGs    # Errors  Last Runtime    Last Run               Last # of DB Queries
----------------------------------  -----  ---------  --------  ----------  --------------  -------------------  ----------------------
/opt/airflow/dags/sales_etl_dag.py                           1           0  0.15s           2026-09-03T11:32:53                      12
================================================================================
[2026-09-03T11:33:36.329+0000] {manager.py:997} INFO - 
================================================================================
DAG File Processing Stats

File Path                           PID    Runtime      # DAGs    # Errors  Last Runtime    Last Run               Last # of DB Queries
----------------------------------  -----  ---------  --------  ----------  --------------  -------------------  ----------------------
/opt/airflow/dags/sales_etl_dag.py                           1           0  0.18s           2026-09-03T11:33:24                      12
================================================================================
[2026-09-03T11:34:06.673+0000] {manager.py:997} INFO - 
================================================================================
DAG File Processing Stats

File Path                           PID    Runtime      # DAGs    # Errors  Last Runtime    Last Run               Last # of DB Queries
----------------------------------  -----  ---------  --------  ----------  --------------  -------------------  ----------------------
/opt/airflow/dags/sales_etl_dag.py                           1           0  0.28s           2026-09-03T11:33:54                      12
================================================================================
[2026-09-03T11:34:37.287+0000] {manager.py:997} INFO - 
================================================================================
DAG File Processing Stats

File Path                           PID    Runtime      # DAGs    # Errors  Last Runtime    Last Run               Last # of DB Queries
----------------------------------  -----  ---------  --------  ----------  --------------  -------------------  ----------------------
/opt/airflow/dags/sales_etl_dag.py                           1           0  0.37s           2026-09-03T11:34:25                      12
================================================================================
[2026-09-03T11:35:07.624+0000] {manager.py:997} INFO - 
================================================================================
DAG File Processing Stats

File Path                           PID    Runtime      # DAGs    # Errors  Last Runtime    Last Run               Last # of DB Queries
----------------------------------  -----  ---------  --------  ----------  --------------  -------------------  ----------------------
/opt/airflow/dags/sales_etl_dag.py                           1           0  0.19s           2026-09-03T11:34:55                      12
================================================================================
[2026-09-03T11:35:19.864+0000] {manager.py:821} INFO - Searching for files in /opt/airflow/dags
[2026-09-03T11:35:19.899+0000] {manager.py:824} INFO - There are 1 files in /opt/airflow/dags
[2026-09-03T11:35:37.910+0000] {manager.py:997} INFO - 
================================================================================
DAG File Processing Stats

File Path                           PID    Runtime      # DAGs    # Errors  Last Runtime    Last Run               Last # of DB Queries
----------------------------------  -----  ---------  --------  ----------  --------------  -------------------  ----------------------
/opt/airflow/dags/sales_etl_dag.py                           1           0  0.18s           2026-09-03T11:35:25                      12
================================================================================
[2026-09-03T11:36:08.365+0000] {manager.py:997} INFO - 
================================================================================
DAG File Processing Stats

File Path                           PID    Runtime      # DAGs    # Errors  Last Runtime    Last Run               Last # of DB Queries
----------------------------------  -----  ---------  --------  ----------  --------------  -------------------  ----------------------
/opt/airflow/dags/sales_etl_dag.py                           1           0  0.17s           2026-09-03T11:35:56                      12
================================================================================
[2026-09-03T11:36:38.723+0000] {manager.py:997} INFO - 
================================================================================
DAG File Processing Stats

File Path                           PID    Runtime      # DAGs    # Errors  Last Runtime    Last Run               Last # of DB Queries
----------------------------------  -----  ---------  --------  ----------  --------------  -------------------  ----------------------
/opt/airflow/dags/sales_etl_dag.py                           1           0  0.16s           2026-09-03T11:36:26                      12
================================================================================
[2026-09-03T11:37:09.145+0000] {manager.py:997} INFO - 
================================================================================
DAG File Processing Stats

File Path                           PID    Runtime      # DAGs    # Errors  Last Runtime    Last Run               Last # of DB Queries
----------------------------------  -----  ---------  --------  ----------  --------------  -------------------  ----------------------
/opt/airflow/dags/sales_etl_dag.py                           1           0  0.25s           2026-09-03T11:36:57                      12
================================================================================
[2026-09-03T11:37:39.609+0000] {manager.py:997} INFO - 
================================================================================
DAG File Processing Stats

File Path                           PID    Runtime      # DAGs    # Errors  Last Runtime    Last Run               Last # of DB Queries
----------------------------------  -----  ---------  --------  ----------  --------------  -------------------  ----------------------
/opt/airflow/dags/sales_etl_dag.py                           1           0  0.52s           2026-09-03T11:37:27                      12
================================================================================
[2026-09-03T11:38:10.351+0000] {manager.py:997} INFO - 
================================================================================
DAG File Processing Stats

File Path                           PID    Runtime      # DAGs    # Errors  Last Runtime    Last Run               Last # of DB Queries
----------------------------------  -----  ---------  --------  ----------  --------------  -------------------  ----------------------
/opt/airflow/dags/sales_etl_dag.py                           1           0  0.17s           2026-09-03T11:37:58                      12
================================================================================
[2026-09-03T11:38:41.023+0000] {manager.py:997} INFO - 
================================================================================
DAG File Processing Stats

File Path                           PID    Runtime      # DAGs    # Errors  Last Runtime    Last Run               Last # of DB Queries
----------------------------------  -----  ---------  --------  ----------  --------------  -------------------  ----------------------
/opt/airflow/dags/sales_etl_dag.py                           1           0  0.20s           2026-09-03T11:38:35                      12
================================================================================
[2026-09-03T11:39:11.689+0000] {manager.py:997} INFO - 
================================================================================
DAG File Processing Stats

File Path                           PID    Runtime      # DAGs    # Errors  Last Runtime    Last Run               Last # of DB Queries
----------------------------------  -----  ---------  --------  ----------  --------------  -------------------  ----------------------
/opt/airflow/dags/sales_etl_dag.py                           0           1  0.10s           2026-09-03T11:39:08                       5
================================================================================
[2026-09-03T11:39:42.237+0000] {manager.py:997} INFO - 
================================================================================
DAG File Processing Stats

File Path                           PID    Runtime      # DAGs    # Errors  Last Runtime    Last Run               Last # of DB Queries
----------------------------------  -----  ---------  --------  ----------  --------------  -------------------  ----------------------
/opt/airflow/dags/sales_etl_dag.py                           1           0  0.18s           2026-09-03T11:39:33                      12
================================================================================
[2026-09-03T11:40:12.652+0000] {manager.py:997} INFO - 
================================================================================
DAG File Processing Stats

File Path                           PID    Runtime      # DAGs    # Errors  Last Runtime    Last Run               Last # of DB Queries
----------------------------------  -----  ---------  --------  ----------  --------------  -------------------  ----------------------
/opt/airflow/dags/sales_etl_dag.py                           1           0  0.93s           2026-09-03T11:40:12                      34
================================================================================
[2026-09-03T11:40:19.929+0000] {manager.py:821} INFO - Searching for files in /opt/airflow/dags
[2026-09-03T11:40:19.961+0000] {manager.py:824} INFO - There are 1 files in /opt/airflow/dags
[2026-09-03T11:40:43.187+0000] {manager.py:997} INFO - 
================================================================================
DAG File Processing Stats

File Path                           PID    Runtime      # DAGs    # Errors  Last Runtime    Last Run               Last # of DB Queries
----------------------------------  -----  ---------  --------  ----------  --------------  -------------------  ----------------------
/opt/airflow/dags/sales_etl_dag.py                           1           0  0.41s           2026-09-03T11:40:28                      11
================================================================================
[2026-09-03T11:41:13.219+0000] {manager.py:997} INFO - 
================================================================================
DAG File Processing Stats

File Path                           PID    Runtime      # DAGs    # Errors  Last Runtime    Last Run               Last # of DB Queries
----------------------------------  -----  ---------  --------  ----------  --------------  -------------------  ----------------------
/opt/airflow/dags/sales_etl_dag.py                           1           0  0.38s           2026-09-03T11:41:11                      11
================================================================================
[2026-09-03T11:41:43.449+0000] {manager.py:997} INFO - 
================================================================================
DAG File Processing Stats

File Path                           PID    Runtime      # DAGs    # Errors  Last Runtime    Last Run               Last # of DB Queries
----------------------------------  -----  ---------  --------  ----------  --------------  -------------------  ----------------------
/opt/airflow/dags/sales_etl_dag.py                           1           0  0.27s           2026-09-03T11:41:41                      12
================================================================================
[2026-09-03T11:42:13.813+0000] {manager.py:997} INFO - 
================================================================================
DAG File Processing Stats

File Path                           PID    Runtime      # DAGs    # Errors  Last Runtime    Last Run               Last # of DB Queries
----------------------------------  -----  ---------  --------  ----------  --------------  -------------------  ----------------------
/opt/airflow/dags/sales_etl_dag.py                           1           0  0.16s           2026-09-03T11:42:11                      12
================================================================================
[2026-09-03T11:42:44.194+0000] {manager.py:997} INFO - 
================================================================================
DAG File Processing Stats

File Path                           PID    Runtime      # DAGs    # Errors  Last Runtime    Last Run               Last # of DB Queries
----------------------------------  -----  ---------  --------  ----------  --------------  -------------------  ----------------------
/opt/airflow/dags/sales_etl_dag.py                           1           0  0.17s           2026-09-03T11:42:42                      12
================================================================================
[2026-09-03T11:43:14.466+0000] {manager.py:997} INFO - 
================================================================================
DAG File Processing Stats

File Path                           PID    Runtime      # DAGs    # Errors  Last Runtime    Last Run               Last # of DB Queries
----------------------------------  -----  ---------  --------  ----------  --------------  -------------------  ----------------------
/opt/airflow/dags/sales_etl_dag.py                           1           0  0.38s           2026-09-03T11:43:12                      12
================================================================================
[2026-09-03T11:43:45.076+0000] {manager.py:997} INFO - 
================================================================================
DAG File Processing Stats

File Path                           PID    Runtime      # DAGs    # Errors  Last Runtime    Last Run               Last # of DB Queries
----------------------------------  -----  ---------  --------  ----------  --------------  -------------------  ----------------------
/opt/airflow/dags/sales_etl_dag.py                           1           0  0.22s           2026-09-03T11:43:43                      12
================================================================================
[2026-09-03T11:44:15.542+0000] {manager.py:997} INFO - 
================================================================================
DAG File Processing Stats

File Path                           PID    Runtime      # DAGs    # Errors  Last Runtime    Last Run               Last # of DB Queries
----------------------------------  -----  ---------  --------  ----------  --------------  -------------------  ----------------------
/opt/airflow/dags/sales_etl_dag.py                           1           0  0.19s           2026-09-03T11:44:13                      12
================================================================================
[2026-09-03T11:44:45.922+0000] {manager.py:997} INFO - 
================================================================================
DAG File Processing Stats

File Path                           PID    Runtime      # DAGs    # Errors  Last Runtime    Last Run               Last # of DB Queries
----------------------------------  -----  ---------  --------  ----------  --------------  -------------------  ----------------------
/opt/airflow/dags/sales_etl_dag.py                           1           0  0.18s           2026-09-03T11:44:44                      12
================================================================================
[2026-09-03T11:45:16.373+0000] {manager.py:997} INFO - 
================================================================================
DAG File Processing Stats

File Path                           PID    Runtime      # DAGs    # Errors  Last Runtime    Last Run               Last # of DB Queries
----------------------------------  -----  ---------  --------  ----------  --------------  -------------------  ----------------------
/opt/airflow/dags/sales_etl_dag.py                           1           0  0.15s           2026-09-03T11:45:14                      12
================================================================================
[2026-09-03T11:45:20.417+0000] {manager.py:821} INFO - Searching for files in /opt/airflow/dags
[2026-09-03T11:45:20.452+0000] {manager.py:824} INFO - There are 1 files in /opt/airflow/dags
[2026-09-03T11:45:46.820+0000] {manager.py:997} INFO - 
================================================================================
DAG File Processing Stats

File Path                           PID    Runtime      # DAGs    # Errors  Last Runtime    Last Run               Last # of DB Queries
----------------------------------  -----  ---------  --------  ----------  --------------  -------------------  ----------------------
/opt/airflow/dags/sales_etl_dag.py                           1           0  0.31s           2026-09-03T11:45:45                      12
================================================================================
[2026-09-03T11:46:17.482+0000] {manager.py:997} INFO - 
================================================================================
DAG File Processing Stats

File Path                           PID    Runtime      # DAGs    # Errors  Last Runtime    Last Run               Last # of DB Queries
----------------------------------  -----  ---------  --------  ----------  --------------  -------------------  ----------------------
/opt/airflow/dags/sales_etl_dag.py                           1           0  0.35s           2026-09-03T11:46:15                      12
================================================================================
[2026-09-03T11:46:47.877+0000] {manager.py:997} INFO - 
================================================================================
DAG File Processing Stats

File Path                           PID    Runtime      # DAGs    # Errors  Last Runtime    Last Run               Last # of DB Queries
----------------------------------  -----  ---------  --------  ----------  --------------  -------------------  ----------------------
/opt/airflow/dags/sales_etl_dag.py                           1           0  0.14s           2026-09-03T11:46:45                      12
================================================================================
[2026-09-03T11:47:18.354+0000] {manager.py:997} INFO - 
================================================================================
DAG File Processing Stats

File Path                           PID    Runtime      # DAGs    # Errors  Last Runtime    Last Run               Last # of DB Queries
----------------------------------  -----  ---------  --------  ----------  --------------  -------------------  ----------------------
/opt/airflow/dags/sales_etl_dag.py                           1           0  0.14s           2026-09-03T11:47:16                      12
================================================================================
[2026-09-03T11:47:48.677+0000] {manager.py:997} INFO - 
================================================================================
DAG File Processing Stats

File Path                           PID    Runtime      # DAGs    # Errors  Last Runtime    Last Run               Last # of DB Queries
----------------------------------  -----  ---------  --------  ----------  --------------  -------------------  ----------------------
/opt/airflow/dags/sales_etl_dag.py                           1           0  0.16s           2026-09-03T11:47:46                      12
================================================================================
[2026-09-03T11:50:03.186+0000] {manager.py:997} INFO - 
================================================================================
DAG File Processing Stats

File Path                           PID    Runtime      # DAGs    # Errors  Last Runtime    Last Run               Last # of DB Queries
----------------------------------  -----  ---------  --------  ----------  --------------  -------------------  ----------------------
/opt/airflow/dags/sales_etl_dag.py                           1           0  0.15s           2026-09-03T11:49:42                      12
================================================================================
[2026-09-03T11:50:20.480+0000] {manager.py:821} INFO - Searching for files in /opt/airflow/dags
[2026-09-03T11:50:20.519+0000] {manager.py:824} INFO - There are 1 files in /opt/airflow/dags
[2026-09-03T11:50:33.493+0000] {manager.py:997} INFO - 
================================================================================
DAG File Processing Stats

File Path                           PID    Runtime      # DAGs    # Errors  Last Runtime    Last Run               Last # of DB Queries
----------------------------------  -----  ---------  --------  ----------  --------------  -------------------  ----------------------
/opt/airflow/dags/sales_etl_dag.py                           1           0  0.15s           2026-09-03T11:50:12                      12
================================================================================
[2026-09-03T11:51:03.936+0000] {manager.py:997} INFO - 
================================================================================
DAG File Processing Stats

File Path                           PID    Runtime      # DAGs    # Errors  Last Runtime    Last Run               Last # of DB Queries
----------------------------------  -----  ---------  --------  ----------  --------------  -------------------  ----------------------
/opt/airflow/dags/sales_etl_dag.py                           1           0  0.37s           2026-09-03T11:50:42                      12
================================================================================
[2026-09-03T11:51:34.317+0000] {manager.py:997} INFO - 
================================================================================
DAG File Processing Stats

File Path                           PID    Runtime      # DAGs    # Errors  Last Runtime    Last Run               Last # of DB Queries
----------------------------------  -----  ---------  --------  ----------  --------------  -------------------  ----------------------
/opt/airflow/dags/sales_etl_dag.py                           1           0  0.17s           2026-09-03T11:51:13                      12
================================================================================
[2026-09-03T11:52:04.775+0000] {manager.py:997} INFO - 
================================================================================
DAG File Processing Stats

File Path                           PID    Runtime      # DAGs    # Errors  Last Runtime    Last Run               Last # of DB Queries
----------------------------------  -----  ---------  --------  ----------  --------------  -------------------  ----------------------
/opt/airflow/dags/sales_etl_dag.py                           1           0  0.14s           2026-09-03T11:51:43                      12
================================================================================
[2026-09-03T11:52:35.102+0000] {manager.py:997} INFO - 
================================================================================
DAG File Processing Stats

File Path                           PID    Runtime      # DAGs    # Errors  Last Runtime    Last Run               Last # of DB Queries
----------------------------------  -----  ---------  --------  ----------  --------------  -------------------  ----------------------
/opt/airflow/dags/sales_etl_dag.py                           1           0  0.16s           2026-09-03T11:52:14                      12
================================================================================
[2026-09-03T11:53:05.608+0000] {manager.py:997} INFO - 
================================================================================
DAG File Processing Stats

File Path                           PID    Runtime      # DAGs    # Errors  Last Runtime    Last Run               Last # of DB Queries
----------------------------------  -----  ---------  --------  ----------  --------------  -------------------  ----------------------
/opt/airflow/dags/sales_etl_dag.py                           1           0  0.15s           2026-09-03T11:52:44                      12
================================================================================
[2026-09-03T11:53:36.003+0000] {manager.py:997} INFO - 
================================================================================
DAG File Processing Stats

File Path                           PID    Runtime      # DAGs    # Errors  Last Runtime    Last Run               Last # of DB Queries
----------------------------------  -----  ---------  --------  ----------  --------------  -------------------  ----------------------
/opt/airflow/dags/sales_etl_dag.py                           1           0  0.30s           2026-09-03T11:53:15                      12
================================================================================
[2026-09-03T11:54:06.652+0000] {manager.py:997} INFO - 
================================================================================
DAG File Processing Stats

File Path                           PID    Runtime      # DAGs    # Errors  Last Runtime    Last Run               Last # of DB Queries
----------------------------------  -----  ---------  --------  ----------  --------------  -------------------  ----------------------
/opt/airflow/dags/sales_etl_dag.py                           1           0  0.29s           2026-09-03T11:53:45                      12
================================================================================
[2026-09-03T11:54:37.003+0000] {manager.py:997} INFO - 
================================================================================
DAG File Processing Stats

File Path                           PID    Runtime      # DAGs    # Errors  Last Runtime    Last Run               Last # of DB Queries
----------------------------------  -----  ---------  --------  ----------  --------------  -------------------  ----------------------
/opt/airflow/dags/sales_etl_dag.py                           1           0  0.14s           2026-09-03T11:54:15                      12
================================================================================
[2026-09-03T11:55:07.494+0000] {manager.py:997} INFO - 
================================================================================
DAG File Processing Stats

File Path                           PID    Runtime      # DAGs    # Errors  Last Runtime    Last Run               Last # of DB Queries
----------------------------------  -----  ---------  --------  ----------  --------------  -------------------  ----------------------
/opt/airflow/dags/sales_etl_dag.py                           1           0  0.16s           2026-09-03T11:54:46                      12
================================================================================
[2026-09-03T11:55:20.691+0000] {manager.py:821} INFO - Searching for files in /opt/airflow/dags
[2026-09-03T11:55:20.720+0000] {manager.py:824} INFO - There are 1 files in /opt/airflow/dags
[2026-09-03T11:55:37.932+0000] {manager.py:997} INFO - 
================================================================================
DAG File Processing Stats

File Path                           PID    Runtime      # DAGs    # Errors  Last Runtime    Last Run               Last # of DB Queries
----------------------------------  -----  ---------  --------  ----------  --------------  -------------------  ----------------------
/opt/airflow/dags/sales_etl_dag.py                           1           0  0.15s           2026-09-03T11:55:16                      12
================================================================================
[2026-09-03T11:56:08.395+0000] {manager.py:997} INFO - 
================================================================================
DAG File Processing Stats

File Path                           PID    Runtime      # DAGs    # Errors  Last Runtime    Last Run               Last # of DB Queries
----------------------------------  -----  ---------  --------  ----------  --------------  -------------------  ----------------------
/opt/airflow/dags/sales_etl_dag.py                           1           0  0.20s           2026-09-03T11:55:47                      12
================================================================================
[2026-09-03T11:56:38.850+0000] {manager.py:997} INFO - 
================================================================================
DAG File Processing Stats

File Path                           PID    Runtime      # DAGs    # Errors  Last Runtime    Last Run               Last # of DB Queries
----------------------------------  -----  ---------  --------  ----------  --------------  -------------------  ----------------------
/opt/airflow/dags/sales_etl_dag.py                           1           0  0.30s           2026-09-03T11:56:17                      12
================================================================================
[2026-09-03T11:57:09.223+0000] {manager.py:997} INFO - 
================================================================================
DAG File Processing Stats

File Path                           PID    Runtime      # DAGs    # Errors  Last Runtime    Last Run               Last # of DB Queries
----------------------------------  -----  ---------  --------  ----------  --------------  -------------------  ----------------------
/opt/airflow/dags/sales_etl_dag.py                           1           0  0.16s           2026-09-03T11:56:48                      12
================================================================================
[2026-09-03T11:57:39.687+0000] {manager.py:997} INFO - 
================================================================================
DAG File Processing Stats

File Path                           PID    Runtime      # DAGs    # Errors  Last Runtime    Last Run               Last # of DB Queries
----------------------------------  -----  ---------  --------  ----------  --------------  -------------------  ----------------------
/opt/airflow/dags/sales_etl_dag.py                           1           0  0.14s           2026-09-03T11:57:18                      12
================================================================================
[2026-09-03T11:58:10.058+0000] {manager.py:997} INFO - 
================================================================================
DAG File Processing Stats

File Path                           PID    Runtime      # DAGs    # Errors  Last Runtime    Last Run               Last # of DB Queries
----------------------------------  -----  ---------  --------  ----------  --------------  -------------------  ----------------------
/opt/airflow/dags/sales_etl_dag.py                           1           0  0.15s           2026-09-03T11:57:48                      12
================================================================================
[2026-09-03T11:58:40.529+0000] {manager.py:997} INFO - 
================================================================================
DAG File Processing Stats

File Path                           PID    Runtime      # DAGs    # Errors  Last Runtime    Last Run               Last # of DB Queries
----------------------------------  -----  ---------  --------  ----------  --------------  -------------------  ----------------------
/opt/airflow/dags/sales_etl_dag.py                           1           0  0.16s           2026-09-03T11:58:19                      12
================================================================================
[2026-09-03T11:59:10.936+0000] {manager.py:997} INFO - 
================================================================================
DAG File Processing Stats

File Path                           PID    Runtime      # DAGs    # Errors  Last Runtime    Last Run               Last # of DB Queries
----------------------------------  -----  ---------  --------  ----------  --------------  -------------------  ----------------------
/opt/airflow/dags/sales_etl_dag.py                           1           0  0.15s           2026-09-03T11:58:49                      12
================================================================================
[2026-09-03T11:59:41.379+0000] {manager.py:997} INFO - 
================================================================================
DAG File Processing Stats

File Path                           PID    Runtime      # DAGs    # Errors  Last Runtime    Last Run               Last # of DB Queries
----------------------------------  -----  ---------  --------  ----------  --------------  -------------------  ----------------------
/opt/airflow/dags/sales_etl_dag.py                           1           0  0.28s           2026-09-03T11:59:20                      12
================================================================================
[2026-09-03T12:00:11.788+0000] {manager.py:997} INFO - 
================================================================================
DAG File Processing Stats

File Path                           PID    Runtime      # DAGs    # Errors  Last Runtime    Last Run               Last # of DB Queries
----------------------------------  -----  ---------  --------  ----------  --------------  -------------------  ----------------------
/opt/airflow/dags/sales_etl_dag.py                           1           0  0.14s           2026-09-03T11:59:50                      12
================================================================================
[2026-09-03T12:00:20.896+0000] {manager.py:821} INFO - Searching for files in /opt/airflow/dags
[2026-09-03T12:00:20.921+0000] {manager.py:824} INFO - There are 1 files in /opt/airflow/dags
[2026-09-03T12:00:42.269+0000] {manager.py:997} INFO - 
================================================================================
DAG File Processing Stats

File Path                           PID    Runtime      # DAGs    # Errors  Last Runtime    Last Run               Last # of DB Queries
----------------------------------  -----  ---------  --------  ----------  --------------  -------------------  ----------------------
/opt/airflow/dags/sales_etl_dag.py                           1           0  0.15s           2026-09-03T12:00:21                      12
================================================================================
[2026-09-03T12:01:12.690+0000] {manager.py:997} INFO - 
================================================================================
DAG File Processing Stats

File Path                           PID    Runtime      # DAGs    # Errors  Last Runtime    Last Run               Last # of DB Queries
----------------------------------  -----  ---------  --------  ----------  --------------  -------------------  ----------------------
/opt/airflow/dags/sales_etl_dag.py                           1           0  0.15s           2026-09-03T12:00:51                      12
================================================================================
[2026-09-03T12:01:43.168+0000] {manager.py:997} INFO - 
================================================================================
DAG File Processing Stats

File Path                           PID    Runtime      # DAGs    # Errors  Last Runtime    Last Run               Last # of DB Queries
----------------------------------  -----  ---------  --------  ----------  --------------  -------------------  ----------------------
/opt/airflow/dags/sales_etl_dag.py                           1           0  0.16s           2026-09-03T12:01:21                      12
================================================================================
[2026-09-03T12:02:13.555+0000] {manager.py:997} INFO - 
================================================================================
DAG File Processing Stats

File Path                           PID    Runtime      # DAGs    # Errors  Last Runtime    Last Run               Last # of DB Queries
----------------------------------  -----  ---------  --------  ----------  --------------  -------------------  ----------------------
/opt/airflow/dags/sales_etl_dag.py                           1           0  0.28s           2026-09-03T12:01:52                      12
================================================================================
[2026-09-03T12:02:44.129+0000] {manager.py:997} INFO - 
================================================================================
DAG File Processing Stats

File Path                           PID    Runtime      # DAGs    # Errors  Last Runtime    Last Run               Last # of DB Queries
----------------------------------  -----  ---------  --------  ----------  --------------  -------------------  ----------------------
/opt/airflow/dags/sales_etl_dag.py                           1           0  0.35s           2026-09-03T12:02:23                      12
================================================================================
[2026-09-03T12:03:14.524+0000] {manager.py:997} INFO - 
================================================================================
DAG File Processing Stats

File Path                           PID    Runtime      # DAGs    # Errors  Last Runtime    Last Run               Last # of DB Queries
----------------------------------  -----  ---------  --------  ----------  --------------  -------------------  ----------------------
/opt/airflow/dags/sales_etl_dag.py                           1           0  0.19s           2026-09-03T12:02:53                      12
================================================================================
[2026-09-03T12:03:44.918+0000] {manager.py:997} INFO - 
================================================================================
DAG File Processing Stats

File Path                           PID    Runtime      # DAGs    # Errors  Last Runtime    Last Run               Last # of DB Queries
----------------------------------  -----  ---------  --------  ----------  --------------  -------------------  ----------------------
/opt/airflow/dags/sales_etl_dag.py                           1           0  0.15s           2026-09-03T12:03:23                      12
================================================================================
[2026-09-03T12:04:15.361+0000] {manager.py:997} INFO - 
================================================================================
DAG File Processing Stats

File Path                           PID    Runtime      # DAGs    # Errors  Last Runtime    Last Run               Last # of DB Queries
----------------------------------  -----  ---------  --------  ----------  --------------  -------------------  ----------------------
/opt/airflow/dags/sales_etl_dag.py                           1           0  0.14s           2026-09-03T12:03:54                      12
================================================================================
[2026-09-03T12:04:45.749+0000] {manager.py:997} INFO - 
================================================================================
DAG File Processing Stats

File Path                           PID    Runtime      # DAGs    # Errors  Last Runtime    Last Run               Last # of DB Queries
----------------------------------  -----  ---------  --------  ----------  --------------  -------------------  ----------------------
/opt/airflow/dags/sales_etl_dag.py                           1           0  0.14s           2026-09-03T12:04:24                      12
================================================================================
[2026-09-03T12:05:16.217+0000] {manager.py:997} INFO - 
================================================================================
DAG File Processing Stats

File Path                           PID    Runtime      # DAGs    # Errors  Last Runtime    Last Run               Last # of DB Queries
----------------------------------  -----  ---------  --------  ----------  --------------  -------------------  ----------------------
/opt/airflow/dags/sales_etl_dag.py                           1           0  0.29s           2026-09-03T12:04:55                      12
================================================================================
[2026-09-03T12:05:21.273+0000] {manager.py:821} INFO - Searching for files in /opt/airflow/dags
[2026-09-03T12:05:21.297+0000] {manager.py:824} INFO - There are 1 files in /opt/airflow/dags
[2026-09-03T12:05:46.725+0000] {manager.py:997} INFO - 
================================================================================
DAG File Processing Stats

File Path                           PID    Runtime      # DAGs    # Errors  Last Runtime    Last Run               Last # of DB Queries
----------------------------------  -----  ---------  --------  ----------  --------------  -------------------  ----------------------
/opt/airflow/dags/sales_etl_dag.py                           1           0  0.28s           2026-09-03T12:05:25                      12
================================================================================
[2026-09-03T12:06:17.088+0000] {manager.py:997} INFO - 
================================================================================
DAG File Processing Stats

File Path                           PID    Runtime      # DAGs    # Errors  Last Runtime    Last Run               Last # of DB Queries
----------------------------------  -----  ---------  --------  ----------  --------------  -------------------  ----------------------
/opt/airflow/dags/sales_etl_dag.py                           1           0  0.14s           2026-09-03T12:05:55                      12
================================================================================
[2026-09-03T12:06:47.584+0000] {manager.py:997} INFO - 
================================================================================
DAG File Processing Stats

File Path                           PID    Runtime      # DAGs    # Errors  Last Runtime    Last Run               Last # of DB Queries
----------------------------------  -----  ---------  --------  ----------  --------------  -------------------  ----------------------
/opt/airflow/dags/sales_etl_dag.py                           1           0  0.14s           2026-09-03T12:06:26                      12
================================================================================
[2026-09-03T12:07:17.956+0000] {manager.py:997} INFO - 
================================================================================
DAG File Processing Stats

File Path                           PID    Runtime      # DAGs    # Errors  Last Runtime    Last Run               Last # of DB Queries
----------------------------------  -----  ---------  --------  ----------  --------------  -------------------  ----------------------
/opt/airflow/dags/sales_etl_dag.py                           1           0  0.15s           2026-09-03T12:06:56                      12
================================================================================
[2026-09-03T12:07:48.469+0000] {manager.py:997} INFO - 
================================================================================
DAG File Processing Stats

File Path                           PID    Runtime      # DAGs    # Errors  Last Runtime    Last Run               Last # of DB Queries
----------------------------------  -----  ---------  --------  ----------  --------------  -------------------  ----------------------
/opt/airflow/dags/sales_etl_dag.py                           1           0  0.15s           2026-09-03T12:07:27                      12
================================================================================
[2026-09-03T12:08:18.860+0000] {manager.py:997} INFO - 
================================================================================
DAG File Processing Stats

File Path                           PID    Runtime      # DAGs    # Errors  Last Runtime    Last Run               Last # of DB Queries
----------------------------------  -----  ---------  --------  ----------  --------------  -------------------  ----------------------
/opt/airflow/dags/sales_etl_dag.py                           1           0  0.34s           2026-09-03T12:07:57                      12
================================================================================
[2026-09-03T12:08:49.554+0000] {manager.py:997} INFO - 
================================================================================
DAG File Processing Stats

File Path                           PID    Runtime      # DAGs    # Errors  Last Runtime    Last Run               Last # of DB Queries
----------------------------------  -----  ---------  --------  ----------  --------------  -------------------  ----------------------
/opt/airflow/dags/sales_etl_dag.py                           1           0  0.35s           2026-09-03T12:08:28                      12
================================================================================
[2026-09-03T12:09:19.877+0000] {manager.py:997} INFO - 
================================================================================
DAG File Processing Stats

File Path                           PID    Runtime      # DAGs    # Errors  Last Runtime    Last Run               Last # of DB Queries
----------------------------------  -----  ---------  --------  ----------  --------------  -------------------  ----------------------
/opt/airflow/dags/sales_etl_dag.py                           1           0  0.14s           2026-09-03T12:08:58                      12
================================================================================
[2026-09-03T12:09:50.209+0000] {manager.py:997} INFO - 
================================================================================
DAG File Processing Stats

File Path                           PID    Runtime      # DAGs    # Errors  Last Runtime    Last Run               Last # of DB Queries
----------------------------------  -----  ---------  --------  ----------  --------------  -------------------  ----------------------
/opt/airflow/dags/sales_etl_dag.py                           1           0  0.14s           2026-09-03T12:09:29                      12
================================================================================
[2026-09-03T12:10:20.670+0000] {manager.py:997} INFO - 
================================================================================
DAG File Processing Stats

File Path                           PID    Runtime      # DAGs    # Errors  Last Runtime    Last Run               Last # of DB Queries
----------------------------------  -----  ---------  --------  ----------  --------------  -------------------  ----------------------
/opt/airflow/dags/sales_etl_dag.py                           1           0  0.16s           2026-09-03T12:09:59                      12
================================================================================
[2026-09-03T12:10:21.676+0000] {manager.py:821} INFO - Searching for files in /opt/airflow/dags
[2026-09-03T12:10:21.698+0000] {manager.py:824} INFO - There are 1 files in /opt/airflow/dags
[2026-09-03T12:10:51.048+0000] {manager.py:997} INFO - 
================================================================================
DAG File Processing Stats

File Path                           PID    Runtime      # DAGs    # Errors  Last Runtime    Last Run               Last # of DB Queries
----------------------------------  -----  ---------  --------  ----------  --------------  -------------------  ----------------------
/opt/airflow/dags/sales_etl_dag.py                           1           0  0.31s           2026-09-03T12:10:30                      12
================================================================================
[2026-09-03T12:11:21.392+0000] {manager.py:997} INFO - 
================================================================================
DAG File Processing Stats

File Path                           PID    Runtime      # DAGs    # Errors  Last Runtime    Last Run               Last # of DB Queries
----------------------------------  -----  ---------  --------  ----------  --------------  -------------------  ----------------------
/opt/airflow/dags/sales_etl_dag.py                           1           0  0.28s           2026-09-03T12:11:00                      12
================================================================================
[2026-09-03T12:11:51.727+0000] {manager.py:997} INFO - 
================================================================================
DAG File Processing Stats

File Path                           PID    Runtime      # DAGs    # Errors  Last Runtime    Last Run               Last # of DB Queries
----------------------------------  -----  ---------  --------  ----------  --------------  -------------------  ----------------------
/opt/airflow/dags/sales_etl_dag.py                           1           0  0.14s           2026-09-03T12:11:30                      12
================================================================================
[2026-09-03T12:12:22.138+0000] {manager.py:997} INFO - 
================================================================================
DAG File Processing Stats

File Path                           PID    Runtime      # DAGs    # Errors  Last Runtime    Last Run               Last # of DB Queries
----------------------------------  -----  ---------  --------  ----------  --------------  -------------------  ----------------------
/opt/airflow/dags/sales_etl_dag.py                           1           0  0.15s           2026-09-03T12:12:00                      12
================================================================================
[2026-09-03T12:12:52.556+0000] {manager.py:997} INFO - 
================================================================================
DAG File Processing Stats

File Path                           PID    Runtime      # DAGs    # Errors  Last Runtime    Last Run               Last # of DB Queries
----------------------------------  -----  ---------  --------  ----------  --------------  -------------------  ----------------------
/opt/airflow/dags/sales_etl_dag.py                           1           0  0.15s           2026-09-03T12:12:31                      12
================================================================================
[2026-09-03T12:13:22.976+0000] {manager.py:997} INFO - 
================================================================================
DAG File Processing Stats

File Path                           PID    Runtime      # DAGs    # Errors  Last Runtime    Last Run               Last # of DB Queries
----------------------------------  -----  ---------  --------  ----------  --------------  -------------------  ----------------------
/opt/airflow/dags/sales_etl_dag.py                           1           0  0.15s           2026-09-03T12:13:01                      12
================================================================================
[2026-09-03T12:13:53.382+0000] {manager.py:997} INFO - 
================================================================================
DAG File Processing Stats

File Path                           PID    Runtime      # DAGs    # Errors  Last Runtime    Last Run               Last # of DB Queries
----------------------------------  -----  ---------  --------  ----------  --------------  -------------------  ----------------------
/opt/airflow/dags/sales_etl_dag.py                           1           0  0.28s           2026-09-03T12:13:32                      12
================================================================================
[2026-09-03T12:14:23.945+0000] {manager.py:997} INFO - 
================================================================================
DAG File Processing Stats

File Path                           PID    Runtime      # DAGs    # Errors  Last Runtime    Last Run               Last # of DB Queries
----------------------------------  -----  ---------  --------  ----------  --------------  -------------------  ----------------------
/opt/airflow/dags/sales_etl_dag.py                           1           0  0.29s           2026-09-03T12:14:02                      12
================================================================================
[2026-09-03T12:14:54.377+0000] {manager.py:997} INFO - 
================================================================================
DAG File Processing Stats

File Path                           PID    Runtime      # DAGs    # Errors  Last Runtime    Last Run               Last # of DB Queries
----------------------------------  -----  ---------  --------  ----------  --------------  -------------------  ----------------------
/opt/airflow/dags/sales_etl_dag.py                           1           0  0.14s           2026-09-03T12:14:33                      12
================================================================================
[2026-09-03T12:15:21.739+0000] {manager.py:821} INFO - Searching for files in /opt/airflow/dags
[2026-09-03T12:15:21.779+0000] {manager.py:824} INFO - There are 1 files in /opt/airflow/dags
[2026-09-03T12:15:24.827+0000] {manager.py:997} INFO - 
================================================================================
DAG File Processing Stats

File Path                           PID    Runtime      # DAGs    # Errors  Last Runtime    Last Run               Last # of DB Queries
----------------------------------  -----  ---------  --------  ----------  --------------  -------------------  ----------------------
/opt/airflow/dags/sales_etl_dag.py                           1           0  0.13s           2026-09-03T12:15:03                      12
================================================================================
[2026-09-03T12:15:55.222+0000] {manager.py:997} INFO - 
================================================================================
DAG File Processing Stats

File Path                           PID    Runtime      # DAGs    # Errors  Last Runtime    Last Run               Last # of DB Queries
----------------------------------  -----  ---------  --------  ----------  --------------  -------------------  ----------------------
/opt/airflow/dags/sales_etl_dag.py                           1           0  0.14s           2026-09-03T12:15:34                      12
================================================================================
[2026-09-03T12:37:14.089+0000] {manager.py:821} INFO - Searching for files in /opt/airflow/dags
[2026-09-03T12:37:14.110+0000] {manager.py:824} INFO - There are 1 files in /opt/airflow/dags
[2026-09-03T12:37:28.303+0000] {manager.py:997} INFO - 
================================================================================
DAG File Processing Stats

File Path                           PID    Runtime      # DAGs    # Errors  Last Runtime    Last Run               Last # of DB Queries
----------------------------------  -----  ---------  --------  ----------  --------------  -------------------  ----------------------
/opt/airflow/dags/sales_etl_dag.py                           1           0  1.16s           2026-09-03T12:37:15                      12
================================================================================
[2026-09-03T12:37:58.718+0000] {manager.py:997} INFO - 
================================================================================
DAG File Processing Stats

File Path                           PID    Runtime      # DAGs    # Errors  Last Runtime    Last Run               Last # of DB Queries
----------------------------------  -----  ---------  --------  ----------  --------------  -------------------  ----------------------
/opt/airflow/dags/sales_etl_dag.py                           1           0  0.36s           2026-09-03T12:37:45                      12
================================================================================
[2026-09-03T12:38:29.350+0000] {manager.py:997} INFO - 
================================================================================
DAG File Processing Stats

File Path                           PID    Runtime      # DAGs    # Errors  Last Runtime    Last Run               Last # of DB Queries
----------------------------------  -----  ---------  --------  ----------  --------------  -------------------  ----------------------
/opt/airflow/dags/sales_etl_dag.py                           1           0  0.24s           2026-09-03T12:38:16                      12
================================================================================
[2026-09-03T12:38:59.744+0000] {manager.py:997} INFO - 
================================================================================
DAG File Processing Stats

File Path                           PID    Runtime      # DAGs    # Errors  Last Runtime    Last Run               Last # of DB Queries
----------------------------------  -----  ---------  --------  ----------  --------------  -------------------  ----------------------
/opt/airflow/dags/sales_etl_dag.py                           1           0  0.12s           2026-09-03T12:38:46                      12
================================================================================
[2026-09-03T12:39:30.037+0000] {manager.py:997} INFO - 
================================================================================
DAG File Processing Stats

File Path                           PID    Runtime      # DAGs    # Errors  Last Runtime    Last Run               Last # of DB Queries
----------------------------------  -----  ---------  --------  ----------  --------------  -------------------  ----------------------
/opt/airflow/dags/sales_etl_dag.py                           1           0  0.12s           2026-09-03T12:39:17                      12
================================================================================
[2026-09-03T12:40:00.270+0000] {manager.py:997} INFO - 
================================================================================
DAG File Processing Stats

File Path                           PID    Runtime      # DAGs    # Errors  Last Runtime    Last Run               Last # of DB Queries
----------------------------------  -----  ---------  --------  ----------  --------------  -------------------  ----------------------
/opt/airflow/dags/sales_etl_dag.py                           1           0  0.13s           2026-09-03T12:39:47                      12
================================================================================
[2026-09-03T12:40:30.721+0000] {manager.py:997} INFO - 
================================================================================
DAG File Processing Stats

File Path                           PID    Runtime      # DAGs    # Errors  Last Runtime    Last Run               Last # of DB Queries
----------------------------------  -----  ---------  --------  ----------  --------------  -------------------  ----------------------
/opt/airflow/dags/sales_etl_dag.py                           1           0  0.26s           2026-09-03T12:40:17                      12
================================================================================
[2026-09-03T12:41:01.121+0000] {manager.py:997} INFO - 
================================================================================
DAG File Processing Stats

File Path                           PID    Runtime      # DAGs    # Errors  Last Runtime    Last Run               Last # of DB Queries
----------------------------------  -----  ---------  --------  ----------  --------------  -------------------  ----------------------
/opt/airflow/dags/sales_etl_dag.py                           1           0  0.25s           2026-09-03T12:40:48                      12
================================================================================
[2026-09-03T12:41:31.434+0000] {manager.py:997} INFO - 
================================================================================
DAG File Processing Stats

File Path                           PID    Runtime      # DAGs    # Errors  Last Runtime    Last Run               Last # of DB Queries
----------------------------------  -----  ---------  --------  ----------  --------------  -------------------  ----------------------
/opt/airflow/dags/sales_etl_dag.py                           1           0  0.13s           2026-09-03T12:41:18                      12
================================================================================
[2026-09-03T12:42:01.762+0000] {manager.py:997} INFO - 
================================================================================
DAG File Processing Stats

File Path                           PID    Runtime      # DAGs    # Errors  Last Runtime    Last Run               Last # of DB Queries
----------------------------------  -----  ---------  --------  ----------  --------------  -------------------  ----------------------
/opt/airflow/dags/sales_etl_dag.py                           1           0  0.13s           2026-09-03T12:41:48                      12
================================================================================
[2026-09-03T12:42:14.872+0000] {manager.py:821} INFO - Searching for files in /opt/airflow/dags
[2026-09-03T12:42:14.895+0000] {manager.py:824} INFO - There are 1 files in /opt/airflow/dags
[2026-09-03T12:42:32.116+0000] {manager.py:997} INFO - 
================================================================================
DAG File Processing Stats

File Path                           PID    Runtime      # DAGs    # Errors  Last Runtime    Last Run               Last # of DB Queries
----------------------------------  -----  ---------  --------  ----------  --------------  -------------------  ----------------------
/opt/airflow/dags/sales_etl_dag.py                           1           0  0.12s           2026-09-03T12:42:19                      12
================================================================================
[2026-09-03T12:43:02.383+0000] {manager.py:997} INFO - 
================================================================================
DAG File Processing Stats

File Path                           PID    Runtime      # DAGs    # Errors  Last Runtime    Last Run               Last # of DB Queries
----------------------------------  -----  ---------  --------  ----------  --------------  -------------------  ----------------------
/opt/airflow/dags/sales_etl_dag.py                           1           0  0.29s           2026-09-03T12:42:49                      12
================================================================================
[2026-09-03T12:43:32.860+0000] {manager.py:997} INFO - 
================================================================================
DAG File Processing Stats

File Path                           PID    Runtime      # DAGs    # Errors  Last Runtime    Last Run               Last # of DB Queries
----------------------------------  -----  ---------  --------  ----------  --------------  -------------------  ----------------------
/opt/airflow/dags/sales_etl_dag.py                           1           0  0.29s           2026-09-03T12:43:20                      12
================================================================================
[2026-09-03T12:44:03.362+0000] {manager.py:997} INFO - 
================================================================================
DAG File Processing Stats

File Path                           PID    Runtime      # DAGs    # Errors  Last Runtime    Last Run               Last # of DB Queries
----------------------------------  -----  ---------  --------  ----------  --------------  -------------------  ----------------------
/opt/airflow/dags/sales_etl_dag.py                           1           0  0.26s           2026-09-03T12:43:50                      12
================================================================================
[2026-09-03T12:44:33.855+0000] {manager.py:997} INFO - 
================================================================================
DAG File Processing Stats

File Path                           PID    Runtime      # DAGs    # Errors  Last Runtime    Last Run               Last # of DB Queries
----------------------------------  -----  ---------  --------  ----------  --------------  -------------------  ----------------------
/opt/airflow/dags/sales_etl_dag.py                           1           0  0.13s           2026-09-03T12:44:20                      12
================================================================================
[2026-09-03T12:45:04.203+0000] {manager.py:997} INFO - 
================================================================================
DAG File Processing Stats

File Path                           PID    Runtime      # DAGs    # Errors  Last Runtime    Last Run               Last # of DB Queries
----------------------------------  -----  ---------  --------  ----------  --------------  -------------------  ----------------------
/opt/airflow/dags/sales_etl_dag.py                           1           0  0.15s           2026-09-03T12:44:51                      12
================================================================================
[2026-09-03T12:45:34.447+0000] {manager.py:997} INFO - 
================================================================================
DAG File Processing Stats

File Path                           PID    Runtime      # DAGs    # Errors  Last Runtime    Last Run               Last # of DB Queries
----------------------------------  -----  ---------  --------  ----------  --------------  -------------------  ----------------------
/opt/airflow/dags/sales_etl_dag.py                           1           0  0.13s           2026-09-03T12:45:21                      12
================================================================================
[2026-09-03T12:46:04.765+0000] {manager.py:997} INFO - 
================================================================================
DAG File Processing Stats

File Path                           PID    Runtime      # DAGs    # Errors  Last Runtime    Last Run               Last # of DB Queries
----------------------------------  -----  ---------  --------  ----------  --------------  -------------------  ----------------------
/opt/airflow/dags/sales_etl_dag.py                           1           0  0.28s           2026-09-03T12:45:51                      12
================================================================================
[2026-09-03T12:46:35.163+0000] {manager.py:997} INFO - 
================================================================================
DAG File Processing Stats

File Path                           PID    Runtime      # DAGs    # Errors  Last Runtime    Last Run               Last # of DB Queries
----------------------------------  -----  ---------  --------  ----------  --------------  -------------------  ----------------------
/opt/airflow/dags/sales_etl_dag.py                           1           0  0.28s           2026-09-03T12:46:22                      12
================================================================================
[2026-09-03T12:47:05.508+0000] {manager.py:997} INFO - 
================================================================================
DAG File Processing Stats

File Path                           PID    Runtime      # DAGs    # Errors  Last Runtime    Last Run               Last # of DB Queries
----------------------------------  -----  ---------  --------  ----------  --------------  -------------------  ----------------------
/opt/airflow/dags/sales_etl_dag.py                           1           0  0.28s           2026-09-03T12:46:52                      12
================================================================================
[2026-09-03T12:47:15.584+0000] {manager.py:821} INFO - Searching for files in /opt/airflow/dags
[2026-09-03T12:47:15.605+0000] {manager.py:824} INFO - There are 1 files in /opt/airflow/dags
[2026-09-03T12:47:35.874+0000] {manager.py:997} INFO - 
================================================================================
DAG File Processing Stats

File Path                           PID    Runtime      # DAGs    # Errors  Last Runtime    Last Run               Last # of DB Queries
----------------------------------  -----  ---------  --------  ----------  --------------  -------------------  ----------------------
/opt/airflow/dags/sales_etl_dag.py                           1           0  0.13s           2026-09-03T12:47:22                      12
================================================================================
[2026-09-03T12:48:06.117+0000] {manager.py:997} INFO - 
================================================================================
DAG File Processing Stats

File Path                           PID    Runtime      # DAGs    # Errors  Last Runtime    Last Run               Last # of DB Queries
----------------------------------  -----  ---------  --------  ----------  --------------  -------------------  ----------------------
/opt/airflow/dags/sales_etl_dag.py                           1           0  0.13s           2026-09-03T12:47:53                      12
================================================================================
[2026-09-03T12:48:36.437+0000] {manager.py:997} INFO - 
================================================================================
DAG File Processing Stats

File Path                           PID    Runtime      # DAGs    # Errors  Last Runtime    Last Run               Last # of DB Queries
----------------------------------  -----  ---------  --------  ----------  --------------  -------------------  ----------------------
/opt/airflow/dags/sales_etl_dag.py                           1           0  0.13s           2026-09-03T12:48:23                      12
================================================================================
[2026-09-03T12:49:06.682+0000] {manager.py:997} INFO - 
================================================================================
DAG File Processing Stats

File Path                           PID    Runtime      # DAGs    # Errors  Last Runtime    Last Run               Last # of DB Queries
----------------------------------  -----  ---------  --------  ----------  --------------  -------------------  ----------------------
/opt/airflow/dags/sales_etl_dag.py                           1           0  0.28s           2026-09-03T12:48:53                      12
================================================================================
[2026-09-03T12:49:37.170+0000] {manager.py:997} INFO - 
================================================================================
DAG File Processing Stats

File Path                           PID    Runtime      # DAGs    # Errors  Last Runtime    Last Run               Last # of DB Queries
----------------------------------  -----  ---------  --------  ----------  --------------  -------------------  ----------------------
/opt/airflow/dags/sales_etl_dag.py                           1           0  0.28s           2026-09-03T12:49:24                      12
================================================================================
[2026-09-03T12:50:07.669+0000] {manager.py:997} INFO - 
================================================================================
DAG File Processing Stats

File Path                           PID    Runtime      # DAGs    # Errors  Last Runtime    Last Run               Last # of DB Queries
----------------------------------  -----  ---------  --------  ----------  --------------  -------------------  ----------------------
/opt/airflow/dags/sales_etl_dag.py                           1           0  0.14s           2026-09-03T12:49:54                      12
================================================================================
[2026-09-03T12:50:37.899+0000] {manager.py:997} INFO - 
================================================================================
DAG File Processing Stats

File Path                           PID    Runtime      # DAGs    # Errors  Last Runtime    Last Run               Last # of DB Queries
----------------------------------  -----  ---------  --------  ----------  --------------  -------------------  ----------------------
/opt/airflow/dags/sales_etl_dag.py                           1           0  0.14s           2026-09-03T12:50:24                      12
================================================================================
[2026-09-03T12:51:08.244+0000] {manager.py:997} INFO - 
================================================================================
DAG File Processing Stats

File Path                           PID    Runtime      # DAGs    # Errors  Last Runtime    Last Run               Last # of DB Queries
----------------------------------  -----  ---------  --------  ----------  --------------  -------------------  ----------------------
/opt/airflow/dags/sales_etl_dag.py                           1           0  0.14s           2026-09-03T12:50:55                      12
================================================================================
[2026-09-03T12:51:38.503+0000] {manager.py:997} INFO - 
================================================================================
DAG File Processing Stats

File Path                           PID    Runtime      # DAGs    # Errors  Last Runtime    Last Run               Last # of DB Queries
----------------------------------  -----  ---------  --------  ----------  --------------  -------------------  ----------------------
/opt/airflow/dags/sales_etl_dag.py                           1           0  0.29s           2026-09-03T12:51:25                      12
================================================================================
[2026-09-03T12:52:09.006+0000] {manager.py:997} INFO - 
================================================================================
DAG File Processing Stats

File Path                           PID    Runtime      # DAGs    # Errors  Last Runtime    Last Run               Last # of DB Queries
----------------------------------  -----  ---------  --------  ----------  --------------  -------------------  ----------------------
/opt/airflow/dags/sales_etl_dag.py                           1           0  0.28s           2026-09-03T12:51:56                      12
================================================================================
[2026-09-03T12:52:16.054+0000] {manager.py:821} INFO - Searching for files in /opt/airflow/dags
[2026-09-03T12:52:16.073+0000] {manager.py:824} INFO - There are 1 files in /opt/airflow/dags
[2026-09-03T12:52:39.503+0000] {manager.py:997} INFO - 
================================================================================
DAG File Processing Stats

File Path                           PID    Runtime      # DAGs    # Errors  Last Runtime    Last Run               Last # of DB Queries
----------------------------------  -----  ---------  --------  ----------  --------------  -------------------  ----------------------
/opt/airflow/dags/sales_etl_dag.py                           1           0  0.32s           2026-09-03T12:52:26                      12
================================================================================
[2026-09-03T12:53:10.053+0000] {manager.py:997} INFO - 
================================================================================
DAG File Processing Stats

File Path                           PID    Runtime      # DAGs    # Errors  Last Runtime    Last Run               Last # of DB Queries
----------------------------------  -----  ---------  --------  ----------  --------------  -------------------  ----------------------
/opt/airflow/dags/sales_etl_dag.py                           1           0  0.15s           2026-09-03T12:52:57                      12
================================================================================
[2026-09-03T12:53:40.401+0000] {manager.py:997} INFO - 
================================================================================
DAG File Processing Stats

File Path                           PID    Runtime      # DAGs    # Errors  Last Runtime    Last Run               Last # of DB Queries
----------------------------------  -----  ---------  --------  ----------  --------------  -------------------  ----------------------
/opt/airflow/dags/sales_etl_dag.py                           1           0  0.13s           2026-09-03T12:53:27                      12
================================================================================
[2026-09-03T12:54:10.642+0000] {manager.py:997} INFO - 
================================================================================
DAG File Processing Stats

File Path                           PID    Runtime      # DAGs    # Errors  Last Runtime    Last Run               Last # of DB Queries
----------------------------------  -----  ---------  --------  ----------  --------------  -------------------  ----------------------
/opt/airflow/dags/sales_etl_dag.py                           1           0  0.14s           2026-09-03T12:53:57                      12
================================================================================
[2026-09-03T12:54:40.995+0000] {manager.py:997} INFO - 
================================================================================
DAG File Processing Stats

File Path                           PID    Runtime      # DAGs    # Errors  Last Runtime    Last Run               Last # of DB Queries
----------------------------------  -----  ---------  --------  ----------  --------------  -------------------  ----------------------
/opt/airflow/dags/sales_etl_dag.py                           1           0  0.29s           2026-09-03T12:54:28                      12
================================================================================
[2026-09-03T12:55:11.382+0000] {manager.py:997} INFO - 
================================================================================
DAG File Processing Stats

File Path                           PID    Runtime      # DAGs    # Errors  Last Runtime    Last Run               Last # of DB Queries
----------------------------------  -----  ---------  --------  ----------  --------------  -------------------  ----------------------
/opt/airflow/dags/sales_etl_dag.py                           1           0  0.29s           2026-09-03T12:54:58                      12
================================================================================
[2026-09-03T12:55:41.738+0000] {manager.py:997} INFO - 
================================================================================
DAG File Processing Stats

File Path                           PID    Runtime      # DAGs    # Errors  Last Runtime    Last Run               Last # of DB Queries
----------------------------------  -----  ---------  --------  ----------  --------------  -------------------  ----------------------
/opt/airflow/dags/sales_etl_dag.py                           1           0  0.29s           2026-09-03T12:55:28                      12
================================================================================
[2026-09-03T12:56:11.976+0000] {manager.py:997} INFO - 
================================================================================
DAG File Processing Stats

File Path                           PID    Runtime      # DAGs    # Errors  Last Runtime    Last Run               Last # of DB Queries
----------------------------------  -----  ---------  --------  ----------  --------------  -------------------  ----------------------
/opt/airflow/dags/sales_etl_dag.py                           1           0  0.15s           2026-09-03T12:55:59                      12
================================================================================
[2026-09-03T12:56:42.336+0000] {manager.py:997} INFO - 
================================================================================
DAG File Processing Stats

File Path                           PID    Runtime      # DAGs    # Errors  Last Runtime    Last Run               Last # of DB Queries
----------------------------------  -----  ---------  --------  ----------  --------------  -------------------  ----------------------
/opt/airflow/dags/sales_etl_dag.py                           1           0  0.14s           2026-09-03T12:56:29                      12
================================================================================
[2026-09-03T12:57:12.626+0000] {manager.py:997} INFO - 
================================================================================
DAG File Processing Stats

File Path                           PID    Runtime      # DAGs    # Errors  Last Runtime    Last Run               Last # of DB Queries
----------------------------------  -----  ---------  --------  ----------  --------------  -------------------  ----------------------
/opt/airflow/dags/sales_etl_dag.py                           1           0  0.12s           2026-09-03T12:56:59                      12
================================================================================
[2026-09-03T12:57:16.659+0000] {manager.py:821} INFO - Searching for files in /opt/airflow/dags
[2026-09-03T12:57:16.681+0000] {manager.py:824} INFO - There are 1 files in /opt/airflow/dags
[2026-09-03T13:23:05.199+0000] {manager.py:821} INFO - Searching for files in /opt/airflow/dags
[2026-09-03T13:23:05.219+0000] {manager.py:824} INFO - There are 1 files in /opt/airflow/dags
[2026-09-03T13:23:13.471+0000] {manager.py:997} INFO - 
================================================================================
DAG File Processing Stats

File Path                           PID    Runtime      # DAGs    # Errors  Last Runtime    Last Run               Last # of DB Queries
----------------------------------  -----  ---------  --------  ----------  --------------  -------------------  ----------------------
/opt/airflow/dags/sales_etl_dag.py                           1           0  0.36s           2026-09-03T13:23:05                      12
================================================================================
[2026-09-03T13:23:43.922+0000] {manager.py:997} INFO - 
================================================================================
DAG File Processing Stats

File Path                           PID    Runtime      # DAGs    # Errors  Last Runtime    Last Run               Last # of DB Queries
----------------------------------  -----  ---------  --------  ----------  --------------  -------------------  ----------------------
/opt/airflow/dags/sales_etl_dag.py                           1           0  0.26s           2026-09-03T13:23:35                      12
================================================================================
[2026-09-03T13:24:14.318+0000] {manager.py:997} INFO - 
================================================================================
DAG File Processing Stats

File Path                           PID    Runtime      # DAGs    # Errors  Last Runtime    Last Run               Last # of DB Queries
----------------------------------  -----  ---------  --------  ----------  --------------  -------------------  ----------------------
/opt/airflow/dags/sales_etl_dag.py                           1           0  0.12s           2026-09-03T13:24:06                      12
================================================================================
[2026-09-03T13:24:44.625+0000] {manager.py:997} INFO - 
================================================================================
DAG File Processing Stats

File Path                           PID    Runtime      # DAGs    # Errors  Last Runtime    Last Run               Last # of DB Queries
----------------------------------  -----  ---------  --------  ----------  --------------  -------------------  ----------------------
/opt/airflow/dags/sales_etl_dag.py                           1           0  0.11s           2026-09-03T13:24:36                      12
================================================================================
[2026-09-03T13:25:15.037+0000] {manager.py:997} INFO - 
================================================================================
DAG File Processing Stats

File Path                           PID    Runtime      # DAGs    # Errors  Last Runtime    Last Run               Last # of DB Queries
----------------------------------  -----  ---------  --------  ----------  --------------  -------------------  ----------------------
/opt/airflow/dags/sales_etl_dag.py                           1           0  0.12s           2026-09-03T13:25:06                      12
================================================================================
[2026-09-03T13:25:45.355+0000] {manager.py:997} INFO - 
================================================================================
DAG File Processing Stats

File Path                           PID    Runtime      # DAGs    # Errors  Last Runtime    Last Run               Last # of DB Queries
----------------------------------  -----  ---------  --------  ----------  --------------  -------------------  ----------------------
/opt/airflow/dags/sales_etl_dag.py                           1           0  0.25s           2026-09-03T13:25:37                      12
================================================================================
[2026-09-03T13:26:15.827+0000] {manager.py:997} INFO - 
================================================================================
DAG File Processing Stats

File Path                           PID    Runtime      # DAGs    # Errors  Last Runtime    Last Run               Last # of DB Queries
----------------------------------  -----  ---------  --------  ----------  --------------  -------------------  ----------------------
/opt/airflow/dags/sales_etl_dag.py                           1           0  0.24s           2026-09-03T13:26:07                      12
================================================================================
[2026-09-03T13:26:46.206+0000] {manager.py:997} INFO - 
================================================================================
DAG File Processing Stats

File Path                           PID    Runtime      # DAGs    # Errors  Last Runtime    Last Run               Last # of DB Queries
----------------------------------  -----  ---------  --------  ----------  --------------  -------------------  ----------------------
/opt/airflow/dags/sales_etl_dag.py                           1           0  0.25s           2026-09-03T13:26:38                      12
================================================================================
[2026-09-03T13:27:16.522+0000] {manager.py:997} INFO - 
================================================================================
DAG File Processing Stats

File Path                           PID    Runtime      # DAGs    # Errors  Last Runtime    Last Run               Last # of DB Queries
----------------------------------  -----  ---------  --------  ----------  --------------  -------------------  ----------------------
/opt/airflow/dags/sales_etl_dag.py                           1           0  0.12s           2026-09-03T13:27:08                      12
================================================================================
[2026-09-03T13:27:46.913+0000] {manager.py:997} INFO - 
================================================================================
DAG File Processing Stats

File Path                           PID    Runtime      # DAGs    # Errors  Last Runtime    Last Run               Last # of DB Queries
----------------------------------  -----  ---------  --------  ----------  --------------  -------------------  ----------------------
/opt/airflow/dags/sales_etl_dag.py                           1           0  0.12s           2026-09-03T13:27:38                      12
================================================================================
[2026-09-03T13:28:06.112+0000] {manager.py:821} INFO - Searching for files in /opt/airflow/dags
[2026-09-03T13:28:06.135+0000] {manager.py:824} INFO - There are 1 files in /opt/airflow/dags
[2026-09-03T13:28:17.272+0000] {manager.py:997} INFO - 
================================================================================
DAG File Processing Stats

File Path                           PID    Runtime      # DAGs    # Errors  Last Runtime    Last Run               Last # of DB Queries
----------------------------------  -----  ---------  --------  ----------  --------------  -------------------  ----------------------
/opt/airflow/dags/sales_etl_dag.py                           1           0  0.12s           2026-09-03T13:28:09                      12
================================================================================
[2026-09-03T13:28:47.673+0000] {manager.py:997} INFO - 
================================================================================
DAG File Processing Stats

File Path                           PID    Runtime      # DAGs    # Errors  Last Runtime    Last Run               Last # of DB Queries
----------------------------------  -----  ---------  --------  ----------  --------------  -------------------  ----------------------
/opt/airflow/dags/sales_etl_dag.py                           1           0  0.27s           2026-09-03T13:28:39                      12
================================================================================
[2026-09-03T13:29:18.139+0000] {manager.py:997} INFO - 
================================================================================
DAG File Processing Stats

File Path                           PID    Runtime      # DAGs    # Errors  Last Runtime    Last Run               Last # of DB Queries
----------------------------------  -----  ---------  --------  ----------  --------------  -------------------  ----------------------
/opt/airflow/dags/sales_etl_dag.py                           1           0  0.25s           2026-09-03T13:29:10                      12
================================================================================
[2026-09-03T13:29:48.504+0000] {manager.py:997} INFO - 
================================================================================
DAG File Processing Stats

File Path                           PID    Runtime      # DAGs    # Errors  Last Runtime    Last Run               Last # of DB Queries
----------------------------------  -----  ---------  --------  ----------  --------------  -------------------  ----------------------
/opt/airflow/dags/sales_etl_dag.py                           1           0  0.28s           2026-09-03T13:29:40                      12
================================================================================
[2026-09-03T13:30:18.811+0000] {manager.py:997} INFO - 
================================================================================
DAG File Processing Stats

File Path                           PID    Runtime      # DAGs    # Errors  Last Runtime    Last Run               Last # of DB Queries
----------------------------------  -----  ---------  --------  ----------  --------------  -------------------  ----------------------
/opt/airflow/dags/sales_etl_dag.py                           1           0  0.13s           2026-09-03T13:30:10                      12
================================================================================
[2026-09-03T13:30:49.219+0000] {manager.py:997} INFO - 
================================================================================
DAG File Processing Stats

File Path                           PID    Runtime      # DAGs    # Errors  Last Runtime    Last Run               Last # of DB Queries
----------------------------------  -----  ---------  --------  ----------  --------------  -------------------  ----------------------
/opt/airflow/dags/sales_etl_dag.py                           1           0  0.12s           2026-09-03T13:30:41                      12
================================================================================
[2026-09-03T13:31:19.524+0000] {manager.py:997} INFO - 
================================================================================
DAG File Processing Stats

File Path                           PID    Runtime      # DAGs    # Errors  Last Runtime    Last Run               Last # of DB Queries
----------------------------------  -----  ---------  --------  ----------  --------------  -------------------  ----------------------
/opt/airflow/dags/sales_etl_dag.py                           1           0  0.28s           2026-09-03T13:31:11                      12
================================================================================
[2026-09-03T13:31:50.064+0000] {manager.py:997} INFO - 
================================================================================
DAG File Processing Stats

File Path                           PID    Runtime      # DAGs    # Errors  Last Runtime    Last Run               Last # of DB Queries
----------------------------------  -----  ---------  --------  ----------  --------------  -------------------  ----------------------
/opt/airflow/dags/sales_etl_dag.py                           1           0  0.26s           2026-09-03T13:31:42                      12
================================================================================
[2026-09-03T13:32:20.369+0000] {manager.py:997} INFO - 
================================================================================
DAG File Processing Stats

File Path                           PID    Runtime      # DAGs    # Errors  Last Runtime    Last Run               Last # of DB Queries
----------------------------------  -----  ---------  --------  ----------  --------------  -------------------  ----------------------
/opt/airflow/dags/sales_etl_dag.py                           1           0  0.24s           2026-09-03T13:32:12                      12
================================================================================
[2026-09-03T13:32:50.855+0000] {manager.py:997} INFO - 
================================================================================
DAG File Processing Stats

File Path                           PID    Runtime      # DAGs    # Errors  Last Runtime    Last Run               Last # of DB Queries
----------------------------------  -----  ---------  --------  ----------  --------------  -------------------  ----------------------
/opt/airflow/dags/sales_etl_dag.py                           1           0  0.25s           2026-09-03T13:32:42                      12
================================================================================
[2026-09-03T13:33:06.985+0000] {manager.py:821} INFO - Searching for files in /opt/airflow/dags
[2026-09-03T13:33:07.002+0000] {manager.py:824} INFO - There are 1 files in /opt/airflow/dags
[2026-09-03T13:33:21.169+0000] {manager.py:997} INFO - 
================================================================================
DAG File Processing Stats

File Path                           PID    Runtime      # DAGs    # Errors  Last Runtime    Last Run               Last # of DB Queries
----------------------------------  -----  ---------  --------  ----------  --------------  -------------------  ----------------------
/opt/airflow/dags/sales_etl_dag.py                           1           0  0.12s           2026-09-03T13:33:13                      12
================================================================================
[2026-09-03T13:33:51.582+0000] {manager.py:997} INFO - 
================================================================================
DAG File Processing Stats

File Path                           PID    Runtime      # DAGs    # Errors  Last Runtime    Last Run               Last # of DB Queries
----------------------------------  -----  ---------  --------  ----------  --------------  -------------------  ----------------------
/opt/airflow/dags/sales_etl_dag.py                           1           0  0.12s           2026-09-03T13:33:43                      12
================================================================================
[2026-09-03T13:34:21.885+0000] {manager.py:997} INFO - 
================================================================================
DAG File Processing Stats

File Path                           PID    Runtime      # DAGs    # Errors  Last Runtime    Last Run               Last # of DB Queries
----------------------------------  -----  ---------  --------  ----------  --------------  -------------------  ----------------------
/opt/airflow/dags/sales_etl_dag.py                           1           0  0.28s           2026-09-03T13:34:14                      12
================================================================================
[2026-09-03T13:34:52.446+0000] {manager.py:997} INFO - 
================================================================================
DAG File Processing Stats

File Path                           PID    Runtime      # DAGs    # Errors  Last Runtime    Last Run               Last # of DB Queries
----------------------------------  -----  ---------  --------  ----------  --------------  -------------------  ----------------------
/opt/airflow/dags/sales_etl_dag.py                           1           0  0.25s           2026-09-03T13:34:44                      12
================================================================================
[2026-09-03T13:35:22.777+0000] {manager.py:997} INFO - 
================================================================================
DAG File Processing Stats

File Path                           PID    Runtime      # DAGs    # Errors  Last Runtime    Last Run               Last # of DB Queries
----------------------------------  -----  ---------  --------  ----------  --------------  -------------------  ----------------------
/opt/airflow/dags/sales_etl_dag.py                           1           0  0.26s           2026-09-03T13:35:14                      12
================================================================================
[2026-09-03T13:35:53.451+0000] {manager.py:997} INFO - 
================================================================================
DAG File Processing Stats

File Path                           PID    Runtime      # DAGs    # Errors  Last Runtime    Last Run               Last # of DB Queries
----------------------------------  -----  ---------  --------  ----------  --------------  -------------------  ----------------------
/opt/airflow/dags/sales_etl_dag.py                           1           0  0.26s           2026-09-03T13:35:45                      12
================================================================================
[2026-09-03T13:36:23.763+0000] {manager.py:997} INFO - 
================================================================================
DAG File Processing Stats

File Path                           PID    Runtime      # DAGs    # Errors  Last Runtime    Last Run               Last # of DB Queries
----------------------------------  -----  ---------  --------  ----------  --------------  -------------------  ----------------------
/opt/airflow/dags/sales_etl_dag.py                           1           0  0.15s           2026-09-03T13:36:15                      12
================================================================================
[2026-09-03T13:36:54.128+0000] {manager.py:997} INFO - 
================================================================================
DAG File Processing Stats

File Path                           PID    Runtime      # DAGs    # Errors  Last Runtime    Last Run               Last # of DB Queries
----------------------------------  -----  ---------  --------  ----------  --------------  -------------------  ----------------------
/opt/airflow/dags/sales_etl_dag.py                           1           0  0.14s           2026-09-03T13:36:46                      12
================================================================================
[2026-09-03T13:37:24.471+0000] {manager.py:997} INFO - 
================================================================================
DAG File Processing Stats

File Path                           PID    Runtime      # DAGs    # Errors  Last Runtime    Last Run               Last # of DB Queries
----------------------------------  -----  ---------  --------  ----------  --------------  -------------------  ----------------------
/opt/airflow/dags/sales_etl_dag.py                           1           0  0.13s           2026-09-03T13:37:16                      12
================================================================================
[2026-09-03T13:37:54.851+0000] {manager.py:997} INFO - 
================================================================================
DAG File Processing Stats

File Path                           PID    Runtime      # DAGs    # Errors  Last Runtime    Last Run               Last # of DB Queries
----------------------------------  -----  ---------  --------  ----------  --------------  -------------------  ----------------------
/opt/airflow/dags/sales_etl_dag.py                           1           0  0.14s           2026-09-03T13:37:46                      12
================================================================================
[2026-09-03T13:38:07.018+0000] {manager.py:821} INFO - Searching for files in /opt/airflow/dags
[2026-09-03T13:38:07.042+0000] {manager.py:824} INFO - There are 1 files in /opt/airflow/dags
[2026-09-03T13:38:25.198+0000] {manager.py:997} INFO - 
================================================================================
DAG File Processing Stats

File Path                           PID    Runtime      # DAGs    # Errors  Last Runtime    Last Run               Last # of DB Queries
----------------------------------  -----  ---------  --------  ----------  --------------  -------------------  ----------------------
/opt/airflow/dags/sales_etl_dag.py                           1           0  0.13s           2026-09-03T13:38:17                      12
================================================================================
[2026-09-03T13:38:55.534+0000] {manager.py:997} INFO - 
================================================================================
DAG File Processing Stats

File Path                           PID    Runtime      # DAGs    # Errors  Last Runtime    Last Run               Last # of DB Queries
----------------------------------  -----  ---------  --------  ----------  --------------  -------------------  ----------------------
/opt/airflow/dags/sales_etl_dag.py                           1           0  0.12s           2026-09-03T13:38:47                      12
================================================================================
[2026-09-03T13:39:25.876+0000] {manager.py:997} INFO - 
================================================================================
DAG File Processing Stats

File Path                           PID    Runtime      # DAGs    # Errors  Last Runtime    Last Run               Last # of DB Queries
----------------------------------  -----  ---------  --------  ----------  --------------  -------------------  ----------------------
/opt/airflow/dags/sales_etl_dag.py                           1           0  0.14s           2026-09-03T13:39:17                      12
================================================================================
[2026-09-03T13:39:56.245+0000] {manager.py:997} INFO - 
================================================================================
DAG File Processing Stats

File Path                           PID    Runtime      # DAGs    # Errors  Last Runtime    Last Run               Last # of DB Queries
----------------------------------  -----  ---------  --------  ----------  --------------  -------------------  ----------------------
/opt/airflow/dags/sales_etl_dag.py                           1           0  0.16s           2026-09-03T13:39:48                      12
================================================================================
[2026-09-03T13:40:26.628+0000] {manager.py:997} INFO - 
================================================================================
DAG File Processing Stats

File Path                           PID    Runtime      # DAGs    # Errors  Last Runtime    Last Run               Last # of DB Queries
----------------------------------  -----  ---------  --------  ----------  --------------  -------------------  ----------------------
/opt/airflow/dags/sales_etl_dag.py                           1           0  0.12s           2026-09-03T13:40:18                      12
================================================================================
[2026-09-03T13:40:56.930+0000] {manager.py:997} INFO - 
================================================================================
DAG File Processing Stats

File Path                           PID    Runtime      # DAGs    # Errors  Last Runtime    Last Run               Last # of DB Queries
----------------------------------  -----  ---------  --------  ----------  --------------  -------------------  ----------------------
/opt/airflow/dags/sales_etl_dag.py                           1           0  0.16s           2026-09-03T13:40:48                      12
================================================================================
[2026-09-03T13:41:27.224+0000] {manager.py:997} INFO - 
================================================================================
DAG File Processing Stats

File Path                           PID    Runtime      # DAGs    # Errors  Last Runtime    Last Run               Last # of DB Queries
----------------------------------  -----  ---------  --------  ----------  --------------  -------------------  ----------------------
/opt/airflow/dags/sales_etl_dag.py                           1           0  0.12s           2026-09-03T13:41:19                      12
================================================================================
[2026-09-03T13:41:57.645+0000] {manager.py:997} INFO - 
================================================================================
DAG File Processing Stats

File Path                           PID    Runtime      # DAGs    # Errors  Last Runtime    Last Run               Last # of DB Queries
----------------------------------  -----  ---------  --------  ----------  --------------  -------------------  ----------------------
/opt/airflow/dags/sales_etl_dag.py                           1           0  0.13s           2026-09-03T13:41:49                      12
================================================================================
[2026-09-03T13:42:27.984+0000] {manager.py:997} INFO - 
================================================================================
DAG File Processing Stats

File Path                           PID    Runtime      # DAGs    # Errors  Last Runtime    Last Run               Last # of DB Queries
----------------------------------  -----  ---------  --------  ----------  --------------  -------------------  ----------------------
/opt/airflow/dags/sales_etl_dag.py                           1           0  0.13s           2026-09-03T13:42:20                      12
================================================================================
[2026-09-03T13:42:58.363+0000] {manager.py:997} INFO - 
================================================================================
DAG File Processing Stats

File Path                           PID    Runtime      # DAGs    # Errors  Last Runtime    Last Run               Last # of DB Queries
----------------------------------  -----  ---------  --------  ----------  --------------  -------------------  ----------------------
/opt/airflow/dags/sales_etl_dag.py                           1           0  0.13s           2026-09-03T13:42:50                      12
================================================================================
[2026-09-03T13:43:07.435+0000] {manager.py:821} INFO - Searching for files in /opt/airflow/dags
[2026-09-03T13:43:07.456+0000] {manager.py:824} INFO - There are 1 files in /opt/airflow/dags
[2026-09-03T13:43:28.716+0000] {manager.py:997} INFO - 
================================================================================
DAG File Processing Stats

File Path                           PID    Runtime      # DAGs    # Errors  Last Runtime    Last Run               Last # of DB Queries
----------------------------------  -----  ---------  --------  ----------  --------------  -------------------  ----------------------
/opt/airflow/dags/sales_etl_dag.py                           1           0  0.13s           2026-09-03T13:43:20                      12
================================================================================
[2026-09-03T13:43:59.096+0000] {manager.py:997} INFO - 
================================================================================
DAG File Processing Stats

File Path                           PID    Runtime      # DAGs    # Errors  Last Runtime    Last Run               Last # of DB Queries
----------------------------------  -----  ---------  --------  ----------  --------------  -------------------  ----------------------
/opt/airflow/dags/sales_etl_dag.py                           1           0  0.15s           2026-09-03T13:43:51                      12
================================================================================
[2026-09-03T13:44:29.522+0000] {manager.py:997} INFO - 
================================================================================
DAG File Processing Stats

File Path                           PID    Runtime      # DAGs    # Errors  Last Runtime    Last Run               Last # of DB Queries
----------------------------------  -----  ---------  --------  ----------  --------------  -------------------  ----------------------
/opt/airflow/dags/sales_etl_dag.py                           1           0  0.17s           2026-09-03T13:44:21                      12
================================================================================
[2026-09-03T13:44:59.858+0000] {manager.py:997} INFO - 
================================================================================
DAG File Processing Stats

File Path                           PID    Runtime      # DAGs    # Errors  Last Runtime    Last Run               Last # of DB Queries
----------------------------------  -----  ---------  --------  ----------  --------------  -------------------  ----------------------
/opt/airflow/dags/sales_etl_dag.py                           1           0  0.13s           2026-09-03T13:44:51                      12
================================================================================
[2026-09-03T13:45:30.249+0000] {manager.py:997} INFO - 
================================================================================
DAG File Processing Stats

File Path                           PID    Runtime      # DAGs    # Errors  Last Runtime    Last Run               Last # of DB Queries
----------------------------------  -----  ---------  --------  ----------  --------------  -------------------  ----------------------
/opt/airflow/dags/sales_etl_dag.py                           1           0  0.19s           2026-09-03T13:45:22                      12
================================================================================
[2026-09-03T13:46:00.643+0000] {manager.py:997} INFO - 
================================================================================
DAG File Processing Stats

File Path                           PID    Runtime      # DAGs    # Errors  Last Runtime    Last Run               Last # of DB Queries
----------------------------------  -----  ---------  --------  ----------  --------------  -------------------  ----------------------
/opt/airflow/dags/sales_etl_dag.py                           1           0  0.13s           2026-09-03T13:45:52                      12
================================================================================
[2026-09-03T13:46:30.946+0000] {manager.py:997} INFO - 
================================================================================
DAG File Processing Stats

File Path                           PID    Runtime      # DAGs    # Errors  Last Runtime    Last Run               Last # of DB Queries
----------------------------------  -----  ---------  --------  ----------  --------------  -------------------  ----------------------
/opt/airflow/dags/sales_etl_dag.py                           1           0  0.24s           2026-09-03T13:46:23                      12
================================================================================
[2026-09-03T13:47:01.286+0000] {manager.py:997} INFO - 
================================================================================
DAG File Processing Stats

File Path                           PID    Runtime      # DAGs    # Errors  Last Runtime    Last Run               Last # of DB Queries
----------------------------------  -----  ---------  --------  ----------  --------------  -------------------  ----------------------
/opt/airflow/dags/sales_etl_dag.py                           1           0  0.13s           2026-09-03T13:46:53                      12
================================================================================
[2026-09-03T13:47:31.656+0000] {manager.py:997} INFO - 
================================================================================
DAG File Processing Stats

File Path                           PID    Runtime      # DAGs    # Errors  Last Runtime    Last Run               Last # of DB Queries
----------------------------------  -----  ---------  --------  ----------  --------------  -------------------  ----------------------
/opt/airflow/dags/sales_etl_dag.py                           1           0  0.13s           2026-09-03T13:47:23                      12
================================================================================
[2026-09-03T13:48:02.013+0000] {manager.py:997} INFO - 
================================================================================
DAG File Processing Stats

File Path                           PID    Runtime      # DAGs    # Errors  Last Runtime    Last Run               Last # of DB Queries
----------------------------------  -----  ---------  --------  ----------  --------------  -------------------  ----------------------
/opt/airflow/dags/sales_etl_dag.py                           1           0  0.13s           2026-09-03T13:47:54                      12
================================================================================
[2026-09-03T13:48:08.082+0000] {manager.py:821} INFO - Searching for files in /opt/airflow/dags
[2026-09-03T13:48:08.107+0000] {manager.py:824} INFO - There are 1 files in /opt/airflow/dags
[2026-09-03T13:48:32.395+0000] {manager.py:997} INFO - 
================================================================================
DAG File Processing Stats

File Path                           PID    Runtime      # DAGs    # Errors  Last Runtime    Last Run               Last # of DB Queries
----------------------------------  -----  ---------  --------  ----------  --------------  -------------------  ----------------------
/opt/airflow/dags/sales_etl_dag.py                           1           0  0.12s           2026-09-03T13:48:24                      12
================================================================================
[2026-09-03T13:49:02.750+0000] {manager.py:997} INFO - 
================================================================================
DAG File Processing Stats

File Path                           PID    Runtime      # DAGs    # Errors  Last Runtime    Last Run               Last # of DB Queries
----------------------------------  -----  ---------  --------  ----------  --------------  -------------------  ----------------------
/opt/airflow/dags/sales_etl_dag.py                           1           0  0.12s           2026-09-03T13:48:54                      12
================================================================================
[2026-09-03T13:49:33.101+0000] {manager.py:997} INFO - 
================================================================================
DAG File Processing Stats

File Path                           PID    Runtime      # DAGs    # Errors  Last Runtime    Last Run               Last # of DB Queries
----------------------------------  -----  ---------  --------  ----------  --------------  -------------------  ----------------------
/opt/airflow/dags/sales_etl_dag.py                           1           0  0.13s           2026-09-03T13:49:25                      12
================================================================================
[2026-09-03T13:50:03.509+0000] {manager.py:997} INFO - 
================================================================================
DAG File Processing Stats

File Path                           PID    Runtime      # DAGs    # Errors  Last Runtime    Last Run               Last # of DB Queries
----------------------------------  -----  ---------  --------  ----------  --------------  -------------------  ----------------------
/opt/airflow/dags/sales_etl_dag.py                           1           0  0.12s           2026-09-03T13:49:55                      12
================================================================================
[2026-09-03T13:50:33.823+0000] {manager.py:997} INFO - 
================================================================================
DAG File Processing Stats

File Path                           PID    Runtime      # DAGs    # Errors  Last Runtime    Last Run               Last # of DB Queries
----------------------------------  -----  ---------  --------  ----------  --------------  -------------------  ----------------------
/opt/airflow/dags/sales_etl_dag.py                           1           0  0.11s           2026-09-03T13:50:25                      12
================================================================================
[2026-09-03T13:51:04.240+0000] {manager.py:997} INFO - 
================================================================================
DAG File Processing Stats

File Path                           PID    Runtime      # DAGs    # Errors  Last Runtime    Last Run               Last # of DB Queries
----------------------------------  -----  ---------  --------  ----------  --------------  -------------------  ----------------------
/opt/airflow/dags/sales_etl_dag.py                           1           0  0.12s           2026-09-03T13:50:56                      12
================================================================================
[2026-09-03T13:51:34.616+0000] {manager.py:997} INFO - 
================================================================================
DAG File Processing Stats

File Path                           PID    Runtime      # DAGs    # Errors  Last Runtime    Last Run               Last # of DB Queries
----------------------------------  -----  ---------  --------  ----------  --------------  -------------------  ----------------------
/opt/airflow/dags/sales_etl_dag.py                           1           0  0.12s           2026-09-03T13:51:26                      12
================================================================================
[2026-09-03T13:52:04.976+0000] {manager.py:997} INFO - 
================================================================================
DAG File Processing Stats

File Path                           PID    Runtime      # DAGs    # Errors  Last Runtime    Last Run               Last # of DB Queries
----------------------------------  -----  ---------  --------  ----------  --------------  -------------------  ----------------------
/opt/airflow/dags/sales_etl_dag.py                           1           0  0.12s           2026-09-03T13:51:56                      12
================================================================================
[2026-09-03T13:52:35.364+0000] {manager.py:997} INFO - 
================================================================================
DAG File Processing Stats

File Path                           PID    Runtime      # DAGs    # Errors  Last Runtime    Last Run               Last # of DB Queries
----------------------------------  -----  ---------  --------  ----------  --------------  -------------------  ----------------------
/opt/airflow/dags/sales_etl_dag.py                           1           0  0.12s           2026-09-03T13:52:27                      12
================================================================================
[2026-09-03T13:53:05.746+0000] {manager.py:997} INFO - 
================================================================================
DAG File Processing Stats

File Path                           PID    Runtime      # DAGs    # Errors  Last Runtime    Last Run               Last # of DB Queries
----------------------------------  -----  ---------  --------  ----------  --------------  -------------------  ----------------------
/opt/airflow/dags/sales_etl_dag.py                           1           0  0.13s           2026-09-03T13:52:57                      12
================================================================================
[2026-09-03T13:53:08.773+0000] {manager.py:821} INFO - Searching for files in /opt/airflow/dags
[2026-09-03T13:53:08.791+0000] {manager.py:824} INFO - There are 1 files in /opt/airflow/dags
[2026-09-03T13:53:36.082+0000] {manager.py:997} INFO - 
================================================================================
DAG File Processing Stats

File Path                           PID    Runtime      # DAGs    # Errors  Last Runtime    Last Run               Last # of DB Queries
----------------------------------  -----  ---------  --------  ----------  --------------  -------------------  ----------------------
/opt/airflow/dags/sales_etl_dag.py                           1           0  0.15s           2026-09-03T13:53:28                      12
================================================================================
[2026-09-03T13:54:06.487+0000] {manager.py:997} INFO - 
================================================================================
DAG File Processing Stats

File Path                           PID    Runtime      # DAGs    # Errors  Last Runtime    Last Run               Last # of DB Queries
----------------------------------  -----  ---------  --------  ----------  --------------  -------------------  ----------------------
/opt/airflow/dags/sales_etl_dag.py                           1           0  0.14s           2026-09-03T13:53:58                      12
================================================================================
[2026-09-03T13:54:36.823+0000] {manager.py:997} INFO - 
================================================================================
DAG File Processing Stats

File Path                           PID    Runtime      # DAGs    # Errors  Last Runtime    Last Run               Last # of DB Queries
----------------------------------  -----  ---------  --------  ----------  --------------  -------------------  ----------------------
/opt/airflow/dags/sales_etl_dag.py                           1           0  0.13s           2026-09-03T13:54:28                      12
================================================================================
[2026-09-03T13:55:07.185+0000] {manager.py:997} INFO - 
================================================================================
DAG File Processing Stats

File Path                           PID    Runtime      # DAGs    # Errors  Last Runtime    Last Run               Last # of DB Queries
----------------------------------  -----  ---------  --------  ----------  --------------  -------------------  ----------------------
/opt/airflow/dags/sales_etl_dag.py                           1           0  0.14s           2026-09-03T13:54:59                      12
================================================================================
[2026-09-03T13:55:37.509+0000] {manager.py:997} INFO - 
================================================================================
DAG File Processing Stats

File Path                           PID    Runtime      # DAGs    # Errors  Last Runtime    Last Run               Last # of DB Queries
----------------------------------  -----  ---------  --------  ----------  --------------  -------------------  ----------------------
/opt/airflow/dags/sales_etl_dag.py                           1           0  0.19s           2026-09-03T13:55:29                      12
================================================================================
[2026-09-03T13:56:07.954+0000] {manager.py:997} INFO - 
================================================================================
DAG File Processing Stats

File Path                           PID    Runtime      # DAGs    # Errors  Last Runtime    Last Run               Last # of DB Queries
----------------------------------  -----  ---------  --------  ----------  --------------  -------------------  ----------------------
/opt/airflow/dags/sales_etl_dag.py                           1           0  0.22s           2026-09-03T13:55:59                      12
================================================================================
[2026-09-03T13:56:38.281+0000] {manager.py:997} INFO - 
================================================================================
DAG File Processing Stats

File Path                           PID    Runtime      # DAGs    # Errors  Last Runtime    Last Run               Last # of DB Queries
----------------------------------  -----  ---------  --------  ----------  --------------  -------------------  ----------------------
/opt/airflow/dags/sales_etl_dag.py                           1           0  0.13s           2026-09-03T13:56:30                      12
================================================================================
[2026-09-03T13:57:08.670+0000] {manager.py:997} INFO - 
================================================================================
DAG File Processing Stats

File Path                           PID    Runtime      # DAGs    # Errors  Last Runtime    Last Run               Last # of DB Queries
----------------------------------  -----  ---------  --------  ----------  --------------  -------------------  ----------------------
/opt/airflow/dags/sales_etl_dag.py                           1           0  0.14s           2026-09-03T13:57:00                      12
================================================================================
[2026-09-03T13:57:39.018+0000] {manager.py:997} INFO - 
================================================================================
DAG File Processing Stats

File Path                           PID    Runtime      # DAGs    # Errors  Last Runtime    Last Run               Last # of DB Queries
----------------------------------  -----  ---------  --------  ----------  --------------  -------------------  ----------------------
/opt/airflow/dags/sales_etl_dag.py                           1           0  0.12s           2026-09-03T13:57:31                      12
================================================================================
[2026-09-03T13:58:09.413+0000] {manager.py:821} INFO - Searching for files in /opt/airflow/dags
[2026-09-03T13:58:09.430+0000] {manager.py:824} INFO - There are 1 files in /opt/airflow/dags
[2026-09-03T13:58:09.442+0000] {manager.py:997} INFO - 
================================================================================
DAG File Processing Stats

File Path                           PID    Runtime      # DAGs    # Errors  Last Runtime    Last Run               Last # of DB Queries
----------------------------------  -----  ---------  --------  ----------  --------------  -------------------  ----------------------
/opt/airflow/dags/sales_etl_dag.py                           1           0  0.13s           2026-09-03T13:58:01                      12
================================================================================
[2026-09-03T13:58:39.748+0000] {manager.py:997} INFO - 
================================================================================
DAG File Processing Stats

File Path                           PID    Runtime      # DAGs    # Errors  Last Runtime    Last Run               Last # of DB Queries
----------------------------------  -----  ---------  --------  ----------  --------------  -------------------  ----------------------
/opt/airflow/dags/sales_etl_dag.py                           1           0  0.12s           2026-09-03T13:58:31                      12
================================================================================
[2026-09-03T13:59:10.133+0000] {manager.py:997} INFO - 
================================================================================
DAG File Processing Stats

File Path                           PID    Runtime      # DAGs    # Errors  Last Runtime    Last Run               Last # of DB Queries
----------------------------------  -----  ---------  --------  ----------  --------------  -------------------  ----------------------
/opt/airflow/dags/sales_etl_dag.py                           1           0  0.15s           2026-09-03T13:59:02                      12
================================================================================
[2026-09-03T13:59:40.429+0000] {manager.py:997} INFO - 
================================================================================
DAG File Processing Stats

File Path                           PID    Runtime      # DAGs    # Errors  Last Runtime    Last Run               Last # of DB Queries
----------------------------------  -----  ---------  --------  ----------  --------------  -------------------  ----------------------
/opt/airflow/dags/sales_etl_dag.py                           1           0  0.12s           2026-09-03T13:59:32                      12
================================================================================
[2026-09-03T14:00:10.844+0000] {manager.py:997} INFO - 
================================================================================
DAG File Processing Stats

File Path                           PID    Runtime      # DAGs    # Errors  Last Runtime    Last Run               Last # of DB Queries
----------------------------------  -----  ---------  --------  ----------  --------------  -------------------  ----------------------
/opt/airflow/dags/sales_etl_dag.py                           1           0  0.13s           2026-09-03T14:00:02                      12
================================================================================
[2026-09-03T14:00:41.151+0000] {manager.py:997} INFO - 
================================================================================
DAG File Processing Stats

File Path                           PID    Runtime      # DAGs    # Errors  Last Runtime    Last Run               Last # of DB Queries
----------------------------------  -----  ---------  --------  ----------  --------------  -------------------  ----------------------
/opt/airflow/dags/sales_etl_dag.py                           1           0  0.12s           2026-09-03T14:00:33                      12
================================================================================
[2026-09-03T14:01:11.529+0000] {manager.py:997} INFO - 
================================================================================
DAG File Processing Stats

File Path                           PID    Runtime      # DAGs    # Errors  Last Runtime    Last Run               Last # of DB Queries
----------------------------------  -----  ---------  --------  ----------  --------------  -------------------  ----------------------
/opt/airflow/dags/sales_etl_dag.py                           1           0  0.12s           2026-09-03T14:01:03                      12
================================================================================
[2026-09-03T14:01:41.905+0000] {manager.py:997} INFO - 
================================================================================
DAG File Processing Stats

File Path                           PID    Runtime      # DAGs    # Errors  Last Runtime    Last Run               Last # of DB Queries
----------------------------------  -----  ---------  --------  ----------  --------------  -------------------  ----------------------
/opt/airflow/dags/sales_etl_dag.py                           1           0  0.13s           2026-09-03T14:01:33                      12
================================================================================
[2026-09-03T14:02:12.231+0000] {manager.py:997} INFO - 
================================================================================
DAG File Processing Stats

File Path                           PID    Runtime      # DAGs    # Errors  Last Runtime    Last Run               Last # of DB Queries
----------------------------------  -----  ---------  --------  ----------  --------------  -------------------  ----------------------
/opt/airflow/dags/sales_etl_dag.py                           1           0  0.13s           2026-09-03T14:02:04                      12
================================================================================
[2026-09-03T14:02:42.597+0000] {manager.py:997} INFO - 
================================================================================
DAG File Processing Stats

File Path                           PID    Runtime      # DAGs    # Errors  Last Runtime    Last Run               Last # of DB Queries
----------------------------------  -----  ---------  --------  ----------  --------------  -------------------  ----------------------
/opt/airflow/dags/sales_etl_dag.py                           1           0  0.12s           2026-09-03T14:02:34                      12
================================================================================
[2026-09-03T14:03:09.906+0000] {manager.py:821} INFO - Searching for files in /opt/airflow/dags
[2026-09-03T14:03:09.919+0000] {manager.py:824} INFO - There are 1 files in /opt/airflow/dags
[2026-09-03T14:03:12.955+0000] {manager.py:997} INFO - 
================================================================================
DAG File Processing Stats

File Path                           PID    Runtime      # DAGs    # Errors  Last Runtime    Last Run               Last # of DB Queries
----------------------------------  -----  ---------  --------  ----------  --------------  -------------------  ----------------------
/opt/airflow/dags/sales_etl_dag.py                           1           0  0.13s           2026-09-03T14:03:04                      12
================================================================================
[2026-09-03T14:03:43.278+0000] {manager.py:997} INFO - 
================================================================================
DAG File Processing Stats

File Path                           PID    Runtime      # DAGs    # Errors  Last Runtime    Last Run               Last # of DB Queries
----------------------------------  -----  ---------  --------  ----------  --------------  -------------------  ----------------------
/opt/airflow/dags/sales_etl_dag.py                           1           0  0.12s           2026-09-03T14:03:35                      12
================================================================================
[2026-09-03T14:04:13.652+0000] {manager.py:997} INFO - 
================================================================================
DAG File Processing Stats

File Path                           PID    Runtime      # DAGs    # Errors  Last Runtime    Last Run               Last # of DB Queries
----------------------------------  -----  ---------  --------  ----------  --------------  -------------------  ----------------------
/opt/airflow/dags/sales_etl_dag.py                           1           0  0.12s           2026-09-03T14:04:05                      12
================================================================================
[2026-09-03T14:04:43.985+0000] {manager.py:997} INFO - 
================================================================================
DAG File Processing Stats

File Path                           PID    Runtime      # DAGs    # Errors  Last Runtime    Last Run               Last # of DB Queries
----------------------------------  -----  ---------  --------  ----------  --------------  -------------------  ----------------------
/opt/airflow/dags/sales_etl_dag.py                           1           0  0.13s           2026-09-03T14:04:36                      12
================================================================================
[2026-09-03T14:05:14.352+0000] {manager.py:997} INFO - 
================================================================================
DAG File Processing Stats

File Path                           PID    Runtime      # DAGs    # Errors  Last Runtime    Last Run               Last # of DB Queries
----------------------------------  -----  ---------  --------  ----------  --------------  -------------------  ----------------------
/opt/airflow/dags/sales_etl_dag.py                           1           0  0.13s           2026-09-03T14:05:06                      12
================================================================================
[2026-09-03T14:05:44.685+0000] {manager.py:997} INFO - 
================================================================================
DAG File Processing Stats

File Path                           PID    Runtime      # DAGs    # Errors  Last Runtime    Last Run               Last # of DB Queries
----------------------------------  -----  ---------  --------  ----------  --------------  -------------------  ----------------------
/opt/airflow/dags/sales_etl_dag.py                           1           0  0.15s           2026-09-03T14:05:36                      12
================================================================================
[2026-09-03T14:06:15.094+0000] {manager.py:997} INFO - 
================================================================================
DAG File Processing Stats

File Path                           PID    Runtime      # DAGs    # Errors  Last Runtime    Last Run               Last # of DB Queries
----------------------------------  -----  ---------  --------  ----------  --------------  -------------------  ----------------------
/opt/airflow/dags/sales_etl_dag.py                           1           0  0.14s           2026-09-03T14:06:07                      12
================================================================================
[2026-09-03T14:06:45.404+0000] {manager.py:997} INFO - 
================================================================================
DAG File Processing Stats

File Path                           PID    Runtime      # DAGs    # Errors  Last Runtime    Last Run               Last # of DB Queries
----------------------------------  -----  ---------  --------  ----------  --------------  -------------------  ----------------------
/opt/airflow/dags/sales_etl_dag.py                           1           0  0.16s           2026-09-03T14:06:37                      12
================================================================================
[2026-09-03T14:07:15.705+0000] {manager.py:997} INFO - 
================================================================================
DAG File Processing Stats

File Path                           PID    Runtime      # DAGs    # Errors  Last Runtime    Last Run               Last # of DB Queries
----------------------------------  -----  ---------  --------  ----------  --------------  -------------------  ----------------------
/opt/airflow/dags/sales_etl_dag.py                           1           0  0.13s           2026-09-03T14:07:07                      12
================================================================================
[2026-09-03T14:07:46.087+0000] {manager.py:997} INFO - 
================================================================================
DAG File Processing Stats

File Path                           PID    Runtime      # DAGs    # Errors  Last Runtime    Last Run               Last # of DB Queries
----------------------------------  -----  ---------  --------  ----------  --------------  -------------------  ----------------------
/opt/airflow/dags/sales_etl_dag.py                           1           0  0.13s           2026-09-03T14:07:38                      12
================================================================================
[2026-09-03T14:08:10.348+0000] {manager.py:821} INFO - Searching for files in /opt/airflow/dags
[2026-09-03T14:08:10.371+0000] {manager.py:824} INFO - There are 1 files in /opt/airflow/dags
[2026-09-03T14:08:16.453+0000] {manager.py:997} INFO - 
================================================================================
DAG File Processing Stats

File Path                           PID    Runtime      # DAGs    # Errors  Last Runtime    Last Run               Last # of DB Queries
----------------------------------  -----  ---------  --------  ----------  --------------  -------------------  ----------------------
/opt/airflow/dags/sales_etl_dag.py                           1           0  0.12s           2026-09-03T14:08:08                      12
================================================================================
[2026-09-03T14:08:46.771+0000] {manager.py:997} INFO - 
================================================================================
DAG File Processing Stats

File Path                           PID    Runtime      # DAGs    # Errors  Last Runtime    Last Run               Last # of DB Queries
----------------------------------  -----  ---------  --------  ----------  --------------  -------------------  ----------------------
/opt/airflow/dags/sales_etl_dag.py                           1           0  0.14s           2026-09-03T14:08:38                      12
================================================================================
[2026-09-03T14:09:17.149+0000] {manager.py:997} INFO - 
================================================================================
DAG File Processing Stats

File Path                           PID    Runtime      # DAGs    # Errors  Last Runtime    Last Run               Last # of DB Queries
----------------------------------  -----  ---------  --------  ----------  --------------  -------------------  ----------------------
/opt/airflow/dags/sales_etl_dag.py                           1           0  0.13s           2026-09-03T14:09:09                      12
================================================================================
[2026-09-03T14:09:47.444+0000] {manager.py:997} INFO - 
================================================================================
DAG File Processing Stats

File Path                           PID    Runtime      # DAGs    # Errors  Last Runtime    Last Run               Last # of DB Queries
----------------------------------  -----  ---------  --------  ----------  --------------  -------------------  ----------------------
/opt/airflow/dags/sales_etl_dag.py                           1           0  0.18s           2026-09-03T14:09:39                      12
================================================================================
[2026-09-03T14:10:17.743+0000] {manager.py:997} INFO - 
================================================================================
DAG File Processing Stats

File Path                           PID    Runtime      # DAGs    # Errors  Last Runtime    Last Run               Last # of DB Queries
----------------------------------  -----  ---------  --------  ----------  --------------  -------------------  ----------------------
/opt/airflow/dags/sales_etl_dag.py                           1           0  0.13s           2026-09-03T14:10:09                      12
================================================================================
[2026-09-03T14:10:48.102+0000] {manager.py:997} INFO - 
================================================================================
DAG File Processing Stats

File Path                           PID    Runtime      # DAGs    # Errors  Last Runtime    Last Run               Last # of DB Queries
----------------------------------  -----  ---------  --------  ----------  --------------  -------------------  ----------------------
/opt/airflow/dags/sales_etl_dag.py                           1           0  0.18s           2026-09-03T14:10:40                      12
================================================================================
[2026-09-03T14:11:18.397+0000] {manager.py:997} INFO - 
================================================================================
DAG File Processing Stats

File Path                           PID    Runtime      # DAGs    # Errors  Last Runtime    Last Run               Last # of DB Queries
----------------------------------  -----  ---------  --------  ----------  --------------  -------------------  ----------------------
/opt/airflow/dags/sales_etl_dag.py                           1           0  0.22s           2026-09-03T14:11:10                      12
================================================================================
[2026-09-03T14:11:48.786+0000] {manager.py:997} INFO - 
================================================================================
DAG File Processing Stats

File Path                           PID    Runtime      # DAGs    # Errors  Last Runtime    Last Run               Last # of DB Queries
----------------------------------  -----  ---------  --------  ----------  --------------  -------------------  ----------------------
/opt/airflow/dags/sales_etl_dag.py                           1           0  0.17s           2026-09-03T14:11:40                      12
================================================================================
[2026-09-03T14:12:19.051+0000] {manager.py:997} INFO - 
================================================================================
DAG File Processing Stats

File Path                           PID    Runtime      # DAGs    # Errors  Last Runtime    Last Run               Last # of DB Queries
----------------------------------  -----  ---------  --------  ----------  --------------  -------------------  ----------------------
/opt/airflow/dags/sales_etl_dag.py                           1           0  0.16s           2026-09-03T14:12:11                      12
================================================================================
[2026-09-03T14:12:49.397+0000] {manager.py:997} INFO - 
================================================================================
DAG File Processing Stats

File Path                           PID    Runtime      # DAGs    # Errors  Last Runtime    Last Run               Last # of DB Queries
----------------------------------  -----  ---------  --------  ----------  --------------  -------------------  ----------------------
/opt/airflow/dags/sales_etl_dag.py                           1           0  0.22s           2026-09-03T14:12:41                      12
================================================================================
[2026-09-03T14:13:10.576+0000] {manager.py:821} INFO - Searching for files in /opt/airflow/dags
[2026-09-03T14:13:10.596+0000] {manager.py:824} INFO - There are 1 files in /opt/airflow/dags
[2026-09-03T14:13:19.805+0000] {manager.py:997} INFO - 
================================================================================
DAG File Processing Stats

File Path                           PID    Runtime      # DAGs    # Errors  Last Runtime    Last Run               Last # of DB Queries
----------------------------------  -----  ---------  --------  ----------  --------------  -------------------  ----------------------
/opt/airflow/dags/sales_etl_dag.py                           1           0  0.35s           2026-09-03T14:13:11                      12
================================================================================
[2026-09-03T14:13:50.241+0000] {manager.py:997} INFO - 
================================================================================
DAG File Processing Stats

File Path                           PID    Runtime      # DAGs    # Errors  Last Runtime    Last Run               Last # of DB Queries
----------------------------------  -----  ---------  --------  ----------  --------------  -------------------  ----------------------
/opt/airflow/dags/sales_etl_dag.py                           1           0  0.18s           2026-09-03T14:13:42                      12
================================================================================
[2026-09-03T14:14:20.627+0000] {manager.py:997} INFO - 
================================================================================
DAG File Processing Stats

File Path                           PID    Runtime      # DAGs    # Errors  Last Runtime    Last Run               Last # of DB Queries
----------------------------------  -----  ---------  --------  ----------  --------------  -------------------  ----------------------
/opt/airflow/dags/sales_etl_dag.py                           1           0  0.21s           2026-09-03T14:14:12                      12
================================================================================
[2026-09-03T14:14:51.105+0000] {manager.py:997} INFO - 
================================================================================
DAG File Processing Stats

File Path                           PID    Runtime      # DAGs    # Errors  Last Runtime    Last Run               Last # of DB Queries
----------------------------------  -----  ---------  --------  ----------  --------------  -------------------  ----------------------
/opt/airflow/dags/sales_etl_dag.py                           1           0  0.19s           2026-09-03T14:14:43                      12
================================================================================
[2026-09-03T14:15:21.495+0000] {manager.py:997} INFO - 
================================================================================
DAG File Processing Stats

File Path                           PID    Runtime      # DAGs    # Errors  Last Runtime    Last Run               Last # of DB Queries
----------------------------------  -----  ---------  --------  ----------  --------------  -------------------  ----------------------
/opt/airflow/dags/sales_etl_dag.py                           1           0  0.18s           2026-09-03T14:15:13                      12
================================================================================
[2026-09-03T14:15:51.925+0000] {manager.py:997} INFO - 
================================================================================
DAG File Processing Stats

File Path                           PID    Runtime      # DAGs    # Errors  Last Runtime    Last Run               Last # of DB Queries
----------------------------------  -----  ---------  --------  ----------  --------------  -------------------  ----------------------
/opt/airflow/dags/sales_etl_dag.py                           1           0  0.16s           2026-09-03T14:15:43                      12
================================================================================
[2026-09-03T14:16:22.292+0000] {manager.py:997} INFO - 
================================================================================
DAG File Processing Stats

File Path                           PID    Runtime      # DAGs    # Errors  Last Runtime    Last Run               Last # of DB Queries
----------------------------------  -----  ---------  --------  ----------  --------------  -------------------  ----------------------
/opt/airflow/dags/sales_etl_dag.py                           1           0  0.15s           2026-09-03T14:16:14                      12
================================================================================
[2026-09-03T14:16:52.707+0000] {manager.py:997} INFO - 
================================================================================
DAG File Processing Stats

File Path                           PID    Runtime      # DAGs    # Errors  Last Runtime    Last Run               Last # of DB Queries
----------------------------------  -----  ---------  --------  ----------  --------------  -------------------  ----------------------
/opt/airflow/dags/sales_etl_dag.py                           1           0  0.22s           2026-09-03T14:16:44                      12
================================================================================
[2026-09-03T14:17:23.179+0000] {manager.py:997} INFO - 
================================================================================
DAG File Processing Stats

File Path                           PID    Runtime      # DAGs    # Errors  Last Runtime    Last Run               Last # of DB Queries
----------------------------------  -----  ---------  --------  ----------  --------------  -------------------  ----------------------
/opt/airflow/dags/sales_etl_dag.py                           1           0  0.43s           2026-09-03T14:17:15                      12
================================================================================
[2026-09-03T14:17:53.545+0000] {manager.py:997} INFO - 
================================================================================
DAG File Processing Stats

File Path                           PID    Runtime      # DAGs    # Errors  Last Runtime    Last Run               Last # of DB Queries
----------------------------------  -----  ---------  --------  ----------  --------------  -------------------  ----------------------
/opt/airflow/dags/sales_etl_dag.py                           1           0  0.22s           2026-09-03T14:17:45                      12
================================================================================
[2026-09-03T14:18:10.704+0000] {manager.py:821} INFO - Searching for files in /opt/airflow/dags
[2026-09-03T14:18:10.733+0000] {manager.py:824} INFO - There are 1 files in /opt/airflow/dags
[2026-09-03T14:18:24.057+0000] {manager.py:997} INFO - 
================================================================================
DAG File Processing Stats

File Path                           PID    Runtime      # DAGs    # Errors  Last Runtime    Last Run               Last # of DB Queries
----------------------------------  -----  ---------  --------  ----------  --------------  -------------------  ----------------------
/opt/airflow/dags/sales_etl_dag.py                           1           0  0.18s           2026-09-03T14:18:16                      12
================================================================================
[2026-09-03T14:18:54.421+0000] {manager.py:997} INFO - 
================================================================================
DAG File Processing Stats

File Path                           PID    Runtime      # DAGs    # Errors  Last Runtime    Last Run               Last # of DB Queries
----------------------------------  -----  ---------  --------  ----------  --------------  -------------------  ----------------------
/opt/airflow/dags/sales_etl_dag.py                           1           0  0.19s           2026-09-03T14:18:46                      12
================================================================================
[2026-09-03T14:19:24.862+0000] {manager.py:997} INFO - 
================================================================================
DAG File Processing Stats

File Path                           PID    Runtime      # DAGs    # Errors  Last Runtime    Last Run               Last # of DB Queries
----------------------------------  -----  ---------  --------  ----------  --------------  -------------------  ----------------------
/opt/airflow/dags/sales_etl_dag.py                           1           0  0.15s           2026-09-03T14:19:16                      12
================================================================================
[2026-09-03T14:19:55.190+0000] {manager.py:997} INFO - 
================================================================================
DAG File Processing Stats

File Path                           PID    Runtime      # DAGs    # Errors  Last Runtime    Last Run               Last # of DB Queries
----------------------------------  -----  ---------  --------  ----------  --------------  -------------------  ----------------------
/opt/airflow/dags/sales_etl_dag.py                           1           0  0.19s           2026-09-03T14:19:47                      12
================================================================================
[2026-09-03T14:20:25.696+0000] {manager.py:997} INFO - 
================================================================================
DAG File Processing Stats

File Path                           PID    Runtime      # DAGs    # Errors  Last Runtime    Last Run               Last # of DB Queries
----------------------------------  -----  ---------  --------  ----------  --------------  -------------------  ----------------------
/opt/airflow/dags/sales_etl_dag.py                           1           0  0.17s           2026-09-03T14:20:17                      12
================================================================================
[2026-09-03T14:20:56.052+0000] {manager.py:997} INFO - 
================================================================================
DAG File Processing Stats

File Path                           PID    Runtime      # DAGs    # Errors  Last Runtime    Last Run               Last # of DB Queries
----------------------------------  -----  ---------  --------  ----------  --------------  -------------------  ----------------------
/opt/airflow/dags/sales_etl_dag.py                           1           0  0.14s           2026-09-03T14:20:48                      12
================================================================================
[2026-09-03T14:21:26.527+0000] {manager.py:997} INFO - 
================================================================================
DAG File Processing Stats

File Path                           PID    Runtime      # DAGs    # Errors  Last Runtime    Last Run               Last # of DB Queries
----------------------------------  -----  ---------  --------  ----------  --------------  -------------------  ----------------------
/opt/airflow/dags/sales_etl_dag.py                           1           0  0.15s           2026-09-03T14:21:18                      12
================================================================================
[2026-09-03T14:21:56.905+0000] {manager.py:997} INFO - 
================================================================================
DAG File Processing Stats

File Path                           PID    Runtime      # DAGs    # Errors  Last Runtime    Last Run               Last # of DB Queries
----------------------------------  -----  ---------  --------  ----------  --------------  -------------------  ----------------------
/opt/airflow/dags/sales_etl_dag.py                           1           0  0.14s           2026-09-03T14:21:48                      12
================================================================================
[2026-09-03T14:22:27.372+0000] {manager.py:997} INFO - 
================================================================================
DAG File Processing Stats

File Path                           PID    Runtime      # DAGs    # Errors  Last Runtime    Last Run               Last # of DB Queries
----------------------------------  -----  ---------  --------  ----------  --------------  -------------------  ----------------------
/opt/airflow/dags/sales_etl_dag.py                           1           0  0.19s           2026-09-03T14:22:19                      12
================================================================================
[2026-09-03T14:22:57.773+0000] {manager.py:997} INFO - 
================================================================================
DAG File Processing Stats

File Path                           PID    Runtime      # DAGs    # Errors  Last Runtime    Last Run               Last # of DB Queries
----------------------------------  -----  ---------  --------  ----------  --------------  -------------------  ----------------------
/opt/airflow/dags/sales_etl_dag.py                           1           0  0.19s           2026-09-03T14:22:49                      12
================================================================================
[2026-09-03T14:23:10.907+0000] {manager.py:821} INFO - Searching for files in /opt/airflow/dags
[2026-09-03T14:23:10.953+0000] {manager.py:824} INFO - There are 1 files in /opt/airflow/dags
[2026-09-03T14:23:28.212+0000] {manager.py:997} INFO - 
================================================================================
DAG File Processing Stats

File Path                           PID    Runtime      # DAGs    # Errors  Last Runtime    Last Run               Last # of DB Queries
----------------------------------  -----  ---------  --------  ----------  --------------  -------------------  ----------------------
/opt/airflow/dags/sales_etl_dag.py                           1           0  0.21s           2026-09-03T14:23:20                      12
================================================================================
[2026-09-03T14:23:58.666+0000] {manager.py:997} INFO - 
================================================================================
DAG File Processing Stats

File Path                           PID    Runtime      # DAGs    # Errors  Last Runtime    Last Run               Last # of DB Queries
----------------------------------  -----  ---------  --------  ----------  --------------  -------------------  ----------------------
/opt/airflow/dags/sales_etl_dag.py                           1           0  0.22s           2026-09-03T14:23:50                      12
================================================================================
[2026-09-03T14:24:29.082+0000] {manager.py:997} INFO - 
================================================================================
DAG File Processing Stats

File Path                           PID    Runtime      # DAGs    # Errors  Last Runtime    Last Run               Last # of DB Queries
----------------------------------  -----  ---------  --------  ----------  --------------  -------------------  ----------------------
/opt/airflow/dags/sales_etl_dag.py                           1           0  0.19s           2026-09-03T14:24:21                      12
================================================================================
[2026-09-03T14:24:59.467+0000] {manager.py:997} INFO - 
================================================================================
DAG File Processing Stats

File Path                           PID    Runtime      # DAGs    # Errors  Last Runtime    Last Run               Last # of DB Queries
----------------------------------  -----  ---------  --------  ----------  --------------  -------------------  ----------------------
/opt/airflow/dags/sales_etl_dag.py                           1           0  0.20s           2026-09-03T14:24:51                      12
================================================================================
[2026-09-03T14:25:29.964+0000] {manager.py:997} INFO - 
================================================================================
DAG File Processing Stats

File Path                           PID    Runtime      # DAGs    # Errors  Last Runtime    Last Run               Last # of DB Queries
----------------------------------  -----  ---------  --------  ----------  --------------  -------------------  ----------------------
/opt/airflow/dags/sales_etl_dag.py                           1           0  0.28s           2026-09-03T14:25:21                      12
================================================================================
[2026-09-03T14:26:00.348+0000] {manager.py:997} INFO - 
================================================================================
DAG File Processing Stats

File Path                           PID    Runtime      # DAGs    # Errors  Last Runtime    Last Run               Last # of DB Queries
----------------------------------  -----  ---------  --------  ----------  --------------  -------------------  ----------------------
/opt/airflow/dags/sales_etl_dag.py                           1           0  0.19s           2026-09-03T14:25:52                      12
================================================================================
[2026-09-03T14:26:30.663+0000] {manager.py:997} INFO - 
================================================================================
DAG File Processing Stats

File Path                           PID    Runtime      # DAGs    # Errors  Last Runtime    Last Run               Last # of DB Queries
----------------------------------  -----  ---------  --------  ----------  --------------  -------------------  ----------------------
/opt/airflow/dags/sales_etl_dag.py                           1           0  0.14s           2026-09-03T14:26:22                      12
================================================================================
[2026-09-03T14:27:01.111+0000] {manager.py:997} INFO - 
================================================================================
DAG File Processing Stats

File Path                           PID    Runtime      # DAGs    # Errors  Last Runtime    Last Run               Last # of DB Queries
----------------------------------  -----  ---------  --------  ----------  --------------  -------------------  ----------------------
/opt/airflow/dags/sales_etl_dag.py                           1           0  0.17s           2026-09-03T14:26:53                      12
================================================================================
[2026-09-03T14:27:31.438+0000] {manager.py:997} INFO - 
================================================================================
DAG File Processing Stats

File Path                           PID    Runtime      # DAGs    # Errors  Last Runtime    Last Run               Last # of DB Queries
----------------------------------  -----  ---------  --------  ----------  --------------  -------------------  ----------------------
/opt/airflow/dags/sales_etl_dag.py                           1           0  0.19s           2026-09-03T14:27:23                      12
================================================================================
[2026-09-03T14:28:01.919+0000] {manager.py:997} INFO - 
================================================================================
DAG File Processing Stats

File Path                           PID    Runtime      # DAGs    # Errors  Last Runtime    Last Run               Last # of DB Queries
----------------------------------  -----  ---------  --------  ----------  --------------  -------------------  ----------------------
/opt/airflow/dags/sales_etl_dag.py                           1           0  0.21s           2026-09-03T14:27:53                      12
================================================================================
[2026-09-03T14:28:10.995+0000] {manager.py:821} INFO - Searching for files in /opt/airflow/dags
[2026-09-03T14:28:11.019+0000] {manager.py:824} INFO - There are 1 files in /opt/airflow/dags
[2026-09-03T14:28:32.295+0000] {manager.py:997} INFO - 
================================================================================
DAG File Processing Stats

File Path                           PID    Runtime      # DAGs    # Errors  Last Runtime    Last Run               Last # of DB Queries
----------------------------------  -----  ---------  --------  ----------  --------------  -------------------  ----------------------
/opt/airflow/dags/sales_etl_dag.py                           1           0  0.15s           2026-09-03T14:28:24                      12
================================================================================
[2026-09-03T14:29:02.699+0000] {manager.py:997} INFO - 
================================================================================
DAG File Processing Stats

File Path                           PID    Runtime      # DAGs    # Errors  Last Runtime    Last Run               Last # of DB Queries
----------------------------------  -----  ---------  --------  ----------  --------------  -------------------  ----------------------
/opt/airflow/dags/sales_etl_dag.py                           1           0  0.18s           2026-09-03T14:28:54                      12
================================================================================
[2026-09-23T16:45:00.518+0000] {manager.py:483} INFO - Processing files using up to 2 processes at a time 
[2026-09-23T16:45:00.520+0000] {manager.py:484} INFO - Process each file at most once every 30 seconds
[2026-09-23T16:45:00.520+0000] {manager.py:485} INFO - Checking for new files in /opt/airflow/dags every 300 seconds
[2026-09-23T16:45:00.521+0000] {manager.py:821} INFO - Searching for files in /opt/airflow/dags
[2026-09-23T16:45:00.590+0000] {manager.py:824} INFO - There are 1 files in /opt/airflow/dags
[2026-09-23T16:45:00.732+0000] {manager.py:997} INFO - 
================================================================================
DAG File Processing Stats

File Path                             PID  Runtime      # DAGs    # Errors  Last Runtime    Last Run      Last # of DB Queries
----------------------------------  -----  ---------  --------  ----------  --------------  ----------  ----------------------
/opt/airflow/dags/sales_etl_dag.py    166  0.05s             0           0                                                   0
================================================================================
[2026-09-23T16:45:31.074+0000] {manager.py:997} INFO - 
================================================================================
DAG File Processing Stats

File Path                           PID    Runtime      # DAGs    # Errors  Last Runtime    Last Run               Last # of DB Queries
----------------------------------  -----  ---------  --------  ----------  --------------  -------------------  ----------------------
/opt/airflow/dags/sales_etl_dag.py                           1           0  0.46s           2026-09-23T16:45:01                      12
================================================================================
[2026-09-23T16:46:01.732+0000] {manager.py:997} INFO - 
================================================================================
DAG File Processing Stats

File Path                           PID    Runtime      # DAGs    # Errors  Last Runtime    Last Run               Last # of DB Queries
----------------------------------  -----  ---------  --------  ----------  --------------  -------------------  ----------------------
/opt/airflow/dags/sales_etl_dag.py                           1           0  0.31s           2026-09-23T16:45:31                      12
================================================================================
[2026-09-23T16:46:32.231+0000] {manager.py:997} INFO - 
================================================================================
DAG File Processing Stats

File Path                             PID  Runtime      # DAGs    # Errors  Last Runtime    Last Run               Last # of DB Queries
----------------------------------  -----  ---------  --------  ----------  --------------  -------------------  ----------------------
/opt/airflow/dags/sales_etl_dag.py    314  0.01s             1           0  0.18s           2026-09-23T16:46:02                      12
================================================================================
[2026-09-23T16:47:02.670+0000] {manager.py:997} INFO - 
================================================================================
DAG File Processing Stats

File Path                             PID  Runtime      # DAGs    # Errors  Last Runtime    Last Run               Last # of DB Queries
----------------------------------  -----  ---------  --------  ----------  --------------  -------------------  ----------------------
/opt/airflow/dags/sales_etl_dag.py    379  0.01s             1           0  0.22s           2026-09-23T16:46:32                      12
================================================================================
[2026-09-23T16:47:33.046+0000] {manager.py:997} INFO - 
================================================================================
DAG File Processing Stats

File Path                             PID  Runtime      # DAGs    # Errors  Last Runtime    Last Run               Last # of DB Queries
----------------------------------  -----  ---------  --------  ----------  --------------  -------------------  ----------------------
/opt/airflow/dags/sales_etl_dag.py    384  0.00s             1           0  0.19s           2026-09-23T16:47:02                      12
================================================================================
[2026-09-23T16:48:03.453+0000] {manager.py:997} INFO - 
================================================================================
DAG File Processing Stats

File Path                             PID  Runtime      # DAGs    # Errors  Last Runtime    Last Run               Last # of DB Queries
----------------------------------  -----  ---------  --------  ----------  --------------  -------------------  ----------------------
/opt/airflow/dags/sales_etl_dag.py    389  0.00s             1           0  0.13s           2026-09-23T16:47:33                      12
================================================================================
[2026-09-23T16:48:33.808+0000] {manager.py:997} INFO - 
================================================================================
DAG File Processing Stats

File Path                             PID  Runtime      # DAGs    # Errors  Last Runtime    Last Run               Last # of DB Queries
----------------------------------  -----  ---------  --------  ----------  --------------  -------------------  ----------------------
/opt/airflow/dags/sales_etl_dag.py    394  0.01s             1           0  0.16s           2026-09-23T16:48:03                      12
================================================================================
[2026-09-23T16:49:04.261+0000] {manager.py:997} INFO - 
================================================================================
DAG File Processing Stats

File Path                             PID  Runtime      # DAGs    # Errors  Last Runtime    Last Run               Last # of DB Queries
----------------------------------  -----  ---------  --------  ----------  --------------  -------------------  ----------------------
/opt/airflow/dags/sales_etl_dag.py    399  0.00s             1           0  0.17s           2026-09-23T16:48:33                      12
================================================================================
[2026-09-23T16:49:34.675+0000] {manager.py:997} INFO - 
================================================================================
DAG File Processing Stats

File Path                             PID  Runtime      # DAGs    # Errors  Last Runtime    Last Run               Last # of DB Queries
----------------------------------  -----  ---------  --------  ----------  --------------  -------------------  ----------------------
/opt/airflow/dags/sales_etl_dag.py    404  0.01s             1           0  0.13s           2026-09-23T16:49:04                      12
================================================================================
[2026-09-23T16:50:01.065+0000] {manager.py:821} INFO - Searching for files in /opt/airflow/dags
[2026-09-23T16:50:01.114+0000] {manager.py:824} INFO - There are 1 files in /opt/airflow/dags
[2026-09-23T16:50:05.220+0000] {manager.py:997} INFO - 
================================================================================
DAG File Processing Stats

File Path                             PID  Runtime      # DAGs    # Errors  Last Runtime    Last Run               Last # of DB Queries
----------------------------------  -----  ---------  --------  ----------  --------------  -------------------  ----------------------
/opt/airflow/dags/sales_etl_dag.py    409  0.01s             1           0  0.22s           2026-09-23T16:49:34                      12
================================================================================
[2026-09-23T16:50:35.677+0000] {manager.py:997} INFO - 
================================================================================
DAG File Processing Stats

File Path                             PID  Runtime      # DAGs    # Errors  Last Runtime    Last Run               Last # of DB Queries
----------------------------------  -----  ---------  --------  ----------  --------------  -------------------  ----------------------
/opt/airflow/dags/sales_etl_dag.py    414  0.01s             1           0  0.21s           2026-09-23T16:50:05                      12
================================================================================
[2026-09-23T16:51:06.191+0000] {manager.py:997} INFO - 
================================================================================
DAG File Processing Stats

File Path                             PID  Runtime      # DAGs    # Errors  Last Runtime    Last Run               Last # of DB Queries
----------------------------------  -----  ---------  --------  ----------  --------------  -------------------  ----------------------
/opt/airflow/dags/sales_etl_dag.py    419  0.01s             1           0  0.22s           2026-09-23T16:50:35                      12
================================================================================
[2026-09-23T16:51:36.729+0000] {manager.py:997} INFO - 
================================================================================
DAG File Processing Stats

File Path                             PID  Runtime      # DAGs    # Errors  Last Runtime    Last Run               Last # of DB Queries
----------------------------------  -----  ---------  --------  ----------  --------------  -------------------  ----------------------
/opt/airflow/dags/sales_etl_dag.py    424  0.01s             1           0  0.24s           2026-09-23T16:51:06                      12
================================================================================
[2026-09-23T16:52:07.184+0000] {manager.py:997} INFO - 
================================================================================
DAG File Processing Stats

File Path                             PID  Runtime      # DAGs    # Errors  Last Runtime    Last Run               Last # of DB Queries
----------------------------------  -----  ---------  --------  ----------  --------------  -------------------  ----------------------
/opt/airflow/dags/sales_etl_dag.py    429  0.01s             1           0  0.21s           2026-09-23T16:51:36                      12
================================================================================
[2026-09-23T16:52:37.714+0000] {manager.py:997} INFO - 
================================================================================
DAG File Processing Stats

File Path                             PID  Runtime      # DAGs    # Errors  Last Runtime    Last Run               Last # of DB Queries
----------------------------------  -----  ---------  --------  ----------  --------------  -------------------  ----------------------
/opt/airflow/dags/sales_etl_dag.py    434  0.01s             1           0  0.20s           2026-09-23T16:52:07                      12
================================================================================
[2026-09-23T16:53:08.221+0000] {manager.py:997} INFO - 
================================================================================
DAG File Processing Stats

File Path                             PID  Runtime      # DAGs    # Errors  Last Runtime    Last Run               Last # of DB Queries
----------------------------------  -----  ---------  --------  ----------  --------------  -------------------  ----------------------
/opt/airflow/dags/sales_etl_dag.py    439  0.01s             1           0  0.21s           2026-09-23T16:52:37                      12
================================================================================
[2026-09-23T16:53:38.717+0000] {manager.py:997} INFO - 
================================================================================
DAG File Processing Stats

File Path                             PID  Runtime      # DAGs    # Errors  Last Runtime    Last Run               Last # of DB Queries
----------------------------------  -----  ---------  --------  ----------  --------------  -------------------  ----------------------
/opt/airflow/dags/sales_etl_dag.py    444  0.01s             1           0  0.20s           2026-09-23T16:53:08                      12
================================================================================
[2026-09-23T16:54:09.225+0000] {manager.py:997} INFO - 
================================================================================
DAG File Processing Stats

File Path                             PID  Runtime      # DAGs    # Errors  Last Runtime    Last Run               Last # of DB Queries
----------------------------------  -----  ---------  --------  ----------  --------------  -------------------  ----------------------
/opt/airflow/dags/sales_etl_dag.py    449  0.01s             1           0  0.21s           2026-09-23T16:53:38                      12
================================================================================
[2026-09-23T16:54:39.740+0000] {manager.py:997} INFO - 
================================================================================
DAG File Processing Stats

File Path                             PID  Runtime      # DAGs    # Errors  Last Runtime    Last Run               Last # of DB Queries
----------------------------------  -----  ---------  --------  ----------  --------------  -------------------  ----------------------
/opt/airflow/dags/sales_etl_dag.py    454  0.01s             1           0  0.34s           2026-09-23T16:54:09                      12
================================================================================
[2026-09-23T16:55:01.228+0000] {manager.py:821} INFO - Searching for files in /opt/airflow/dags
[2026-09-23T16:55:01.262+0000] {manager.py:824} INFO - There are 1 files in /opt/airflow/dags
[2026-09-23T16:55:10.433+0000] {manager.py:997} INFO - 
================================================================================
DAG File Processing Stats

File Path                             PID  Runtime      # DAGs    # Errors  Last Runtime    Last Run               Last # of DB Queries
----------------------------------  -----  ---------  --------  ----------  --------------  -------------------  ----------------------
/opt/airflow/dags/sales_etl_dag.py    459  0.01s             1           0  0.26s           2026-09-23T16:54:39                      12
================================================================================
[2026-09-23T16:55:40.863+0000] {manager.py:997} INFO - 
================================================================================
DAG File Processing Stats

File Path                             PID  Runtime      # DAGs    # Errors  Last Runtime    Last Run               Last # of DB Queries
----------------------------------  -----  ---------  --------  ----------  --------------  -------------------  ----------------------
/opt/airflow/dags/sales_etl_dag.py    464  0.01s             1           0  0.21s           2026-09-23T16:55:10                      12
================================================================================
[2026-09-23T16:56:11.429+0000] {manager.py:997} INFO - 
================================================================================
DAG File Processing Stats

File Path                             PID  Runtime      # DAGs    # Errors  Last Runtime    Last Run               Last # of DB Queries
----------------------------------  -----  ---------  --------  ----------  --------------  -------------------  ----------------------
/opt/airflow/dags/sales_etl_dag.py    469  0.01s             1           0  0.21s           2026-09-23T16:55:41                      12
================================================================================
[2026-09-23T16:56:41.864+0000] {manager.py:997} INFO - 
================================================================================
DAG File Processing Stats

File Path                             PID  Runtime      # DAGs    # Errors  Last Runtime    Last Run               Last # of DB Queries
----------------------------------  -----  ---------  --------  ----------  --------------  -------------------  ----------------------
/opt/airflow/dags/sales_etl_dag.py    474  0.01s             1           0  0.20s           2026-09-23T16:56:11                      12
================================================================================
[2026-09-23T16:57:12.426+0000] {manager.py:997} INFO - 
================================================================================
DAG File Processing Stats

File Path                             PID  Runtime      # DAGs    # Errors  Last Runtime    Last Run               Last # of DB Queries
----------------------------------  -----  ---------  --------  ----------  --------------  -------------------  ----------------------
/opt/airflow/dags/sales_etl_dag.py    479  0.01s             1           0  0.25s           2026-09-23T16:56:42                      12
================================================================================
[2026-09-23T16:57:42.871+0000] {manager.py:997} INFO - 
================================================================================
DAG File Processing Stats

File Path                             PID  Runtime      # DAGs    # Errors  Last Runtime    Last Run               Last # of DB Queries
----------------------------------  -----  ---------  --------  ----------  --------------  -------------------  ----------------------
/opt/airflow/dags/sales_etl_dag.py    484  0.01s             1           0  0.23s           2026-09-23T16:57:12                      12
================================================================================
[2026-09-23T16:58:13.411+0000] {manager.py:997} INFO - 
================================================================================
DAG File Processing Stats

File Path                             PID  Runtime      # DAGs    # Errors  Last Runtime    Last Run               Last # of DB Queries
----------------------------------  -----  ---------  --------  ----------  --------------  -------------------  ----------------------
/opt/airflow/dags/sales_etl_dag.py    489  0.01s             1           0  0.25s           2026-09-23T16:57:43                      12
================================================================================
[2026-09-23T16:58:43.947+0000] {manager.py:997} INFO - 
================================================================================
DAG File Processing Stats

File Path                             PID  Runtime      # DAGs    # Errors  Last Runtime    Last Run               Last # of DB Queries
----------------------------------  -----  ---------  --------  ----------  --------------  -------------------  ----------------------
/opt/airflow/dags/sales_etl_dag.py    494  0.01s             1           0  0.19s           2026-09-23T16:58:13                      12
================================================================================
[2026-09-23T16:59:14.363+0000] {manager.py:997} INFO - 
================================================================================
DAG File Processing Stats

File Path                             PID  Runtime      # DAGs    # Errors  Last Runtime    Last Run               Last # of DB Queries
----------------------------------  -----  ---------  --------  ----------  --------------  -------------------  ----------------------
/opt/airflow/dags/sales_etl_dag.py    499  0.01s             1           0  0.21s           2026-09-23T16:58:44                      12
================================================================================
[2026-09-23T16:59:44.948+0000] {manager.py:997} INFO - 
================================================================================
DAG File Processing Stats

File Path                             PID  Runtime      # DAGs    # Errors  Last Runtime    Last Run               Last # of DB Queries
----------------------------------  -----  ---------  --------  ----------  --------------  -------------------  ----------------------
/opt/airflow/dags/sales_etl_dag.py    504  0.01s             1           0  0.23s           2026-09-23T16:59:14                      12
================================================================================
[2026-09-23T17:00:01.356+0000] {manager.py:821} INFO - Searching for files in /opt/airflow/dags
[2026-09-23T17:00:01.388+0000] {manager.py:824} INFO - There are 1 files in /opt/airflow/dags
[2026-09-23T17:00:15.413+0000] {manager.py:997} INFO - 
================================================================================
DAG File Processing Stats

File Path                             PID  Runtime      # DAGs    # Errors  Last Runtime    Last Run               Last # of DB Queries
----------------------------------  -----  ---------  --------  ----------  --------------  -------------------  ----------------------
/opt/airflow/dags/sales_etl_dag.py    509  0.01s             1           0  0.18s           2026-09-23T16:59:45                      12
================================================================================
[2026-09-23T17:00:46.017+0000] {manager.py:997} INFO - 
================================================================================
DAG File Processing Stats

File Path                             PID  Runtime      # DAGs    # Errors  Last Runtime    Last Run               Last # of DB Queries
----------------------------------  -----  ---------  --------  ----------  --------------  -------------------  ----------------------
/opt/airflow/dags/sales_etl_dag.py    514  0.01s             1           0  0.18s           2026-09-23T17:00:15                      12
================================================================================
[2026-09-23T17:01:16.463+0000] {manager.py:997} INFO - 
================================================================================
DAG File Processing Stats

File Path                             PID  Runtime      # DAGs    # Errors  Last Runtime    Last Run               Last # of DB Queries
----------------------------------  -----  ---------  --------  ----------  --------------  -------------------  ----------------------
/opt/airflow/dags/sales_etl_dag.py    519  0.01s             1           0  0.24s           2026-09-23T17:00:46                      12
================================================================================
[2026-09-23T17:01:47.075+0000] {manager.py:997} INFO - 
================================================================================
DAG File Processing Stats

File Path                             PID  Runtime      # DAGs    # Errors  Last Runtime    Last Run               Last # of DB Queries
----------------------------------  -----  ---------  --------  ----------  --------------  -------------------  ----------------------
/opt/airflow/dags/sales_etl_dag.py    524  0.01s             1           0  0.20s           2026-09-23T17:01:16                      12
================================================================================
[2026-09-23T17:02:17.487+0000] {manager.py:997} INFO - 
================================================================================
DAG File Processing Stats

File Path                             PID  Runtime      # DAGs    # Errors  Last Runtime    Last Run               Last # of DB Queries
----------------------------------  -----  ---------  --------  ----------  --------------  -------------------  ----------------------
/opt/airflow/dags/sales_etl_dag.py    529  0.01s             1           0  0.19s           2026-09-23T17:01:47                      12
================================================================================
[2026-09-23T17:02:48.046+0000] {manager.py:997} INFO - 
================================================================================
DAG File Processing Stats

File Path                             PID  Runtime      # DAGs    # Errors  Last Runtime    Last Run               Last # of DB Queries
----------------------------------  -----  ---------  --------  ----------  --------------  -------------------  ----------------------
/opt/airflow/dags/sales_etl_dag.py    534  0.01s             1           0  0.23s           2026-09-23T17:02:17                      12
================================================================================
[2026-09-23T17:03:18.540+0000] {manager.py:997} INFO - 
================================================================================
DAG File Processing Stats

File Path                             PID  Runtime      # DAGs    # Errors  Last Runtime    Last Run               Last # of DB Queries
----------------------------------  -----  ---------  --------  ----------  --------------  -------------------  ----------------------
/opt/airflow/dags/sales_etl_dag.py    539  0.01s             1           0  0.20s           2026-09-23T17:02:48                      12
================================================================================
[2026-09-23T17:03:49.027+0000] {manager.py:997} INFO - 
================================================================================
DAG File Processing Stats

File Path                             PID  Runtime      # DAGs    # Errors  Last Runtime    Last Run               Last # of DB Queries
----------------------------------  -----  ---------  --------  ----------  --------------  -------------------  ----------------------
/opt/airflow/dags/sales_etl_dag.py    544  0.01s             1           0  0.20s           2026-09-23T17:03:18                      12
================================================================================
[2026-09-23T17:04:19.727+0000] {manager.py:997} INFO - 
================================================================================
DAG File Processing Stats

File Path                             PID  Runtime      # DAGs    # Errors  Last Runtime    Last Run               Last # of DB Queries
----------------------------------  -----  ---------  --------  ----------  --------------  -------------------  ----------------------
/opt/airflow/dags/sales_etl_dag.py    549  0.01s             1           0  0.19s           2026-09-23T17:03:49                      12
================================================================================
[2026-09-23T17:04:50.211+0000] {manager.py:997} INFO - 
================================================================================
DAG File Processing Stats

File Path                             PID  Runtime      # DAGs    # Errors  Last Runtime    Last Run               Last # of DB Queries
----------------------------------  -----  ---------  --------  ----------  --------------  -------------------  ----------------------
/opt/airflow/dags/sales_etl_dag.py    554  0.05s             1           0  0.22s           2026-09-23T17:04:19                      12
================================================================================
[2026-09-23T17:05:01.436+0000] {manager.py:821} INFO - Searching for files in /opt/airflow/dags
[2026-09-23T17:05:01.464+0000] {manager.py:824} INFO - There are 1 files in /opt/airflow/dags
[2026-09-23T17:05:20.752+0000] {manager.py:997} INFO - 
================================================================================
DAG File Processing Stats

File Path                             PID  Runtime      # DAGs    # Errors  Last Runtime    Last Run               Last # of DB Queries
----------------------------------  -----  ---------  --------  ----------  --------------  -------------------  ----------------------
/opt/airflow/dags/sales_etl_dag.py    559  0.01s             1           0  0.31s           2026-09-23T17:04:50                      12
================================================================================
[2026-09-23T17:05:51.272+0000] {manager.py:997} INFO - 
================================================================================
DAG File Processing Stats

File Path                             PID  Runtime      # DAGs    # Errors  Last Runtime    Last Run               Last # of DB Queries
----------------------------------  -----  ---------  --------  ----------  --------------  -------------------  ----------------------
/opt/airflow/dags/sales_etl_dag.py    564  0.01s             1           0  0.18s           2026-09-23T17:05:20                      12
================================================================================
[2026-09-23T17:06:21.755+0000] {manager.py:997} INFO - 
================================================================================
DAG File Processing Stats

File Path                             PID  Runtime      # DAGs    # Errors  Last Runtime    Last Run               Last # of DB Queries
----------------------------------  -----  ---------  --------  ----------  --------------  -------------------  ----------------------
/opt/airflow/dags/sales_etl_dag.py    569  0.01s             1           0  0.19s           2026-09-23T17:05:51                      12
================================================================================
[2026-09-23T17:06:52.293+0000] {manager.py:997} INFO - 
================================================================================
DAG File Processing Stats

File Path                             PID  Runtime      # DAGs    # Errors  Last Runtime    Last Run               Last # of DB Queries
----------------------------------  -----  ---------  --------  ----------  --------------  -------------------  ----------------------
/opt/airflow/dags/sales_etl_dag.py    574  0.01s             1           0  0.21s           2026-09-23T17:06:21                      12
================================================================================
[2026-09-23T17:07:22.741+0000] {manager.py:997} INFO - 
================================================================================
DAG File Processing Stats

File Path                             PID  Runtime      # DAGs    # Errors  Last Runtime    Last Run               Last # of DB Queries
----------------------------------  -----  ---------  --------  ----------  --------------  -------------------  ----------------------
/opt/airflow/dags/sales_etl_dag.py    579  0.01s             1           0  0.19s           2026-09-23T17:06:52                      12
================================================================================
[2026-09-23T17:07:53.264+0000] {manager.py:997} INFO - 
================================================================================
DAG File Processing Stats

File Path                             PID  Runtime      # DAGs    # Errors  Last Runtime    Last Run               Last # of DB Queries
----------------------------------  -----  ---------  --------  ----------  --------------  -------------------  ----------------------
/opt/airflow/dags/sales_etl_dag.py    584  0.01s             1           0  0.23s           2026-09-23T17:07:22                      12
================================================================================
[2026-09-23T17:08:23.767+0000] {manager.py:997} INFO - 
================================================================================
DAG File Processing Stats

File Path                             PID  Runtime      # DAGs    # Errors  Last Runtime    Last Run               Last # of DB Queries
----------------------------------  -----  ---------  --------  ----------  --------------  -------------------  ----------------------
/opt/airflow/dags/sales_etl_dag.py    589  0.01s             1           0  0.22s           2026-09-23T17:07:53                      12
================================================================================
[2026-09-23T17:08:54.211+0000] {manager.py:997} INFO - 
================================================================================
DAG File Processing Stats

File Path                             PID  Runtime      # DAGs    # Errors  Last Runtime    Last Run               Last # of DB Queries
----------------------------------  -----  ---------  --------  ----------  --------------  -------------------  ----------------------
/opt/airflow/dags/sales_etl_dag.py    594  0.01s             1           0  0.20s           2026-09-23T17:08:23                      12
================================================================================
[2026-09-23T21:36:56.394+0000] {manager.py:483} INFO - Processing files using up to 2 processes at a time 
[2026-09-23T21:36:56.395+0000] {manager.py:484} INFO - Process each file at most once every 30 seconds
[2026-09-23T21:36:56.397+0000] {manager.py:485} INFO - Checking for new files in /opt/airflow/dags every 300 seconds
[2026-09-23T21:36:56.404+0000] {manager.py:821} INFO - Searching for files in /opt/airflow/dags
[2026-09-23T21:36:56.440+0000] {manager.py:824} INFO - There are 1 files in /opt/airflow/dags
[2026-09-23T21:36:56.537+0000] {manager.py:997} INFO - 
================================================================================
DAG File Processing Stats

File Path                             PID  Runtime      # DAGs    # Errors  Last Runtime    Last Run      Last # of DB Queries
----------------------------------  -----  ---------  --------  ----------  --------------  ----------  ----------------------
/opt/airflow/dags/sales_etl_dag.py    167  0.03s             0           0                                                   0
================================================================================
[2026-09-23T21:37:26.800+0000] {manager.py:997} INFO - 
================================================================================
DAG File Processing Stats

File Path                             PID  Runtime      # DAGs    # Errors  Last Runtime    Last Run               Last # of DB Queries
----------------------------------  -----  ---------  --------  ----------  --------------  -------------------  ----------------------
/opt/airflow/dags/sales_etl_dag.py    172  0.00s             1           0  0.20s           2026-09-23T21:36:56                      12
================================================================================
[2026-09-23T21:37:57.126+0000] {manager.py:997} INFO - 
================================================================================
DAG File Processing Stats

File Path                             PID  Runtime      # DAGs    # Errors  Last Runtime    Last Run               Last # of DB Queries
----------------------------------  -----  ---------  --------  ----------  --------------  -------------------  ----------------------
/opt/airflow/dags/sales_etl_dag.py    177  0.00s             1           0  0.14s           2026-09-23T21:37:26                      12
================================================================================
[2026-09-23T21:38:27.571+0000] {manager.py:997} INFO - 
================================================================================
DAG File Processing Stats

File Path                             PID  Runtime      # DAGs    # Errors  Last Runtime    Last Run               Last # of DB Queries
----------------------------------  -----  ---------  --------  ----------  --------------  -------------------  ----------------------
/opt/airflow/dags/sales_etl_dag.py    182  0.01s             1           0  0.14s           2026-09-23T21:37:57                      12
================================================================================
[2026-09-23T21:38:57.904+0000] {manager.py:997} INFO - 
================================================================================
DAG File Processing Stats

File Path                             PID  Runtime      # DAGs    # Errors  Last Runtime    Last Run               Last # of DB Queries
----------------------------------  -----  ---------  --------  ----------  --------------  -------------------  ----------------------
/opt/airflow/dags/sales_etl_dag.py    187  0.00s             1           0  0.13s           2026-09-23T21:38:27                      12
================================================================================
[2026-09-23T21:39:28.319+0000] {manager.py:997} INFO - 
================================================================================
DAG File Processing Stats

File Path                             PID  Runtime      # DAGs    # Errors  Last Runtime    Last Run               Last # of DB Queries
----------------------------------  -----  ---------  --------  ----------  --------------  -------------------  ----------------------
/opt/airflow/dags/sales_etl_dag.py    192  0.00s             1           0  0.13s           2026-09-23T21:38:58                      12
================================================================================
[2026-09-23T21:39:58.651+0000] {manager.py:997} INFO - 
================================================================================
DAG File Processing Stats

File Path                             PID  Runtime      # DAGs    # Errors  Last Runtime    Last Run               Last # of DB Queries
----------------------------------  -----  ---------  --------  ----------  --------------  -------------------  ----------------------
/opt/airflow/dags/sales_etl_dag.py    197  0.00s             1           0  0.16s           2026-09-23T21:39:28                      12
================================================================================
[2026-09-23T21:40:29.142+0000] {manager.py:997} INFO - 
================================================================================
DAG File Processing Stats

File Path                             PID  Runtime      # DAGs    # Errors  Last Runtime    Last Run               Last # of DB Queries
----------------------------------  -----  ---------  --------  ----------  --------------  -------------------  ----------------------
/opt/airflow/dags/sales_etl_dag.py    202  0.00s             1           0  0.13s           2026-09-23T21:39:58                      12
================================================================================
[2026-09-23T21:40:59.497+0000] {manager.py:997} INFO - 
================================================================================
DAG File Processing Stats

File Path                             PID  Runtime      # DAGs    # Errors  Last Runtime    Last Run               Last # of DB Queries
----------------------------------  -----  ---------  --------  ----------  --------------  -------------------  ----------------------
/opt/airflow/dags/sales_etl_dag.py    207  0.00s             1           0  0.14s           2026-09-23T21:40:29                      12
================================================================================
[2026-09-23T21:41:29.932+0000] {manager.py:997} INFO - 
================================================================================
DAG File Processing Stats

File Path                             PID  Runtime      # DAGs    # Errors  Last Runtime    Last Run               Last # of DB Queries
----------------------------------  -----  ---------  --------  ----------  --------------  -------------------  ----------------------
/opt/airflow/dags/sales_etl_dag.py    212  0.00s             1           0  0.13s           2026-09-23T21:40:59                      12
================================================================================
[2026-09-23T21:41:57.209+0000] {manager.py:821} INFO - Searching for files in /opt/airflow/dags
[2026-09-23T21:41:57.227+0000] {manager.py:824} INFO - There are 1 files in /opt/airflow/dags
[2026-09-23T21:42:00.274+0000] {manager.py:997} INFO - 
================================================================================
DAG File Processing Stats

File Path                             PID  Runtime      # DAGs    # Errors  Last Runtime    Last Run               Last # of DB Queries
----------------------------------  -----  ---------  --------  ----------  --------------  -------------------  ----------------------
/opt/airflow/dags/sales_etl_dag.py    217  0.00s             1           0  0.14s           2026-09-23T21:41:30                      12
================================================================================
[2026-09-23T21:42:30.711+0000] {manager.py:997} INFO - 
================================================================================
DAG File Processing Stats

File Path                             PID  Runtime      # DAGs    # Errors  Last Runtime    Last Run               Last # of DB Queries
----------------------------------  -----  ---------  --------  ----------  --------------  -------------------  ----------------------
/opt/airflow/dags/sales_etl_dag.py    222  0.01s             1           0  0.13s           2026-09-23T21:42:00                      12
================================================================================
[2026-09-23T21:43:01.060+0000] {manager.py:997} INFO - 
================================================================================
DAG File Processing Stats

File Path                             PID  Runtime      # DAGs    # Errors  Last Runtime    Last Run               Last # of DB Queries
----------------------------------  -----  ---------  --------  ----------  --------------  -------------------  ----------------------
/opt/airflow/dags/sales_etl_dag.py    227  0.00s             1           0  0.15s           2026-09-23T21:42:30                      12
================================================================================
[2026-09-23T21:43:31.487+0000] {manager.py:997} INFO - 
================================================================================
DAG File Processing Stats

File Path                             PID  Runtime      # DAGs    # Errors  Last Runtime    Last Run               Last # of DB Queries
----------------------------------  -----  ---------  --------  ----------  --------------  -------------------  ----------------------
/opt/airflow/dags/sales_etl_dag.py    232  0.00s             1           0  0.17s           2026-09-23T21:43:01                      12
================================================================================
[2026-09-23T21:44:01.788+0000] {manager.py:997} INFO - 
================================================================================
DAG File Processing Stats

File Path                             PID  Runtime      # DAGs    # Errors  Last Runtime    Last Run               Last # of DB Queries
----------------------------------  -----  ---------  --------  ----------  --------------  -------------------  ----------------------
/opt/airflow/dags/sales_etl_dag.py    237  0.00s             1           0  0.13s           2026-09-23T21:43:31                      12
================================================================================
[2026-09-23T21:44:32.234+0000] {manager.py:997} INFO - 
================================================================================
DAG File Processing Stats

File Path                             PID  Runtime      # DAGs    # Errors  Last Runtime    Last Run               Last # of DB Queries
----------------------------------  -----  ---------  --------  ----------  --------------  -------------------  ----------------------
/opt/airflow/dags/sales_etl_dag.py    242  0.00s             1           0  0.14s           2026-09-23T21:44:01                      12
================================================================================
[2026-09-23T21:45:02.619+0000] {manager.py:997} INFO - 
================================================================================
DAG File Processing Stats

File Path                             PID  Runtime      # DAGs    # Errors  Last Runtime    Last Run               Last # of DB Queries
----------------------------------  -----  ---------  --------  ----------  --------------  -------------------  ----------------------
/opt/airflow/dags/sales_etl_dag.py    247  0.00s             1           0  0.14s           2026-09-23T21:44:32                      12
================================================================================
[2026-09-23T21:45:33.026+0000] {manager.py:997} INFO - 
================================================================================
DAG File Processing Stats

File Path                             PID  Runtime      # DAGs    # Errors  Last Runtime    Last Run               Last # of DB Queries
----------------------------------  -----  ---------  --------  ----------  --------------  -------------------  ----------------------
/opt/airflow/dags/sales_etl_dag.py    252  0.01s             1           0  0.14s           2026-09-23T21:45:02                      12
================================================================================
[2026-09-23T21:46:03.331+0000] {manager.py:997} INFO - 
================================================================================
DAG File Processing Stats

File Path                             PID  Runtime      # DAGs    # Errors  Last Runtime    Last Run               Last # of DB Queries
----------------------------------  -----  ---------  --------  ----------  --------------  -------------------  ----------------------
/opt/airflow/dags/sales_etl_dag.py    257  0.01s             1           0  0.15s           2026-09-23T21:45:33                      12
================================================================================
[2026-09-23T21:46:33.644+0000] {manager.py:997} INFO - 
================================================================================
DAG File Processing Stats

File Path                             PID  Runtime      # DAGs    # Errors  Last Runtime    Last Run               Last # of DB Queries
----------------------------------  -----  ---------  --------  ----------  --------------  -------------------  ----------------------
/opt/airflow/dags/sales_etl_dag.py    262  0.01s             1           0  0.14s           2026-09-23T21:46:03                      12
================================================================================
[2026-09-23T21:46:57.873+0000] {manager.py:821} INFO - Searching for files in /opt/airflow/dags
[2026-09-23T21:46:57.893+0000] {manager.py:824} INFO - There are 1 files in /opt/airflow/dags
[2026-09-23T21:47:03.967+0000] {manager.py:997} INFO - 
================================================================================
DAG File Processing Stats

File Path                             PID  Runtime      # DAGs    # Errors  Last Runtime    Last Run               Last # of DB Queries
----------------------------------  -----  ---------  --------  ----------  --------------  -------------------  ----------------------
/opt/airflow/dags/sales_etl_dag.py    267  0.00s             1           0  0.15s           2026-09-23T21:46:33                      12
================================================================================
[2026-09-23T21:47:34.406+0000] {manager.py:997} INFO - 
================================================================================
DAG File Processing Stats

File Path                             PID  Runtime      # DAGs    # Errors  Last Runtime    Last Run               Last # of DB Queries
----------------------------------  -----  ---------  --------  ----------  --------------  -------------------  ----------------------
/opt/airflow/dags/sales_etl_dag.py    272  0.00s             1           0  0.17s           2026-09-23T21:47:04                      12
================================================================================
[2026-09-23T21:48:04.750+0000] {manager.py:997} INFO - 
================================================================================
DAG File Processing Stats

File Path                             PID  Runtime      # DAGs    # Errors  Last Runtime    Last Run               Last # of DB Queries
----------------------------------  -----  ---------  --------  ----------  --------------  -------------------  ----------------------
/opt/airflow/dags/sales_etl_dag.py    277  0.00s             1           0  0.18s           2026-09-23T21:47:34                      12
================================================================================
[2026-09-23T21:48:35.182+0000] {manager.py:997} INFO - 
================================================================================
DAG File Processing Stats

File Path                             PID  Runtime      # DAGs    # Errors  Last Runtime    Last Run               Last # of DB Queries
----------------------------------  -----  ---------  --------  ----------  --------------  -------------------  ----------------------
/opt/airflow/dags/sales_etl_dag.py    282  0.01s             1           0  0.14s           2026-09-23T21:48:04                      12
================================================================================
[2026-09-23T21:49:05.526+0000] {manager.py:997} INFO - 
================================================================================
DAG File Processing Stats

File Path                             PID  Runtime      # DAGs    # Errors  Last Runtime    Last Run               Last # of DB Queries
----------------------------------  -----  ---------  --------  ----------  --------------  -------------------  ----------------------
/opt/airflow/dags/sales_etl_dag.py    287  0.01s             1           0  0.18s           2026-09-23T21:48:35                      12
================================================================================
[2026-09-23T21:49:36.006+0000] {manager.py:997} INFO - 
================================================================================
DAG File Processing Stats

File Path                             PID  Runtime      # DAGs    # Errors  Last Runtime    Last Run               Last # of DB Queries
----------------------------------  -----  ---------  --------  ----------  --------------  -------------------  ----------------------
/opt/airflow/dags/sales_etl_dag.py    292  0.00s             1           0  0.15s           2026-09-23T21:49:05                      12
================================================================================
[2026-09-23T21:50:06.359+0000] {manager.py:997} INFO - 
================================================================================
DAG File Processing Stats

File Path                             PID  Runtime      # DAGs    # Errors  Last Runtime    Last Run               Last # of DB Queries
----------------------------------  -----  ---------  --------  ----------  --------------  -------------------  ----------------------
/opt/airflow/dags/sales_etl_dag.py    297  0.00s             1           0  0.13s           2026-09-23T21:49:36                      12
================================================================================
[2026-09-23T21:50:36.704+0000] {manager.py:997} INFO - 
================================================================================
DAG File Processing Stats

File Path                             PID  Runtime      # DAGs    # Errors  Last Runtime    Last Run               Last # of DB Queries
----------------------------------  -----  ---------  --------  ----------  --------------  -------------------  ----------------------
/opt/airflow/dags/sales_etl_dag.py    302  0.00s             1           0  0.17s           2026-09-23T21:50:06                      12
================================================================================
[2026-09-23T21:51:07.141+0000] {manager.py:997} INFO - 
================================================================================
DAG File Processing Stats

File Path                             PID  Runtime      # DAGs    # Errors  Last Runtime    Last Run               Last # of DB Queries
----------------------------------  -----  ---------  --------  ----------  --------------  -------------------  ----------------------
/opt/airflow/dags/sales_etl_dag.py    307  0.00s             1           0  0.14s           2026-09-23T21:50:36                      12
================================================================================
[2026-09-23T21:51:37.465+0000] {manager.py:997} INFO - 
================================================================================
DAG File Processing Stats

File Path                             PID  Runtime      # DAGs    # Errors  Last Runtime    Last Run               Last # of DB Queries
----------------------------------  -----  ---------  --------  ----------  --------------  -------------------  ----------------------
/opt/airflow/dags/sales_etl_dag.py    312  0.00s             1           0  0.13s           2026-09-23T21:51:07                      12
================================================================================
[2026-09-23T21:51:58.747+0000] {manager.py:821} INFO - Searching for files in /opt/airflow/dags
[2026-09-23T21:51:58.789+0000] {manager.py:824} INFO - There are 1 files in /opt/airflow/dags
[2026-09-23T21:52:07.935+0000] {manager.py:997} INFO - 
================================================================================
DAG File Processing Stats

File Path                             PID  Runtime      # DAGs    # Errors  Last Runtime    Last Run               Last # of DB Queries
----------------------------------  -----  ---------  --------  ----------  --------------  -------------------  ----------------------
/opt/airflow/dags/sales_etl_dag.py    317  0.00s             1           0  0.17s           2026-09-23T21:51:37                      12
================================================================================
[2026-09-23T21:52:38.264+0000] {manager.py:997} INFO - 
================================================================================
DAG File Processing Stats

File Path                             PID  Runtime      # DAGs    # Errors  Last Runtime    Last Run               Last # of DB Queries
----------------------------------  -----  ---------  --------  ----------  --------------  -------------------  ----------------------
/opt/airflow/dags/sales_etl_dag.py    322  0.00s             1           0  0.14s           2026-09-23T21:52:08                      12
================================================================================
[2026-09-23T21:53:08.682+0000] {manager.py:997} INFO - 
================================================================================
DAG File Processing Stats

File Path                             PID  Runtime      # DAGs    # Errors  Last Runtime    Last Run               Last # of DB Queries
----------------------------------  -----  ---------  --------  ----------  --------------  -------------------  ----------------------
/opt/airflow/dags/sales_etl_dag.py    327  0.00s             1           0  0.13s           2026-09-23T21:52:38                      12
================================================================================
[2026-09-23T21:53:39.056+0000] {manager.py:997} INFO - 
================================================================================
DAG File Processing Stats

File Path                             PID  Runtime      # DAGs    # Errors  Last Runtime    Last Run               Last # of DB Queries
----------------------------------  -----  ---------  --------  ----------  --------------  -------------------  ----------------------
/opt/airflow/dags/sales_etl_dag.py    332  0.00s             1           0  0.13s           2026-09-23T21:53:08                      12
================================================================================
[2026-09-23T21:54:09.497+0000] {manager.py:997} INFO - 
================================================================================
DAG File Processing Stats

File Path                             PID  Runtime      # DAGs    # Errors  Last Runtime    Last Run               Last # of DB Queries
----------------------------------  -----  ---------  --------  ----------  --------------  -------------------  ----------------------
/opt/airflow/dags/sales_etl_dag.py    337  0.00s             1           0  0.17s           2026-09-23T21:53:39                      12
================================================================================
[2026-09-23T21:54:39.816+0000] {manager.py:997} INFO - 
================================================================================
DAG File Processing Stats

File Path                             PID  Runtime      # DAGs    # Errors  Last Runtime    Last Run               Last # of DB Queries
----------------------------------  -----  ---------  --------  ----------  --------------  -------------------  ----------------------
/opt/airflow/dags/sales_etl_dag.py    342  0.00s             1           0  0.20s           2026-09-23T21:54:09                      12
================================================================================
[2026-09-23T21:55:10.139+0000] {manager.py:997} INFO - 
================================================================================
DAG File Processing Stats

File Path                             PID  Runtime      # DAGs    # Errors  Last Runtime    Last Run               Last # of DB Queries
----------------------------------  -----  ---------  --------  ----------  --------------  -------------------  ----------------------
/opt/airflow/dags/sales_etl_dag.py    347  0.00s             1           0  0.14s           2026-09-23T21:54:39                      12
================================================================================
[2026-09-23T21:55:40.564+0000] {manager.py:997} INFO - 
================================================================================
DAG File Processing Stats

File Path                             PID  Runtime      # DAGs    # Errors  Last Runtime    Last Run               Last # of DB Queries
----------------------------------  -----  ---------  --------  ----------  --------------  -------------------  ----------------------
/opt/airflow/dags/sales_etl_dag.py    352  0.01s             1           0  0.15s           2026-09-23T21:55:10                      12
================================================================================
[2026-09-23T21:56:10.909+0000] {manager.py:997} INFO - 
================================================================================
DAG File Processing Stats

File Path                             PID  Runtime      # DAGs    # Errors  Last Runtime    Last Run               Last # of DB Queries
----------------------------------  -----  ---------  --------  ----------  --------------  -------------------  ----------------------
/opt/airflow/dags/sales_etl_dag.py    357  0.00s             1           0  0.15s           2026-09-23T21:55:40                      12
================================================================================
[2026-09-23T21:56:41.317+0000] {manager.py:997} INFO - 
================================================================================
DAG File Processing Stats

File Path                             PID  Runtime      # DAGs    # Errors  Last Runtime    Last Run               Last # of DB Queries
----------------------------------  -----  ---------  --------  ----------  --------------  -------------------  ----------------------
/opt/airflow/dags/sales_etl_dag.py    362  0.00s             1           0  0.14s           2026-09-23T21:56:11                      12
================================================================================
[2026-09-23T21:56:59.523+0000] {manager.py:821} INFO - Searching for files in /opt/airflow/dags
[2026-09-23T21:56:59.552+0000] {manager.py:824} INFO - There are 1 files in /opt/airflow/dags
[2026-09-23T21:57:11.714+0000] {manager.py:997} INFO - 
================================================================================
DAG File Processing Stats

File Path                             PID  Runtime      # DAGs    # Errors  Last Runtime    Last Run               Last # of DB Queries
----------------------------------  -----  ---------  --------  ----------  --------------  -------------------  ----------------------
/opt/airflow/dags/sales_etl_dag.py    367  0.00s             1           0  0.16s           2026-09-23T21:56:41                      12
================================================================================
[2026-09-23T21:57:42.127+0000] {manager.py:997} INFO - 
================================================================================
DAG File Processing Stats

File Path                             PID  Runtime      # DAGs    # Errors  Last Runtime    Last Run               Last # of DB Queries
----------------------------------  -----  ---------  --------  ----------  --------------  -------------------  ----------------------
/opt/airflow/dags/sales_etl_dag.py    372  0.00s             1           0  0.14s           2026-09-23T21:57:11                      12
================================================================================
[2026-09-23T21:58:12.501+0000] {manager.py:997} INFO - 
================================================================================
DAG File Processing Stats

File Path                             PID  Runtime      # DAGs    # Errors  Last Runtime    Last Run               Last # of DB Queries
----------------------------------  -----  ---------  --------  ----------  --------------  -------------------  ----------------------
/opt/airflow/dags/sales_etl_dag.py    377  0.00s             1           0  0.14s           2026-09-23T21:57:42                      12
================================================================================
[2026-09-23T21:58:42.948+0000] {manager.py:997} INFO - 
================================================================================
DAG File Processing Stats

File Path                             PID  Runtime      # DAGs    # Errors  Last Runtime    Last Run               Last # of DB Queries
----------------------------------  -----  ---------  --------  ----------  --------------  -------------------  ----------------------
/opt/airflow/dags/sales_etl_dag.py    382  0.00s             1           0  0.19s           2026-09-23T21:58:12                      12
================================================================================
[2026-09-23T21:59:13.327+0000] {manager.py:997} INFO - 
================================================================================
DAG File Processing Stats

File Path                             PID  Runtime      # DAGs    # Errors  Last Runtime    Last Run               Last # of DB Queries
----------------------------------  -----  ---------  --------  ----------  --------------  -------------------  ----------------------
/opt/airflow/dags/sales_etl_dag.py    387  0.01s             1           0  0.13s           2026-09-23T21:58:43                      12
================================================================================
[2026-09-23T21:59:43.675+0000] {manager.py:997} INFO - 
================================================================================
DAG File Processing Stats

File Path                             PID  Runtime      # DAGs    # Errors  Last Runtime    Last Run               Last # of DB Queries
----------------------------------  -----  ---------  --------  ----------  --------------  -------------------  ----------------------
/opt/airflow/dags/sales_etl_dag.py    392  0.00s             1           0  0.17s           2026-09-23T21:59:13                      12
================================================================================
[2026-09-23T22:00:14.094+0000] {manager.py:997} INFO - 
================================================================================
DAG File Processing Stats

File Path                             PID  Runtime      # DAGs    # Errors  Last Runtime    Last Run               Last # of DB Queries
----------------------------------  -----  ---------  --------  ----------  --------------  -------------------  ----------------------
/opt/airflow/dags/sales_etl_dag.py    397  0.00s             1           0  0.15s           2026-09-23T21:59:43                      12
================================================================================
[2026-09-23T22:00:44.406+0000] {manager.py:997} INFO - 
================================================================================
DAG File Processing Stats

File Path                             PID  Runtime      # DAGs    # Errors  Last Runtime    Last Run               Last # of DB Queries
----------------------------------  -----  ---------  --------  ----------  --------------  -------------------  ----------------------
/opt/airflow/dags/sales_etl_dag.py    402  0.00s             1           0  0.16s           2026-09-23T22:00:14                      12
================================================================================
[2026-09-23T22:01:14.881+0000] {manager.py:997} INFO - 
================================================================================
DAG File Processing Stats

File Path                             PID  Runtime      # DAGs    # Errors  Last Runtime    Last Run               Last # of DB Queries
----------------------------------  -----  ---------  --------  ----------  --------------  -------------------  ----------------------
/opt/airflow/dags/sales_etl_dag.py    407  0.00s             1           0  0.14s           2026-09-23T22:00:44                      12
================================================================================
[2026-09-23T22:01:45.249+0000] {manager.py:997} INFO - 
================================================================================
DAG File Processing Stats

File Path                             PID  Runtime      # DAGs    # Errors  Last Runtime    Last Run               Last # of DB Queries
----------------------------------  -----  ---------  --------  ----------  --------------  -------------------  ----------------------
/opt/airflow/dags/sales_etl_dag.py    412  0.00s             1           0  0.14s           2026-09-23T22:01:15                      12
================================================================================
[2026-09-23T22:01:59.543+0000] {manager.py:821} INFO - Searching for files in /opt/airflow/dags
[2026-09-23T22:01:59.572+0000] {manager.py:824} INFO - There are 1 files in /opt/airflow/dags
[2026-09-23T22:02:15.658+0000] {manager.py:997} INFO - 
================================================================================
DAG File Processing Stats

File Path                             PID  Runtime      # DAGs    # Errors  Last Runtime    Last Run               Last # of DB Queries
----------------------------------  -----  ---------  --------  ----------  --------------  -------------------  ----------------------
/opt/airflow/dags/sales_etl_dag.py    417  0.00s             1           0  0.15s           2026-09-23T22:01:45                      12
================================================================================
[2026-09-23T22:02:45.997+0000] {manager.py:997} INFO - 
================================================================================
DAG File Processing Stats

File Path                             PID  Runtime      # DAGs    # Errors  Last Runtime    Last Run               Last # of DB Queries
----------------------------------  -----  ---------  --------  ----------  --------------  -------------------  ----------------------
/opt/airflow/dags/sales_etl_dag.py    422  0.00s             1           0  0.13s           2026-09-23T22:02:15                      12
================================================================================
[2026-09-23T22:03:16.452+0000] {manager.py:997} INFO - 
================================================================================
DAG File Processing Stats

File Path                             PID  Runtime      # DAGs    # Errors  Last Runtime    Last Run               Last # of DB Queries
----------------------------------  -----  ---------  --------  ----------  --------------  -------------------  ----------------------
/opt/airflow/dags/sales_etl_dag.py    427  0.00s             1           0  0.14s           2026-09-23T22:02:46                      12
================================================================================
[2026-09-23T22:03:46.763+0000] {manager.py:997} INFO - 
================================================================================
DAG File Processing Stats

File Path                             PID  Runtime      # DAGs    # Errors  Last Runtime    Last Run               Last # of DB Queries
----------------------------------  -----  ---------  --------  ----------  --------------  -------------------  ----------------------
/opt/airflow/dags/sales_etl_dag.py    432  0.00s             1           0  0.13s           2026-09-23T22:03:16                      12
================================================================================
[2026-09-23T22:04:17.202+0000] {manager.py:997} INFO - 
================================================================================
DAG File Processing Stats

File Path                             PID  Runtime      # DAGs    # Errors  Last Runtime    Last Run               Last # of DB Queries
----------------------------------  -----  ---------  --------  ----------  --------------  -------------------  ----------------------
/opt/airflow/dags/sales_etl_dag.py    437  0.00s             1           0  0.15s           2026-09-23T22:03:46                      12
================================================================================
[2026-09-23T22:04:47.521+0000] {manager.py:997} INFO - 
================================================================================
DAG File Processing Stats

File Path                             PID  Runtime      # DAGs    # Errors  Last Runtime    Last Run               Last # of DB Queries
----------------------------------  -----  ---------  --------  ----------  --------------  -------------------  ----------------------
/opt/airflow/dags/sales_etl_dag.py    442  0.00s             1           0  0.14s           2026-09-23T22:04:17                      12
================================================================================
[2026-09-23T22:05:17.958+0000] {manager.py:997} INFO - 
================================================================================
DAG File Processing Stats

File Path                             PID  Runtime      # DAGs    # Errors  Last Runtime    Last Run               Last # of DB Queries
----------------------------------  -----  ---------  --------  ----------  --------------  -------------------  ----------------------
/opt/airflow/dags/sales_etl_dag.py    447  0.00s             1           0  0.14s           2026-09-23T22:04:47                      12
================================================================================
[2026-09-23T22:05:48.307+0000] {manager.py:997} INFO - 
================================================================================
DAG File Processing Stats

File Path                             PID  Runtime      # DAGs    # Errors  Last Runtime    Last Run               Last # of DB Queries
----------------------------------  -----  ---------  --------  ----------  --------------  -------------------  ----------------------
/opt/airflow/dags/sales_etl_dag.py    452  0.00s             1           0  0.13s           2026-09-23T22:05:18                      12
================================================================================
[2026-09-23T22:06:18.717+0000] {manager.py:997} INFO - 
================================================================================
DAG File Processing Stats

File Path                             PID  Runtime      # DAGs    # Errors  Last Runtime    Last Run               Last # of DB Queries
----------------------------------  -----  ---------  --------  ----------  --------------  -------------------  ----------------------
/opt/airflow/dags/sales_etl_dag.py    457  0.00s             1           0  0.13s           2026-09-23T22:05:48                      12
================================================================================
[2026-09-23T22:06:49.073+0000] {manager.py:997} INFO - 
================================================================================
DAG File Processing Stats

File Path                             PID  Runtime      # DAGs    # Errors  Last Runtime    Last Run               Last # of DB Queries
----------------------------------  -----  ---------  --------  ----------  --------------  -------------------  ----------------------
/opt/airflow/dags/sales_etl_dag.py    462  0.00s             1           0  0.13s           2026-09-23T22:06:18                      12
================================================================================
[2026-09-23T22:07:00.263+0000] {manager.py:821} INFO - Searching for files in /opt/airflow/dags
[2026-09-23T22:07:00.287+0000] {manager.py:824} INFO - There are 1 files in /opt/airflow/dags
[2026-09-23T22:07:19.541+0000] {manager.py:997} INFO - 
================================================================================
DAG File Processing Stats

File Path                             PID  Runtime      # DAGs    # Errors  Last Runtime    Last Run               Last # of DB Queries
----------------------------------  -----  ---------  --------  ----------  --------------  -------------------  ----------------------
/opt/airflow/dags/sales_etl_dag.py    467  0.00s             1           0  0.14s           2026-09-23T22:06:49                      12
================================================================================
[2026-09-23T22:07:49.883+0000] {manager.py:997} INFO - 
================================================================================
DAG File Processing Stats

File Path                             PID  Runtime      # DAGs    # Errors  Last Runtime    Last Run               Last # of DB Queries
----------------------------------  -----  ---------  --------  ----------  --------------  -------------------  ----------------------
/opt/airflow/dags/sales_etl_dag.py    472  0.00s             1           0  0.14s           2026-09-23T22:07:19                      12
================================================================================
[2026-09-23T22:08:20.368+0000] {manager.py:997} INFO - 
================================================================================
DAG File Processing Stats

File Path                             PID  Runtime      # DAGs    # Errors  Last Runtime    Last Run               Last # of DB Queries
----------------------------------  -----  ---------  --------  ----------  --------------  -------------------  ----------------------
/opt/airflow/dags/sales_etl_dag.py    477  0.00s             1           0  0.14s           2026-09-23T22:07:50                      12
================================================================================
[2026-09-23T22:08:50.701+0000] {manager.py:997} INFO - 
================================================================================
DAG File Processing Stats

File Path                             PID  Runtime      # DAGs    # Errors  Last Runtime    Last Run               Last # of DB Queries
----------------------------------  -----  ---------  --------  ----------  --------------  -------------------  ----------------------
/opt/airflow/dags/sales_etl_dag.py    482  0.00s             1           0  0.14s           2026-09-23T22:08:20                      12
================================================================================
[2026-09-23T22:09:21.120+0000] {manager.py:997} INFO - 
================================================================================
DAG File Processing Stats

File Path                             PID  Runtime      # DAGs    # Errors  Last Runtime    Last Run               Last # of DB Queries
----------------------------------  -----  ---------  --------  ----------  --------------  -------------------  ----------------------
/opt/airflow/dags/sales_etl_dag.py    487  0.00s             1           0  0.13s           2026-09-23T22:08:50                      12
================================================================================
[2026-09-23T22:09:51.405+0000] {manager.py:997} INFO - 
================================================================================
DAG File Processing Stats

File Path                             PID  Runtime      # DAGs    # Errors  Last Runtime    Last Run               Last # of DB Queries
----------------------------------  -----  ---------  --------  ----------  --------------  -------------------  ----------------------
/opt/airflow/dags/sales_etl_dag.py    492  0.00s             1           0  0.15s           2026-09-23T22:09:21                      12
================================================================================
[2026-09-23T22:10:21.759+0000] {manager.py:997} INFO - 
================================================================================
DAG File Processing Stats

File Path                             PID  Runtime      # DAGs    # Errors  Last Runtime    Last Run               Last # of DB Queries
----------------------------------  -----  ---------  --------  ----------  --------------  -------------------  ----------------------
/opt/airflow/dags/sales_etl_dag.py    497  0.00s             1           0  0.12s           2026-09-23T22:09:51                      12
================================================================================
[2026-09-23T22:10:52.179+0000] {manager.py:997} INFO - 
================================================================================
DAG File Processing Stats

File Path                             PID  Runtime      # DAGs    # Errors  Last Runtime    Last Run               Last # of DB Queries
----------------------------------  -----  ---------  --------  ----------  --------------  -------------------  ----------------------
/opt/airflow/dags/sales_etl_dag.py    502  0.00s             1           0  0.14s           2026-09-23T22:10:21                      12
================================================================================
[2026-09-23T22:11:22.522+0000] {manager.py:997} INFO - 
================================================================================
DAG File Processing Stats

File Path                             PID  Runtime      # DAGs    # Errors  Last Runtime    Last Run               Last # of DB Queries
----------------------------------  -----  ---------  --------  ----------  --------------  -------------------  ----------------------
/opt/airflow/dags/sales_etl_dag.py    507  0.00s             1           0  0.13s           2026-09-23T22:10:52                      12
================================================================================
[2026-09-23T22:11:52.927+0000] {manager.py:997} INFO - 
================================================================================
DAG File Processing Stats

File Path                             PID  Runtime      # DAGs    # Errors  Last Runtime    Last Run               Last # of DB Queries
----------------------------------  -----  ---------  --------  ----------  --------------  -------------------  ----------------------
/opt/airflow/dags/sales_etl_dag.py    512  0.00s             1           0  0.13s           2026-09-23T22:11:22                      12
================================================================================
[2026-09-23T22:12:01.011+0000] {manager.py:821} INFO - Searching for files in /opt/airflow/dags
[2026-09-23T22:12:01.055+0000] {manager.py:824} INFO - There are 1 files in /opt/airflow/dags
[2026-09-23T22:12:23.337+0000] {manager.py:997} INFO - 
================================================================================
DAG File Processing Stats

File Path                             PID  Runtime      # DAGs    # Errors  Last Runtime    Last Run               Last # of DB Queries
----------------------------------  -----  ---------  --------  ----------  --------------  -------------------  ----------------------
/opt/airflow/dags/sales_etl_dag.py    517  0.01s             1           0  0.15s           2026-09-23T22:11:53                      12
================================================================================
[2026-09-23T22:12:53.700+0000] {manager.py:997} INFO - 
================================================================================
DAG File Processing Stats

File Path                             PID  Runtime      # DAGs    # Errors  Last Runtime    Last Run               Last # of DB Queries
----------------------------------  -----  ---------  --------  ----------  --------------  -------------------  ----------------------
/opt/airflow/dags/sales_etl_dag.py    522  0.00s             1           0  0.18s           2026-09-23T22:12:23                      12
================================================================================
[2026-09-23T22:13:24.131+0000] {manager.py:997} INFO - 
================================================================================
DAG File Processing Stats

File Path                             PID  Runtime      # DAGs    # Errors  Last Runtime    Last Run               Last # of DB Queries
----------------------------------  -----  ---------  --------  ----------  --------------  -------------------  ----------------------
/opt/airflow/dags/sales_etl_dag.py    527  0.00s             1           0  0.16s           2026-09-23T22:12:53                      12
================================================================================
[2026-09-23T22:13:54.446+0000] {manager.py:997} INFO - 
================================================================================
DAG File Processing Stats

File Path                             PID  Runtime      # DAGs    # Errors  Last Runtime    Last Run               Last # of DB Queries
----------------------------------  -----  ---------  --------  ----------  --------------  -------------------  ----------------------
/opt/airflow/dags/sales_etl_dag.py    532  0.00s             1           0  0.16s           2026-09-23T22:13:24                      12
================================================================================
[2026-09-23T22:14:24.892+0000] {manager.py:997} INFO - 
================================================================================
DAG File Processing Stats

File Path                             PID  Runtime      # DAGs    # Errors  Last Runtime    Last Run               Last # of DB Queries
----------------------------------  -----  ---------  --------  ----------  --------------  -------------------  ----------------------
/opt/airflow/dags/sales_etl_dag.py    537  0.01s             1           0  0.17s           2026-09-23T22:13:54                      12
================================================================================
[2026-09-23T22:14:55.210+0000] {manager.py:997} INFO - 
================================================================================
DAG File Processing Stats

File Path                             PID  Runtime      # DAGs    # Errors  Last Runtime    Last Run               Last # of DB Queries
----------------------------------  -----  ---------  --------  ----------  --------------  -------------------  ----------------------
/opt/airflow/dags/sales_etl_dag.py    542  0.00s             1           0  0.14s           2026-09-23T22:14:25                      12
================================================================================
