[2026-09-03T10:50:16.833+0000] {processor.py:186} INFO - Started process (PID=903) to work on /opt/airflow/dags/sales_etl_dag.py
[2026-09-03T10:50:16.844+0000] {processor.py:914} INFO - Processing file /opt/airflow/dags/sales_etl_dag.py for tasks to queue
[2026-09-03T10:50:16.848+0000] {logging_mixin.py:190} INFO - [2026-09-03T10:50:16.847+0000] {dagbag.py:588} INFO - Filling up the DagBag from /opt/airflow/dags/sales_etl_dag.py
[2026-09-03T10:50:16.922+0000] {processor.py:925} INFO - DAG(s) 'etl_pipeline' retrieved from /opt/airflow/dags/sales_etl_dag.py
[2026-09-03T10:50:17.040+0000] {logging_mixin.py:190} INFO - [2026-09-03T10:50:17.040+0000] {dag.py:3239} INFO - Sync 1 DAGs
[2026-09-03T10:50:18.072+0000] {logging_mixin.py:190} INFO - [2026-09-03T10:50:18.071+0000] {dag.py:4180} INFO - Setting next_dagrun for etl_pipeline to 2026-09-03 00:00:00+00:00, run_after=2026-09-04 00:00:00+00:00
[2026-09-03T10:50:18.163+0000] {processor.py:208} INFO - Processing /opt/airflow/dags/sales_etl_dag.py took 1.342 seconds
[2026-09-03T10:50:48.472+0000] {processor.py:186} INFO - Started process (PID=932) to work on /opt/airflow/dags/sales_etl_dag.py
[2026-09-03T10:50:48.473+0000] {processor.py:914} INFO - Processing file /opt/airflow/dags/sales_etl_dag.py for tasks to queue
[2026-09-03T10:50:48.478+0000] {logging_mixin.py:190} INFO - [2026-09-03T10:50:48.477+0000] {dagbag.py:588} INFO - Filling up the DagBag from /opt/airflow/dags/sales_etl_dag.py
[2026-09-03T10:50:48.506+0000] {processor.py:925} INFO - DAG(s) 'etl_pipeline' retrieved from /opt/airflow/dags/sales_etl_dag.py
[2026-09-03T10:50:48.553+0000] {logging_mixin.py:190} INFO - [2026-09-03T10:50:48.552+0000] {dag.py:3239} INFO - Sync 1 DAGs
[2026-09-03T10:50:48.587+0000] {logging_mixin.py:190} INFO - [2026-09-03T10:50:48.587+0000] {dag.py:4180} INFO - Setting next_dagrun for etl_pipeline to 2026-09-03 00:00:00+00:00, run_after=2026-09-04 00:00:00+00:00
[2026-09-03T10:50:48.609+0000] {processor.py:208} INFO - Processing /opt/airflow/dags/sales_etl_dag.py took 0.151 seconds
[2026-09-03T10:51:18.657+0000] {processor.py:186} INFO - Started process (PID=937) to work on /opt/airflow/dags/sales_etl_dag.py
[2026-09-03T10:51:18.658+0000] {processor.py:914} INFO - Processing file /opt/airflow/dags/sales_etl_dag.py for tasks to queue
[2026-09-03T10:51:18.661+0000] {logging_mixin.py:190} INFO - [2026-09-03T10:51:18.660+0000] {dagbag.py:588} INFO - Filling up the DagBag from /opt/airflow/dags/sales_etl_dag.py
[2026-09-03T10:51:18.681+0000] {processor.py:925} INFO - DAG(s) 'etl_pipeline' retrieved from /opt/airflow/dags/sales_etl_dag.py
[2026-09-03T10:51:18.707+0000] {logging_mixin.py:190} INFO - [2026-09-03T10:51:18.706+0000] {dag.py:3239} INFO - Sync 1 DAGs
[2026-09-03T10:51:18.726+0000] {logging_mixin.py:190} INFO - [2026-09-03T10:51:18.725+0000] {dag.py:4180} INFO - Setting next_dagrun for etl_pipeline to 2026-09-03 00:00:00+00:00, run_after=2026-09-04 00:00:00+00:00
[2026-09-03T10:51:18.746+0000] {processor.py:208} INFO - Processing /opt/airflow/dags/sales_etl_dag.py took 0.098 seconds
[2026-09-03T10:51:48.876+0000] {processor.py:186} INFO - Started process (PID=942) to work on /opt/airflow/dags/sales_etl_dag.py
[2026-09-03T10:51:48.877+0000] {processor.py:914} INFO - Processing file /opt/airflow/dags/sales_etl_dag.py for tasks to queue
[2026-09-03T10:51:48.879+0000] {logging_mixin.py:190} INFO - [2026-09-03T10:51:48.879+0000] {dagbag.py:588} INFO - Filling up the DagBag from /opt/airflow/dags/sales_etl_dag.py
[2026-09-03T10:51:48.904+0000] {processor.py:925} INFO - DAG(s) 'etl_pipeline' retrieved from /opt/airflow/dags/sales_etl_dag.py
[2026-09-03T10:51:48.935+0000] {logging_mixin.py:190} INFO - [2026-09-03T10:51:48.935+0000] {dag.py:3239} INFO - Sync 1 DAGs
[2026-09-03T10:51:48.961+0000] {logging_mixin.py:190} INFO - [2026-09-03T10:51:48.960+0000] {dag.py:4180} INFO - Setting next_dagrun for etl_pipeline to 2026-09-03 00:00:00+00:00, run_after=2026-09-04 00:00:00+00:00
[2026-09-03T10:51:48.979+0000] {processor.py:208} INFO - Processing /opt/airflow/dags/sales_etl_dag.py took 0.109 seconds
[2026-09-03T10:52:19.356+0000] {processor.py:186} INFO - Started process (PID=947) to work on /opt/airflow/dags/sales_etl_dag.py
[2026-09-03T10:52:19.358+0000] {processor.py:914} INFO - Processing file /opt/airflow/dags/sales_etl_dag.py for tasks to queue
[2026-09-03T10:52:19.360+0000] {logging_mixin.py:190} INFO - [2026-09-03T10:52:19.360+0000] {dagbag.py:588} INFO - Filling up the DagBag from /opt/airflow/dags/sales_etl_dag.py
[2026-09-03T10:52:19.385+0000] {processor.py:925} INFO - DAG(s) 'etl_pipeline' retrieved from /opt/airflow/dags/sales_etl_dag.py
[2026-09-03T10:52:19.411+0000] {logging_mixin.py:190} INFO - [2026-09-03T10:52:19.411+0000] {dag.py:3239} INFO - Sync 1 DAGs
[2026-09-03T10:52:19.436+0000] {logging_mixin.py:190} INFO - [2026-09-03T10:52:19.436+0000] {dag.py:4180} INFO - Setting next_dagrun for etl_pipeline to 2026-09-03 00:00:00+00:00, run_after=2026-09-04 00:00:00+00:00
[2026-09-03T10:52:19.454+0000] {processor.py:208} INFO - Processing /opt/airflow/dags/sales_etl_dag.py took 0.104 seconds
[2026-09-03T10:52:49.702+0000] {processor.py:186} INFO - Started process (PID=952) to work on /opt/airflow/dags/sales_etl_dag.py
[2026-09-03T10:52:49.703+0000] {processor.py:914} INFO - Processing file /opt/airflow/dags/sales_etl_dag.py for tasks to queue
[2026-09-03T10:52:49.705+0000] {logging_mixin.py:190} INFO - [2026-09-03T10:52:49.705+0000] {dagbag.py:588} INFO - Filling up the DagBag from /opt/airflow/dags/sales_etl_dag.py
[2026-09-03T10:52:49.733+0000] {processor.py:925} INFO - DAG(s) 'etl_pipeline' retrieved from /opt/airflow/dags/sales_etl_dag.py
[2026-09-03T10:52:49.779+0000] {logging_mixin.py:190} INFO - [2026-09-03T10:52:49.779+0000] {dag.py:3239} INFO - Sync 1 DAGs
[2026-09-03T10:52:49.823+0000] {logging_mixin.py:190} INFO - [2026-09-03T10:52:49.823+0000] {dag.py:4180} INFO - Setting next_dagrun for etl_pipeline to 2026-09-03 00:00:00+00:00, run_after=2026-09-04 00:00:00+00:00
[2026-09-03T10:52:49.868+0000] {processor.py:208} INFO - Processing /opt/airflow/dags/sales_etl_dag.py took 0.171 seconds
[2026-09-03T10:53:20.202+0000] {processor.py:186} INFO - Started process (PID=957) to work on /opt/airflow/dags/sales_etl_dag.py
[2026-09-03T10:53:20.204+0000] {processor.py:914} INFO - Processing file /opt/airflow/dags/sales_etl_dag.py for tasks to queue
[2026-09-03T10:53:20.210+0000] {logging_mixin.py:190} INFO - [2026-09-03T10:53:20.209+0000] {dagbag.py:588} INFO - Filling up the DagBag from /opt/airflow/dags/sales_etl_dag.py
[2026-09-03T10:53:20.248+0000] {processor.py:925} INFO - DAG(s) 'etl_pipeline' retrieved from /opt/airflow/dags/sales_etl_dag.py
[2026-09-03T10:53:20.304+0000] {logging_mixin.py:190} INFO - [2026-09-03T10:53:20.303+0000] {dag.py:3239} INFO - Sync 1 DAGs
[2026-09-03T10:53:20.336+0000] {logging_mixin.py:190} INFO - [2026-09-03T10:53:20.336+0000] {dag.py:4180} INFO - Setting next_dagrun for etl_pipeline to 2026-09-03 00:00:00+00:00, run_after=2026-09-04 00:00:00+00:00
[2026-09-03T10:53:20.357+0000] {processor.py:208} INFO - Processing /opt/airflow/dags/sales_etl_dag.py took 0.164 seconds
[2026-09-03T10:53:50.572+0000] {processor.py:186} INFO - Started process (PID=962) to work on /opt/airflow/dags/sales_etl_dag.py
[2026-09-03T10:53:50.573+0000] {processor.py:914} INFO - Processing file /opt/airflow/dags/sales_etl_dag.py for tasks to queue
[2026-09-03T10:53:50.576+0000] {logging_mixin.py:190} INFO - [2026-09-03T10:53:50.575+0000] {dagbag.py:588} INFO - Filling up the DagBag from /opt/airflow/dags/sales_etl_dag.py
[2026-09-03T10:53:50.597+0000] {processor.py:925} INFO - DAG(s) 'etl_pipeline' retrieved from /opt/airflow/dags/sales_etl_dag.py
[2026-09-03T10:53:50.626+0000] {logging_mixin.py:190} INFO - [2026-09-03T10:53:50.626+0000] {dag.py:3239} INFO - Sync 1 DAGs
[2026-09-03T10:53:50.648+0000] {logging_mixin.py:190} INFO - [2026-09-03T10:53:50.648+0000] {dag.py:4180} INFO - Setting next_dagrun for etl_pipeline to 2026-09-03 00:00:00+00:00, run_after=2026-09-04 00:00:00+00:00
[2026-09-03T10:53:50.666+0000] {processor.py:208} INFO - Processing /opt/airflow/dags/sales_etl_dag.py took 0.100 seconds
[2026-09-03T10:54:20.959+0000] {processor.py:186} INFO - Started process (PID=967) to work on /opt/airflow/dags/sales_etl_dag.py
[2026-09-03T10:54:20.961+0000] {processor.py:914} INFO - Processing file /opt/airflow/dags/sales_etl_dag.py for tasks to queue
[2026-09-03T10:54:20.972+0000] {logging_mixin.py:190} INFO - [2026-09-03T10:54:20.972+0000] {dagbag.py:588} INFO - Filling up the DagBag from /opt/airflow/dags/sales_etl_dag.py
[2026-09-03T10:54:20.999+0000] {processor.py:925} INFO - DAG(s) 'etl_pipeline' retrieved from /opt/airflow/dags/sales_etl_dag.py
[2026-09-03T10:54:21.039+0000] {logging_mixin.py:190} INFO - [2026-09-03T10:54:21.039+0000] {dag.py:3239} INFO - Sync 1 DAGs
[2026-09-03T10:54:21.066+0000] {logging_mixin.py:190} INFO - [2026-09-03T10:54:21.065+0000] {dag.py:4180} INFO - Setting next_dagrun for etl_pipeline to 2026-09-03 00:00:00+00:00, run_after=2026-09-04 00:00:00+00:00
[2026-09-03T10:54:21.091+0000] {processor.py:208} INFO - Processing /opt/airflow/dags/sales_etl_dag.py took 0.141 seconds
[2026-09-03T10:54:51.413+0000] {processor.py:186} INFO - Started process (PID=972) to work on /opt/airflow/dags/sales_etl_dag.py
[2026-09-03T10:54:51.415+0000] {processor.py:914} INFO - Processing file /opt/airflow/dags/sales_etl_dag.py for tasks to queue
[2026-09-03T10:54:51.417+0000] {logging_mixin.py:190} INFO - [2026-09-03T10:54:51.417+0000] {dagbag.py:588} INFO - Filling up the DagBag from /opt/airflow/dags/sales_etl_dag.py
[2026-09-03T10:54:51.440+0000] {processor.py:925} INFO - DAG(s) 'etl_pipeline' retrieved from /opt/airflow/dags/sales_etl_dag.py
[2026-09-03T10:54:51.466+0000] {logging_mixin.py:190} INFO - [2026-09-03T10:54:51.466+0000] {dag.py:3239} INFO - Sync 1 DAGs
[2026-09-03T10:54:51.488+0000] {logging_mixin.py:190} INFO - [2026-09-03T10:54:51.487+0000] {dag.py:4180} INFO - Setting next_dagrun for etl_pipeline to 2026-09-03 00:00:00+00:00, run_after=2026-09-04 00:00:00+00:00
[2026-09-03T10:54:51.505+0000] {processor.py:208} INFO - Processing /opt/airflow/dags/sales_etl_dag.py took 0.098 seconds
[2026-09-03T10:55:21.844+0000] {processor.py:186} INFO - Started process (PID=977) to work on /opt/airflow/dags/sales_etl_dag.py
[2026-09-03T10:55:21.845+0000] {processor.py:914} INFO - Processing file /opt/airflow/dags/sales_etl_dag.py for tasks to queue
[2026-09-03T10:55:21.848+0000] {logging_mixin.py:190} INFO - [2026-09-03T10:55:21.847+0000] {dagbag.py:588} INFO - Filling up the DagBag from /opt/airflow/dags/sales_etl_dag.py
[2026-09-03T10:55:21.866+0000] {processor.py:925} INFO - DAG(s) 'etl_pipeline' retrieved from /opt/airflow/dags/sales_etl_dag.py
[2026-09-03T10:55:21.894+0000] {logging_mixin.py:190} INFO - [2026-09-03T10:55:21.894+0000] {dag.py:3239} INFO - Sync 1 DAGs
[2026-09-03T10:55:21.916+0000] {logging_mixin.py:190} INFO - [2026-09-03T10:55:21.916+0000] {dag.py:4180} INFO - Setting next_dagrun for etl_pipeline to 2026-09-03 00:00:00+00:00, run_after=2026-09-04 00:00:00+00:00
[2026-09-03T10:55:21.934+0000] {processor.py:208} INFO - Processing /opt/airflow/dags/sales_etl_dag.py took 0.095 seconds
[2026-09-03T10:55:52.260+0000] {processor.py:186} INFO - Started process (PID=982) to work on /opt/airflow/dags/sales_etl_dag.py
[2026-09-03T10:55:52.262+0000] {processor.py:914} INFO - Processing file /opt/airflow/dags/sales_etl_dag.py for tasks to queue
[2026-09-03T10:55:52.265+0000] {logging_mixin.py:190} INFO - [2026-09-03T10:55:52.265+0000] {dagbag.py:588} INFO - Filling up the DagBag from /opt/airflow/dags/sales_etl_dag.py
[2026-09-03T10:55:52.295+0000] {processor.py:925} INFO - DAG(s) 'etl_pipeline' retrieved from /opt/airflow/dags/sales_etl_dag.py
[2026-09-03T10:55:52.323+0000] {logging_mixin.py:190} INFO - [2026-09-03T10:55:52.323+0000] {dag.py:3239} INFO - Sync 1 DAGs
[2026-09-03T10:55:52.348+0000] {logging_mixin.py:190} INFO - [2026-09-03T10:55:52.348+0000] {dag.py:4180} INFO - Setting next_dagrun for etl_pipeline to 2026-09-03 00:00:00+00:00, run_after=2026-09-04 00:00:00+00:00
[2026-09-03T10:55:52.368+0000] {processor.py:208} INFO - Processing /opt/airflow/dags/sales_etl_dag.py took 0.116 seconds
[2026-09-03T10:56:22.671+0000] {processor.py:186} INFO - Started process (PID=987) to work on /opt/airflow/dags/sales_etl_dag.py
[2026-09-03T10:56:22.672+0000] {processor.py:914} INFO - Processing file /opt/airflow/dags/sales_etl_dag.py for tasks to queue
[2026-09-03T10:56:22.674+0000] {logging_mixin.py:190} INFO - [2026-09-03T10:56:22.674+0000] {dagbag.py:588} INFO - Filling up the DagBag from /opt/airflow/dags/sales_etl_dag.py
[2026-09-03T10:56:22.697+0000] {processor.py:925} INFO - DAG(s) 'etl_pipeline' retrieved from /opt/airflow/dags/sales_etl_dag.py
[2026-09-03T10:56:22.725+0000] {logging_mixin.py:190} INFO - [2026-09-03T10:56:22.725+0000] {dag.py:3239} INFO - Sync 1 DAGs
[2026-09-03T10:56:22.749+0000] {logging_mixin.py:190} INFO - [2026-09-03T10:56:22.749+0000] {dag.py:4180} INFO - Setting next_dagrun for etl_pipeline to 2026-09-03 00:00:00+00:00, run_after=2026-09-04 00:00:00+00:00
[2026-09-03T10:56:22.769+0000] {processor.py:208} INFO - Processing /opt/airflow/dags/sales_etl_dag.py took 0.104 seconds
[2026-09-03T10:56:53.002+0000] {processor.py:186} INFO - Started process (PID=992) to work on /opt/airflow/dags/sales_etl_dag.py
[2026-09-03T10:56:53.004+0000] {processor.py:914} INFO - Processing file /opt/airflow/dags/sales_etl_dag.py for tasks to queue
[2026-09-03T10:56:53.006+0000] {logging_mixin.py:190} INFO - [2026-09-03T10:56:53.006+0000] {dagbag.py:588} INFO - Filling up the DagBag from /opt/airflow/dags/sales_etl_dag.py
[2026-09-03T10:56:53.026+0000] {processor.py:925} INFO - DAG(s) 'etl_pipeline' retrieved from /opt/airflow/dags/sales_etl_dag.py
[2026-09-03T10:56:53.061+0000] {logging_mixin.py:190} INFO - [2026-09-03T10:56:53.061+0000] {dag.py:3239} INFO - Sync 1 DAGs
[2026-09-03T10:56:53.085+0000] {logging_mixin.py:190} INFO - [2026-09-03T10:56:53.085+0000] {dag.py:4180} INFO - Setting next_dagrun for etl_pipeline to 2026-09-03 00:00:00+00:00, run_after=2026-09-04 00:00:00+00:00
[2026-09-03T10:56:53.104+0000] {processor.py:208} INFO - Processing /opt/airflow/dags/sales_etl_dag.py took 0.107 seconds
[2026-09-03T10:57:23.510+0000] {processor.py:186} INFO - Started process (PID=997) to work on /opt/airflow/dags/sales_etl_dag.py
[2026-09-03T10:57:23.511+0000] {processor.py:914} INFO - Processing file /opt/airflow/dags/sales_etl_dag.py for tasks to queue
[2026-09-03T10:57:23.514+0000] {logging_mixin.py:190} INFO - [2026-09-03T10:57:23.514+0000] {dagbag.py:588} INFO - Filling up the DagBag from /opt/airflow/dags/sales_etl_dag.py
[2026-09-03T10:57:23.545+0000] {processor.py:925} INFO - DAG(s) 'etl_pipeline' retrieved from /opt/airflow/dags/sales_etl_dag.py
[2026-09-03T10:57:23.579+0000] {logging_mixin.py:190} INFO - [2026-09-03T10:57:23.579+0000] {dag.py:3239} INFO - Sync 1 DAGs
[2026-09-03T10:57:23.609+0000] {logging_mixin.py:190} INFO - [2026-09-03T10:57:23.609+0000] {dag.py:4180} INFO - Setting next_dagrun for etl_pipeline to 2026-09-03 00:00:00+00:00, run_after=2026-09-04 00:00:00+00:00
[2026-09-03T10:57:23.631+0000] {processor.py:208} INFO - Processing /opt/airflow/dags/sales_etl_dag.py took 0.127 seconds
[2026-09-03T10:57:53.891+0000] {processor.py:186} INFO - Started process (PID=1002) to work on /opt/airflow/dags/sales_etl_dag.py
[2026-09-03T10:57:53.892+0000] {processor.py:914} INFO - Processing file /opt/airflow/dags/sales_etl_dag.py for tasks to queue
[2026-09-03T10:57:53.895+0000] {logging_mixin.py:190} INFO - [2026-09-03T10:57:53.895+0000] {dagbag.py:588} INFO - Filling up the DagBag from /opt/airflow/dags/sales_etl_dag.py
[2026-09-03T10:57:53.916+0000] {processor.py:925} INFO - DAG(s) 'etl_pipeline' retrieved from /opt/airflow/dags/sales_etl_dag.py
[2026-09-03T10:57:53.946+0000] {logging_mixin.py:190} INFO - [2026-09-03T10:57:53.946+0000] {dag.py:3239} INFO - Sync 1 DAGs
[2026-09-03T10:57:53.969+0000] {logging_mixin.py:190} INFO - [2026-09-03T10:57:53.968+0000] {dag.py:4180} INFO - Setting next_dagrun for etl_pipeline to 2026-09-03 00:00:00+00:00, run_after=2026-09-04 00:00:00+00:00
[2026-09-03T10:57:53.986+0000] {processor.py:208} INFO - Processing /opt/airflow/dags/sales_etl_dag.py took 0.101 seconds
[2026-09-03T10:58:24.305+0000] {processor.py:186} INFO - Started process (PID=1007) to work on /opt/airflow/dags/sales_etl_dag.py
[2026-09-03T10:58:24.306+0000] {processor.py:914} INFO - Processing file /opt/airflow/dags/sales_etl_dag.py for tasks to queue
[2026-09-03T10:58:24.309+0000] {logging_mixin.py:190} INFO - [2026-09-03T10:58:24.308+0000] {dagbag.py:588} INFO - Filling up the DagBag from /opt/airflow/dags/sales_etl_dag.py
[2026-09-03T10:58:24.338+0000] {processor.py:925} INFO - DAG(s) 'etl_pipeline' retrieved from /opt/airflow/dags/sales_etl_dag.py
[2026-09-03T10:58:24.370+0000] {logging_mixin.py:190} INFO - [2026-09-03T10:58:24.369+0000] {dag.py:3239} INFO - Sync 1 DAGs
[2026-09-03T10:58:24.398+0000] {logging_mixin.py:190} INFO - [2026-09-03T10:58:24.398+0000] {dag.py:4180} INFO - Setting next_dagrun for etl_pipeline to 2026-09-03 00:00:00+00:00, run_after=2026-09-04 00:00:00+00:00
[2026-09-03T10:58:24.422+0000] {processor.py:208} INFO - Processing /opt/airflow/dags/sales_etl_dag.py took 0.123 seconds
[2026-09-03T10:58:54.659+0000] {processor.py:186} INFO - Started process (PID=1012) to work on /opt/airflow/dags/sales_etl_dag.py
[2026-09-03T10:58:54.661+0000] {processor.py:914} INFO - Processing file /opt/airflow/dags/sales_etl_dag.py for tasks to queue
[2026-09-03T10:58:54.665+0000] {logging_mixin.py:190} INFO - [2026-09-03T10:58:54.664+0000] {dagbag.py:588} INFO - Filling up the DagBag from /opt/airflow/dags/sales_etl_dag.py
[2026-09-03T10:58:54.691+0000] {processor.py:925} INFO - DAG(s) 'etl_pipeline' retrieved from /opt/airflow/dags/sales_etl_dag.py
[2026-09-03T10:58:54.728+0000] {logging_mixin.py:190} INFO - [2026-09-03T10:58:54.728+0000] {dag.py:3239} INFO - Sync 1 DAGs
[2026-09-03T10:58:54.762+0000] {logging_mixin.py:190} INFO - [2026-09-03T10:58:54.761+0000] {dag.py:4180} INFO - Setting next_dagrun for etl_pipeline to 2026-09-03 00:00:00+00:00, run_after=2026-09-04 00:00:00+00:00
[2026-09-03T10:58:54.785+0000] {processor.py:208} INFO - Processing /opt/airflow/dags/sales_etl_dag.py took 0.134 seconds
[2026-09-03T10:59:25.044+0000] {processor.py:186} INFO - Started process (PID=1017) to work on /opt/airflow/dags/sales_etl_dag.py
[2026-09-03T10:59:25.045+0000] {processor.py:914} INFO - Processing file /opt/airflow/dags/sales_etl_dag.py for tasks to queue
[2026-09-03T10:59:25.048+0000] {logging_mixin.py:190} INFO - [2026-09-03T10:59:25.048+0000] {dagbag.py:588} INFO - Filling up the DagBag from /opt/airflow/dags/sales_etl_dag.py
[2026-09-03T10:59:25.077+0000] {processor.py:925} INFO - DAG(s) 'etl_pipeline' retrieved from /opt/airflow/dags/sales_etl_dag.py
[2026-09-03T10:59:25.109+0000] {logging_mixin.py:190} INFO - [2026-09-03T10:59:25.109+0000] {dag.py:3239} INFO - Sync 1 DAGs
[2026-09-03T10:59:25.134+0000] {logging_mixin.py:190} INFO - [2026-09-03T10:59:25.134+0000] {dag.py:4180} INFO - Setting next_dagrun for etl_pipeline to 2026-09-03 00:00:00+00:00, run_after=2026-09-04 00:00:00+00:00
[2026-09-03T10:59:25.154+0000] {processor.py:208} INFO - Processing /opt/airflow/dags/sales_etl_dag.py took 0.115 seconds
[2026-09-03T10:59:55.471+0000] {processor.py:186} INFO - Started process (PID=1022) to work on /opt/airflow/dags/sales_etl_dag.py
[2026-09-03T10:59:55.472+0000] {processor.py:914} INFO - Processing file /opt/airflow/dags/sales_etl_dag.py for tasks to queue
[2026-09-03T10:59:55.474+0000] {logging_mixin.py:190} INFO - [2026-09-03T10:59:55.474+0000] {dagbag.py:588} INFO - Filling up the DagBag from /opt/airflow/dags/sales_etl_dag.py
[2026-09-03T10:59:55.497+0000] {processor.py:925} INFO - DAG(s) 'etl_pipeline' retrieved from /opt/airflow/dags/sales_etl_dag.py
[2026-09-03T10:59:55.536+0000] {logging_mixin.py:190} INFO - [2026-09-03T10:59:55.535+0000] {dag.py:3239} INFO - Sync 1 DAGs
[2026-09-03T10:59:55.558+0000] {logging_mixin.py:190} INFO - [2026-09-03T10:59:55.558+0000] {dag.py:4180} INFO - Setting next_dagrun for etl_pipeline to 2026-09-03 00:00:00+00:00, run_after=2026-09-04 00:00:00+00:00
[2026-09-03T10:59:55.578+0000] {processor.py:208} INFO - Processing /opt/airflow/dags/sales_etl_dag.py took 0.113 seconds
[2026-09-03T11:00:25.924+0000] {processor.py:186} INFO - Started process (PID=1027) to work on /opt/airflow/dags/sales_etl_dag.py
[2026-09-03T11:00:25.926+0000] {processor.py:914} INFO - Processing file /opt/airflow/dags/sales_etl_dag.py for tasks to queue
[2026-09-03T11:00:25.929+0000] {logging_mixin.py:190} INFO - [2026-09-03T11:00:25.929+0000] {dagbag.py:588} INFO - Filling up the DagBag from /opt/airflow/dags/sales_etl_dag.py
[2026-09-03T11:00:25.954+0000] {processor.py:925} INFO - DAG(s) 'etl_pipeline' retrieved from /opt/airflow/dags/sales_etl_dag.py
[2026-09-03T11:00:25.983+0000] {logging_mixin.py:190} INFO - [2026-09-03T11:00:25.982+0000] {dag.py:3239} INFO - Sync 1 DAGs
[2026-09-03T11:00:26.009+0000] {logging_mixin.py:190} INFO - [2026-09-03T11:00:26.009+0000] {dag.py:4180} INFO - Setting next_dagrun for etl_pipeline to 2026-09-03 00:00:00+00:00, run_after=2026-09-04 00:00:00+00:00
[2026-09-03T11:00:26.035+0000] {processor.py:208} INFO - Processing /opt/airflow/dags/sales_etl_dag.py took 0.116 seconds
[2026-09-03T11:00:56.281+0000] {processor.py:186} INFO - Started process (PID=1032) to work on /opt/airflow/dags/sales_etl_dag.py
[2026-09-03T11:00:56.283+0000] {processor.py:914} INFO - Processing file /opt/airflow/dags/sales_etl_dag.py for tasks to queue
[2026-09-03T11:00:56.288+0000] {logging_mixin.py:190} INFO - [2026-09-03T11:00:56.287+0000] {dagbag.py:588} INFO - Filling up the DagBag from /opt/airflow/dags/sales_etl_dag.py
[2026-09-03T11:00:56.324+0000] {processor.py:925} INFO - DAG(s) 'etl_pipeline' retrieved from /opt/airflow/dags/sales_etl_dag.py
[2026-09-03T11:00:56.367+0000] {logging_mixin.py:190} INFO - [2026-09-03T11:00:56.367+0000] {dag.py:3239} INFO - Sync 1 DAGs
[2026-09-03T11:00:56.391+0000] {logging_mixin.py:190} INFO - [2026-09-03T11:00:56.391+0000] {dag.py:4180} INFO - Setting next_dagrun for etl_pipeline to 2026-09-03 00:00:00+00:00, run_after=2026-09-04 00:00:00+00:00
[2026-09-03T11:00:56.414+0000] {processor.py:208} INFO - Processing /opt/airflow/dags/sales_etl_dag.py took 0.140 seconds
[2026-09-03T11:01:26.739+0000] {processor.py:186} INFO - Started process (PID=1037) to work on /opt/airflow/dags/sales_etl_dag.py
[2026-09-03T11:01:26.740+0000] {processor.py:914} INFO - Processing file /opt/airflow/dags/sales_etl_dag.py for tasks to queue
[2026-09-03T11:01:26.743+0000] {logging_mixin.py:190} INFO - [2026-09-03T11:01:26.743+0000] {dagbag.py:588} INFO - Filling up the DagBag from /opt/airflow/dags/sales_etl_dag.py
[2026-09-03T11:01:26.769+0000] {processor.py:925} INFO - DAG(s) 'etl_pipeline' retrieved from /opt/airflow/dags/sales_etl_dag.py
[2026-09-03T11:01:26.797+0000] {logging_mixin.py:190} INFO - [2026-09-03T11:01:26.797+0000] {dag.py:3239} INFO - Sync 1 DAGs
[2026-09-03T11:01:26.821+0000] {logging_mixin.py:190} INFO - [2026-09-03T11:01:26.821+0000] {dag.py:4180} INFO - Setting next_dagrun for etl_pipeline to 2026-09-03 00:00:00+00:00, run_after=2026-09-04 00:00:00+00:00
[2026-09-03T11:01:26.839+0000] {processor.py:208} INFO - Processing /opt/airflow/dags/sales_etl_dag.py took 0.105 seconds
[2026-09-03T11:01:57.095+0000] {processor.py:186} INFO - Started process (PID=1042) to work on /opt/airflow/dags/sales_etl_dag.py
[2026-09-03T11:01:57.097+0000] {processor.py:914} INFO - Processing file /opt/airflow/dags/sales_etl_dag.py for tasks to queue
[2026-09-03T11:01:57.099+0000] {logging_mixin.py:190} INFO - [2026-09-03T11:01:57.099+0000] {dagbag.py:588} INFO - Filling up the DagBag from /opt/airflow/dags/sales_etl_dag.py
[2026-09-03T11:01:57.130+0000] {processor.py:925} INFO - DAG(s) 'etl_pipeline' retrieved from /opt/airflow/dags/sales_etl_dag.py
[2026-09-03T11:01:57.165+0000] {logging_mixin.py:190} INFO - [2026-09-03T11:01:57.165+0000] {dag.py:3239} INFO - Sync 1 DAGs
[2026-09-03T11:01:57.191+0000] {logging_mixin.py:190} INFO - [2026-09-03T11:01:57.191+0000] {dag.py:4180} INFO - Setting next_dagrun for etl_pipeline to 2026-09-03 00:00:00+00:00, run_after=2026-09-04 00:00:00+00:00
[2026-09-03T11:01:57.213+0000] {processor.py:208} INFO - Processing /opt/airflow/dags/sales_etl_dag.py took 0.123 seconds
[2026-09-03T11:02:27.457+0000] {processor.py:186} INFO - Started process (PID=1047) to work on /opt/airflow/dags/sales_etl_dag.py
[2026-09-03T11:02:27.458+0000] {processor.py:914} INFO - Processing file /opt/airflow/dags/sales_etl_dag.py for tasks to queue
[2026-09-03T11:02:27.460+0000] {logging_mixin.py:190} INFO - [2026-09-03T11:02:27.460+0000] {dagbag.py:588} INFO - Filling up the DagBag from /opt/airflow/dags/sales_etl_dag.py
[2026-09-03T11:02:27.486+0000] {processor.py:925} INFO - DAG(s) 'etl_pipeline' retrieved from /opt/airflow/dags/sales_etl_dag.py
[2026-09-03T11:02:27.516+0000] {logging_mixin.py:190} INFO - [2026-09-03T11:02:27.516+0000] {dag.py:3239} INFO - Sync 1 DAGs
[2026-09-03T11:02:27.539+0000] {logging_mixin.py:190} INFO - [2026-09-03T11:02:27.539+0000] {dag.py:4180} INFO - Setting next_dagrun for etl_pipeline to 2026-09-03 00:00:00+00:00, run_after=2026-09-04 00:00:00+00:00
[2026-09-03T11:02:27.561+0000] {processor.py:208} INFO - Processing /opt/airflow/dags/sales_etl_dag.py took 0.109 seconds
[2026-09-03T11:02:57.841+0000] {processor.py:186} INFO - Started process (PID=1052) to work on /opt/airflow/dags/sales_etl_dag.py
[2026-09-03T11:02:57.843+0000] {processor.py:914} INFO - Processing file /opt/airflow/dags/sales_etl_dag.py for tasks to queue
[2026-09-03T11:02:57.847+0000] {logging_mixin.py:190} INFO - [2026-09-03T11:02:57.846+0000] {dagbag.py:588} INFO - Filling up the DagBag from /opt/airflow/dags/sales_etl_dag.py
[2026-09-03T11:02:57.869+0000] {processor.py:925} INFO - DAG(s) 'etl_pipeline' retrieved from /opt/airflow/dags/sales_etl_dag.py
[2026-09-03T11:02:57.908+0000] {logging_mixin.py:190} INFO - [2026-09-03T11:02:57.907+0000] {dag.py:3239} INFO - Sync 1 DAGs
[2026-09-03T11:02:57.935+0000] {logging_mixin.py:190} INFO - [2026-09-03T11:02:57.935+0000] {dag.py:4180} INFO - Setting next_dagrun for etl_pipeline to 2026-09-03 00:00:00+00:00, run_after=2026-09-04 00:00:00+00:00
[2026-09-03T11:02:57.955+0000] {processor.py:208} INFO - Processing /opt/airflow/dags/sales_etl_dag.py took 0.120 seconds
[2026-09-03T11:03:28.219+0000] {processor.py:186} INFO - Started process (PID=1057) to work on /opt/airflow/dags/sales_etl_dag.py
[2026-09-03T11:03:28.220+0000] {processor.py:914} INFO - Processing file /opt/airflow/dags/sales_etl_dag.py for tasks to queue
[2026-09-03T11:03:28.222+0000] {logging_mixin.py:190} INFO - [2026-09-03T11:03:28.222+0000] {dagbag.py:588} INFO - Filling up the DagBag from /opt/airflow/dags/sales_etl_dag.py
[2026-09-03T11:03:28.242+0000] {processor.py:925} INFO - DAG(s) 'etl_pipeline' retrieved from /opt/airflow/dags/sales_etl_dag.py
[2026-09-03T11:03:28.271+0000] {logging_mixin.py:190} INFO - [2026-09-03T11:03:28.271+0000] {dag.py:3239} INFO - Sync 1 DAGs
[2026-09-03T11:03:28.297+0000] {logging_mixin.py:190} INFO - [2026-09-03T11:03:28.297+0000] {dag.py:4180} INFO - Setting next_dagrun for etl_pipeline to 2026-09-03 00:00:00+00:00, run_after=2026-09-04 00:00:00+00:00
[2026-09-03T11:03:28.319+0000] {processor.py:208} INFO - Processing /opt/airflow/dags/sales_etl_dag.py took 0.106 seconds
[2026-09-03T11:03:58.678+0000] {processor.py:186} INFO - Started process (PID=1062) to work on /opt/airflow/dags/sales_etl_dag.py
[2026-09-03T11:03:58.679+0000] {processor.py:914} INFO - Processing file /opt/airflow/dags/sales_etl_dag.py for tasks to queue
[2026-09-03T11:03:58.682+0000] {logging_mixin.py:190} INFO - [2026-09-03T11:03:58.682+0000] {dagbag.py:588} INFO - Filling up the DagBag from /opt/airflow/dags/sales_etl_dag.py
[2026-09-03T11:03:58.712+0000] {processor.py:925} INFO - DAG(s) 'etl_pipeline' retrieved from /opt/airflow/dags/sales_etl_dag.py
[2026-09-03T11:03:58.739+0000] {logging_mixin.py:190} INFO - [2026-09-03T11:03:58.739+0000] {dag.py:3239} INFO - Sync 1 DAGs
[2026-09-03T11:03:58.764+0000] {logging_mixin.py:190} INFO - [2026-09-03T11:03:58.764+0000] {dag.py:4180} INFO - Setting next_dagrun for etl_pipeline to 2026-09-03 00:00:00+00:00, run_after=2026-09-04 00:00:00+00:00
[2026-09-03T11:03:58.784+0000] {processor.py:208} INFO - Processing /opt/airflow/dags/sales_etl_dag.py took 0.112 seconds
[2026-09-03T11:04:29.035+0000] {processor.py:186} INFO - Started process (PID=1067) to work on /opt/airflow/dags/sales_etl_dag.py
[2026-09-03T11:04:29.036+0000] {processor.py:914} INFO - Processing file /opt/airflow/dags/sales_etl_dag.py for tasks to queue
[2026-09-03T11:04:29.039+0000] {logging_mixin.py:190} INFO - [2026-09-03T11:04:29.038+0000] {dagbag.py:588} INFO - Filling up the DagBag from /opt/airflow/dags/sales_etl_dag.py
[2026-09-03T11:04:29.066+0000] {processor.py:925} INFO - DAG(s) 'etl_pipeline' retrieved from /opt/airflow/dags/sales_etl_dag.py
[2026-09-03T11:04:29.097+0000] {logging_mixin.py:190} INFO - [2026-09-03T11:04:29.097+0000] {dag.py:3239} INFO - Sync 1 DAGs
[2026-09-03T11:04:29.130+0000] {logging_mixin.py:190} INFO - [2026-09-03T11:04:29.129+0000] {dag.py:4180} INFO - Setting next_dagrun for etl_pipeline to 2026-09-03 00:00:00+00:00, run_after=2026-09-04 00:00:00+00:00
[2026-09-03T11:04:29.161+0000] {processor.py:208} INFO - Processing /opt/airflow/dags/sales_etl_dag.py took 0.131 seconds
[2026-09-03T11:04:59.418+0000] {processor.py:186} INFO - Started process (PID=1072) to work on /opt/airflow/dags/sales_etl_dag.py
[2026-09-03T11:04:59.419+0000] {processor.py:914} INFO - Processing file /opt/airflow/dags/sales_etl_dag.py for tasks to queue
[2026-09-03T11:04:59.423+0000] {logging_mixin.py:190} INFO - [2026-09-03T11:04:59.422+0000] {dagbag.py:588} INFO - Filling up the DagBag from /opt/airflow/dags/sales_etl_dag.py
[2026-09-03T11:04:59.445+0000] {processor.py:925} INFO - DAG(s) 'etl_pipeline' retrieved from /opt/airflow/dags/sales_etl_dag.py
[2026-09-03T11:04:59.474+0000] {logging_mixin.py:190} INFO - [2026-09-03T11:04:59.474+0000] {dag.py:3239} INFO - Sync 1 DAGs
[2026-09-03T11:04:59.497+0000] {logging_mixin.py:190} INFO - [2026-09-03T11:04:59.496+0000] {dag.py:4180} INFO - Setting next_dagrun for etl_pipeline to 2026-09-03 00:00:00+00:00, run_after=2026-09-04 00:00:00+00:00
[2026-09-03T11:04:59.514+0000] {processor.py:208} INFO - Processing /opt/airflow/dags/sales_etl_dag.py took 0.103 seconds
[2026-09-03T11:05:29.838+0000] {processor.py:186} INFO - Started process (PID=1077) to work on /opt/airflow/dags/sales_etl_dag.py
[2026-09-03T11:05:29.840+0000] {processor.py:914} INFO - Processing file /opt/airflow/dags/sales_etl_dag.py for tasks to queue
[2026-09-03T11:05:29.843+0000] {logging_mixin.py:190} INFO - [2026-09-03T11:05:29.843+0000] {dagbag.py:588} INFO - Filling up the DagBag from /opt/airflow/dags/sales_etl_dag.py
[2026-09-03T11:05:29.872+0000] {processor.py:925} INFO - DAG(s) 'etl_pipeline' retrieved from /opt/airflow/dags/sales_etl_dag.py
[2026-09-03T11:05:29.903+0000] {logging_mixin.py:190} INFO - [2026-09-03T11:05:29.903+0000] {dag.py:3239} INFO - Sync 1 DAGs
[2026-09-03T11:05:29.927+0000] {logging_mixin.py:190} INFO - [2026-09-03T11:05:29.927+0000] {dag.py:4180} INFO - Setting next_dagrun for etl_pipeline to 2026-09-03 00:00:00+00:00, run_after=2026-09-04 00:00:00+00:00
[2026-09-03T11:05:29.948+0000] {processor.py:208} INFO - Processing /opt/airflow/dags/sales_etl_dag.py took 0.117 seconds
[2026-09-03T11:06:00.123+0000] {processor.py:186} INFO - Started process (PID=1082) to work on /opt/airflow/dags/sales_etl_dag.py
[2026-09-03T11:06:00.124+0000] {processor.py:914} INFO - Processing file /opt/airflow/dags/sales_etl_dag.py for tasks to queue
[2026-09-03T11:06:00.126+0000] {logging_mixin.py:190} INFO - [2026-09-03T11:06:00.126+0000] {dagbag.py:588} INFO - Filling up the DagBag from /opt/airflow/dags/sales_etl_dag.py
[2026-09-03T11:06:00.154+0000] {processor.py:925} INFO - DAG(s) 'etl_pipeline' retrieved from /opt/airflow/dags/sales_etl_dag.py
[2026-09-03T11:06:00.191+0000] {logging_mixin.py:190} INFO - [2026-09-03T11:06:00.190+0000] {dag.py:3239} INFO - Sync 1 DAGs
[2026-09-03T11:06:00.223+0000] {logging_mixin.py:190} INFO - [2026-09-03T11:06:00.223+0000] {dag.py:4180} INFO - Setting next_dagrun for etl_pipeline to 2026-09-03 00:00:00+00:00, run_after=2026-09-04 00:00:00+00:00
[2026-09-03T11:06:00.257+0000] {processor.py:208} INFO - Processing /opt/airflow/dags/sales_etl_dag.py took 0.142 seconds
[2026-09-03T11:06:30.639+0000] {processor.py:186} INFO - Started process (PID=1087) to work on /opt/airflow/dags/sales_etl_dag.py
[2026-09-03T11:06:30.642+0000] {processor.py:914} INFO - Processing file /opt/airflow/dags/sales_etl_dag.py for tasks to queue
[2026-09-03T11:06:30.647+0000] {logging_mixin.py:190} INFO - [2026-09-03T11:06:30.646+0000] {dagbag.py:588} INFO - Filling up the DagBag from /opt/airflow/dags/sales_etl_dag.py
[2026-09-03T11:06:30.683+0000] {processor.py:925} INFO - DAG(s) 'etl_pipeline' retrieved from /opt/airflow/dags/sales_etl_dag.py
[2026-09-03T11:06:30.715+0000] {logging_mixin.py:190} INFO - [2026-09-03T11:06:30.715+0000] {dag.py:3239} INFO - Sync 1 DAGs
[2026-09-03T11:06:30.748+0000] {logging_mixin.py:190} INFO - [2026-09-03T11:06:30.748+0000] {dag.py:4180} INFO - Setting next_dagrun for etl_pipeline to 2026-09-03 00:00:00+00:00, run_after=2026-09-04 00:00:00+00:00
[2026-09-03T11:06:30.776+0000] {processor.py:208} INFO - Processing /opt/airflow/dags/sales_etl_dag.py took 0.149 seconds
[2026-09-03T11:07:00.942+0000] {processor.py:186} INFO - Started process (PID=1092) to work on /opt/airflow/dags/sales_etl_dag.py
[2026-09-03T11:07:00.944+0000] {processor.py:914} INFO - Processing file /opt/airflow/dags/sales_etl_dag.py for tasks to queue
[2026-09-03T11:07:00.947+0000] {logging_mixin.py:190} INFO - [2026-09-03T11:07:00.946+0000] {dagbag.py:588} INFO - Filling up the DagBag from /opt/airflow/dags/sales_etl_dag.py
[2026-09-03T11:07:00.972+0000] {processor.py:925} INFO - DAG(s) 'etl_pipeline' retrieved from /opt/airflow/dags/sales_etl_dag.py
[2026-09-03T11:07:01.004+0000] {logging_mixin.py:190} INFO - [2026-09-03T11:07:01.004+0000] {dag.py:3239} INFO - Sync 1 DAGs
[2026-09-03T11:07:01.028+0000] {logging_mixin.py:190} INFO - [2026-09-03T11:07:01.028+0000] {dag.py:4180} INFO - Setting next_dagrun for etl_pipeline to 2026-09-03 00:00:00+00:00, run_after=2026-09-04 00:00:00+00:00
[2026-09-03T11:07:01.049+0000] {processor.py:208} INFO - Processing /opt/airflow/dags/sales_etl_dag.py took 0.114 seconds
[2026-09-03T11:07:31.303+0000] {processor.py:186} INFO - Started process (PID=1097) to work on /opt/airflow/dags/sales_etl_dag.py
[2026-09-03T11:07:31.304+0000] {processor.py:914} INFO - Processing file /opt/airflow/dags/sales_etl_dag.py for tasks to queue
[2026-09-03T11:07:31.307+0000] {logging_mixin.py:190} INFO - [2026-09-03T11:07:31.306+0000] {dagbag.py:588} INFO - Filling up the DagBag from /opt/airflow/dags/sales_etl_dag.py
[2026-09-03T11:07:31.333+0000] {processor.py:925} INFO - DAG(s) 'etl_pipeline' retrieved from /opt/airflow/dags/sales_etl_dag.py
[2026-09-03T11:07:31.364+0000] {logging_mixin.py:190} INFO - [2026-09-03T11:07:31.363+0000] {dag.py:3239} INFO - Sync 1 DAGs
[2026-09-03T11:07:31.390+0000] {logging_mixin.py:190} INFO - [2026-09-03T11:07:31.390+0000] {dag.py:4180} INFO - Setting next_dagrun for etl_pipeline to 2026-09-03 00:00:00+00:00, run_after=2026-09-04 00:00:00+00:00
[2026-09-03T11:07:31.408+0000] {processor.py:208} INFO - Processing /opt/airflow/dags/sales_etl_dag.py took 0.112 seconds
[2026-09-03T11:08:01.733+0000] {processor.py:186} INFO - Started process (PID=1102) to work on /opt/airflow/dags/sales_etl_dag.py
[2026-09-03T11:08:01.734+0000] {processor.py:914} INFO - Processing file /opt/airflow/dags/sales_etl_dag.py for tasks to queue
[2026-09-03T11:08:01.737+0000] {logging_mixin.py:190} INFO - [2026-09-03T11:08:01.737+0000] {dagbag.py:588} INFO - Filling up the DagBag from /opt/airflow/dags/sales_etl_dag.py
[2026-09-03T11:08:01.768+0000] {processor.py:925} INFO - DAG(s) 'etl_pipeline' retrieved from /opt/airflow/dags/sales_etl_dag.py
[2026-09-03T11:08:01.804+0000] {logging_mixin.py:190} INFO - [2026-09-03T11:08:01.803+0000] {dag.py:3239} INFO - Sync 1 DAGs
[2026-09-03T11:08:01.834+0000] {logging_mixin.py:190} INFO - [2026-09-03T11:08:01.834+0000] {dag.py:4180} INFO - Setting next_dagrun for etl_pipeline to 2026-09-03 00:00:00+00:00, run_after=2026-09-04 00:00:00+00:00
[2026-09-03T11:08:01.858+0000] {processor.py:208} INFO - Processing /opt/airflow/dags/sales_etl_dag.py took 0.132 seconds
[2026-09-03T11:08:32.054+0000] {processor.py:186} INFO - Started process (PID=1107) to work on /opt/airflow/dags/sales_etl_dag.py
[2026-09-03T11:08:32.055+0000] {processor.py:914} INFO - Processing file /opt/airflow/dags/sales_etl_dag.py for tasks to queue
[2026-09-03T11:08:32.057+0000] {logging_mixin.py:190} INFO - [2026-09-03T11:08:32.057+0000] {dagbag.py:588} INFO - Filling up the DagBag from /opt/airflow/dags/sales_etl_dag.py
[2026-09-03T11:08:32.083+0000] {processor.py:925} INFO - DAG(s) 'etl_pipeline' retrieved from /opt/airflow/dags/sales_etl_dag.py
[2026-09-03T11:08:32.111+0000] {logging_mixin.py:190} INFO - [2026-09-03T11:08:32.111+0000] {dag.py:3239} INFO - Sync 1 DAGs
[2026-09-03T11:08:32.135+0000] {logging_mixin.py:190} INFO - [2026-09-03T11:08:32.135+0000] {dag.py:4180} INFO - Setting next_dagrun for etl_pipeline to 2026-09-03 00:00:00+00:00, run_after=2026-09-04 00:00:00+00:00
[2026-09-03T11:08:32.157+0000] {processor.py:208} INFO - Processing /opt/airflow/dags/sales_etl_dag.py took 0.111 seconds
[2026-09-03T11:09:02.490+0000] {processor.py:186} INFO - Started process (PID=1112) to work on /opt/airflow/dags/sales_etl_dag.py
[2026-09-03T11:09:02.492+0000] {processor.py:914} INFO - Processing file /opt/airflow/dags/sales_etl_dag.py for tasks to queue
[2026-09-03T11:09:02.495+0000] {logging_mixin.py:190} INFO - [2026-09-03T11:09:02.495+0000] {dagbag.py:588} INFO - Filling up the DagBag from /opt/airflow/dags/sales_etl_dag.py
[2026-09-03T11:09:02.521+0000] {processor.py:925} INFO - DAG(s) 'etl_pipeline' retrieved from /opt/airflow/dags/sales_etl_dag.py
[2026-09-03T11:09:02.561+0000] {logging_mixin.py:190} INFO - [2026-09-03T11:09:02.561+0000] {dag.py:3239} INFO - Sync 1 DAGs
[2026-09-03T11:09:02.588+0000] {logging_mixin.py:190} INFO - [2026-09-03T11:09:02.588+0000] {dag.py:4180} INFO - Setting next_dagrun for etl_pipeline to 2026-09-03 00:00:00+00:00, run_after=2026-09-04 00:00:00+00:00
[2026-09-03T11:09:02.606+0000] {processor.py:208} INFO - Processing /opt/airflow/dags/sales_etl_dag.py took 0.121 seconds
[2026-09-03T11:09:32.878+0000] {processor.py:186} INFO - Started process (PID=1117) to work on /opt/airflow/dags/sales_etl_dag.py
[2026-09-03T11:09:32.879+0000] {processor.py:914} INFO - Processing file /opt/airflow/dags/sales_etl_dag.py for tasks to queue
[2026-09-03T11:09:32.882+0000] {logging_mixin.py:190} INFO - [2026-09-03T11:09:32.882+0000] {dagbag.py:588} INFO - Filling up the DagBag from /opt/airflow/dags/sales_etl_dag.py
[2026-09-03T11:09:32.907+0000] {processor.py:925} INFO - DAG(s) 'etl_pipeline' retrieved from /opt/airflow/dags/sales_etl_dag.py
[2026-09-03T11:09:32.940+0000] {logging_mixin.py:190} INFO - [2026-09-03T11:09:32.940+0000] {dag.py:3239} INFO - Sync 1 DAGs
[2026-09-03T11:09:32.965+0000] {logging_mixin.py:190} INFO - [2026-09-03T11:09:32.965+0000] {dag.py:4180} INFO - Setting next_dagrun for etl_pipeline to 2026-09-03 00:00:00+00:00, run_after=2026-09-04 00:00:00+00:00
[2026-09-03T11:09:32.983+0000] {processor.py:208} INFO - Processing /opt/airflow/dags/sales_etl_dag.py took 0.111 seconds
[2026-09-03T11:10:03.286+0000] {processor.py:186} INFO - Started process (PID=1122) to work on /opt/airflow/dags/sales_etl_dag.py
[2026-09-03T11:10:03.287+0000] {processor.py:914} INFO - Processing file /opt/airflow/dags/sales_etl_dag.py for tasks to queue
[2026-09-03T11:10:03.291+0000] {logging_mixin.py:190} INFO - [2026-09-03T11:10:03.290+0000] {dagbag.py:588} INFO - Filling up the DagBag from /opt/airflow/dags/sales_etl_dag.py
[2026-09-03T11:10:03.311+0000] {processor.py:925} INFO - DAG(s) 'etl_pipeline' retrieved from /opt/airflow/dags/sales_etl_dag.py
[2026-09-03T11:10:03.339+0000] {logging_mixin.py:190} INFO - [2026-09-03T11:10:03.339+0000] {dag.py:3239} INFO - Sync 1 DAGs
[2026-09-03T11:10:03.366+0000] {logging_mixin.py:190} INFO - [2026-09-03T11:10:03.366+0000] {dag.py:4180} INFO - Setting next_dagrun for etl_pipeline to 2026-09-03 00:00:00+00:00, run_after=2026-09-04 00:00:00+00:00
[2026-09-03T11:10:03.384+0000] {processor.py:208} INFO - Processing /opt/airflow/dags/sales_etl_dag.py took 0.103 seconds
[2026-09-03T11:10:33.704+0000] {processor.py:186} INFO - Started process (PID=1127) to work on /opt/airflow/dags/sales_etl_dag.py
[2026-09-03T11:10:33.706+0000] {processor.py:914} INFO - Processing file /opt/airflow/dags/sales_etl_dag.py for tasks to queue
[2026-09-03T11:10:33.710+0000] {logging_mixin.py:190} INFO - [2026-09-03T11:10:33.710+0000] {dagbag.py:588} INFO - Filling up the DagBag from /opt/airflow/dags/sales_etl_dag.py
[2026-09-03T11:10:33.737+0000] {processor.py:925} INFO - DAG(s) 'etl_pipeline' retrieved from /opt/airflow/dags/sales_etl_dag.py
[2026-09-03T11:10:33.778+0000] {logging_mixin.py:190} INFO - [2026-09-03T11:10:33.778+0000] {dag.py:3239} INFO - Sync 1 DAGs
[2026-09-03T11:10:33.806+0000] {logging_mixin.py:190} INFO - [2026-09-03T11:10:33.806+0000] {dag.py:4180} INFO - Setting next_dagrun for etl_pipeline to 2026-09-03 00:00:00+00:00, run_after=2026-09-04 00:00:00+00:00
[2026-09-03T11:10:33.824+0000] {processor.py:208} INFO - Processing /opt/airflow/dags/sales_etl_dag.py took 0.125 seconds
[2026-09-03T11:11:04.038+0000] {processor.py:186} INFO - Started process (PID=1132) to work on /opt/airflow/dags/sales_etl_dag.py
[2026-09-03T11:11:04.039+0000] {processor.py:914} INFO - Processing file /opt/airflow/dags/sales_etl_dag.py for tasks to queue
[2026-09-03T11:11:04.042+0000] {logging_mixin.py:190} INFO - [2026-09-03T11:11:04.042+0000] {dagbag.py:588} INFO - Filling up the DagBag from /opt/airflow/dags/sales_etl_dag.py
[2026-09-03T11:11:04.069+0000] {processor.py:925} INFO - DAG(s) 'etl_pipeline' retrieved from /opt/airflow/dags/sales_etl_dag.py
[2026-09-03T11:11:04.105+0000] {logging_mixin.py:190} INFO - [2026-09-03T11:11:04.105+0000] {dag.py:3239} INFO - Sync 1 DAGs
[2026-09-03T11:11:04.130+0000] {logging_mixin.py:190} INFO - [2026-09-03T11:11:04.130+0000] {dag.py:4180} INFO - Setting next_dagrun for etl_pipeline to 2026-09-03 00:00:00+00:00, run_after=2026-09-04 00:00:00+00:00
[2026-09-03T11:11:04.148+0000] {processor.py:208} INFO - Processing /opt/airflow/dags/sales_etl_dag.py took 0.121 seconds
[2026-09-03T11:11:34.502+0000] {processor.py:186} INFO - Started process (PID=1137) to work on /opt/airflow/dags/sales_etl_dag.py
[2026-09-03T11:11:34.505+0000] {processor.py:914} INFO - Processing file /opt/airflow/dags/sales_etl_dag.py for tasks to queue
[2026-09-03T11:11:34.509+0000] {logging_mixin.py:190} INFO - [2026-09-03T11:11:34.509+0000] {dagbag.py:588} INFO - Filling up the DagBag from /opt/airflow/dags/sales_etl_dag.py
[2026-09-03T11:11:34.544+0000] {processor.py:925} INFO - DAG(s) 'etl_pipeline' retrieved from /opt/airflow/dags/sales_etl_dag.py
[2026-09-03T11:11:34.582+0000] {logging_mixin.py:190} INFO - [2026-09-03T11:11:34.582+0000] {dag.py:3239} INFO - Sync 1 DAGs
[2026-09-03T11:11:34.613+0000] {logging_mixin.py:190} INFO - [2026-09-03T11:11:34.613+0000] {dag.py:4180} INFO - Setting next_dagrun for etl_pipeline to 2026-09-03 00:00:00+00:00, run_after=2026-09-04 00:00:00+00:00
[2026-09-03T11:11:34.645+0000] {processor.py:208} INFO - Processing /opt/airflow/dags/sales_etl_dag.py took 0.150 seconds
[2026-09-03T11:12:04.839+0000] {processor.py:186} INFO - Started process (PID=1142) to work on /opt/airflow/dags/sales_etl_dag.py
[2026-09-03T11:12:04.840+0000] {processor.py:914} INFO - Processing file /opt/airflow/dags/sales_etl_dag.py for tasks to queue
[2026-09-03T11:12:04.843+0000] {logging_mixin.py:190} INFO - [2026-09-03T11:12:04.843+0000] {dagbag.py:588} INFO - Filling up the DagBag from /opt/airflow/dags/sales_etl_dag.py
[2026-09-03T11:12:04.871+0000] {processor.py:925} INFO - DAG(s) 'etl_pipeline' retrieved from /opt/airflow/dags/sales_etl_dag.py
[2026-09-03T11:12:04.903+0000] {logging_mixin.py:190} INFO - [2026-09-03T11:12:04.903+0000] {dag.py:3239} INFO - Sync 1 DAGs
[2026-09-03T11:12:04.929+0000] {logging_mixin.py:190} INFO - [2026-09-03T11:12:04.929+0000] {dag.py:4180} INFO - Setting next_dagrun for etl_pipeline to 2026-09-03 00:00:00+00:00, run_after=2026-09-04 00:00:00+00:00
[2026-09-03T11:12:04.951+0000] {processor.py:208} INFO - Processing /opt/airflow/dags/sales_etl_dag.py took 0.119 seconds
[2026-09-03T11:12:35.195+0000] {processor.py:186} INFO - Started process (PID=1147) to work on /opt/airflow/dags/sales_etl_dag.py
[2026-09-03T11:12:35.196+0000] {processor.py:914} INFO - Processing file /opt/airflow/dags/sales_etl_dag.py for tasks to queue
[2026-09-03T11:12:35.199+0000] {logging_mixin.py:190} INFO - [2026-09-03T11:12:35.198+0000] {dagbag.py:588} INFO - Filling up the DagBag from /opt/airflow/dags/sales_etl_dag.py
[2026-09-03T11:12:35.220+0000] {processor.py:925} INFO - DAG(s) 'etl_pipeline' retrieved from /opt/airflow/dags/sales_etl_dag.py
[2026-09-03T11:12:35.249+0000] {logging_mixin.py:190} INFO - [2026-09-03T11:12:35.249+0000] {dag.py:3239} INFO - Sync 1 DAGs
[2026-09-03T11:12:35.274+0000] {logging_mixin.py:190} INFO - [2026-09-03T11:12:35.274+0000] {dag.py:4180} INFO - Setting next_dagrun for etl_pipeline to 2026-09-03 00:00:00+00:00, run_after=2026-09-04 00:00:00+00:00
[2026-09-03T11:12:35.295+0000] {processor.py:208} INFO - Processing /opt/airflow/dags/sales_etl_dag.py took 0.105 seconds
[2026-09-03T11:13:05.709+0000] {processor.py:186} INFO - Started process (PID=1152) to work on /opt/airflow/dags/sales_etl_dag.py
[2026-09-03T11:13:05.711+0000] {processor.py:914} INFO - Processing file /opt/airflow/dags/sales_etl_dag.py for tasks to queue
[2026-09-03T11:13:05.719+0000] {logging_mixin.py:190} INFO - [2026-09-03T11:13:05.719+0000] {dagbag.py:588} INFO - Filling up the DagBag from /opt/airflow/dags/sales_etl_dag.py
[2026-09-03T11:13:05.759+0000] {processor.py:925} INFO - DAG(s) 'etl_pipeline' retrieved from /opt/airflow/dags/sales_etl_dag.py
[2026-09-03T11:13:05.796+0000] {logging_mixin.py:190} INFO - [2026-09-03T11:13:05.796+0000] {dag.py:3239} INFO - Sync 1 DAGs
[2026-09-03T11:13:05.823+0000] {logging_mixin.py:190} INFO - [2026-09-03T11:13:05.823+0000] {dag.py:4180} INFO - Setting next_dagrun for etl_pipeline to 2026-09-03 00:00:00+00:00, run_after=2026-09-04 00:00:00+00:00
[2026-09-03T11:13:05.843+0000] {processor.py:208} INFO - Processing /opt/airflow/dags/sales_etl_dag.py took 0.142 seconds
[2026-09-03T11:13:36.067+0000] {processor.py:186} INFO - Started process (PID=1157) to work on /opt/airflow/dags/sales_etl_dag.py
[2026-09-03T11:13:36.068+0000] {processor.py:914} INFO - Processing file /opt/airflow/dags/sales_etl_dag.py for tasks to queue
[2026-09-03T11:13:36.071+0000] {logging_mixin.py:190} INFO - [2026-09-03T11:13:36.070+0000] {dagbag.py:588} INFO - Filling up the DagBag from /opt/airflow/dags/sales_etl_dag.py
[2026-09-03T11:13:36.090+0000] {processor.py:925} INFO - DAG(s) 'etl_pipeline' retrieved from /opt/airflow/dags/sales_etl_dag.py
[2026-09-03T11:13:36.119+0000] {logging_mixin.py:190} INFO - [2026-09-03T11:13:36.119+0000] {dag.py:3239} INFO - Sync 1 DAGs
[2026-09-03T11:13:36.141+0000] {logging_mixin.py:190} INFO - [2026-09-03T11:13:36.141+0000] {dag.py:4180} INFO - Setting next_dagrun for etl_pipeline to 2026-09-03 00:00:00+00:00, run_after=2026-09-04 00:00:00+00:00
[2026-09-03T11:13:36.159+0000] {processor.py:208} INFO - Processing /opt/airflow/dags/sales_etl_dag.py took 0.097 seconds
[2026-09-03T11:14:06.383+0000] {processor.py:186} INFO - Started process (PID=1162) to work on /opt/airflow/dags/sales_etl_dag.py
[2026-09-03T11:14:06.384+0000] {processor.py:914} INFO - Processing file /opt/airflow/dags/sales_etl_dag.py for tasks to queue
[2026-09-03T11:14:06.387+0000] {logging_mixin.py:190} INFO - [2026-09-03T11:14:06.387+0000] {dagbag.py:588} INFO - Filling up the DagBag from /opt/airflow/dags/sales_etl_dag.py
[2026-09-03T11:14:06.409+0000] {processor.py:925} INFO - DAG(s) 'etl_pipeline' retrieved from /opt/airflow/dags/sales_etl_dag.py
[2026-09-03T11:14:06.446+0000] {logging_mixin.py:190} INFO - [2026-09-03T11:14:06.445+0000] {dag.py:3239} INFO - Sync 1 DAGs
[2026-09-03T11:14:06.473+0000] {logging_mixin.py:190} INFO - [2026-09-03T11:14:06.473+0000] {dag.py:4180} INFO - Setting next_dagrun for etl_pipeline to 2026-09-03 00:00:00+00:00, run_after=2026-09-04 00:00:00+00:00
[2026-09-03T11:14:06.498+0000] {processor.py:208} INFO - Processing /opt/airflow/dags/sales_etl_dag.py took 0.120 seconds
[2026-09-03T11:14:36.869+0000] {processor.py:186} INFO - Started process (PID=1167) to work on /opt/airflow/dags/sales_etl_dag.py
[2026-09-03T11:14:36.870+0000] {processor.py:914} INFO - Processing file /opt/airflow/dags/sales_etl_dag.py for tasks to queue
[2026-09-03T11:14:36.874+0000] {logging_mixin.py:190} INFO - [2026-09-03T11:14:36.873+0000] {dagbag.py:588} INFO - Filling up the DagBag from /opt/airflow/dags/sales_etl_dag.py
[2026-09-03T11:14:36.902+0000] {processor.py:925} INFO - DAG(s) 'etl_pipeline' retrieved from /opt/airflow/dags/sales_etl_dag.py
[2026-09-03T11:14:36.930+0000] {logging_mixin.py:190} INFO - [2026-09-03T11:14:36.929+0000] {dag.py:3239} INFO - Sync 1 DAGs
[2026-09-03T11:14:36.954+0000] {logging_mixin.py:190} INFO - [2026-09-03T11:14:36.954+0000] {dag.py:4180} INFO - Setting next_dagrun for etl_pipeline to 2026-09-03 00:00:00+00:00, run_after=2026-09-04 00:00:00+00:00
[2026-09-03T11:14:36.972+0000] {processor.py:208} INFO - Processing /opt/airflow/dags/sales_etl_dag.py took 0.110 seconds
[2026-09-03T11:15:07.211+0000] {processor.py:186} INFO - Started process (PID=1172) to work on /opt/airflow/dags/sales_etl_dag.py
[2026-09-03T11:15:07.213+0000] {processor.py:914} INFO - Processing file /opt/airflow/dags/sales_etl_dag.py for tasks to queue
[2026-09-03T11:15:07.215+0000] {logging_mixin.py:190} INFO - [2026-09-03T11:15:07.214+0000] {dagbag.py:588} INFO - Filling up the DagBag from /opt/airflow/dags/sales_etl_dag.py
[2026-09-03T11:15:07.235+0000] {processor.py:925} INFO - DAG(s) 'etl_pipeline' retrieved from /opt/airflow/dags/sales_etl_dag.py
[2026-09-03T11:15:07.265+0000] {logging_mixin.py:190} INFO - [2026-09-03T11:15:07.264+0000] {dag.py:3239} INFO - Sync 1 DAGs
[2026-09-03T11:15:07.289+0000] {logging_mixin.py:190} INFO - [2026-09-03T11:15:07.288+0000] {dag.py:4180} INFO - Setting next_dagrun for etl_pipeline to 2026-09-03 00:00:00+00:00, run_after=2026-09-04 00:00:00+00:00
[2026-09-03T11:15:07.309+0000] {processor.py:208} INFO - Processing /opt/airflow/dags/sales_etl_dag.py took 0.103 seconds
[2026-09-03T11:15:37.709+0000] {processor.py:186} INFO - Started process (PID=1177) to work on /opt/airflow/dags/sales_etl_dag.py
[2026-09-03T11:15:37.711+0000] {processor.py:914} INFO - Processing file /opt/airflow/dags/sales_etl_dag.py for tasks to queue
[2026-09-03T11:15:37.715+0000] {logging_mixin.py:190} INFO - [2026-09-03T11:15:37.715+0000] {dagbag.py:588} INFO - Filling up the DagBag from /opt/airflow/dags/sales_etl_dag.py
[2026-09-03T11:15:37.760+0000] {processor.py:925} INFO - DAG(s) 'etl_pipeline' retrieved from /opt/airflow/dags/sales_etl_dag.py
[2026-09-03T11:15:37.810+0000] {logging_mixin.py:190} INFO - [2026-09-03T11:15:37.809+0000] {dag.py:3239} INFO - Sync 1 DAGs
[2026-09-03T11:15:37.843+0000] {logging_mixin.py:190} INFO - [2026-09-03T11:15:37.843+0000] {dag.py:4180} INFO - Setting next_dagrun for etl_pipeline to 2026-09-03 00:00:00+00:00, run_after=2026-09-04 00:00:00+00:00
[2026-09-03T11:15:37.867+0000] {processor.py:208} INFO - Processing /opt/airflow/dags/sales_etl_dag.py took 0.168 seconds
[2026-09-03T11:16:08.016+0000] {processor.py:186} INFO - Started process (PID=1182) to work on /opt/airflow/dags/sales_etl_dag.py
[2026-09-03T11:16:08.017+0000] {processor.py:914} INFO - Processing file /opt/airflow/dags/sales_etl_dag.py for tasks to queue
[2026-09-03T11:16:08.020+0000] {logging_mixin.py:190} INFO - [2026-09-03T11:16:08.020+0000] {dagbag.py:588} INFO - Filling up the DagBag from /opt/airflow/dags/sales_etl_dag.py
[2026-09-03T11:16:08.058+0000] {processor.py:925} INFO - DAG(s) 'etl_pipeline' retrieved from /opt/airflow/dags/sales_etl_dag.py
[2026-09-03T11:16:08.096+0000] {logging_mixin.py:190} INFO - [2026-09-03T11:16:08.095+0000] {dag.py:3239} INFO - Sync 1 DAGs
[2026-09-03T11:16:08.124+0000] {logging_mixin.py:190} INFO - [2026-09-03T11:16:08.124+0000] {dag.py:4180} INFO - Setting next_dagrun for etl_pipeline to 2026-09-03 00:00:00+00:00, run_after=2026-09-04 00:00:00+00:00
[2026-09-03T11:16:08.150+0000] {processor.py:208} INFO - Processing /opt/airflow/dags/sales_etl_dag.py took 0.141 seconds
[2026-09-03T11:16:38.494+0000] {processor.py:186} INFO - Started process (PID=1187) to work on /opt/airflow/dags/sales_etl_dag.py
[2026-09-03T11:16:38.495+0000] {processor.py:914} INFO - Processing file /opt/airflow/dags/sales_etl_dag.py for tasks to queue
[2026-09-03T11:16:38.498+0000] {logging_mixin.py:190} INFO - [2026-09-03T11:16:38.497+0000] {dagbag.py:588} INFO - Filling up the DagBag from /opt/airflow/dags/sales_etl_dag.py
[2026-09-03T11:16:38.526+0000] {processor.py:925} INFO - DAG(s) 'etl_pipeline' retrieved from /opt/airflow/dags/sales_etl_dag.py
[2026-09-03T11:16:38.565+0000] {logging_mixin.py:190} INFO - [2026-09-03T11:16:38.564+0000] {dag.py:3239} INFO - Sync 1 DAGs
[2026-09-03T11:16:38.603+0000] {logging_mixin.py:190} INFO - [2026-09-03T11:16:38.602+0000] {dag.py:4180} INFO - Setting next_dagrun for etl_pipeline to 2026-09-03 00:00:00+00:00, run_after=2026-09-04 00:00:00+00:00
[2026-09-03T11:16:38.629+0000] {processor.py:208} INFO - Processing /opt/airflow/dags/sales_etl_dag.py took 0.143 seconds
[2026-09-03T11:17:08.818+0000] {processor.py:186} INFO - Started process (PID=1192) to work on /opt/airflow/dags/sales_etl_dag.py
[2026-09-03T11:17:08.820+0000] {processor.py:914} INFO - Processing file /opt/airflow/dags/sales_etl_dag.py for tasks to queue
[2026-09-03T11:17:08.824+0000] {logging_mixin.py:190} INFO - [2026-09-03T11:17:08.824+0000] {dagbag.py:588} INFO - Filling up the DagBag from /opt/airflow/dags/sales_etl_dag.py
[2026-09-03T11:17:08.858+0000] {processor.py:925} INFO - DAG(s) 'etl_pipeline' retrieved from /opt/airflow/dags/sales_etl_dag.py
[2026-09-03T11:17:08.902+0000] {logging_mixin.py:190} INFO - [2026-09-03T11:17:08.902+0000] {dag.py:3239} INFO - Sync 1 DAGs
[2026-09-03T11:17:08.933+0000] {logging_mixin.py:190} INFO - [2026-09-03T11:17:08.932+0000] {dag.py:4180} INFO - Setting next_dagrun for etl_pipeline to 2026-09-03 00:00:00+00:00, run_after=2026-09-04 00:00:00+00:00
[2026-09-03T11:17:08.962+0000] {processor.py:208} INFO - Processing /opt/airflow/dags/sales_etl_dag.py took 0.153 seconds
[2026-09-03T11:17:39.202+0000] {processor.py:186} INFO - Started process (PID=1197) to work on /opt/airflow/dags/sales_etl_dag.py
[2026-09-03T11:17:39.204+0000] {processor.py:914} INFO - Processing file /opt/airflow/dags/sales_etl_dag.py for tasks to queue
[2026-09-03T11:17:39.209+0000] {logging_mixin.py:190} INFO - [2026-09-03T11:17:39.209+0000] {dagbag.py:588} INFO - Filling up the DagBag from /opt/airflow/dags/sales_etl_dag.py
[2026-09-03T11:17:39.233+0000] {processor.py:925} INFO - DAG(s) 'etl_pipeline' retrieved from /opt/airflow/dags/sales_etl_dag.py
[2026-09-03T11:17:39.272+0000] {logging_mixin.py:190} INFO - [2026-09-03T11:17:39.271+0000] {dag.py:3239} INFO - Sync 1 DAGs
[2026-09-03T11:17:39.305+0000] {logging_mixin.py:190} INFO - [2026-09-03T11:17:39.305+0000] {dag.py:4180} INFO - Setting next_dagrun for etl_pipeline to 2026-09-03 00:00:00+00:00, run_after=2026-09-04 00:00:00+00:00
[2026-09-03T11:17:39.329+0000] {processor.py:208} INFO - Processing /opt/airflow/dags/sales_etl_dag.py took 0.135 seconds
[2026-09-03T11:18:09.533+0000] {processor.py:186} INFO - Started process (PID=1202) to work on /opt/airflow/dags/sales_etl_dag.py
[2026-09-03T11:18:09.534+0000] {processor.py:914} INFO - Processing file /opt/airflow/dags/sales_etl_dag.py for tasks to queue
[2026-09-03T11:18:09.538+0000] {logging_mixin.py:190} INFO - [2026-09-03T11:18:09.537+0000] {dagbag.py:588} INFO - Filling up the DagBag from /opt/airflow/dags/sales_etl_dag.py
[2026-09-03T11:18:09.635+0000] {processor.py:925} INFO - DAG(s) 'etl_pipeline' retrieved from /opt/airflow/dags/sales_etl_dag.py
[2026-09-03T11:18:09.697+0000] {logging_mixin.py:190} INFO - [2026-09-03T11:18:09.697+0000] {dag.py:3239} INFO - Sync 1 DAGs
[2026-09-03T11:18:09.728+0000] {logging_mixin.py:190} INFO - [2026-09-03T11:18:09.728+0000] {dag.py:4180} INFO - Setting next_dagrun for etl_pipeline to 2026-09-03 00:00:00+00:00, run_after=2026-09-04 00:00:00+00:00
[2026-09-03T11:18:09.754+0000] {processor.py:208} INFO - Processing /opt/airflow/dags/sales_etl_dag.py took 0.229 seconds
[2026-09-03T11:18:39.966+0000] {processor.py:186} INFO - Started process (PID=1207) to work on /opt/airflow/dags/sales_etl_dag.py
[2026-09-03T11:18:39.967+0000] {processor.py:914} INFO - Processing file /opt/airflow/dags/sales_etl_dag.py for tasks to queue
[2026-09-03T11:18:39.970+0000] {logging_mixin.py:190} INFO - [2026-09-03T11:18:39.970+0000] {dagbag.py:588} INFO - Filling up the DagBag from /opt/airflow/dags/sales_etl_dag.py
[2026-09-03T11:18:39.998+0000] {processor.py:925} INFO - DAG(s) 'etl_pipeline' retrieved from /opt/airflow/dags/sales_etl_dag.py
[2026-09-03T11:18:40.039+0000] {logging_mixin.py:190} INFO - [2026-09-03T11:18:40.039+0000] {dag.py:3239} INFO - Sync 1 DAGs
[2026-09-03T11:18:40.065+0000] {logging_mixin.py:190} INFO - [2026-09-03T11:18:40.064+0000] {dag.py:4180} INFO - Setting next_dagrun for etl_pipeline to 2026-09-03 00:00:00+00:00, run_after=2026-09-04 00:00:00+00:00
[2026-09-03T11:18:40.092+0000] {processor.py:208} INFO - Processing /opt/airflow/dags/sales_etl_dag.py took 0.131 seconds
[2026-09-03T11:19:10.400+0000] {processor.py:186} INFO - Started process (PID=1212) to work on /opt/airflow/dags/sales_etl_dag.py
[2026-09-03T11:19:10.402+0000] {processor.py:914} INFO - Processing file /opt/airflow/dags/sales_etl_dag.py for tasks to queue
[2026-09-03T11:19:10.404+0000] {logging_mixin.py:190} INFO - [2026-09-03T11:19:10.404+0000] {dagbag.py:588} INFO - Filling up the DagBag from /opt/airflow/dags/sales_etl_dag.py
[2026-09-03T11:19:10.427+0000] {processor.py:925} INFO - DAG(s) 'etl_pipeline' retrieved from /opt/airflow/dags/sales_etl_dag.py
[2026-09-03T11:19:10.456+0000] {logging_mixin.py:190} INFO - [2026-09-03T11:19:10.456+0000] {dag.py:3239} INFO - Sync 1 DAGs
[2026-09-03T11:19:10.482+0000] {logging_mixin.py:190} INFO - [2026-09-03T11:19:10.482+0000] {dag.py:4180} INFO - Setting next_dagrun for etl_pipeline to 2026-09-03 00:00:00+00:00, run_after=2026-09-04 00:00:00+00:00
[2026-09-03T11:19:10.503+0000] {processor.py:208} INFO - Processing /opt/airflow/dags/sales_etl_dag.py took 0.109 seconds
[2026-09-03T11:19:40.796+0000] {processor.py:186} INFO - Started process (PID=1217) to work on /opt/airflow/dags/sales_etl_dag.py
[2026-09-03T11:19:40.798+0000] {processor.py:914} INFO - Processing file /opt/airflow/dags/sales_etl_dag.py for tasks to queue
[2026-09-03T11:19:40.801+0000] {logging_mixin.py:190} INFO - [2026-09-03T11:19:40.801+0000] {dagbag.py:588} INFO - Filling up the DagBag from /opt/airflow/dags/sales_etl_dag.py
[2026-09-03T11:19:40.825+0000] {processor.py:925} INFO - DAG(s) 'etl_pipeline' retrieved from /opt/airflow/dags/sales_etl_dag.py
[2026-09-03T11:19:40.859+0000] {logging_mixin.py:190} INFO - [2026-09-03T11:19:40.859+0000] {dag.py:3239} INFO - Sync 1 DAGs
[2026-09-03T11:19:40.883+0000] {logging_mixin.py:190} INFO - [2026-09-03T11:19:40.883+0000] {dag.py:4180} INFO - Setting next_dagrun for etl_pipeline to 2026-09-03 00:00:00+00:00, run_after=2026-09-04 00:00:00+00:00
[2026-09-03T11:19:40.904+0000] {processor.py:208} INFO - Processing /opt/airflow/dags/sales_etl_dag.py took 0.113 seconds
[2026-09-03T11:20:11.198+0000] {processor.py:186} INFO - Started process (PID=1222) to work on /opt/airflow/dags/sales_etl_dag.py
[2026-09-03T11:20:11.199+0000] {processor.py:914} INFO - Processing file /opt/airflow/dags/sales_etl_dag.py for tasks to queue
[2026-09-03T11:20:11.201+0000] {logging_mixin.py:190} INFO - [2026-09-03T11:20:11.201+0000] {dagbag.py:588} INFO - Filling up the DagBag from /opt/airflow/dags/sales_etl_dag.py
[2026-09-03T11:20:11.224+0000] {processor.py:925} INFO - DAG(s) 'etl_pipeline' retrieved from /opt/airflow/dags/sales_etl_dag.py
[2026-09-03T11:20:11.254+0000] {logging_mixin.py:190} INFO - [2026-09-03T11:20:11.254+0000] {dag.py:3239} INFO - Sync 1 DAGs
[2026-09-03T11:20:11.282+0000] {logging_mixin.py:190} INFO - [2026-09-03T11:20:11.281+0000] {dag.py:4180} INFO - Setting next_dagrun for etl_pipeline to 2026-09-03 00:00:00+00:00, run_after=2026-09-04 00:00:00+00:00
[2026-09-03T11:20:12.116+0000] {processor.py:208} INFO - Processing /opt/airflow/dags/sales_etl_dag.py took 0.923 seconds
[2026-09-03T11:20:42.556+0000] {processor.py:186} INFO - Started process (PID=1227) to work on /opt/airflow/dags/sales_etl_dag.py
[2026-09-03T11:20:42.558+0000] {processor.py:914} INFO - Processing file /opt/airflow/dags/sales_etl_dag.py for tasks to queue
[2026-09-03T11:20:42.562+0000] {logging_mixin.py:190} INFO - [2026-09-03T11:20:42.561+0000] {dagbag.py:588} INFO - Filling up the DagBag from /opt/airflow/dags/sales_etl_dag.py
[2026-09-03T11:20:42.593+0000] {processor.py:925} INFO - DAG(s) 'etl_pipeline' retrieved from /opt/airflow/dags/sales_etl_dag.py
[2026-09-03T11:20:42.623+0000] {logging_mixin.py:190} INFO - [2026-09-03T11:20:42.622+0000] {dag.py:3239} INFO - Sync 1 DAGs
[2026-09-03T11:20:42.649+0000] {logging_mixin.py:190} INFO - [2026-09-03T11:20:42.649+0000] {dag.py:4180} INFO - Setting next_dagrun for etl_pipeline to 2026-09-03 00:00:00+00:00, run_after=2026-09-04 00:00:00+00:00
[2026-09-03T11:20:42.670+0000] {processor.py:208} INFO - Processing /opt/airflow/dags/sales_etl_dag.py took 0.119 seconds
[2026-09-03T11:21:12.956+0000] {processor.py:186} INFO - Started process (PID=1232) to work on /opt/airflow/dags/sales_etl_dag.py
[2026-09-03T11:21:12.958+0000] {processor.py:914} INFO - Processing file /opt/airflow/dags/sales_etl_dag.py for tasks to queue
[2026-09-03T11:21:12.962+0000] {logging_mixin.py:190} INFO - [2026-09-03T11:21:12.962+0000] {dagbag.py:588} INFO - Filling up the DagBag from /opt/airflow/dags/sales_etl_dag.py
[2026-09-03T11:21:12.997+0000] {processor.py:925} INFO - DAG(s) 'etl_pipeline' retrieved from /opt/airflow/dags/sales_etl_dag.py
[2026-09-03T11:21:13.037+0000] {logging_mixin.py:190} INFO - [2026-09-03T11:21:13.036+0000] {dag.py:3239} INFO - Sync 1 DAGs
[2026-09-03T11:21:13.066+0000] {logging_mixin.py:190} INFO - [2026-09-03T11:21:13.066+0000] {dag.py:4180} INFO - Setting next_dagrun for etl_pipeline to 2026-09-03 00:00:00+00:00, run_after=2026-09-04 00:00:00+00:00
[2026-09-03T11:21:13.089+0000] {processor.py:208} INFO - Processing /opt/airflow/dags/sales_etl_dag.py took 0.142 seconds
[2026-09-03T11:21:43.401+0000] {processor.py:186} INFO - Started process (PID=1237) to work on /opt/airflow/dags/sales_etl_dag.py
[2026-09-03T11:21:43.403+0000] {processor.py:914} INFO - Processing file /opt/airflow/dags/sales_etl_dag.py for tasks to queue
[2026-09-03T11:21:43.407+0000] {logging_mixin.py:190} INFO - [2026-09-03T11:21:43.407+0000] {dagbag.py:588} INFO - Filling up the DagBag from /opt/airflow/dags/sales_etl_dag.py
[2026-09-03T11:21:43.438+0000] {processor.py:925} INFO - DAG(s) 'etl_pipeline' retrieved from /opt/airflow/dags/sales_etl_dag.py
[2026-09-03T11:21:43.468+0000] {logging_mixin.py:190} INFO - [2026-09-03T11:21:43.467+0000] {dag.py:3239} INFO - Sync 1 DAGs
[2026-09-03T11:21:43.491+0000] {logging_mixin.py:190} INFO - [2026-09-03T11:21:43.491+0000] {dag.py:4180} INFO - Setting next_dagrun for etl_pipeline to 2026-09-03 00:00:00+00:00, run_after=2026-09-04 00:00:00+00:00
[2026-09-03T11:21:43.510+0000] {processor.py:208} INFO - Processing /opt/airflow/dags/sales_etl_dag.py took 0.123 seconds
[2026-09-03T11:22:13.703+0000] {processor.py:186} INFO - Started process (PID=1242) to work on /opt/airflow/dags/sales_etl_dag.py
[2026-09-03T11:22:13.705+0000] {processor.py:914} INFO - Processing file /opt/airflow/dags/sales_etl_dag.py for tasks to queue
[2026-09-03T11:22:13.708+0000] {logging_mixin.py:190} INFO - [2026-09-03T11:22:13.708+0000] {dagbag.py:588} INFO - Filling up the DagBag from /opt/airflow/dags/sales_etl_dag.py
[2026-09-03T11:22:13.737+0000] {processor.py:925} INFO - DAG(s) 'etl_pipeline' retrieved from /opt/airflow/dags/sales_etl_dag.py
[2026-09-03T11:22:13.777+0000] {logging_mixin.py:190} INFO - [2026-09-03T11:22:13.777+0000] {dag.py:3239} INFO - Sync 1 DAGs
[2026-09-03T11:22:13.810+0000] {logging_mixin.py:190} INFO - [2026-09-03T11:22:13.810+0000] {dag.py:4180} INFO - Setting next_dagrun for etl_pipeline to 2026-09-03 00:00:00+00:00, run_after=2026-09-04 00:00:00+00:00
[2026-09-03T11:22:13.838+0000] {processor.py:208} INFO - Processing /opt/airflow/dags/sales_etl_dag.py took 0.145 seconds
[2026-09-03T11:22:44.133+0000] {processor.py:186} INFO - Started process (PID=1247) to work on /opt/airflow/dags/sales_etl_dag.py
[2026-09-03T11:22:44.134+0000] {processor.py:914} INFO - Processing file /opt/airflow/dags/sales_etl_dag.py for tasks to queue
[2026-09-03T11:22:44.137+0000] {logging_mixin.py:190} INFO - [2026-09-03T11:22:44.137+0000] {dagbag.py:588} INFO - Filling up the DagBag from /opt/airflow/dags/sales_etl_dag.py
[2026-09-03T11:22:44.160+0000] {processor.py:925} INFO - DAG(s) 'etl_pipeline' retrieved from /opt/airflow/dags/sales_etl_dag.py
[2026-09-03T11:22:44.191+0000] {logging_mixin.py:190} INFO - [2026-09-03T11:22:44.191+0000] {dag.py:3239} INFO - Sync 1 DAGs
[2026-09-03T11:22:44.216+0000] {logging_mixin.py:190} INFO - [2026-09-03T11:22:44.215+0000] {dag.py:4180} INFO - Setting next_dagrun for etl_pipeline to 2026-09-03 00:00:00+00:00, run_after=2026-09-04 00:00:00+00:00
[2026-09-03T11:22:44.240+0000] {processor.py:208} INFO - Processing /opt/airflow/dags/sales_etl_dag.py took 0.114 seconds
[2026-09-03T11:23:14.522+0000] {processor.py:186} INFO - Started process (PID=1252) to work on /opt/airflow/dags/sales_etl_dag.py
[2026-09-03T11:23:14.523+0000] {processor.py:914} INFO - Processing file /opt/airflow/dags/sales_etl_dag.py for tasks to queue
[2026-09-03T11:23:14.527+0000] {logging_mixin.py:190} INFO - [2026-09-03T11:23:14.526+0000] {dagbag.py:588} INFO - Filling up the DagBag from /opt/airflow/dags/sales_etl_dag.py
[2026-09-03T11:23:14.557+0000] {processor.py:925} INFO - DAG(s) 'etl_pipeline' retrieved from /opt/airflow/dags/sales_etl_dag.py
[2026-09-03T11:23:14.599+0000] {logging_mixin.py:190} INFO - [2026-09-03T11:23:14.599+0000] {dag.py:3239} INFO - Sync 1 DAGs
[2026-09-03T11:23:14.624+0000] {logging_mixin.py:190} INFO - [2026-09-03T11:23:14.624+0000] {dag.py:4180} INFO - Setting next_dagrun for etl_pipeline to 2026-09-03 00:00:00+00:00, run_after=2026-09-04 00:00:00+00:00
[2026-09-03T11:23:14.647+0000] {processor.py:208} INFO - Processing /opt/airflow/dags/sales_etl_dag.py took 0.132 seconds
[2026-09-03T11:23:44.938+0000] {processor.py:186} INFO - Started process (PID=1257) to work on /opt/airflow/dags/sales_etl_dag.py
[2026-09-03T11:23:44.939+0000] {processor.py:914} INFO - Processing file /opt/airflow/dags/sales_etl_dag.py for tasks to queue
[2026-09-03T11:23:44.942+0000] {logging_mixin.py:190} INFO - [2026-09-03T11:23:44.942+0000] {dagbag.py:588} INFO - Filling up the DagBag from /opt/airflow/dags/sales_etl_dag.py
[2026-09-03T11:23:44.973+0000] {processor.py:925} INFO - DAG(s) 'etl_pipeline' retrieved from /opt/airflow/dags/sales_etl_dag.py
[2026-09-03T11:23:45.016+0000] {logging_mixin.py:190} INFO - [2026-09-03T11:23:45.015+0000] {dag.py:3239} INFO - Sync 1 DAGs
[2026-09-03T11:23:45.060+0000] {logging_mixin.py:190} INFO - [2026-09-03T11:23:45.060+0000] {dag.py:4180} INFO - Setting next_dagrun for etl_pipeline to 2026-09-03 00:00:00+00:00, run_after=2026-09-04 00:00:00+00:00
[2026-09-03T11:23:45.096+0000] {processor.py:208} INFO - Processing /opt/airflow/dags/sales_etl_dag.py took 0.165 seconds
[2026-09-03T11:24:15.302+0000] {processor.py:186} INFO - Started process (PID=1262) to work on /opt/airflow/dags/sales_etl_dag.py
[2026-09-03T11:24:15.303+0000] {processor.py:914} INFO - Processing file /opt/airflow/dags/sales_etl_dag.py for tasks to queue
[2026-09-03T11:24:15.307+0000] {logging_mixin.py:190} INFO - [2026-09-03T11:24:15.306+0000] {dagbag.py:588} INFO - Filling up the DagBag from /opt/airflow/dags/sales_etl_dag.py
[2026-09-03T11:24:15.358+0000] {processor.py:925} INFO - DAG(s) 'etl_pipeline' retrieved from /opt/airflow/dags/sales_etl_dag.py
[2026-09-03T11:24:15.410+0000] {logging_mixin.py:190} INFO - [2026-09-03T11:24:15.409+0000] {dag.py:3239} INFO - Sync 1 DAGs
[2026-09-03T11:24:15.443+0000] {logging_mixin.py:190} INFO - [2026-09-03T11:24:15.443+0000] {dag.py:4180} INFO - Setting next_dagrun for etl_pipeline to 2026-09-03 00:00:00+00:00, run_after=2026-09-04 00:00:00+00:00
[2026-09-03T11:24:15.472+0000] {processor.py:208} INFO - Processing /opt/airflow/dags/sales_etl_dag.py took 0.181 seconds
[2026-09-03T11:24:45.744+0000] {processor.py:186} INFO - Started process (PID=1267) to work on /opt/airflow/dags/sales_etl_dag.py
[2026-09-03T11:24:45.745+0000] {processor.py:914} INFO - Processing file /opt/airflow/dags/sales_etl_dag.py for tasks to queue
[2026-09-03T11:24:45.748+0000] {logging_mixin.py:190} INFO - [2026-09-03T11:24:45.748+0000] {dagbag.py:588} INFO - Filling up the DagBag from /opt/airflow/dags/sales_etl_dag.py
[2026-09-03T11:24:45.773+0000] {processor.py:925} INFO - DAG(s) 'etl_pipeline' retrieved from /opt/airflow/dags/sales_etl_dag.py
[2026-09-03T11:24:45.803+0000] {logging_mixin.py:190} INFO - [2026-09-03T11:24:45.803+0000] {dag.py:3239} INFO - Sync 1 DAGs
[2026-09-03T11:24:45.830+0000] {logging_mixin.py:190} INFO - [2026-09-03T11:24:45.830+0000] {dag.py:4180} INFO - Setting next_dagrun for etl_pipeline to 2026-09-03 00:00:00+00:00, run_after=2026-09-04 00:00:00+00:00
[2026-09-03T11:24:45.851+0000] {processor.py:208} INFO - Processing /opt/airflow/dags/sales_etl_dag.py took 0.115 seconds
[2026-09-03T11:25:16.122+0000] {processor.py:186} INFO - Started process (PID=1272) to work on /opt/airflow/dags/sales_etl_dag.py
[2026-09-03T11:25:16.124+0000] {processor.py:914} INFO - Processing file /opt/airflow/dags/sales_etl_dag.py for tasks to queue
[2026-09-03T11:25:16.130+0000] {logging_mixin.py:190} INFO - [2026-09-03T11:25:16.129+0000] {dagbag.py:588} INFO - Filling up the DagBag from /opt/airflow/dags/sales_etl_dag.py
[2026-09-03T11:25:16.155+0000] {processor.py:925} INFO - DAG(s) 'etl_pipeline' retrieved from /opt/airflow/dags/sales_etl_dag.py
[2026-09-03T11:25:16.204+0000] {logging_mixin.py:190} INFO - [2026-09-03T11:25:16.203+0000] {dag.py:3239} INFO - Sync 1 DAGs
[2026-09-03T11:25:16.235+0000] {logging_mixin.py:190} INFO - [2026-09-03T11:25:16.234+0000] {dag.py:4180} INFO - Setting next_dagrun for etl_pipeline to 2026-09-03 00:00:00+00:00, run_after=2026-09-04 00:00:00+00:00
[2026-09-03T11:25:16.256+0000] {processor.py:208} INFO - Processing /opt/airflow/dags/sales_etl_dag.py took 0.139 seconds
[2026-09-03T11:25:46.537+0000] {processor.py:186} INFO - Started process (PID=1277) to work on /opt/airflow/dags/sales_etl_dag.py
[2026-09-03T11:25:46.539+0000] {processor.py:914} INFO - Processing file /opt/airflow/dags/sales_etl_dag.py for tasks to queue
[2026-09-03T11:25:46.542+0000] {logging_mixin.py:190} INFO - [2026-09-03T11:25:46.541+0000] {dagbag.py:588} INFO - Filling up the DagBag from /opt/airflow/dags/sales_etl_dag.py
[2026-09-03T11:25:46.570+0000] {processor.py:925} INFO - DAG(s) 'etl_pipeline' retrieved from /opt/airflow/dags/sales_etl_dag.py
[2026-09-03T11:25:46.602+0000] {logging_mixin.py:190} INFO - [2026-09-03T11:25:46.601+0000] {dag.py:3239} INFO - Sync 1 DAGs
[2026-09-03T11:25:46.629+0000] {logging_mixin.py:190} INFO - [2026-09-03T11:25:46.628+0000] {dag.py:4180} INFO - Setting next_dagrun for etl_pipeline to 2026-09-03 00:00:00+00:00, run_after=2026-09-04 00:00:00+00:00
[2026-09-03T11:25:46.929+0000] {processor.py:208} INFO - Processing /opt/airflow/dags/sales_etl_dag.py took 0.400 seconds
[2026-09-03T11:26:17.276+0000] {processor.py:186} INFO - Started process (PID=1282) to work on /opt/airflow/dags/sales_etl_dag.py
[2026-09-03T11:26:17.277+0000] {processor.py:914} INFO - Processing file /opt/airflow/dags/sales_etl_dag.py for tasks to queue
[2026-09-03T11:26:17.280+0000] {logging_mixin.py:190} INFO - [2026-09-03T11:26:17.280+0000] {dagbag.py:588} INFO - Filling up the DagBag from /opt/airflow/dags/sales_etl_dag.py
[2026-09-03T11:26:17.312+0000] {processor.py:925} INFO - DAG(s) 'etl_pipeline' retrieved from /opt/airflow/dags/sales_etl_dag.py
[2026-09-03T11:26:17.359+0000] {logging_mixin.py:190} INFO - [2026-09-03T11:26:17.359+0000] {dag.py:3239} INFO - Sync 1 DAGs
[2026-09-03T11:26:17.406+0000] {logging_mixin.py:190} INFO - [2026-09-03T11:26:17.406+0000] {dag.py:4180} INFO - Setting next_dagrun for etl_pipeline to 2026-09-03 00:00:00+00:00, run_after=2026-09-04 00:00:00+00:00
[2026-09-03T11:26:17.436+0000] {processor.py:208} INFO - Processing /opt/airflow/dags/sales_etl_dag.py took 0.171 seconds
[2026-09-03T11:26:47.628+0000] {processor.py:186} INFO - Started process (PID=1287) to work on /opt/airflow/dags/sales_etl_dag.py
[2026-09-03T11:26:47.629+0000] {processor.py:914} INFO - Processing file /opt/airflow/dags/sales_etl_dag.py for tasks to queue
[2026-09-03T11:26:47.633+0000] {logging_mixin.py:190} INFO - [2026-09-03T11:26:47.633+0000] {dagbag.py:588} INFO - Filling up the DagBag from /opt/airflow/dags/sales_etl_dag.py
[2026-09-03T11:26:47.662+0000] {processor.py:925} INFO - DAG(s) 'etl_pipeline' retrieved from /opt/airflow/dags/sales_etl_dag.py
[2026-09-03T11:26:47.695+0000] {logging_mixin.py:190} INFO - [2026-09-03T11:26:47.695+0000] {dag.py:3239} INFO - Sync 1 DAGs
[2026-09-03T11:26:47.718+0000] {logging_mixin.py:190} INFO - [2026-09-03T11:26:47.717+0000] {dag.py:4180} INFO - Setting next_dagrun for etl_pipeline to 2026-09-03 00:00:00+00:00, run_after=2026-09-04 00:00:00+00:00
[2026-09-03T11:26:47.738+0000] {processor.py:208} INFO - Processing /opt/airflow/dags/sales_etl_dag.py took 0.120 seconds
[2026-09-03T11:27:18.067+0000] {processor.py:186} INFO - Started process (PID=1292) to work on /opt/airflow/dags/sales_etl_dag.py
[2026-09-03T11:27:18.069+0000] {processor.py:914} INFO - Processing file /opt/airflow/dags/sales_etl_dag.py for tasks to queue
[2026-09-03T11:27:18.072+0000] {logging_mixin.py:190} INFO - [2026-09-03T11:27:18.072+0000] {dagbag.py:588} INFO - Filling up the DagBag from /opt/airflow/dags/sales_etl_dag.py
[2026-09-03T11:27:18.098+0000] {processor.py:925} INFO - DAG(s) 'etl_pipeline' retrieved from /opt/airflow/dags/sales_etl_dag.py
[2026-09-03T11:27:18.132+0000] {logging_mixin.py:190} INFO - [2026-09-03T11:27:18.132+0000] {dag.py:3239} INFO - Sync 1 DAGs
[2026-09-03T11:27:18.158+0000] {logging_mixin.py:190} INFO - [2026-09-03T11:27:18.157+0000] {dag.py:4180} INFO - Setting next_dagrun for etl_pipeline to 2026-09-03 00:00:00+00:00, run_after=2026-09-04 00:00:00+00:00
[2026-09-03T11:27:18.177+0000] {processor.py:208} INFO - Processing /opt/airflow/dags/sales_etl_dag.py took 0.118 seconds
[2026-09-03T11:27:48.502+0000] {processor.py:186} INFO - Started process (PID=1297) to work on /opt/airflow/dags/sales_etl_dag.py
[2026-09-03T11:27:48.503+0000] {processor.py:914} INFO - Processing file /opt/airflow/dags/sales_etl_dag.py for tasks to queue
[2026-09-03T11:27:48.506+0000] {logging_mixin.py:190} INFO - [2026-09-03T11:27:48.506+0000] {dagbag.py:588} INFO - Filling up the DagBag from /opt/airflow/dags/sales_etl_dag.py
[2026-09-03T11:27:48.560+0000] {processor.py:925} INFO - DAG(s) 'etl_pipeline' retrieved from /opt/airflow/dags/sales_etl_dag.py
[2026-09-03T11:27:48.592+0000] {logging_mixin.py:190} INFO - [2026-09-03T11:27:48.592+0000] {dag.py:3239} INFO - Sync 1 DAGs
[2026-09-03T11:27:48.619+0000] {logging_mixin.py:190} INFO - [2026-09-03T11:27:48.619+0000] {dag.py:4180} INFO - Setting next_dagrun for etl_pipeline to 2026-09-03 00:00:00+00:00, run_after=2026-09-04 00:00:00+00:00
[2026-09-03T11:27:48.642+0000] {processor.py:208} INFO - Processing /opt/airflow/dags/sales_etl_dag.py took 0.147 seconds
[2026-09-03T11:28:18.825+0000] {processor.py:186} INFO - Started process (PID=1302) to work on /opt/airflow/dags/sales_etl_dag.py
[2026-09-03T11:28:18.826+0000] {processor.py:914} INFO - Processing file /opt/airflow/dags/sales_etl_dag.py for tasks to queue
[2026-09-03T11:28:18.829+0000] {logging_mixin.py:190} INFO - [2026-09-03T11:28:18.829+0000] {dagbag.py:588} INFO - Filling up the DagBag from /opt/airflow/dags/sales_etl_dag.py
[2026-09-03T11:28:18.852+0000] {processor.py:925} INFO - DAG(s) 'etl_pipeline' retrieved from /opt/airflow/dags/sales_etl_dag.py
[2026-09-03T11:28:18.881+0000] {logging_mixin.py:190} INFO - [2026-09-03T11:28:18.881+0000] {dag.py:3239} INFO - Sync 1 DAGs
[2026-09-03T11:28:18.910+0000] {logging_mixin.py:190} INFO - [2026-09-03T11:28:18.910+0000] {dag.py:4180} INFO - Setting next_dagrun for etl_pipeline to 2026-09-03 00:00:00+00:00, run_after=2026-09-04 00:00:00+00:00
[2026-09-03T11:28:18.937+0000] {processor.py:208} INFO - Processing /opt/airflow/dags/sales_etl_dag.py took 0.118 seconds
[2026-09-03T11:28:49.178+0000] {processor.py:186} INFO - Started process (PID=1343) to work on /opt/airflow/dags/sales_etl_dag.py
[2026-09-03T11:28:49.179+0000] {processor.py:914} INFO - Processing file /opt/airflow/dags/sales_etl_dag.py for tasks to queue
[2026-09-03T11:28:49.181+0000] {logging_mixin.py:190} INFO - [2026-09-03T11:28:49.181+0000] {dagbag.py:588} INFO - Filling up the DagBag from /opt/airflow/dags/sales_etl_dag.py
[2026-09-03T11:28:49.211+0000] {processor.py:925} INFO - DAG(s) 'etl_pipeline' retrieved from /opt/airflow/dags/sales_etl_dag.py
[2026-09-03T11:28:49.272+0000] {logging_mixin.py:190} INFO - [2026-09-03T11:28:49.271+0000] {dag.py:3239} INFO - Sync 1 DAGs
[2026-09-03T11:28:49.336+0000] {logging_mixin.py:190} INFO - [2026-09-03T11:28:49.336+0000] {dag.py:4180} INFO - Setting next_dagrun for etl_pipeline to 2026-09-03 00:00:00+00:00, run_after=2026-09-04 00:00:00+00:00
[2026-09-03T11:28:49.739+0000] {processor.py:208} INFO - Processing /opt/airflow/dags/sales_etl_dag.py took 0.568 seconds
[2026-09-03T11:29:20.033+0000] {processor.py:186} INFO - Started process (PID=1348) to work on /opt/airflow/dags/sales_etl_dag.py
[2026-09-03T11:29:20.039+0000] {processor.py:914} INFO - Processing file /opt/airflow/dags/sales_etl_dag.py for tasks to queue
[2026-09-03T11:29:20.051+0000] {logging_mixin.py:190} INFO - [2026-09-03T11:29:20.050+0000] {dagbag.py:588} INFO - Filling up the DagBag from /opt/airflow/dags/sales_etl_dag.py
[2026-09-03T11:29:20.116+0000] {processor.py:925} INFO - DAG(s) 'etl_pipeline' retrieved from /opt/airflow/dags/sales_etl_dag.py
[2026-09-03T11:29:20.212+0000] {logging_mixin.py:190} INFO - [2026-09-03T11:29:20.212+0000] {dag.py:3239} INFO - Sync 1 DAGs
[2026-09-03T11:29:20.266+0000] {logging_mixin.py:190} INFO - [2026-09-03T11:29:20.265+0000] {dag.py:4180} INFO - Setting next_dagrun for etl_pipeline to 2026-09-03 00:00:00+00:00, run_after=2026-09-04 00:00:00+00:00
[2026-09-03T11:29:20.326+0000] {processor.py:208} INFO - Processing /opt/airflow/dags/sales_etl_dag.py took 0.316 seconds
[2026-09-03T11:29:50.626+0000] {processor.py:186} INFO - Started process (PID=1413) to work on /opt/airflow/dags/sales_etl_dag.py
[2026-09-03T11:29:50.628+0000] {processor.py:914} INFO - Processing file /opt/airflow/dags/sales_etl_dag.py for tasks to queue
[2026-09-03T11:29:50.635+0000] {logging_mixin.py:190} INFO - [2026-09-03T11:29:50.634+0000] {dagbag.py:588} INFO - Filling up the DagBag from /opt/airflow/dags/sales_etl_dag.py
[2026-09-03T11:29:50.673+0000] {processor.py:925} INFO - DAG(s) 'etl_pipeline' retrieved from /opt/airflow/dags/sales_etl_dag.py
[2026-09-03T11:29:50.712+0000] {logging_mixin.py:190} INFO - [2026-09-03T11:29:50.712+0000] {dag.py:3239} INFO - Sync 1 DAGs
[2026-09-03T11:29:50.743+0000] {logging_mixin.py:190} INFO - [2026-09-03T11:29:50.742+0000] {dag.py:4180} INFO - Setting next_dagrun for etl_pipeline to 2026-09-03 00:00:00+00:00, run_after=2026-09-04 00:00:00+00:00
[2026-09-03T11:29:50.772+0000] {processor.py:208} INFO - Processing /opt/airflow/dags/sales_etl_dag.py took 0.155 seconds
[2026-09-03T11:30:20.936+0000] {processor.py:186} INFO - Started process (PID=1418) to work on /opt/airflow/dags/sales_etl_dag.py
[2026-09-03T11:30:20.937+0000] {processor.py:914} INFO - Processing file /opt/airflow/dags/sales_etl_dag.py for tasks to queue
[2026-09-03T11:30:20.940+0000] {logging_mixin.py:190} INFO - [2026-09-03T11:30:20.940+0000] {dagbag.py:588} INFO - Filling up the DagBag from /opt/airflow/dags/sales_etl_dag.py
[2026-09-03T11:30:20.966+0000] {processor.py:925} INFO - DAG(s) 'etl_pipeline' retrieved from /opt/airflow/dags/sales_etl_dag.py
[2026-09-03T11:30:21.009+0000] {logging_mixin.py:190} INFO - [2026-09-03T11:30:21.009+0000] {dag.py:3239} INFO - Sync 1 DAGs
[2026-09-03T11:30:21.039+0000] {logging_mixin.py:190} INFO - [2026-09-03T11:30:21.039+0000] {dag.py:4180} INFO - Setting next_dagrun for etl_pipeline to 2026-09-03 00:00:00+00:00, run_after=2026-09-04 00:00:00+00:00
[2026-09-03T11:30:21.064+0000] {processor.py:208} INFO - Processing /opt/airflow/dags/sales_etl_dag.py took 0.136 seconds
[2026-09-03T11:30:51.447+0000] {processor.py:186} INFO - Started process (PID=1423) to work on /opt/airflow/dags/sales_etl_dag.py
[2026-09-03T11:30:51.448+0000] {processor.py:914} INFO - Processing file /opt/airflow/dags/sales_etl_dag.py for tasks to queue
[2026-09-03T11:30:51.452+0000] {logging_mixin.py:190} INFO - [2026-09-03T11:30:51.452+0000] {dagbag.py:588} INFO - Filling up the DagBag from /opt/airflow/dags/sales_etl_dag.py
[2026-09-03T11:30:51.496+0000] {processor.py:925} INFO - DAG(s) 'etl_pipeline' retrieved from /opt/airflow/dags/sales_etl_dag.py
[2026-09-03T11:30:51.537+0000] {logging_mixin.py:190} INFO - [2026-09-03T11:30:51.537+0000] {dag.py:3239} INFO - Sync 1 DAGs
[2026-09-03T11:30:51.561+0000] {logging_mixin.py:190} INFO - [2026-09-03T11:30:51.561+0000] {dag.py:4180} INFO - Setting next_dagrun for etl_pipeline to 2026-09-03 00:00:00+00:00, run_after=2026-09-04 00:00:00+00:00
[2026-09-03T11:30:51.580+0000] {processor.py:208} INFO - Processing /opt/airflow/dags/sales_etl_dag.py took 0.145 seconds
[2026-09-03T11:31:21.753+0000] {processor.py:186} INFO - Started process (PID=1428) to work on /opt/airflow/dags/sales_etl_dag.py
[2026-09-03T11:31:21.755+0000] {processor.py:914} INFO - Processing file /opt/airflow/dags/sales_etl_dag.py for tasks to queue
[2026-09-03T11:31:21.757+0000] {logging_mixin.py:190} INFO - [2026-09-03T11:31:21.757+0000] {dagbag.py:588} INFO - Filling up the DagBag from /opt/airflow/dags/sales_etl_dag.py
[2026-09-03T11:31:21.789+0000] {processor.py:925} INFO - DAG(s) 'etl_pipeline' retrieved from /opt/airflow/dags/sales_etl_dag.py
[2026-09-03T11:31:21.829+0000] {logging_mixin.py:190} INFO - [2026-09-03T11:31:21.828+0000] {dag.py:3239} INFO - Sync 1 DAGs
[2026-09-03T11:31:21.880+0000] {logging_mixin.py:190} INFO - [2026-09-03T11:31:21.879+0000] {dag.py:4180} INFO - Setting next_dagrun for etl_pipeline to 2026-09-03 00:00:00+00:00, run_after=2026-09-04 00:00:00+00:00
[2026-09-03T11:31:21.919+0000] {processor.py:208} INFO - Processing /opt/airflow/dags/sales_etl_dag.py took 0.171 seconds
[2026-09-03T11:31:52.190+0000] {processor.py:186} INFO - Started process (PID=1433) to work on /opt/airflow/dags/sales_etl_dag.py
[2026-09-03T11:31:52.191+0000] {processor.py:914} INFO - Processing file /opt/airflow/dags/sales_etl_dag.py for tasks to queue
[2026-09-03T11:31:52.194+0000] {logging_mixin.py:190} INFO - [2026-09-03T11:31:52.194+0000] {dagbag.py:588} INFO - Filling up the DagBag from /opt/airflow/dags/sales_etl_dag.py
[2026-09-03T11:31:52.219+0000] {processor.py:925} INFO - DAG(s) 'etl_pipeline' retrieved from /opt/airflow/dags/sales_etl_dag.py
[2026-09-03T11:31:52.252+0000] {logging_mixin.py:190} INFO - [2026-09-03T11:31:52.252+0000] {dag.py:3239} INFO - Sync 1 DAGs
[2026-09-03T11:31:52.982+0000] {logging_mixin.py:190} INFO - [2026-09-03T11:31:52.981+0000] {dag.py:4180} INFO - Setting next_dagrun for etl_pipeline to 2026-09-03 00:00:00+00:00, run_after=2026-09-04 00:00:00+00:00
[2026-09-03T11:31:53.003+0000] {processor.py:208} INFO - Processing /opt/airflow/dags/sales_etl_dag.py took 0.819 seconds
[2026-09-03T11:32:23.372+0000] {processor.py:186} INFO - Started process (PID=1438) to work on /opt/airflow/dags/sales_etl_dag.py
[2026-09-03T11:32:23.373+0000] {processor.py:914} INFO - Processing file /opt/airflow/dags/sales_etl_dag.py for tasks to queue
[2026-09-03T11:32:23.377+0000] {logging_mixin.py:190} INFO - [2026-09-03T11:32:23.376+0000] {dagbag.py:588} INFO - Filling up the DagBag from /opt/airflow/dags/sales_etl_dag.py
[2026-09-03T11:32:23.404+0000] {processor.py:925} INFO - DAG(s) 'etl_pipeline' retrieved from /opt/airflow/dags/sales_etl_dag.py
[2026-09-03T11:32:23.437+0000] {logging_mixin.py:190} INFO - [2026-09-03T11:32:23.437+0000] {dag.py:3239} INFO - Sync 1 DAGs
[2026-09-03T11:32:23.464+0000] {logging_mixin.py:190} INFO - [2026-09-03T11:32:23.464+0000] {dag.py:4180} INFO - Setting next_dagrun for etl_pipeline to 2026-09-03 00:00:00+00:00, run_after=2026-09-04 00:00:00+00:00
[2026-09-03T11:32:23.486+0000] {processor.py:208} INFO - Processing /opt/airflow/dags/sales_etl_dag.py took 0.121 seconds
[2026-09-03T11:32:53.825+0000] {processor.py:186} INFO - Started process (PID=1443) to work on /opt/airflow/dags/sales_etl_dag.py
[2026-09-03T11:32:53.826+0000] {processor.py:914} INFO - Processing file /opt/airflow/dags/sales_etl_dag.py for tasks to queue
[2026-09-03T11:32:53.830+0000] {logging_mixin.py:190} INFO - [2026-09-03T11:32:53.830+0000] {dagbag.py:588} INFO - Filling up the DagBag from /opt/airflow/dags/sales_etl_dag.py
[2026-09-03T11:32:53.856+0000] {processor.py:925} INFO - DAG(s) 'etl_pipeline' retrieved from /opt/airflow/dags/sales_etl_dag.py
[2026-09-03T11:32:53.886+0000] {logging_mixin.py:190} INFO - [2026-09-03T11:32:53.886+0000] {dag.py:3239} INFO - Sync 1 DAGs
[2026-09-03T11:32:53.911+0000] {logging_mixin.py:190} INFO - [2026-09-03T11:32:53.911+0000] {dag.py:4180} INFO - Setting next_dagrun for etl_pipeline to 2026-09-03 00:00:00+00:00, run_after=2026-09-04 00:00:00+00:00
[2026-09-03T11:32:53.930+0000] {processor.py:208} INFO - Processing /opt/airflow/dags/sales_etl_dag.py took 0.112 seconds
[2026-09-03T11:33:24.139+0000] {processor.py:186} INFO - Started process (PID=1448) to work on /opt/airflow/dags/sales_etl_dag.py
[2026-09-03T11:33:24.140+0000] {processor.py:914} INFO - Processing file /opt/airflow/dags/sales_etl_dag.py for tasks to queue
[2026-09-03T11:33:24.145+0000] {logging_mixin.py:190} INFO - [2026-09-03T11:33:24.144+0000] {dagbag.py:588} INFO - Filling up the DagBag from /opt/airflow/dags/sales_etl_dag.py
[2026-09-03T11:33:24.188+0000] {processor.py:925} INFO - DAG(s) 'etl_pipeline' retrieved from /opt/airflow/dags/sales_etl_dag.py
[2026-09-03T11:33:24.221+0000] {logging_mixin.py:190} INFO - [2026-09-03T11:33:24.221+0000] {dag.py:3239} INFO - Sync 1 DAGs
[2026-09-03T11:33:24.253+0000] {logging_mixin.py:190} INFO - [2026-09-03T11:33:24.253+0000] {dag.py:4180} INFO - Setting next_dagrun for etl_pipeline to 2026-09-03 00:00:00+00:00, run_after=2026-09-04 00:00:00+00:00
[2026-09-03T11:33:24.284+0000] {processor.py:208} INFO - Processing /opt/airflow/dags/sales_etl_dag.py took 0.153 seconds
[2026-09-03T11:33:54.585+0000] {processor.py:186} INFO - Started process (PID=1453) to work on /opt/airflow/dags/sales_etl_dag.py
[2026-09-03T11:33:54.594+0000] {processor.py:914} INFO - Processing file /opt/airflow/dags/sales_etl_dag.py for tasks to queue
[2026-09-03T11:33:54.603+0000] {logging_mixin.py:190} INFO - [2026-09-03T11:33:54.602+0000] {dagbag.py:588} INFO - Filling up the DagBag from /opt/airflow/dags/sales_etl_dag.py
[2026-09-03T11:33:54.640+0000] {processor.py:925} INFO - DAG(s) 'etl_pipeline' retrieved from /opt/airflow/dags/sales_etl_dag.py
[2026-09-03T11:33:54.700+0000] {logging_mixin.py:190} INFO - [2026-09-03T11:33:54.700+0000] {dag.py:3239} INFO - Sync 1 DAGs
[2026-09-03T11:33:54.744+0000] {logging_mixin.py:190} INFO - [2026-09-03T11:33:54.744+0000] {dag.py:4180} INFO - Setting next_dagrun for etl_pipeline to 2026-09-03 00:00:00+00:00, run_after=2026-09-04 00:00:00+00:00
[2026-09-03T11:33:54.783+0000] {processor.py:208} INFO - Processing /opt/airflow/dags/sales_etl_dag.py took 0.213 seconds
[2026-09-03T11:34:24.910+0000] {processor.py:186} INFO - Started process (PID=1458) to work on /opt/airflow/dags/sales_etl_dag.py
[2026-09-03T11:34:24.912+0000] {processor.py:914} INFO - Processing file /opt/airflow/dags/sales_etl_dag.py for tasks to queue
[2026-09-03T11:34:24.916+0000] {logging_mixin.py:190} INFO - [2026-09-03T11:34:24.915+0000] {dagbag.py:588} INFO - Filling up the DagBag from /opt/airflow/dags/sales_etl_dag.py
[2026-09-03T11:34:24.947+0000] {processor.py:925} INFO - DAG(s) 'etl_pipeline' retrieved from /opt/airflow/dags/sales_etl_dag.py
[2026-09-03T11:34:24.984+0000] {logging_mixin.py:190} INFO - [2026-09-03T11:34:24.984+0000] {dag.py:3239} INFO - Sync 1 DAGs
[2026-09-03T11:34:25.016+0000] {logging_mixin.py:190} INFO - [2026-09-03T11:34:25.015+0000] {dag.py:4180} INFO - Setting next_dagrun for etl_pipeline to 2026-09-03 00:00:00+00:00, run_after=2026-09-04 00:00:00+00:00
[2026-09-03T11:34:25.230+0000] {processor.py:208} INFO - Processing /opt/airflow/dags/sales_etl_dag.py took 0.327 seconds
[2026-09-03T11:34:55.530+0000] {processor.py:186} INFO - Started process (PID=1463) to work on /opt/airflow/dags/sales_etl_dag.py
[2026-09-03T11:34:55.532+0000] {processor.py:914} INFO - Processing file /opt/airflow/dags/sales_etl_dag.py for tasks to queue
[2026-09-03T11:34:55.537+0000] {logging_mixin.py:190} INFO - [2026-09-03T11:34:55.536+0000] {dagbag.py:588} INFO - Filling up the DagBag from /opt/airflow/dags/sales_etl_dag.py
[2026-09-03T11:34:55.571+0000] {processor.py:925} INFO - DAG(s) 'etl_pipeline' retrieved from /opt/airflow/dags/sales_etl_dag.py
[2026-09-03T11:34:55.609+0000] {logging_mixin.py:190} INFO - [2026-09-03T11:34:55.608+0000] {dag.py:3239} INFO - Sync 1 DAGs
[2026-09-03T11:34:55.641+0000] {logging_mixin.py:190} INFO - [2026-09-03T11:34:55.640+0000] {dag.py:4180} INFO - Setting next_dagrun for etl_pipeline to 2026-09-03 00:00:00+00:00, run_after=2026-09-04 00:00:00+00:00
[2026-09-03T11:34:55.667+0000] {processor.py:208} INFO - Processing /opt/airflow/dags/sales_etl_dag.py took 0.143 seconds
[2026-09-03T11:35:25.825+0000] {processor.py:186} INFO - Started process (PID=1468) to work on /opt/airflow/dags/sales_etl_dag.py
[2026-09-03T11:35:25.827+0000] {processor.py:914} INFO - Processing file /opt/airflow/dags/sales_etl_dag.py for tasks to queue
[2026-09-03T11:35:25.830+0000] {logging_mixin.py:190} INFO - [2026-09-03T11:35:25.830+0000] {dagbag.py:588} INFO - Filling up the DagBag from /opt/airflow/dags/sales_etl_dag.py
[2026-09-03T11:35:25.856+0000] {processor.py:925} INFO - DAG(s) 'etl_pipeline' retrieved from /opt/airflow/dags/sales_etl_dag.py
[2026-09-03T11:35:25.895+0000] {logging_mixin.py:190} INFO - [2026-09-03T11:35:25.894+0000] {dag.py:3239} INFO - Sync 1 DAGs
[2026-09-03T11:35:25.924+0000] {logging_mixin.py:190} INFO - [2026-09-03T11:35:25.924+0000] {dag.py:4180} INFO - Setting next_dagrun for etl_pipeline to 2026-09-03 00:00:00+00:00, run_after=2026-09-04 00:00:00+00:00
[2026-09-03T11:35:25.952+0000] {processor.py:208} INFO - Processing /opt/airflow/dags/sales_etl_dag.py took 0.132 seconds
[2026-09-03T11:35:56.136+0000] {processor.py:186} INFO - Started process (PID=1473) to work on /opt/airflow/dags/sales_etl_dag.py
[2026-09-03T11:35:56.138+0000] {processor.py:914} INFO - Processing file /opt/airflow/dags/sales_etl_dag.py for tasks to queue
[2026-09-03T11:35:56.140+0000] {logging_mixin.py:190} INFO - [2026-09-03T11:35:56.140+0000] {dagbag.py:588} INFO - Filling up the DagBag from /opt/airflow/dags/sales_etl_dag.py
[2026-09-03T11:35:56.170+0000] {processor.py:925} INFO - DAG(s) 'etl_pipeline' retrieved from /opt/airflow/dags/sales_etl_dag.py
[2026-09-03T11:35:56.205+0000] {logging_mixin.py:190} INFO - [2026-09-03T11:35:56.205+0000] {dag.py:3239} INFO - Sync 1 DAGs
[2026-09-03T11:35:56.234+0000] {logging_mixin.py:190} INFO - [2026-09-03T11:35:56.233+0000] {dag.py:4180} INFO - Setting next_dagrun for etl_pipeline to 2026-09-03 00:00:00+00:00, run_after=2026-09-04 00:00:00+00:00
[2026-09-03T11:35:56.259+0000] {processor.py:208} INFO - Processing /opt/airflow/dags/sales_etl_dag.py took 0.135 seconds
[2026-09-03T11:36:26.617+0000] {processor.py:186} INFO - Started process (PID=1478) to work on /opt/airflow/dags/sales_etl_dag.py
[2026-09-03T11:36:26.618+0000] {processor.py:914} INFO - Processing file /opt/airflow/dags/sales_etl_dag.py for tasks to queue
[2026-09-03T11:36:26.621+0000] {logging_mixin.py:190} INFO - [2026-09-03T11:36:26.620+0000] {dagbag.py:588} INFO - Filling up the DagBag from /opt/airflow/dags/sales_etl_dag.py
[2026-09-03T11:36:26.653+0000] {processor.py:925} INFO - DAG(s) 'etl_pipeline' retrieved from /opt/airflow/dags/sales_etl_dag.py
[2026-09-03T11:36:26.683+0000] {logging_mixin.py:190} INFO - [2026-09-03T11:36:26.682+0000] {dag.py:3239} INFO - Sync 1 DAGs
[2026-09-03T11:36:26.708+0000] {logging_mixin.py:190} INFO - [2026-09-03T11:36:26.708+0000] {dag.py:4180} INFO - Setting next_dagrun for etl_pipeline to 2026-09-03 00:00:00+00:00, run_after=2026-09-04 00:00:00+00:00
[2026-09-03T11:36:26.729+0000] {processor.py:208} INFO - Processing /opt/airflow/dags/sales_etl_dag.py took 0.120 seconds
[2026-09-03T11:36:57.002+0000] {processor.py:186} INFO - Started process (PID=1483) to work on /opt/airflow/dags/sales_etl_dag.py
[2026-09-03T11:36:57.004+0000] {processor.py:914} INFO - Processing file /opt/airflow/dags/sales_etl_dag.py for tasks to queue
[2026-09-03T11:36:57.011+0000] {logging_mixin.py:190} INFO - [2026-09-03T11:36:57.010+0000] {dagbag.py:588} INFO - Filling up the DagBag from /opt/airflow/dags/sales_etl_dag.py
[2026-09-03T11:36:57.059+0000] {processor.py:925} INFO - DAG(s) 'etl_pipeline' retrieved from /opt/airflow/dags/sales_etl_dag.py
[2026-09-03T11:36:57.127+0000] {logging_mixin.py:190} INFO - [2026-09-03T11:36:57.127+0000] {dag.py:3239} INFO - Sync 1 DAGs
[2026-09-03T11:36:57.159+0000] {logging_mixin.py:190} INFO - [2026-09-03T11:36:57.158+0000] {dag.py:4180} INFO - Setting next_dagrun for etl_pipeline to 2026-09-03 00:00:00+00:00, run_after=2026-09-04 00:00:00+00:00
[2026-09-03T11:36:57.183+0000] {processor.py:208} INFO - Processing /opt/airflow/dags/sales_etl_dag.py took 0.193 seconds
[2026-09-03T11:37:27.417+0000] {processor.py:186} INFO - Started process (PID=1488) to work on /opt/airflow/dags/sales_etl_dag.py
[2026-09-03T11:37:27.419+0000] {processor.py:914} INFO - Processing file /opt/airflow/dags/sales_etl_dag.py for tasks to queue
[2026-09-03T11:37:27.423+0000] {logging_mixin.py:190} INFO - [2026-09-03T11:37:27.422+0000] {dagbag.py:588} INFO - Filling up the DagBag from /opt/airflow/dags/sales_etl_dag.py
[2026-09-03T11:37:27.463+0000] {processor.py:925} INFO - DAG(s) 'etl_pipeline' retrieved from /opt/airflow/dags/sales_etl_dag.py
[2026-09-03T11:37:27.522+0000] {logging_mixin.py:190} INFO - [2026-09-03T11:37:27.522+0000] {dag.py:3239} INFO - Sync 1 DAGs
[2026-09-03T11:37:27.566+0000] {logging_mixin.py:190} INFO - [2026-09-03T11:37:27.566+0000] {dag.py:4180} INFO - Setting next_dagrun for etl_pipeline to 2026-09-03 00:00:00+00:00, run_after=2026-09-04 00:00:00+00:00
[2026-09-03T11:37:27.876+0000] {processor.py:208} INFO - Processing /opt/airflow/dags/sales_etl_dag.py took 0.468 seconds
[2026-09-03T11:37:58.272+0000] {processor.py:186} INFO - Started process (PID=1493) to work on /opt/airflow/dags/sales_etl_dag.py
[2026-09-03T11:37:58.274+0000] {processor.py:914} INFO - Processing file /opt/airflow/dags/sales_etl_dag.py for tasks to queue
[2026-09-03T11:37:58.278+0000] {logging_mixin.py:190} INFO - [2026-09-03T11:37:58.278+0000] {dagbag.py:588} INFO - Filling up the DagBag from /opt/airflow/dags/sales_etl_dag.py
[2026-09-03T11:37:58.312+0000] {processor.py:925} INFO - DAG(s) 'etl_pipeline' retrieved from /opt/airflow/dags/sales_etl_dag.py
[2026-09-03T11:37:58.346+0000] {logging_mixin.py:190} INFO - [2026-09-03T11:37:58.346+0000] {dag.py:3239} INFO - Sync 1 DAGs
[2026-09-03T11:37:58.376+0000] {logging_mixin.py:190} INFO - [2026-09-03T11:37:58.376+0000] {dag.py:4180} INFO - Setting next_dagrun for etl_pipeline to 2026-09-03 00:00:00+00:00, run_after=2026-09-04 00:00:00+00:00
[2026-09-03T11:37:58.398+0000] {processor.py:208} INFO - Processing /opt/airflow/dags/sales_etl_dag.py took 0.135 seconds
[2026-09-03T11:38:15.434+0000] {processor.py:186} INFO - Started process (PID=1498) to work on /opt/airflow/dags/sales_etl_dag.py
[2026-09-03T11:38:15.435+0000] {processor.py:914} INFO - Processing file /opt/airflow/dags/sales_etl_dag.py for tasks to queue
[2026-09-03T11:38:15.438+0000] {logging_mixin.py:190} INFO - [2026-09-03T11:38:15.437+0000] {dagbag.py:588} INFO - Filling up the DagBag from /opt/airflow/dags/sales_etl_dag.py
[2026-09-03T11:38:15.470+0000] {logging_mixin.py:190} INFO - [2026-09-03T11:38:15.468+0000] {dagbag.py:387} ERROR - Failed to import: /opt/airflow/dags/sales_etl_dag.py
Traceback (most recent call last):
  File "/home/airflow/.local/lib/python3.12/site-packages/airflow/models/dagbag.py", line 383, in parse
    loader.exec_module(new_module)
  File "<frozen importlib._bootstrap_external>", line 995, in exec_module
  File "<frozen importlib._bootstrap_external>", line 1133, in get_code
  File "<frozen importlib._bootstrap_external>", line 1063, in source_to_code
  File "<frozen importlib._bootstrap>", line 488, in _call_with_frames_removed
  File "/opt/airflow/dags/sales_etl_dag.py", line 4
    from datetime 
                  ^
SyntaxError: invalid syntax
[2026-09-03T11:38:15.471+0000] {processor.py:927} WARNING - No viable dags retrieved from /opt/airflow/dags/sales_etl_dag.py
[2026-09-03T11:38:15.498+0000] {processor.py:208} INFO - Processing /opt/airflow/dags/sales_etl_dag.py took 0.070 seconds
[2026-09-03T11:38:20.501+0000] {processor.py:186} INFO - Started process (PID=1503) to work on /opt/airflow/dags/sales_etl_dag.py
[2026-09-03T11:38:20.503+0000] {processor.py:914} INFO - Processing file /opt/airflow/dags/sales_etl_dag.py for tasks to queue
[2026-09-03T11:38:20.505+0000] {logging_mixin.py:190} INFO - [2026-09-03T11:38:20.505+0000] {dagbag.py:588} INFO - Filling up the DagBag from /opt/airflow/dags/sales_etl_dag.py
[2026-09-03T11:38:20.538+0000] {logging_mixin.py:190} INFO - [2026-09-03T11:38:20.533+0000] {dagbag.py:387} ERROR - Failed to import: /opt/airflow/dags/sales_etl_dag.py
Traceback (most recent call last):
  File "/home/airflow/.local/lib/python3.12/site-packages/airflow/models/dagbag.py", line 383, in parse
    loader.exec_module(new_module)
  File "<frozen importlib._bootstrap_external>", line 999, in exec_module
  File "<frozen importlib._bootstrap>", line 488, in _call_with_frames_removed
  File "/opt/airflow/dags/sales_etl_dag.py", line 4, in <module>
    from datetime import de
ImportError: cannot import name 'de' from 'datetime' (/usr/local/lib/python3.12/datetime.py)
[2026-09-03T11:38:20.540+0000] {processor.py:927} WARNING - No viable dags retrieved from /opt/airflow/dags/sales_etl_dag.py
[2026-09-03T11:38:20.566+0000] {processor.py:208} INFO - Processing /opt/airflow/dags/sales_etl_dag.py took 0.071 seconds
[2026-09-03T11:38:22.619+0000] {processor.py:186} INFO - Started process (PID=1508) to work on /opt/airflow/dags/sales_etl_dag.py
[2026-09-03T11:38:22.621+0000] {processor.py:914} INFO - Processing file /opt/airflow/dags/sales_etl_dag.py for tasks to queue
[2026-09-03T11:38:22.623+0000] {logging_mixin.py:190} INFO - [2026-09-03T11:38:22.623+0000] {dagbag.py:588} INFO - Filling up the DagBag from /opt/airflow/dags/sales_etl_dag.py
[2026-09-03T11:38:22.662+0000] {logging_mixin.py:190} INFO - [2026-09-03T11:38:22.655+0000] {dagbag.py:387} ERROR - Failed to import: /opt/airflow/dags/sales_etl_dag.py
Traceback (most recent call last):
  File "/home/airflow/.local/lib/python3.12/site-packages/airflow/models/dagbag.py", line 383, in parse
    loader.exec_module(new_module)
  File "<frozen importlib._bootstrap_external>", line 999, in exec_module
  File "<frozen importlib._bootstrap>", line 488, in _call_with_frames_removed
  File "/opt/airflow/dags/sales_etl_dag.py", line 4, in <module>
    from datetime import delta
ImportError: cannot import name 'delta' from 'datetime' (/usr/local/lib/python3.12/datetime.py)
[2026-09-03T11:38:22.667+0000] {processor.py:927} WARNING - No viable dags retrieved from /opt/airflow/dags/sales_etl_dag.py
[2026-09-03T11:38:22.695+0000] {processor.py:208} INFO - Processing /opt/airflow/dags/sales_etl_dag.py took 0.086 seconds
[2026-09-03T11:38:24.668+0000] {processor.py:186} INFO - Started process (PID=1513) to work on /opt/airflow/dags/sales_etl_dag.py
[2026-09-03T11:38:24.669+0000] {processor.py:914} INFO - Processing file /opt/airflow/dags/sales_etl_dag.py for tasks to queue
[2026-09-03T11:38:24.672+0000] {logging_mixin.py:190} INFO - [2026-09-03T11:38:24.671+0000] {dagbag.py:588} INFO - Filling up the DagBag from /opt/airflow/dags/sales_etl_dag.py
[2026-09-03T11:38:24.718+0000] {logging_mixin.py:190} INFO - [2026-09-03T11:38:24.710+0000] {dagbag.py:387} ERROR - Failed to import: /opt/airflow/dags/sales_etl_dag.py
Traceback (most recent call last):
  File "/home/airflow/.local/lib/python3.12/site-packages/airflow/models/dagbag.py", line 383, in parse
    loader.exec_module(new_module)
  File "<frozen importlib._bootstrap_external>", line 999, in exec_module
  File "<frozen importlib._bootstrap>", line 488, in _call_with_frames_removed
  File "/opt/airflow/dags/sales_etl_dag.py", line 4, in <module>
    from datetime import deltatime
ImportError: cannot import name 'deltatime' from 'datetime' (/usr/local/lib/python3.12/datetime.py). Did you mean: 'datetime'?
[2026-09-03T11:38:24.722+0000] {processor.py:927} WARNING - No viable dags retrieved from /opt/airflow/dags/sales_etl_dag.py
[2026-09-03T11:38:24.754+0000] {processor.py:208} INFO - Processing /opt/airflow/dags/sales_etl_dag.py took 0.094 seconds
[2026-09-03T11:38:30.835+0000] {processor.py:186} INFO - Started process (PID=1518) to work on /opt/airflow/dags/sales_etl_dag.py
[2026-09-03T11:38:30.837+0000] {processor.py:914} INFO - Processing file /opt/airflow/dags/sales_etl_dag.py for tasks to queue
[2026-09-03T11:38:30.840+0000] {logging_mixin.py:190} INFO - [2026-09-03T11:38:30.840+0000] {dagbag.py:588} INFO - Filling up the DagBag from /opt/airflow/dags/sales_etl_dag.py
[2026-09-03T11:38:30.860+0000] {logging_mixin.py:190} INFO - [2026-09-03T11:38:30.859+0000] {dagbag.py:387} ERROR - Failed to import: /opt/airflow/dags/sales_etl_dag.py
Traceback (most recent call last):
  File "/home/airflow/.local/lib/python3.12/site-packages/airflow/models/dagbag.py", line 383, in parse
    loader.exec_module(new_module)
  File "<frozen importlib._bootstrap_external>", line 995, in exec_module
  File "<frozen importlib._bootstrap_external>", line 1133, in get_code
  File "<frozen importlib._bootstrap_external>", line 1063, in source_to_code
  File "<frozen importlib._bootstrap>", line 488, in _call_with_frames_removed
  File "/opt/airflow/dags/sales_etl_dag.py", line 4
    from datetime import 
                         ^
SyntaxError: invalid syntax
[2026-09-03T11:38:30.861+0000] {processor.py:927} WARNING - No viable dags retrieved from /opt/airflow/dags/sales_etl_dag.py
[2026-09-03T11:38:30.896+0000] {processor.py:208} INFO - Processing /opt/airflow/dags/sales_etl_dag.py took 0.068 seconds
[2026-09-03T11:38:34.938+0000] {processor.py:186} INFO - Started process (PID=1523) to work on /opt/airflow/dags/sales_etl_dag.py
[2026-09-03T11:38:34.940+0000] {processor.py:914} INFO - Processing file /opt/airflow/dags/sales_etl_dag.py for tasks to queue
[2026-09-03T11:38:34.943+0000] {logging_mixin.py:190} INFO - [2026-09-03T11:38:34.942+0000] {dagbag.py:588} INFO - Filling up the DagBag from /opt/airflow/dags/sales_etl_dag.py
[2026-09-03T11:38:34.985+0000] {processor.py:925} INFO - DAG(s) 'etl_pipeline' retrieved from /opt/airflow/dags/sales_etl_dag.py
[2026-09-03T11:38:35.014+0000] {logging_mixin.py:190} INFO - [2026-09-03T11:38:35.014+0000] {dag.py:3239} INFO - Sync 1 DAGs
[2026-09-03T11:38:35.040+0000] {logging_mixin.py:190} INFO - [2026-09-03T11:38:35.040+0000] {dag.py:4180} INFO - Setting next_dagrun for etl_pipeline to 2026-09-03 00:00:00+00:00, run_after=2026-09-04 00:00:00+00:00
[2026-09-03T11:38:35.065+0000] {processor.py:208} INFO - Processing /opt/airflow/dags/sales_etl_dag.py took 0.135 seconds
[2026-09-03T11:38:43.221+0000] {processor.py:186} INFO - Started process (PID=1528) to work on /opt/airflow/dags/sales_etl_dag.py
[2026-09-03T11:38:43.222+0000] {processor.py:914} INFO - Processing file /opt/airflow/dags/sales_etl_dag.py for tasks to queue
[2026-09-03T11:38:43.227+0000] {logging_mixin.py:190} INFO - [2026-09-03T11:38:43.226+0000] {dagbag.py:588} INFO - Filling up the DagBag from /opt/airflow/dags/sales_etl_dag.py
[2026-09-03T11:38:43.292+0000] {processor.py:925} INFO - DAG(s) 'etl_pipeline' retrieved from /opt/airflow/dags/sales_etl_dag.py
[2026-09-03T11:38:43.336+0000] {logging_mixin.py:190} INFO - [2026-09-03T11:38:43.335+0000] {dag.py:3239} INFO - Sync 1 DAGs
[2026-09-03T11:38:43.368+0000] {logging_mixin.py:190} INFO - [2026-09-03T11:38:43.368+0000] {dag.py:4180} INFO - Setting next_dagrun for etl_pipeline to 2026-09-03 00:00:00+00:00, run_after=2026-09-04 00:00:00+00:00
[2026-09-03T11:38:43.404+0000] {processor.py:208} INFO - Processing /opt/airflow/dags/sales_etl_dag.py took 0.193 seconds
[2026-09-03T11:38:51.293+0000] {processor.py:186} INFO - Started process (PID=1533) to work on /opt/airflow/dags/sales_etl_dag.py
[2026-09-03T11:38:51.295+0000] {processor.py:914} INFO - Processing file /opt/airflow/dags/sales_etl_dag.py for tasks to queue
[2026-09-03T11:38:51.297+0000] {logging_mixin.py:190} INFO - [2026-09-03T11:38:51.297+0000] {dagbag.py:588} INFO - Filling up the DagBag from /opt/airflow/dags/sales_etl_dag.py
[2026-09-03T11:38:51.316+0000] {logging_mixin.py:190} INFO - [2026-09-03T11:38:51.315+0000] {dagbag.py:387} ERROR - Failed to import: /opt/airflow/dags/sales_etl_dag.py
Traceback (most recent call last):
  File "/home/airflow/.local/lib/python3.12/site-packages/airflow/models/dagbag.py", line 383, in parse
    loader.exec_module(new_module)
  File "<frozen importlib._bootstrap_external>", line 995, in exec_module
  File "<frozen importlib._bootstrap_external>", line 1133, in get_code
  File "<frozen importlib._bootstrap_external>", line 1063, in source_to_code
  File "<frozen importlib._bootstrap>", line 488, in _call_with_frames_removed
  File "/opt/airflow/dags/sales_etl_dag.py", line 7
    "retries":
             ^
SyntaxError: expression expected after dictionary key and ':'
[2026-09-03T11:38:51.317+0000] {processor.py:927} WARNING - No viable dags retrieved from /opt/airflow/dags/sales_etl_dag.py
[2026-09-03T11:38:51.350+0000] {processor.py:208} INFO - Processing /opt/airflow/dags/sales_etl_dag.py took 0.064 seconds
[2026-09-03T11:38:58.388+0000] {processor.py:186} INFO - Started process (PID=1538) to work on /opt/airflow/dags/sales_etl_dag.py
[2026-09-03T11:38:58.389+0000] {processor.py:914} INFO - Processing file /opt/airflow/dags/sales_etl_dag.py for tasks to queue
[2026-09-03T11:38:58.397+0000] {logging_mixin.py:190} INFO - [2026-09-03T11:38:58.397+0000] {dagbag.py:588} INFO - Filling up the DagBag from /opt/airflow/dags/sales_etl_dag.py
[2026-09-03T11:38:58.425+0000] {logging_mixin.py:190} INFO - [2026-09-03T11:38:58.424+0000] {dagbag.py:387} ERROR - Failed to import: /opt/airflow/dags/sales_etl_dag.py
Traceback (most recent call last):
  File "/home/airflow/.local/lib/python3.12/site-packages/airflow/models/dagbag.py", line 383, in parse
    loader.exec_module(new_module)
  File "<frozen importlib._bootstrap_external>", line 995, in exec_module
  File "<frozen importlib._bootstrap_external>", line 1133, in get_code
  File "<frozen importlib._bootstrap_external>", line 1063, in source_to_code
  File "<frozen importlib._bootstrap>", line 488, in _call_with_frames_removed
  File "/opt/airflow/dags/sales_etl_dag.py", line 8
    ""
     ^
SyntaxError: ':' expected after dictionary key
[2026-09-03T11:38:58.427+0000] {processor.py:927} WARNING - No viable dags retrieved from /opt/airflow/dags/sales_etl_dag.py
[2026-09-03T11:38:58.457+0000] {processor.py:208} INFO - Processing /opt/airflow/dags/sales_etl_dag.py took 0.077 seconds
[2026-09-03T11:39:07.555+0000] {processor.py:186} INFO - Started process (PID=1543) to work on /opt/airflow/dags/sales_etl_dag.py
[2026-09-03T11:39:07.557+0000] {processor.py:914} INFO - Processing file /opt/airflow/dags/sales_etl_dag.py for tasks to queue
[2026-09-03T11:39:07.561+0000] {logging_mixin.py:190} INFO - [2026-09-03T11:39:07.561+0000] {dagbag.py:588} INFO - Filling up the DagBag from /opt/airflow/dags/sales_etl_dag.py
[2026-09-03T11:39:07.592+0000] {logging_mixin.py:190} INFO - [2026-09-03T11:39:07.591+0000] {dagbag.py:387} ERROR - Failed to import: /opt/airflow/dags/sales_etl_dag.py
Traceback (most recent call last):
  File "/home/airflow/.local/lib/python3.12/site-packages/airflow/models/dagbag.py", line 383, in parse
    loader.exec_module(new_module)
  File "<frozen importlib._bootstrap_external>", line 995, in exec_module
  File "<frozen importlib._bootstrap_external>", line 1133, in get_code
  File "<frozen importlib._bootstrap_external>", line 1063, in source_to_code
  File "<frozen importlib._bootstrap>", line 488, in _call_with_frames_removed
  File "/opt/airflow/dags/sales_etl_dag.py", line 8
    "retry_delay"
                ^
SyntaxError: ':' expected after dictionary key
[2026-09-03T11:39:07.593+0000] {processor.py:927} WARNING - No viable dags retrieved from /opt/airflow/dags/sales_etl_dag.py
[2026-09-03T11:39:07.623+0000] {processor.py:208} INFO - Processing /opt/airflow/dags/sales_etl_dag.py took 0.075 seconds
[2026-09-03T11:39:08.598+0000] {processor.py:186} INFO - Started process (PID=1548) to work on /opt/airflow/dags/sales_etl_dag.py
[2026-09-03T11:39:08.600+0000] {processor.py:914} INFO - Processing file /opt/airflow/dags/sales_etl_dag.py for tasks to queue
[2026-09-03T11:39:08.604+0000] {logging_mixin.py:190} INFO - [2026-09-03T11:39:08.603+0000] {dagbag.py:588} INFO - Filling up the DagBag from /opt/airflow/dags/sales_etl_dag.py
[2026-09-03T11:39:08.631+0000] {logging_mixin.py:190} INFO - [2026-09-03T11:39:08.630+0000] {dagbag.py:387} ERROR - Failed to import: /opt/airflow/dags/sales_etl_dag.py
Traceback (most recent call last):
  File "/home/airflow/.local/lib/python3.12/site-packages/airflow/models/dagbag.py", line 383, in parse
    loader.exec_module(new_module)
  File "<frozen importlib._bootstrap_external>", line 995, in exec_module
  File "<frozen importlib._bootstrap_external>", line 1133, in get_code
  File "<frozen importlib._bootstrap_external>", line 1063, in source_to_code
  File "<frozen importlib._bootstrap>", line 488, in _call_with_frames_removed
  File "/opt/airflow/dags/sales_etl_dag.py", line 8
    "retry_delay":
                 ^
SyntaxError: expression expected after dictionary key and ':'
[2026-09-03T11:39:08.632+0000] {processor.py:927} WARNING - No viable dags retrieved from /opt/airflow/dags/sales_etl_dag.py
[2026-09-03T11:39:08.657+0000] {processor.py:208} INFO - Processing /opt/airflow/dags/sales_etl_dag.py took 0.067 seconds
[2026-09-03T11:39:20.816+0000] {processor.py:186} INFO - Started process (PID=1553) to work on /opt/airflow/dags/sales_etl_dag.py
[2026-09-03T11:39:20.817+0000] {processor.py:914} INFO - Processing file /opt/airflow/dags/sales_etl_dag.py for tasks to queue
[2026-09-03T11:39:20.821+0000] {logging_mixin.py:190} INFO - [2026-09-03T11:39:20.821+0000] {dagbag.py:588} INFO - Filling up the DagBag from /opt/airflow/dags/sales_etl_dag.py
[2026-09-03T11:39:20.871+0000] {processor.py:925} INFO - DAG(s) 'etl_pipeline' retrieved from /opt/airflow/dags/sales_etl_dag.py
[2026-09-03T11:39:20.909+0000] {logging_mixin.py:190} INFO - [2026-09-03T11:39:20.909+0000] {dag.py:3239} INFO - Sync 1 DAGs
[2026-09-03T11:39:20.939+0000] {logging_mixin.py:190} INFO - [2026-09-03T11:39:20.939+0000] {dag.py:4180} INFO - Setting next_dagrun for etl_pipeline to 2026-09-03 00:00:00+00:00, run_after=2026-09-04 00:00:00+00:00
[2026-09-03T11:39:20.969+0000] {processor.py:208} INFO - Processing /opt/airflow/dags/sales_etl_dag.py took 0.159 seconds
[2026-09-03T11:39:26.895+0000] {processor.py:186} INFO - Started process (PID=1558) to work on /opt/airflow/dags/sales_etl_dag.py
[2026-09-03T11:39:26.898+0000] {processor.py:914} INFO - Processing file /opt/airflow/dags/sales_etl_dag.py for tasks to queue
[2026-09-03T11:39:26.901+0000] {logging_mixin.py:190} INFO - [2026-09-03T11:39:26.901+0000] {dagbag.py:588} INFO - Filling up the DagBag from /opt/airflow/dags/sales_etl_dag.py
[2026-09-03T11:39:26.949+0000] {processor.py:925} INFO - DAG(s) 'etl_pipeline' retrieved from /opt/airflow/dags/sales_etl_dag.py
[2026-09-03T11:39:26.988+0000] {logging_mixin.py:190} INFO - [2026-09-03T11:39:26.988+0000] {dag.py:3239} INFO - Sync 1 DAGs
[2026-09-03T11:39:27.017+0000] {logging_mixin.py:190} INFO - [2026-09-03T11:39:27.017+0000] {dag.py:4180} INFO - Setting next_dagrun for etl_pipeline to 2026-09-03 00:00:00+00:00, run_after=2026-09-04 00:00:00+00:00
[2026-09-03T11:39:27.046+0000] {processor.py:208} INFO - Processing /opt/airflow/dags/sales_etl_dag.py took 0.163 seconds
[2026-09-03T11:39:33.131+0000] {processor.py:186} INFO - Started process (PID=1563) to work on /opt/airflow/dags/sales_etl_dag.py
[2026-09-03T11:39:33.132+0000] {processor.py:914} INFO - Processing file /opt/airflow/dags/sales_etl_dag.py for tasks to queue
[2026-09-03T11:39:33.136+0000] {logging_mixin.py:190} INFO - [2026-09-03T11:39:33.135+0000] {dagbag.py:588} INFO - Filling up the DagBag from /opt/airflow/dags/sales_etl_dag.py
[2026-09-03T11:39:33.179+0000] {processor.py:925} INFO - DAG(s) 'etl_pipeline' retrieved from /opt/airflow/dags/sales_etl_dag.py
[2026-09-03T11:39:33.206+0000] {logging_mixin.py:190} INFO - [2026-09-03T11:39:33.206+0000] {dag.py:3239} INFO - Sync 1 DAGs
[2026-09-03T11:39:33.232+0000] {logging_mixin.py:190} INFO - [2026-09-03T11:39:33.231+0000] {dag.py:4180} INFO - Setting next_dagrun for etl_pipeline to 2026-09-03 00:00:00+00:00, run_after=2026-09-04 00:00:00+00:00
[2026-09-03T11:39:33.278+0000] {processor.py:208} INFO - Processing /opt/airflow/dags/sales_etl_dag.py took 0.154 seconds
[2026-09-03T11:40:03.520+0000] {processor.py:186} INFO - Started process (PID=1568) to work on /opt/airflow/dags/sales_etl_dag.py
[2026-09-03T11:40:03.522+0000] {processor.py:914} INFO - Processing file /opt/airflow/dags/sales_etl_dag.py for tasks to queue
[2026-09-03T11:40:03.527+0000] {logging_mixin.py:190} INFO - [2026-09-03T11:40:03.527+0000] {dagbag.py:588} INFO - Filling up the DagBag from /opt/airflow/dags/sales_etl_dag.py
[2026-09-03T11:40:03.558+0000] {processor.py:925} INFO - DAG(s) 'etl_pipeline' retrieved from /opt/airflow/dags/sales_etl_dag.py
[2026-09-03T11:40:03.594+0000] {logging_mixin.py:190} INFO - [2026-09-03T11:40:03.594+0000] {dag.py:3239} INFO - Sync 1 DAGs
[2026-09-03T11:40:03.623+0000] {logging_mixin.py:190} INFO - [2026-09-03T11:40:03.622+0000] {dag.py:4180} INFO - Setting next_dagrun for etl_pipeline to 2026-09-03 00:00:00+00:00, run_after=2026-09-04 00:00:00+00:00
[2026-09-03T11:40:03.907+0000] {processor.py:208} INFO - Processing /opt/airflow/dags/sales_etl_dag.py took 0.395 seconds
[2026-09-03T11:40:07.700+0000] {processor.py:186} INFO - Started process (PID=1573) to work on /opt/airflow/dags/sales_etl_dag.py
[2026-09-03T11:40:07.701+0000] {processor.py:914} INFO - Processing file /opt/airflow/dags/sales_etl_dag.py for tasks to queue
[2026-09-03T11:40:07.705+0000] {logging_mixin.py:190} INFO - [2026-09-03T11:40:07.704+0000] {dagbag.py:588} INFO - Filling up the DagBag from /opt/airflow/dags/sales_etl_dag.py
[2026-09-03T11:40:07.730+0000] {logging_mixin.py:190} INFO - [2026-09-03T11:40:07.729+0000] {dagbag.py:387} ERROR - Failed to import: /opt/airflow/dags/sales_etl_dag.py
Traceback (most recent call last):
  File "/home/airflow/.local/lib/python3.12/site-packages/airflow/models/dagbag.py", line 383, in parse
    loader.exec_module(new_module)
  File "<frozen importlib._bootstrap_external>", line 995, in exec_module
  File "<frozen importlib._bootstrap_external>", line 1133, in get_code
  File "<frozen importlib._bootstrap_external>", line 1063, in source_to_code
  File "<frozen importlib._bootstrap>", line 488, in _call_with_frames_removed
  File "/opt/airflow/dags/sales_etl_dag.py", line 16
    catchup=False,
           ^
SyntaxError: invalid syntax
[2026-09-03T11:40:07.731+0000] {processor.py:927} WARNING - No viable dags retrieved from /opt/airflow/dags/sales_etl_dag.py
[2026-09-03T11:40:07.764+0000] {processor.py:208} INFO - Processing /opt/airflow/dags/sales_etl_dag.py took 0.072 seconds
[2026-09-03T11:40:11.753+0000] {processor.py:186} INFO - Started process (PID=1578) to work on /opt/airflow/dags/sales_etl_dag.py
[2026-09-03T11:40:11.754+0000] {processor.py:914} INFO - Processing file /opt/airflow/dags/sales_etl_dag.py for tasks to queue
[2026-09-03T11:40:11.757+0000] {logging_mixin.py:190} INFO - [2026-09-03T11:40:11.756+0000] {dagbag.py:588} INFO - Filling up the DagBag from /opt/airflow/dags/sales_etl_dag.py
[2026-09-03T11:40:11.806+0000] {processor.py:925} INFO - DAG(s) 'etl_pipeline' retrieved from /opt/airflow/dags/sales_etl_dag.py
[2026-09-03T11:40:12.540+0000] {logging_mixin.py:190} INFO - [2026-09-03T11:40:12.540+0000] {dag.py:3239} INFO - Sync 1 DAGs
[2026-09-03T11:40:12.583+0000] {logging_mixin.py:190} INFO - [2026-09-03T11:40:12.582+0000] {dag.py:4180} INFO - Setting next_dagrun for etl_pipeline to 2026-09-03 00:00:00+00:00, run_after=2026-09-04 00:00:00+00:00
[2026-09-03T11:40:12.629+0000] {processor.py:208} INFO - Processing /opt/airflow/dags/sales_etl_dag.py took 0.881 seconds
[2026-09-03T11:40:28.082+0000] {processor.py:186} INFO - Started process (PID=1583) to work on /opt/airflow/dags/sales_etl_dag.py
[2026-09-03T11:40:28.086+0000] {processor.py:914} INFO - Processing file /opt/airflow/dags/sales_etl_dag.py for tasks to queue
[2026-09-03T11:40:28.089+0000] {logging_mixin.py:190} INFO - [2026-09-03T11:40:28.089+0000] {dagbag.py:588} INFO - Filling up the DagBag from /opt/airflow/dags/sales_etl_dag.py
[2026-09-03T11:40:28.137+0000] {processor.py:925} INFO - DAG(s) 'etl_pipeline' retrieved from /opt/airflow/dags/sales_etl_dag.py
[2026-09-03T11:40:28.155+0000] {logging_mixin.py:190} INFO - [2026-09-03T11:40:28.155+0000] {dag.py:3239} INFO - Sync 1 DAGs
[2026-09-03T11:40:28.198+0000] {logging_mixin.py:190} INFO - [2026-09-03T11:40:28.198+0000] {dag.py:4180} INFO - Setting next_dagrun for etl_pipeline to 2026-09-02 02:00:00+00:00, run_after=2026-09-03 02:00:00+00:00
[2026-09-03T11:40:28.440+0000] {processor.py:208} INFO - Processing /opt/airflow/dags/sales_etl_dag.py took 0.367 seconds
[2026-09-03T11:40:58.772+0000] {processor.py:186} INFO - Started process (PID=1624) to work on /opt/airflow/dags/sales_etl_dag.py
[2026-09-03T11:40:58.776+0000] {processor.py:914} INFO - Processing file /opt/airflow/dags/sales_etl_dag.py for tasks to queue
[2026-09-03T11:40:58.797+0000] {logging_mixin.py:190} INFO - [2026-09-03T11:40:58.794+0000] {dagbag.py:588} INFO - Filling up the DagBag from /opt/airflow/dags/sales_etl_dag.py
[2026-09-03T11:40:58.858+0000] {processor.py:925} INFO - DAG(s) 'etl_pipeline' retrieved from /opt/airflow/dags/sales_etl_dag.py
[2026-09-03T11:40:59.198+0000] {logging_mixin.py:190} INFO - [2026-09-03T11:40:59.198+0000] {dag.py:3239} INFO - Sync 1 DAGs
[2026-09-03T11:40:59.877+0000] {logging_mixin.py:190} INFO - [2026-09-03T11:40:59.877+0000] {dag.py:4180} INFO - Setting next_dagrun for etl_pipeline to 2026-09-03 02:00:00+00:00, run_after=2026-09-04 02:00:00+00:00
[2026-09-03T11:40:59.907+0000] {processor.py:208} INFO - Processing /opt/airflow/dags/sales_etl_dag.py took 1.168 seconds
[2026-09-03T11:41:10.901+0000] {processor.py:186} INFO - Started process (PID=1629) to work on /opt/airflow/dags/sales_etl_dag.py
[2026-09-03T11:41:10.906+0000] {processor.py:914} INFO - Processing file /opt/airflow/dags/sales_etl_dag.py for tasks to queue
[2026-09-03T11:41:10.921+0000] {logging_mixin.py:190} INFO - [2026-09-03T11:41:10.919+0000] {dagbag.py:588} INFO - Filling up the DagBag from /opt/airflow/dags/sales_etl_dag.py
[2026-09-03T11:41:10.994+0000] {processor.py:925} INFO - DAG(s) 'etl_pipeline' retrieved from /opt/airflow/dags/sales_etl_dag.py
[2026-09-03T11:41:11.042+0000] {logging_mixin.py:190} INFO - [2026-09-03T11:41:11.042+0000] {dag.py:3239} INFO - Sync 1 DAGs
[2026-09-03T11:41:11.122+0000] {logging_mixin.py:190} INFO - [2026-09-03T11:41:11.121+0000] {dag.py:4180} INFO - Setting next_dagrun for etl_pipeline to 2026-09-03 02:00:00+00:00, run_after=2026-09-04 02:00:00+00:00
[2026-09-03T11:41:11.178+0000] {processor.py:208} INFO - Processing /opt/airflow/dags/sales_etl_dag.py took 0.321 seconds
[2026-09-03T11:41:41.316+0000] {processor.py:186} INFO - Started process (PID=1682) to work on /opt/airflow/dags/sales_etl_dag.py
[2026-09-03T11:41:41.317+0000] {processor.py:914} INFO - Processing file /opt/airflow/dags/sales_etl_dag.py for tasks to queue
[2026-09-03T11:41:41.323+0000] {logging_mixin.py:190} INFO - [2026-09-03T11:41:41.322+0000] {dagbag.py:588} INFO - Filling up the DagBag from /opt/airflow/dags/sales_etl_dag.py
[2026-09-03T11:41:41.382+0000] {processor.py:925} INFO - DAG(s) 'etl_pipeline' retrieved from /opt/airflow/dags/sales_etl_dag.py
[2026-09-03T11:41:41.419+0000] {logging_mixin.py:190} INFO - [2026-09-03T11:41:41.419+0000] {dag.py:3239} INFO - Sync 1 DAGs
[2026-09-03T11:41:41.458+0000] {logging_mixin.py:190} INFO - [2026-09-03T11:41:41.458+0000] {dag.py:4180} INFO - Setting next_dagrun for etl_pipeline to 2026-09-03 02:00:00+00:00, run_after=2026-09-04 02:00:00+00:00
[2026-09-03T11:41:41.529+0000] {processor.py:208} INFO - Processing /opt/airflow/dags/sales_etl_dag.py took 0.224 seconds
[2026-09-03T11:42:11.801+0000] {processor.py:186} INFO - Started process (PID=1699) to work on /opt/airflow/dags/sales_etl_dag.py
[2026-09-03T11:42:11.803+0000] {processor.py:914} INFO - Processing file /opt/airflow/dags/sales_etl_dag.py for tasks to queue
[2026-09-03T11:42:11.806+0000] {logging_mixin.py:190} INFO - [2026-09-03T11:42:11.806+0000] {dagbag.py:588} INFO - Filling up the DagBag from /opt/airflow/dags/sales_etl_dag.py
[2026-09-03T11:42:11.835+0000] {processor.py:925} INFO - DAG(s) 'etl_pipeline' retrieved from /opt/airflow/dags/sales_etl_dag.py
[2026-09-03T11:42:11.864+0000] {logging_mixin.py:190} INFO - [2026-09-03T11:42:11.864+0000] {dag.py:3239} INFO - Sync 1 DAGs
[2026-09-03T11:42:11.887+0000] {logging_mixin.py:190} INFO - [2026-09-03T11:42:11.887+0000] {dag.py:4180} INFO - Setting next_dagrun for etl_pipeline to 2026-09-03 02:00:00+00:00, run_after=2026-09-04 02:00:00+00:00
[2026-09-03T11:42:11.915+0000] {processor.py:208} INFO - Processing /opt/airflow/dags/sales_etl_dag.py took 0.120 seconds
[2026-09-03T11:42:42.105+0000] {processor.py:186} INFO - Started process (PID=1704) to work on /opt/airflow/dags/sales_etl_dag.py
[2026-09-03T11:42:42.107+0000] {processor.py:914} INFO - Processing file /opt/airflow/dags/sales_etl_dag.py for tasks to queue
[2026-09-03T11:42:42.111+0000] {logging_mixin.py:190} INFO - [2026-09-03T11:42:42.110+0000] {dagbag.py:588} INFO - Filling up the DagBag from /opt/airflow/dags/sales_etl_dag.py
[2026-09-03T11:42:42.138+0000] {processor.py:925} INFO - DAG(s) 'etl_pipeline' retrieved from /opt/airflow/dags/sales_etl_dag.py
[2026-09-03T11:42:42.183+0000] {logging_mixin.py:190} INFO - [2026-09-03T11:42:42.183+0000] {dag.py:3239} INFO - Sync 1 DAGs
[2026-09-03T11:42:42.211+0000] {logging_mixin.py:190} INFO - [2026-09-03T11:42:42.211+0000] {dag.py:4180} INFO - Setting next_dagrun for etl_pipeline to 2026-09-03 02:00:00+00:00, run_after=2026-09-04 02:00:00+00:00
[2026-09-03T11:42:42.233+0000] {processor.py:208} INFO - Processing /opt/airflow/dags/sales_etl_dag.py took 0.135 seconds
[2026-09-03T11:43:12.465+0000] {processor.py:186} INFO - Started process (PID=1709) to work on /opt/airflow/dags/sales_etl_dag.py
[2026-09-03T11:43:12.467+0000] {processor.py:914} INFO - Processing file /opt/airflow/dags/sales_etl_dag.py for tasks to queue
[2026-09-03T11:43:12.470+0000] {logging_mixin.py:190} INFO - [2026-09-03T11:43:12.470+0000] {dagbag.py:588} INFO - Filling up the DagBag from /opt/airflow/dags/sales_etl_dag.py
[2026-09-03T11:43:12.506+0000] {processor.py:925} INFO - DAG(s) 'etl_pipeline' retrieved from /opt/airflow/dags/sales_etl_dag.py
[2026-09-03T11:43:12.548+0000] {logging_mixin.py:190} INFO - [2026-09-03T11:43:12.548+0000] {dag.py:3239} INFO - Sync 1 DAGs
[2026-09-03T11:43:12.756+0000] {logging_mixin.py:190} INFO - [2026-09-03T11:43:12.755+0000] {dag.py:4180} INFO - Setting next_dagrun for etl_pipeline to 2026-09-03 02:00:00+00:00, run_after=2026-09-04 02:00:00+00:00
[2026-09-03T11:43:12.786+0000] {processor.py:208} INFO - Processing /opt/airflow/dags/sales_etl_dag.py took 0.331 seconds
[2026-09-03T11:43:43.109+0000] {processor.py:186} INFO - Started process (PID=1714) to work on /opt/airflow/dags/sales_etl_dag.py
[2026-09-03T11:43:43.111+0000] {processor.py:914} INFO - Processing file /opt/airflow/dags/sales_etl_dag.py for tasks to queue
[2026-09-03T11:43:43.115+0000] {logging_mixin.py:190} INFO - [2026-09-03T11:43:43.114+0000] {dagbag.py:588} INFO - Filling up the DagBag from /opt/airflow/dags/sales_etl_dag.py
[2026-09-03T11:43:43.166+0000] {processor.py:925} INFO - DAG(s) 'etl_pipeline' retrieved from /opt/airflow/dags/sales_etl_dag.py
[2026-09-03T11:43:43.207+0000] {logging_mixin.py:190} INFO - [2026-09-03T11:43:43.207+0000] {dag.py:3239} INFO - Sync 1 DAGs
[2026-09-03T11:43:43.236+0000] {logging_mixin.py:190} INFO - [2026-09-03T11:43:43.235+0000] {dag.py:4180} INFO - Setting next_dagrun for etl_pipeline to 2026-09-03 02:00:00+00:00, run_after=2026-09-04 02:00:00+00:00
[2026-09-03T11:43:43.263+0000] {processor.py:208} INFO - Processing /opt/airflow/dags/sales_etl_dag.py took 0.164 seconds
[2026-09-03T11:44:13.377+0000] {processor.py:186} INFO - Started process (PID=1719) to work on /opt/airflow/dags/sales_etl_dag.py
[2026-09-03T11:44:13.379+0000] {processor.py:914} INFO - Processing file /opt/airflow/dags/sales_etl_dag.py for tasks to queue
[2026-09-03T11:44:13.382+0000] {logging_mixin.py:190} INFO - [2026-09-03T11:44:13.381+0000] {dagbag.py:588} INFO - Filling up the DagBag from /opt/airflow/dags/sales_etl_dag.py
[2026-09-03T11:44:13.426+0000] {processor.py:925} INFO - DAG(s) 'etl_pipeline' retrieved from /opt/airflow/dags/sales_etl_dag.py
[2026-09-03T11:44:13.461+0000] {logging_mixin.py:190} INFO - [2026-09-03T11:44:13.460+0000] {dag.py:3239} INFO - Sync 1 DAGs
[2026-09-03T11:44:13.488+0000] {logging_mixin.py:190} INFO - [2026-09-03T11:44:13.488+0000] {dag.py:4180} INFO - Setting next_dagrun for etl_pipeline to 2026-09-03 02:00:00+00:00, run_after=2026-09-04 02:00:00+00:00
[2026-09-03T11:44:13.508+0000] {processor.py:208} INFO - Processing /opt/airflow/dags/sales_etl_dag.py took 0.138 seconds
[2026-09-03T11:44:43.924+0000] {processor.py:186} INFO - Started process (PID=1724) to work on /opt/airflow/dags/sales_etl_dag.py
[2026-09-03T11:44:43.925+0000] {processor.py:914} INFO - Processing file /opt/airflow/dags/sales_etl_dag.py for tasks to queue
[2026-09-03T11:44:43.928+0000] {logging_mixin.py:190} INFO - [2026-09-03T11:44:43.927+0000] {dagbag.py:588} INFO - Filling up the DagBag from /opt/airflow/dags/sales_etl_dag.py
[2026-09-03T11:44:43.958+0000] {processor.py:925} INFO - DAG(s) 'etl_pipeline' retrieved from /opt/airflow/dags/sales_etl_dag.py
[2026-09-03T11:44:43.995+0000] {logging_mixin.py:190} INFO - [2026-09-03T11:44:43.995+0000] {dag.py:3239} INFO - Sync 1 DAGs
[2026-09-03T11:44:44.031+0000] {logging_mixin.py:190} INFO - [2026-09-03T11:44:44.030+0000] {dag.py:4180} INFO - Setting next_dagrun for etl_pipeline to 2026-09-03 02:00:00+00:00, run_after=2026-09-04 02:00:00+00:00
[2026-09-03T11:44:44.059+0000] {processor.py:208} INFO - Processing /opt/airflow/dags/sales_etl_dag.py took 0.145 seconds
[2026-09-03T11:45:14.253+0000] {processor.py:186} INFO - Started process (PID=1729) to work on /opt/airflow/dags/sales_etl_dag.py
[2026-09-03T11:45:14.255+0000] {processor.py:914} INFO - Processing file /opt/airflow/dags/sales_etl_dag.py for tasks to queue
[2026-09-03T11:45:14.258+0000] {logging_mixin.py:190} INFO - [2026-09-03T11:45:14.257+0000] {dagbag.py:588} INFO - Filling up the DagBag from /opt/airflow/dags/sales_etl_dag.py
[2026-09-03T11:45:14.287+0000] {processor.py:925} INFO - DAG(s) 'etl_pipeline' retrieved from /opt/airflow/dags/sales_etl_dag.py
[2026-09-03T11:45:14.318+0000] {logging_mixin.py:190} INFO - [2026-09-03T11:45:14.318+0000] {dag.py:3239} INFO - Sync 1 DAGs
[2026-09-03T11:45:14.342+0000] {logging_mixin.py:190} INFO - [2026-09-03T11:45:14.342+0000] {dag.py:4180} INFO - Setting next_dagrun for etl_pipeline to 2026-09-03 02:00:00+00:00, run_after=2026-09-04 02:00:00+00:00
[2026-09-03T11:45:14.363+0000] {processor.py:208} INFO - Processing /opt/airflow/dags/sales_etl_dag.py took 0.118 seconds
[2026-09-03T11:45:44.807+0000] {processor.py:186} INFO - Started process (PID=1734) to work on /opt/airflow/dags/sales_etl_dag.py
[2026-09-03T11:45:44.808+0000] {processor.py:914} INFO - Processing file /opt/airflow/dags/sales_etl_dag.py for tasks to queue
[2026-09-03T11:45:44.811+0000] {logging_mixin.py:190} INFO - [2026-09-03T11:45:44.810+0000] {dagbag.py:588} INFO - Filling up the DagBag from /opt/airflow/dags/sales_etl_dag.py
[2026-09-03T11:45:44.833+0000] {processor.py:925} INFO - DAG(s) 'etl_pipeline' retrieved from /opt/airflow/dags/sales_etl_dag.py
[2026-09-03T11:45:44.862+0000] {logging_mixin.py:190} INFO - [2026-09-03T11:45:44.862+0000] {dag.py:3239} INFO - Sync 1 DAGs
[2026-09-03T11:45:44.889+0000] {logging_mixin.py:190} INFO - [2026-09-03T11:45:44.889+0000] {dag.py:4180} INFO - Setting next_dagrun for etl_pipeline to 2026-09-03 02:00:00+00:00, run_after=2026-09-04 02:00:00+00:00
[2026-09-03T11:45:45.076+0000] {processor.py:208} INFO - Processing /opt/airflow/dags/sales_etl_dag.py took 0.275 seconds
[2026-09-03T11:46:15.203+0000] {processor.py:186} INFO - Started process (PID=1739) to work on /opt/airflow/dags/sales_etl_dag.py
[2026-09-03T11:46:15.205+0000] {processor.py:914} INFO - Processing file /opt/airflow/dags/sales_etl_dag.py for tasks to queue
[2026-09-03T11:46:15.211+0000] {logging_mixin.py:190} INFO - [2026-09-03T11:46:15.210+0000] {dagbag.py:588} INFO - Filling up the DagBag from /opt/airflow/dags/sales_etl_dag.py
[2026-09-03T11:46:15.250+0000] {processor.py:925} INFO - DAG(s) 'etl_pipeline' retrieved from /opt/airflow/dags/sales_etl_dag.py
[2026-09-03T11:46:15.280+0000] {logging_mixin.py:190} INFO - [2026-09-03T11:46:15.280+0000] {dag.py:3239} INFO - Sync 1 DAGs
[2026-09-03T11:46:15.474+0000] {logging_mixin.py:190} INFO - [2026-09-03T11:46:15.474+0000] {dag.py:4180} INFO - Setting next_dagrun for etl_pipeline to 2026-09-03 02:00:00+00:00, run_after=2026-09-04 02:00:00+00:00
[2026-09-03T11:46:15.497+0000] {processor.py:208} INFO - Processing /opt/airflow/dags/sales_etl_dag.py took 0.302 seconds
[2026-09-03T11:46:45.866+0000] {processor.py:186} INFO - Started process (PID=1744) to work on /opt/airflow/dags/sales_etl_dag.py
[2026-09-03T11:46:45.868+0000] {processor.py:914} INFO - Processing file /opt/airflow/dags/sales_etl_dag.py for tasks to queue
[2026-09-03T11:46:45.871+0000] {logging_mixin.py:190} INFO - [2026-09-03T11:46:45.871+0000] {dagbag.py:588} INFO - Filling up the DagBag from /opt/airflow/dags/sales_etl_dag.py
[2026-09-03T11:46:45.896+0000] {processor.py:925} INFO - DAG(s) 'etl_pipeline' retrieved from /opt/airflow/dags/sales_etl_dag.py
[2026-09-03T11:46:45.924+0000] {logging_mixin.py:190} INFO - [2026-09-03T11:46:45.923+0000] {dag.py:3239} INFO - Sync 1 DAGs
[2026-09-03T11:46:45.948+0000] {logging_mixin.py:190} INFO - [2026-09-03T11:46:45.948+0000] {dag.py:4180} INFO - Setting next_dagrun for etl_pipeline to 2026-09-03 02:00:00+00:00, run_after=2026-09-04 02:00:00+00:00
[2026-09-03T11:46:45.970+0000] {processor.py:208} INFO - Processing /opt/airflow/dags/sales_etl_dag.py took 0.112 seconds
[2026-09-03T11:47:16.256+0000] {processor.py:186} INFO - Started process (PID=1749) to work on /opt/airflow/dags/sales_etl_dag.py
[2026-09-03T11:47:16.257+0000] {processor.py:914} INFO - Processing file /opt/airflow/dags/sales_etl_dag.py for tasks to queue
[2026-09-03T11:47:16.260+0000] {logging_mixin.py:190} INFO - [2026-09-03T11:47:16.259+0000] {dagbag.py:588} INFO - Filling up the DagBag from /opt/airflow/dags/sales_etl_dag.py
[2026-09-03T11:47:16.287+0000] {processor.py:925} INFO - DAG(s) 'etl_pipeline' retrieved from /opt/airflow/dags/sales_etl_dag.py
[2026-09-03T11:47:16.315+0000] {logging_mixin.py:190} INFO - [2026-09-03T11:47:16.314+0000] {dag.py:3239} INFO - Sync 1 DAGs
[2026-09-03T11:47:16.337+0000] {logging_mixin.py:190} INFO - [2026-09-03T11:47:16.337+0000] {dag.py:4180} INFO - Setting next_dagrun for etl_pipeline to 2026-09-03 02:00:00+00:00, run_after=2026-09-04 02:00:00+00:00
[2026-09-03T11:47:16.357+0000] {processor.py:208} INFO - Processing /opt/airflow/dags/sales_etl_dag.py took 0.106 seconds
[2026-09-03T11:47:46.675+0000] {processor.py:186} INFO - Started process (PID=1754) to work on /opt/airflow/dags/sales_etl_dag.py
[2026-09-03T11:47:46.677+0000] {processor.py:914} INFO - Processing file /opt/airflow/dags/sales_etl_dag.py for tasks to queue
[2026-09-03T11:47:46.679+0000] {logging_mixin.py:190} INFO - [2026-09-03T11:47:46.679+0000] {dagbag.py:588} INFO - Filling up the DagBag from /opt/airflow/dags/sales_etl_dag.py
[2026-09-03T11:47:46.706+0000] {processor.py:925} INFO - DAG(s) 'etl_pipeline' retrieved from /opt/airflow/dags/sales_etl_dag.py
[2026-09-03T11:47:46.744+0000] {logging_mixin.py:190} INFO - [2026-09-03T11:47:46.743+0000] {dag.py:3239} INFO - Sync 1 DAGs
[2026-09-03T11:47:46.776+0000] {logging_mixin.py:190} INFO - [2026-09-03T11:47:46.776+0000] {dag.py:4180} INFO - Setting next_dagrun for etl_pipeline to 2026-09-03 02:00:00+00:00, run_after=2026-09-04 02:00:00+00:00
[2026-09-03T11:47:46.796+0000] {processor.py:208} INFO - Processing /opt/airflow/dags/sales_etl_dag.py took 0.125 seconds
[2026-09-03T11:49:41.963+0000] {processor.py:186} INFO - Started process (PID=1759) to work on /opt/airflow/dags/sales_etl_dag.py
[2026-09-03T11:49:41.964+0000] {processor.py:914} INFO - Processing file /opt/airflow/dags/sales_etl_dag.py for tasks to queue
[2026-09-03T11:49:41.968+0000] {logging_mixin.py:190} INFO - [2026-09-03T11:49:41.968+0000] {dagbag.py:588} INFO - Filling up the DagBag from /opt/airflow/dags/sales_etl_dag.py
[2026-09-03T11:49:41.994+0000] {processor.py:925} INFO - DAG(s) 'etl_pipeline' retrieved from /opt/airflow/dags/sales_etl_dag.py
[2026-09-03T11:49:42.033+0000] {logging_mixin.py:190} INFO - [2026-09-03T11:49:42.033+0000] {dag.py:3239} INFO - Sync 1 DAGs
[2026-09-03T11:49:42.059+0000] {logging_mixin.py:190} INFO - [2026-09-03T11:49:42.059+0000] {dag.py:4180} INFO - Setting next_dagrun for etl_pipeline to 2026-09-03 02:00:00+00:00, run_after=2026-09-04 02:00:00+00:00
[2026-09-03T11:49:42.079+0000] {processor.py:208} INFO - Processing /opt/airflow/dags/sales_etl_dag.py took 0.124 seconds
[2026-09-03T11:50:12.288+0000] {processor.py:186} INFO - Started process (PID=1764) to work on /opt/airflow/dags/sales_etl_dag.py
[2026-09-03T11:50:12.290+0000] {processor.py:914} INFO - Processing file /opt/airflow/dags/sales_etl_dag.py for tasks to queue
[2026-09-03T11:50:12.293+0000] {logging_mixin.py:190} INFO - [2026-09-03T11:50:12.293+0000] {dagbag.py:588} INFO - Filling up the DagBag from /opt/airflow/dags/sales_etl_dag.py
[2026-09-03T11:50:12.320+0000] {processor.py:925} INFO - DAG(s) 'etl_pipeline' retrieved from /opt/airflow/dags/sales_etl_dag.py
[2026-09-03T11:50:12.350+0000] {logging_mixin.py:190} INFO - [2026-09-03T11:50:12.349+0000] {dag.py:3239} INFO - Sync 1 DAGs
[2026-09-03T11:50:12.378+0000] {logging_mixin.py:190} INFO - [2026-09-03T11:50:12.377+0000] {dag.py:4180} INFO - Setting next_dagrun for etl_pipeline to 2026-09-03 02:00:00+00:00, run_after=2026-09-04 02:00:00+00:00
[2026-09-03T11:50:12.401+0000] {processor.py:208} INFO - Processing /opt/airflow/dags/sales_etl_dag.py took 0.118 seconds
[2026-09-03T11:50:42.655+0000] {processor.py:186} INFO - Started process (PID=1769) to work on /opt/airflow/dags/sales_etl_dag.py
[2026-09-03T11:50:42.657+0000] {processor.py:914} INFO - Processing file /opt/airflow/dags/sales_etl_dag.py for tasks to queue
[2026-09-03T11:50:42.659+0000] {logging_mixin.py:190} INFO - [2026-09-03T11:50:42.659+0000] {dagbag.py:588} INFO - Filling up the DagBag from /opt/airflow/dags/sales_etl_dag.py
[2026-09-03T11:50:42.716+0000] {processor.py:925} INFO - DAG(s) 'etl_pipeline' retrieved from /opt/airflow/dags/sales_etl_dag.py
[2026-09-03T11:50:42.768+0000] {logging_mixin.py:190} INFO - [2026-09-03T11:50:42.768+0000] {dag.py:3239} INFO - Sync 1 DAGs
[2026-09-03T11:50:42.938+0000] {logging_mixin.py:190} INFO - [2026-09-03T11:50:42.938+0000] {dag.py:4180} INFO - Setting next_dagrun for etl_pipeline to 2026-09-03 02:00:00+00:00, run_after=2026-09-04 02:00:00+00:00
[2026-09-03T11:50:42.958+0000] {processor.py:208} INFO - Processing /opt/airflow/dags/sales_etl_dag.py took 0.341 seconds
[2026-09-03T11:51:13.087+0000] {processor.py:186} INFO - Started process (PID=1774) to work on /opt/airflow/dags/sales_etl_dag.py
[2026-09-03T11:51:13.089+0000] {processor.py:914} INFO - Processing file /opt/airflow/dags/sales_etl_dag.py for tasks to queue
[2026-09-03T11:51:13.093+0000] {logging_mixin.py:190} INFO - [2026-09-03T11:51:13.093+0000] {dagbag.py:588} INFO - Filling up the DagBag from /opt/airflow/dags/sales_etl_dag.py
[2026-09-03T11:51:13.121+0000] {processor.py:925} INFO - DAG(s) 'etl_pipeline' retrieved from /opt/airflow/dags/sales_etl_dag.py
[2026-09-03T11:51:13.160+0000] {logging_mixin.py:190} INFO - [2026-09-03T11:51:13.160+0000] {dag.py:3239} INFO - Sync 1 DAGs
[2026-09-03T11:51:13.191+0000] {logging_mixin.py:190} INFO - [2026-09-03T11:51:13.191+0000] {dag.py:4180} INFO - Setting next_dagrun for etl_pipeline to 2026-09-03 02:00:00+00:00, run_after=2026-09-04 02:00:00+00:00
[2026-09-03T11:51:13.212+0000] {processor.py:208} INFO - Processing /opt/airflow/dags/sales_etl_dag.py took 0.133 seconds
[2026-09-03T11:51:43.479+0000] {processor.py:186} INFO - Started process (PID=1779) to work on /opt/airflow/dags/sales_etl_dag.py
[2026-09-03T11:51:43.480+0000] {processor.py:914} INFO - Processing file /opt/airflow/dags/sales_etl_dag.py for tasks to queue
[2026-09-03T11:51:43.483+0000] {logging_mixin.py:190} INFO - [2026-09-03T11:51:43.483+0000] {dagbag.py:588} INFO - Filling up the DagBag from /opt/airflow/dags/sales_etl_dag.py
[2026-09-03T11:51:43.509+0000] {processor.py:925} INFO - DAG(s) 'etl_pipeline' retrieved from /opt/airflow/dags/sales_etl_dag.py
[2026-09-03T11:51:43.541+0000] {logging_mixin.py:190} INFO - [2026-09-03T11:51:43.541+0000] {dag.py:3239} INFO - Sync 1 DAGs
[2026-09-03T11:51:43.565+0000] {logging_mixin.py:190} INFO - [2026-09-03T11:51:43.565+0000] {dag.py:4180} INFO - Setting next_dagrun for etl_pipeline to 2026-09-03 02:00:00+00:00, run_after=2026-09-04 02:00:00+00:00
[2026-09-03T11:51:43.584+0000] {processor.py:208} INFO - Processing /opt/airflow/dags/sales_etl_dag.py took 0.112 seconds
[2026-09-03T11:52:13.897+0000] {processor.py:186} INFO - Started process (PID=1784) to work on /opt/airflow/dags/sales_etl_dag.py
[2026-09-03T11:52:13.899+0000] {processor.py:914} INFO - Processing file /opt/airflow/dags/sales_etl_dag.py for tasks to queue
[2026-09-03T11:52:13.902+0000] {logging_mixin.py:190} INFO - [2026-09-03T11:52:13.901+0000] {dagbag.py:588} INFO - Filling up the DagBag from /opt/airflow/dags/sales_etl_dag.py
[2026-09-03T11:52:13.931+0000] {processor.py:925} INFO - DAG(s) 'etl_pipeline' retrieved from /opt/airflow/dags/sales_etl_dag.py
[2026-09-03T11:52:13.963+0000] {logging_mixin.py:190} INFO - [2026-09-03T11:52:13.963+0000] {dag.py:3239} INFO - Sync 1 DAGs
[2026-09-03T11:52:13.988+0000] {logging_mixin.py:190} INFO - [2026-09-03T11:52:13.988+0000] {dag.py:4180} INFO - Setting next_dagrun for etl_pipeline to 2026-09-03 02:00:00+00:00, run_after=2026-09-04 02:00:00+00:00
[2026-09-03T11:52:14.014+0000] {processor.py:208} INFO - Processing /opt/airflow/dags/sales_etl_dag.py took 0.122 seconds
[2026-09-03T11:52:44.257+0000] {processor.py:186} INFO - Started process (PID=1789) to work on /opt/airflow/dags/sales_etl_dag.py
[2026-09-03T11:52:44.258+0000] {processor.py:914} INFO - Processing file /opt/airflow/dags/sales_etl_dag.py for tasks to queue
[2026-09-03T11:52:44.261+0000] {logging_mixin.py:190} INFO - [2026-09-03T11:52:44.261+0000] {dagbag.py:588} INFO - Filling up the DagBag from /opt/airflow/dags/sales_etl_dag.py
[2026-09-03T11:52:44.288+0000] {processor.py:925} INFO - DAG(s) 'etl_pipeline' retrieved from /opt/airflow/dags/sales_etl_dag.py
[2026-09-03T11:52:44.316+0000] {logging_mixin.py:190} INFO - [2026-09-03T11:52:44.316+0000] {dag.py:3239} INFO - Sync 1 DAGs
[2026-09-03T11:52:44.341+0000] {logging_mixin.py:190} INFO - [2026-09-03T11:52:44.340+0000] {dag.py:4180} INFO - Setting next_dagrun for etl_pipeline to 2026-09-03 02:00:00+00:00, run_after=2026-09-04 02:00:00+00:00
[2026-09-03T11:52:44.362+0000] {processor.py:208} INFO - Processing /opt/airflow/dags/sales_etl_dag.py took 0.111 seconds
[2026-09-03T11:53:14.755+0000] {processor.py:186} INFO - Started process (PID=1794) to work on /opt/airflow/dags/sales_etl_dag.py
[2026-09-03T11:53:14.757+0000] {processor.py:914} INFO - Processing file /opt/airflow/dags/sales_etl_dag.py for tasks to queue
[2026-09-03T11:53:14.760+0000] {logging_mixin.py:190} INFO - [2026-09-03T11:53:14.759+0000] {dagbag.py:588} INFO - Filling up the DagBag from /opt/airflow/dags/sales_etl_dag.py
[2026-09-03T11:53:14.790+0000] {processor.py:925} INFO - DAG(s) 'etl_pipeline' retrieved from /opt/airflow/dags/sales_etl_dag.py
[2026-09-03T11:53:14.821+0000] {logging_mixin.py:190} INFO - [2026-09-03T11:53:14.821+0000] {dag.py:3239} INFO - Sync 1 DAGs
[2026-09-03T11:53:14.850+0000] {logging_mixin.py:190} INFO - [2026-09-03T11:53:14.849+0000] {dag.py:4180} INFO - Setting next_dagrun for etl_pipeline to 2026-09-03 02:00:00+00:00, run_after=2026-09-04 02:00:00+00:00
[2026-09-03T11:53:15.017+0000] {processor.py:208} INFO - Processing /opt/airflow/dags/sales_etl_dag.py took 0.267 seconds
[2026-09-03T11:53:45.160+0000] {processor.py:186} INFO - Started process (PID=1799) to work on /opt/airflow/dags/sales_etl_dag.py
[2026-09-03T11:53:45.161+0000] {processor.py:914} INFO - Processing file /opt/airflow/dags/sales_etl_dag.py for tasks to queue
[2026-09-03T11:53:45.165+0000] {logging_mixin.py:190} INFO - [2026-09-03T11:53:45.164+0000] {dagbag.py:588} INFO - Filling up the DagBag from /opt/airflow/dags/sales_etl_dag.py
[2026-09-03T11:53:45.190+0000] {processor.py:925} INFO - DAG(s) 'etl_pipeline' retrieved from /opt/airflow/dags/sales_etl_dag.py
[2026-09-03T11:53:45.219+0000] {logging_mixin.py:190} INFO - [2026-09-03T11:53:45.218+0000] {dag.py:3239} INFO - Sync 1 DAGs
[2026-09-03T11:53:45.386+0000] {logging_mixin.py:190} INFO - [2026-09-03T11:53:45.386+0000] {dag.py:4180} INFO - Setting next_dagrun for etl_pipeline to 2026-09-03 02:00:00+00:00, run_after=2026-09-04 02:00:00+00:00
[2026-09-03T11:53:45.408+0000] {processor.py:208} INFO - Processing /opt/airflow/dags/sales_etl_dag.py took 0.254 seconds
[2026-09-03T11:54:15.795+0000] {processor.py:186} INFO - Started process (PID=1804) to work on /opt/airflow/dags/sales_etl_dag.py
[2026-09-03T11:54:15.796+0000] {processor.py:914} INFO - Processing file /opt/airflow/dags/sales_etl_dag.py for tasks to queue
[2026-09-03T11:54:15.799+0000] {logging_mixin.py:190} INFO - [2026-09-03T11:54:15.798+0000] {dagbag.py:588} INFO - Filling up the DagBag from /opt/airflow/dags/sales_etl_dag.py
[2026-09-03T11:54:15.822+0000] {processor.py:925} INFO - DAG(s) 'etl_pipeline' retrieved from /opt/airflow/dags/sales_etl_dag.py
[2026-09-03T11:54:15.855+0000] {logging_mixin.py:190} INFO - [2026-09-03T11:54:15.855+0000] {dag.py:3239} INFO - Sync 1 DAGs
[2026-09-03T11:54:15.879+0000] {logging_mixin.py:190} INFO - [2026-09-03T11:54:15.879+0000] {dag.py:4180} INFO - Setting next_dagrun for etl_pipeline to 2026-09-03 02:00:00+00:00, run_after=2026-09-04 02:00:00+00:00
[2026-09-03T11:54:15.898+0000] {processor.py:208} INFO - Processing /opt/airflow/dags/sales_etl_dag.py took 0.108 seconds
[2026-09-03T11:54:46.154+0000] {processor.py:186} INFO - Started process (PID=1809) to work on /opt/airflow/dags/sales_etl_dag.py
[2026-09-03T11:54:46.155+0000] {processor.py:914} INFO - Processing file /opt/airflow/dags/sales_etl_dag.py for tasks to queue
[2026-09-03T11:54:46.158+0000] {logging_mixin.py:190} INFO - [2026-09-03T11:54:46.158+0000] {dagbag.py:588} INFO - Filling up the DagBag from /opt/airflow/dags/sales_etl_dag.py
[2026-09-03T11:54:46.186+0000] {processor.py:925} INFO - DAG(s) 'etl_pipeline' retrieved from /opt/airflow/dags/sales_etl_dag.py
[2026-09-03T11:54:46.226+0000] {logging_mixin.py:190} INFO - [2026-09-03T11:54:46.225+0000] {dag.py:3239} INFO - Sync 1 DAGs
[2026-09-03T11:54:46.255+0000] {logging_mixin.py:190} INFO - [2026-09-03T11:54:46.254+0000] {dag.py:4180} INFO - Setting next_dagrun for etl_pipeline to 2026-09-03 02:00:00+00:00, run_after=2026-09-04 02:00:00+00:00
[2026-09-03T11:54:46.275+0000] {processor.py:208} INFO - Processing /opt/airflow/dags/sales_etl_dag.py took 0.128 seconds
[2026-09-03T11:55:16.664+0000] {processor.py:186} INFO - Started process (PID=1814) to work on /opt/airflow/dags/sales_etl_dag.py
[2026-09-03T11:55:16.665+0000] {processor.py:914} INFO - Processing file /opt/airflow/dags/sales_etl_dag.py for tasks to queue
[2026-09-03T11:55:16.669+0000] {logging_mixin.py:190} INFO - [2026-09-03T11:55:16.669+0000] {dagbag.py:588} INFO - Filling up the DagBag from /opt/airflow/dags/sales_etl_dag.py
[2026-09-03T11:55:16.698+0000] {processor.py:925} INFO - DAG(s) 'etl_pipeline' retrieved from /opt/airflow/dags/sales_etl_dag.py
[2026-09-03T11:55:16.733+0000] {logging_mixin.py:190} INFO - [2026-09-03T11:55:16.733+0000] {dag.py:3239} INFO - Sync 1 DAGs
[2026-09-03T11:55:16.759+0000] {logging_mixin.py:190} INFO - [2026-09-03T11:55:16.759+0000] {dag.py:4180} INFO - Setting next_dagrun for etl_pipeline to 2026-09-03 02:00:00+00:00, run_after=2026-09-04 02:00:00+00:00
[2026-09-03T11:55:16.779+0000] {processor.py:208} INFO - Processing /opt/airflow/dags/sales_etl_dag.py took 0.121 seconds
[2026-09-03T11:55:47.090+0000] {processor.py:186} INFO - Started process (PID=1819) to work on /opt/airflow/dags/sales_etl_dag.py
[2026-09-03T11:55:47.092+0000] {processor.py:914} INFO - Processing file /opt/airflow/dags/sales_etl_dag.py for tasks to queue
[2026-09-03T11:55:47.095+0000] {logging_mixin.py:190} INFO - [2026-09-03T11:55:47.094+0000] {dagbag.py:588} INFO - Filling up the DagBag from /opt/airflow/dags/sales_etl_dag.py
[2026-09-03T11:55:47.129+0000] {processor.py:925} INFO - DAG(s) 'etl_pipeline' retrieved from /opt/airflow/dags/sales_etl_dag.py
[2026-09-03T11:55:47.181+0000] {logging_mixin.py:190} INFO - [2026-09-03T11:55:47.181+0000] {dag.py:3239} INFO - Sync 1 DAGs
[2026-09-03T11:55:47.218+0000] {logging_mixin.py:190} INFO - [2026-09-03T11:55:47.217+0000] {dag.py:4180} INFO - Setting next_dagrun for etl_pipeline to 2026-09-03 02:00:00+00:00, run_after=2026-09-04 02:00:00+00:00
[2026-09-03T11:55:47.243+0000] {processor.py:208} INFO - Processing /opt/airflow/dags/sales_etl_dag.py took 0.159 seconds
[2026-09-03T11:56:17.535+0000] {processor.py:186} INFO - Started process (PID=1824) to work on /opt/airflow/dags/sales_etl_dag.py
[2026-09-03T11:56:17.537+0000] {processor.py:914} INFO - Processing file /opt/airflow/dags/sales_etl_dag.py for tasks to queue
[2026-09-03T11:56:17.542+0000] {logging_mixin.py:190} INFO - [2026-09-03T11:56:17.541+0000] {dagbag.py:588} INFO - Filling up the DagBag from /opt/airflow/dags/sales_etl_dag.py
[2026-09-03T11:56:17.569+0000] {processor.py:925} INFO - DAG(s) 'etl_pipeline' retrieved from /opt/airflow/dags/sales_etl_dag.py
[2026-09-03T11:56:17.604+0000] {logging_mixin.py:190} INFO - [2026-09-03T11:56:17.604+0000] {dag.py:3239} INFO - Sync 1 DAGs
[2026-09-03T11:56:17.628+0000] {logging_mixin.py:190} INFO - [2026-09-03T11:56:17.628+0000] {dag.py:4180} INFO - Setting next_dagrun for etl_pipeline to 2026-09-03 02:00:00+00:00, run_after=2026-09-04 02:00:00+00:00
[2026-09-03T11:56:17.795+0000] {processor.py:208} INFO - Processing /opt/airflow/dags/sales_etl_dag.py took 0.266 seconds
[2026-09-03T11:56:47.993+0000] {processor.py:186} INFO - Started process (PID=1829) to work on /opt/airflow/dags/sales_etl_dag.py
[2026-09-03T11:56:47.995+0000] {processor.py:914} INFO - Processing file /opt/airflow/dags/sales_etl_dag.py for tasks to queue
[2026-09-03T11:56:47.998+0000] {logging_mixin.py:190} INFO - [2026-09-03T11:56:47.998+0000] {dagbag.py:588} INFO - Filling up the DagBag from /opt/airflow/dags/sales_etl_dag.py
[2026-09-03T11:56:48.024+0000] {processor.py:925} INFO - DAG(s) 'etl_pipeline' retrieved from /opt/airflow/dags/sales_etl_dag.py
[2026-09-03T11:56:48.061+0000] {logging_mixin.py:190} INFO - [2026-09-03T11:56:48.060+0000] {dag.py:3239} INFO - Sync 1 DAGs
[2026-09-03T11:56:48.089+0000] {logging_mixin.py:190} INFO - [2026-09-03T11:56:48.088+0000] {dag.py:4180} INFO - Setting next_dagrun for etl_pipeline to 2026-09-03 02:00:00+00:00, run_after=2026-09-04 02:00:00+00:00
[2026-09-03T11:56:48.108+0000] {processor.py:208} INFO - Processing /opt/airflow/dags/sales_etl_dag.py took 0.120 seconds
[2026-09-03T11:57:18.375+0000] {processor.py:186} INFO - Started process (PID=1834) to work on /opt/airflow/dags/sales_etl_dag.py
[2026-09-03T11:57:18.376+0000] {processor.py:914} INFO - Processing file /opt/airflow/dags/sales_etl_dag.py for tasks to queue
[2026-09-03T11:57:18.379+0000] {logging_mixin.py:190} INFO - [2026-09-03T11:57:18.378+0000] {dagbag.py:588} INFO - Filling up the DagBag from /opt/airflow/dags/sales_etl_dag.py
[2026-09-03T11:57:18.402+0000] {processor.py:925} INFO - DAG(s) 'etl_pipeline' retrieved from /opt/airflow/dags/sales_etl_dag.py
[2026-09-03T11:57:18.440+0000] {logging_mixin.py:190} INFO - [2026-09-03T11:57:18.440+0000] {dag.py:3239} INFO - Sync 1 DAGs
[2026-09-03T11:57:18.463+0000] {logging_mixin.py:190} INFO - [2026-09-03T11:57:18.463+0000] {dag.py:4180} INFO - Setting next_dagrun for etl_pipeline to 2026-09-03 02:00:00+00:00, run_after=2026-09-04 02:00:00+00:00
[2026-09-03T11:57:18.481+0000] {processor.py:208} INFO - Processing /opt/airflow/dags/sales_etl_dag.py took 0.114 seconds
[2026-09-03T11:57:48.846+0000] {processor.py:186} INFO - Started process (PID=1839) to work on /opt/airflow/dags/sales_etl_dag.py
[2026-09-03T11:57:48.847+0000] {processor.py:914} INFO - Processing file /opt/airflow/dags/sales_etl_dag.py for tasks to queue
[2026-09-03T11:57:48.850+0000] {logging_mixin.py:190} INFO - [2026-09-03T11:57:48.849+0000] {dagbag.py:588} INFO - Filling up the DagBag from /opt/airflow/dags/sales_etl_dag.py
[2026-09-03T11:57:48.875+0000] {processor.py:925} INFO - DAG(s) 'etl_pipeline' retrieved from /opt/airflow/dags/sales_etl_dag.py
[2026-09-03T11:57:48.909+0000] {logging_mixin.py:190} INFO - [2026-09-03T11:57:48.908+0000] {dag.py:3239} INFO - Sync 1 DAGs
[2026-09-03T11:57:48.931+0000] {logging_mixin.py:190} INFO - [2026-09-03T11:57:48.931+0000] {dag.py:4180} INFO - Setting next_dagrun for etl_pipeline to 2026-09-03 02:00:00+00:00, run_after=2026-09-04 02:00:00+00:00
[2026-09-03T11:57:48.956+0000] {processor.py:208} INFO - Processing /opt/airflow/dags/sales_etl_dag.py took 0.117 seconds
[2026-09-03T11:58:19.208+0000] {processor.py:186} INFO - Started process (PID=1844) to work on /opt/airflow/dags/sales_etl_dag.py
[2026-09-03T11:58:19.210+0000] {processor.py:914} INFO - Processing file /opt/airflow/dags/sales_etl_dag.py for tasks to queue
[2026-09-03T11:58:19.212+0000] {logging_mixin.py:190} INFO - [2026-09-03T11:58:19.212+0000] {dagbag.py:588} INFO - Filling up the DagBag from /opt/airflow/dags/sales_etl_dag.py
[2026-09-03T11:58:19.237+0000] {processor.py:925} INFO - DAG(s) 'etl_pipeline' retrieved from /opt/airflow/dags/sales_etl_dag.py
[2026-09-03T11:58:19.273+0000] {logging_mixin.py:190} INFO - [2026-09-03T11:58:19.273+0000] {dag.py:3239} INFO - Sync 1 DAGs
[2026-09-03T11:58:19.299+0000] {logging_mixin.py:190} INFO - [2026-09-03T11:58:19.299+0000] {dag.py:4180} INFO - Setting next_dagrun for etl_pipeline to 2026-09-03 02:00:00+00:00, run_after=2026-09-04 02:00:00+00:00
[2026-09-03T11:58:19.328+0000] {processor.py:208} INFO - Processing /opt/airflow/dags/sales_etl_dag.py took 0.129 seconds
[2026-09-03T11:58:49.689+0000] {processor.py:186} INFO - Started process (PID=1849) to work on /opt/airflow/dags/sales_etl_dag.py
[2026-09-03T11:58:49.691+0000] {processor.py:914} INFO - Processing file /opt/airflow/dags/sales_etl_dag.py for tasks to queue
[2026-09-03T11:58:49.693+0000] {logging_mixin.py:190} INFO - [2026-09-03T11:58:49.693+0000] {dagbag.py:588} INFO - Filling up the DagBag from /opt/airflow/dags/sales_etl_dag.py
[2026-09-03T11:58:49.718+0000] {processor.py:925} INFO - DAG(s) 'etl_pipeline' retrieved from /opt/airflow/dags/sales_etl_dag.py
[2026-09-03T11:58:49.753+0000] {logging_mixin.py:190} INFO - [2026-09-03T11:58:49.753+0000] {dag.py:3239} INFO - Sync 1 DAGs
[2026-09-03T11:58:49.778+0000] {logging_mixin.py:190} INFO - [2026-09-03T11:58:49.778+0000] {dag.py:4180} INFO - Setting next_dagrun for etl_pipeline to 2026-09-03 02:00:00+00:00, run_after=2026-09-04 02:00:00+00:00
[2026-09-03T11:58:49.801+0000] {processor.py:208} INFO - Processing /opt/airflow/dags/sales_etl_dag.py took 0.117 seconds
[2026-09-03T11:59:20.080+0000] {processor.py:186} INFO - Started process (PID=1854) to work on /opt/airflow/dags/sales_etl_dag.py
[2026-09-03T11:59:20.081+0000] {processor.py:914} INFO - Processing file /opt/airflow/dags/sales_etl_dag.py for tasks to queue
[2026-09-03T11:59:20.083+0000] {logging_mixin.py:190} INFO - [2026-09-03T11:59:20.083+0000] {dagbag.py:588} INFO - Filling up the DagBag from /opt/airflow/dags/sales_etl_dag.py
[2026-09-03T11:59:20.105+0000] {processor.py:925} INFO - DAG(s) 'etl_pipeline' retrieved from /opt/airflow/dags/sales_etl_dag.py
[2026-09-03T11:59:20.145+0000] {logging_mixin.py:190} INFO - [2026-09-03T11:59:20.144+0000] {dag.py:3239} INFO - Sync 1 DAGs
[2026-09-03T11:59:20.309+0000] {logging_mixin.py:190} INFO - [2026-09-03T11:59:20.308+0000] {dag.py:4180} INFO - Setting next_dagrun for etl_pipeline to 2026-09-03 02:00:00+00:00, run_after=2026-09-04 02:00:00+00:00
[2026-09-03T11:59:20.328+0000] {processor.py:208} INFO - Processing /opt/airflow/dags/sales_etl_dag.py took 0.253 seconds
[2026-09-03T11:59:50.535+0000] {processor.py:186} INFO - Started process (PID=1859) to work on /opt/airflow/dags/sales_etl_dag.py
[2026-09-03T11:59:50.536+0000] {processor.py:914} INFO - Processing file /opt/airflow/dags/sales_etl_dag.py for tasks to queue
[2026-09-03T11:59:50.540+0000] {logging_mixin.py:190} INFO - [2026-09-03T11:59:50.539+0000] {dagbag.py:588} INFO - Filling up the DagBag from /opt/airflow/dags/sales_etl_dag.py
[2026-09-03T11:59:50.563+0000] {processor.py:925} INFO - DAG(s) 'etl_pipeline' retrieved from /opt/airflow/dags/sales_etl_dag.py
[2026-09-03T11:59:50.598+0000] {logging_mixin.py:190} INFO - [2026-09-03T11:59:50.598+0000] {dag.py:3239} INFO - Sync 1 DAGs
[2026-09-03T11:59:50.621+0000] {logging_mixin.py:190} INFO - [2026-09-03T11:59:50.621+0000] {dag.py:4180} INFO - Setting next_dagrun for etl_pipeline to 2026-09-03 02:00:00+00:00, run_after=2026-09-04 02:00:00+00:00
[2026-09-03T11:59:50.641+0000] {processor.py:208} INFO - Processing /opt/airflow/dags/sales_etl_dag.py took 0.112 seconds
[2026-09-03T12:00:20.970+0000] {processor.py:186} INFO - Started process (PID=1864) to work on /opt/airflow/dags/sales_etl_dag.py
[2026-09-03T12:00:20.971+0000] {processor.py:914} INFO - Processing file /opt/airflow/dags/sales_etl_dag.py for tasks to queue
[2026-09-03T12:00:20.975+0000] {logging_mixin.py:190} INFO - [2026-09-03T12:00:20.974+0000] {dagbag.py:588} INFO - Filling up the DagBag from /opt/airflow/dags/sales_etl_dag.py
[2026-09-03T12:00:21.001+0000] {processor.py:925} INFO - DAG(s) 'etl_pipeline' retrieved from /opt/airflow/dags/sales_etl_dag.py
[2026-09-03T12:00:21.041+0000] {logging_mixin.py:190} INFO - [2026-09-03T12:00:21.041+0000] {dag.py:3239} INFO - Sync 1 DAGs
[2026-09-03T12:00:21.068+0000] {logging_mixin.py:190} INFO - [2026-09-03T12:00:21.068+0000] {dag.py:4180} INFO - Setting next_dagrun for etl_pipeline to 2026-09-03 02:00:00+00:00, run_after=2026-09-04 02:00:00+00:00
[2026-09-03T12:00:21.088+0000] {processor.py:208} INFO - Processing /opt/airflow/dags/sales_etl_dag.py took 0.124 seconds
[2026-09-03T12:00:51.443+0000] {processor.py:186} INFO - Started process (PID=1869) to work on /opt/airflow/dags/sales_etl_dag.py
[2026-09-03T12:00:51.444+0000] {processor.py:914} INFO - Processing file /opt/airflow/dags/sales_etl_dag.py for tasks to queue
[2026-09-03T12:00:51.447+0000] {logging_mixin.py:190} INFO - [2026-09-03T12:00:51.446+0000] {dagbag.py:588} INFO - Filling up the DagBag from /opt/airflow/dags/sales_etl_dag.py
[2026-09-03T12:00:51.470+0000] {processor.py:925} INFO - DAG(s) 'etl_pipeline' retrieved from /opt/airflow/dags/sales_etl_dag.py
[2026-09-03T12:00:51.501+0000] {logging_mixin.py:190} INFO - [2026-09-03T12:00:51.501+0000] {dag.py:3239} INFO - Sync 1 DAGs
[2026-09-03T12:00:51.525+0000] {logging_mixin.py:190} INFO - [2026-09-03T12:00:51.525+0000] {dag.py:4180} INFO - Setting next_dagrun for etl_pipeline to 2026-09-03 02:00:00+00:00, run_after=2026-09-04 02:00:00+00:00
[2026-09-03T12:00:51.548+0000] {processor.py:208} INFO - Processing /opt/airflow/dags/sales_etl_dag.py took 0.110 seconds
[2026-09-03T12:01:21.838+0000] {processor.py:186} INFO - Started process (PID=1874) to work on /opt/airflow/dags/sales_etl_dag.py
[2026-09-03T12:01:21.839+0000] {processor.py:914} INFO - Processing file /opt/airflow/dags/sales_etl_dag.py for tasks to queue
[2026-09-03T12:01:21.842+0000] {logging_mixin.py:190} INFO - [2026-09-03T12:01:21.842+0000] {dagbag.py:588} INFO - Filling up the DagBag from /opt/airflow/dags/sales_etl_dag.py
[2026-09-03T12:01:21.870+0000] {processor.py:925} INFO - DAG(s) 'etl_pipeline' retrieved from /opt/airflow/dags/sales_etl_dag.py
[2026-09-03T12:01:21.904+0000] {logging_mixin.py:190} INFO - [2026-09-03T12:01:21.904+0000] {dag.py:3239} INFO - Sync 1 DAGs
[2026-09-03T12:01:21.936+0000] {logging_mixin.py:190} INFO - [2026-09-03T12:01:21.935+0000] {dag.py:4180} INFO - Setting next_dagrun for etl_pipeline to 2026-09-03 02:00:00+00:00, run_after=2026-09-04 02:00:00+00:00
[2026-09-03T12:01:21.966+0000] {processor.py:208} INFO - Processing /opt/airflow/dags/sales_etl_dag.py took 0.133 seconds
[2026-09-03T12:01:52.324+0000] {processor.py:186} INFO - Started process (PID=1879) to work on /opt/airflow/dags/sales_etl_dag.py
[2026-09-03T12:01:52.325+0000] {processor.py:914} INFO - Processing file /opt/airflow/dags/sales_etl_dag.py for tasks to queue
[2026-09-03T12:01:52.327+0000] {logging_mixin.py:190} INFO - [2026-09-03T12:01:52.327+0000] {dagbag.py:588} INFO - Filling up the DagBag from /opt/airflow/dags/sales_etl_dag.py
[2026-09-03T12:01:52.350+0000] {processor.py:925} INFO - DAG(s) 'etl_pipeline' retrieved from /opt/airflow/dags/sales_etl_dag.py
[2026-09-03T12:01:52.381+0000] {logging_mixin.py:190} INFO - [2026-09-03T12:01:52.381+0000] {dag.py:3239} INFO - Sync 1 DAGs
[2026-09-03T12:01:52.407+0000] {logging_mixin.py:190} INFO - [2026-09-03T12:01:52.406+0000] {dag.py:4180} INFO - Setting next_dagrun for etl_pipeline to 2026-09-03 02:00:00+00:00, run_after=2026-09-04 02:00:00+00:00
[2026-09-03T12:01:52.566+0000] {processor.py:208} INFO - Processing /opt/airflow/dags/sales_etl_dag.py took 0.248 seconds
[2026-09-03T12:02:22.719+0000] {processor.py:186} INFO - Started process (PID=1884) to work on /opt/airflow/dags/sales_etl_dag.py
[2026-09-03T12:02:22.721+0000] {processor.py:914} INFO - Processing file /opt/airflow/dags/sales_etl_dag.py for tasks to queue
[2026-09-03T12:02:22.725+0000] {logging_mixin.py:190} INFO - [2026-09-03T12:02:22.725+0000] {dagbag.py:588} INFO - Filling up the DagBag from /opt/airflow/dags/sales_etl_dag.py
[2026-09-03T12:02:22.765+0000] {processor.py:925} INFO - DAG(s) 'etl_pipeline' retrieved from /opt/airflow/dags/sales_etl_dag.py
[2026-09-03T12:02:22.810+0000] {logging_mixin.py:190} INFO - [2026-09-03T12:02:22.809+0000] {dag.py:3239} INFO - Sync 1 DAGs
[2026-09-03T12:02:22.989+0000] {logging_mixin.py:190} INFO - [2026-09-03T12:02:22.989+0000] {dag.py:4180} INFO - Setting next_dagrun for etl_pipeline to 2026-09-03 02:00:00+00:00, run_after=2026-09-04 02:00:00+00:00
[2026-09-03T12:02:23.010+0000] {processor.py:208} INFO - Processing /opt/airflow/dags/sales_etl_dag.py took 0.302 seconds
[2026-09-03T12:02:53.283+0000] {processor.py:186} INFO - Started process (PID=1889) to work on /opt/airflow/dags/sales_etl_dag.py
[2026-09-03T12:02:53.285+0000] {processor.py:914} INFO - Processing file /opt/airflow/dags/sales_etl_dag.py for tasks to queue
[2026-09-03T12:02:53.289+0000] {logging_mixin.py:190} INFO - [2026-09-03T12:02:53.288+0000] {dagbag.py:588} INFO - Filling up the DagBag from /opt/airflow/dags/sales_etl_dag.py
[2026-09-03T12:02:53.324+0000] {processor.py:925} INFO - DAG(s) 'etl_pipeline' retrieved from /opt/airflow/dags/sales_etl_dag.py
[2026-09-03T12:02:53.364+0000] {logging_mixin.py:190} INFO - [2026-09-03T12:02:53.364+0000] {dag.py:3239} INFO - Sync 1 DAGs
[2026-09-03T12:02:53.393+0000] {logging_mixin.py:190} INFO - [2026-09-03T12:02:53.393+0000] {dag.py:4180} INFO - Setting next_dagrun for etl_pipeline to 2026-09-03 02:00:00+00:00, run_after=2026-09-04 02:00:00+00:00
[2026-09-03T12:02:53.420+0000] {processor.py:208} INFO - Processing /opt/airflow/dags/sales_etl_dag.py took 0.146 seconds
[2026-09-03T12:03:23.654+0000] {processor.py:186} INFO - Started process (PID=1894) to work on /opt/airflow/dags/sales_etl_dag.py
[2026-09-03T12:03:23.655+0000] {processor.py:914} INFO - Processing file /opt/airflow/dags/sales_etl_dag.py for tasks to queue
[2026-09-03T12:03:23.658+0000] {logging_mixin.py:190} INFO - [2026-09-03T12:03:23.658+0000] {dagbag.py:588} INFO - Filling up the DagBag from /opt/airflow/dags/sales_etl_dag.py
[2026-09-03T12:03:23.684+0000] {processor.py:925} INFO - DAG(s) 'etl_pipeline' retrieved from /opt/airflow/dags/sales_etl_dag.py
[2026-09-03T12:03:23.724+0000] {logging_mixin.py:190} INFO - [2026-09-03T12:03:23.724+0000] {dag.py:3239} INFO - Sync 1 DAGs
[2026-09-03T12:03:23.747+0000] {logging_mixin.py:190} INFO - [2026-09-03T12:03:23.747+0000] {dag.py:4180} INFO - Setting next_dagrun for etl_pipeline to 2026-09-03 02:00:00+00:00, run_after=2026-09-04 02:00:00+00:00
[2026-09-03T12:03:23.767+0000] {processor.py:208} INFO - Processing /opt/airflow/dags/sales_etl_dag.py took 0.119 seconds
[2026-09-03T12:03:54.053+0000] {processor.py:186} INFO - Started process (PID=1899) to work on /opt/airflow/dags/sales_etl_dag.py
[2026-09-03T12:03:54.054+0000] {processor.py:914} INFO - Processing file /opt/airflow/dags/sales_etl_dag.py for tasks to queue
[2026-09-03T12:03:54.056+0000] {logging_mixin.py:190} INFO - [2026-09-03T12:03:54.056+0000] {dagbag.py:588} INFO - Filling up the DagBag from /opt/airflow/dags/sales_etl_dag.py
[2026-09-03T12:03:54.079+0000] {processor.py:925} INFO - DAG(s) 'etl_pipeline' retrieved from /opt/airflow/dags/sales_etl_dag.py
[2026-09-03T12:03:54.117+0000] {logging_mixin.py:190} INFO - [2026-09-03T12:03:54.116+0000] {dag.py:3239} INFO - Sync 1 DAGs
[2026-09-03T12:03:54.141+0000] {logging_mixin.py:190} INFO - [2026-09-03T12:03:54.141+0000] {dag.py:4180} INFO - Setting next_dagrun for etl_pipeline to 2026-09-03 02:00:00+00:00, run_after=2026-09-04 02:00:00+00:00
[2026-09-03T12:03:54.161+0000] {processor.py:208} INFO - Processing /opt/airflow/dags/sales_etl_dag.py took 0.114 seconds
[2026-09-03T12:04:24.511+0000] {processor.py:186} INFO - Started process (PID=1904) to work on /opt/airflow/dags/sales_etl_dag.py
[2026-09-03T12:04:24.513+0000] {processor.py:914} INFO - Processing file /opt/airflow/dags/sales_etl_dag.py for tasks to queue
[2026-09-03T12:04:24.516+0000] {logging_mixin.py:190} INFO - [2026-09-03T12:04:24.516+0000] {dagbag.py:588} INFO - Filling up the DagBag from /opt/airflow/dags/sales_etl_dag.py
[2026-09-03T12:04:24.537+0000] {processor.py:925} INFO - DAG(s) 'etl_pipeline' retrieved from /opt/airflow/dags/sales_etl_dag.py
[2026-09-03T12:04:24.573+0000] {logging_mixin.py:190} INFO - [2026-09-03T12:04:24.573+0000] {dag.py:3239} INFO - Sync 1 DAGs
[2026-09-03T12:04:24.596+0000] {logging_mixin.py:190} INFO - [2026-09-03T12:04:24.596+0000] {dag.py:4180} INFO - Setting next_dagrun for etl_pipeline to 2026-09-03 02:00:00+00:00, run_after=2026-09-04 02:00:00+00:00
[2026-09-03T12:04:24.617+0000] {processor.py:208} INFO - Processing /opt/airflow/dags/sales_etl_dag.py took 0.111 seconds
[2026-09-03T12:04:54.899+0000] {processor.py:186} INFO - Started process (PID=1909) to work on /opt/airflow/dags/sales_etl_dag.py
[2026-09-03T12:04:54.900+0000] {processor.py:914} INFO - Processing file /opt/airflow/dags/sales_etl_dag.py for tasks to queue
[2026-09-03T12:04:54.904+0000] {logging_mixin.py:190} INFO - [2026-09-03T12:04:54.903+0000] {dagbag.py:588} INFO - Filling up the DagBag from /opt/airflow/dags/sales_etl_dag.py
[2026-09-03T12:04:54.929+0000] {processor.py:925} INFO - DAG(s) 'etl_pipeline' retrieved from /opt/airflow/dags/sales_etl_dag.py
[2026-09-03T12:04:54.964+0000] {logging_mixin.py:190} INFO - [2026-09-03T12:04:54.964+0000] {dag.py:3239} INFO - Sync 1 DAGs
[2026-09-03T12:04:54.996+0000] {logging_mixin.py:190} INFO - [2026-09-03T12:04:54.996+0000] {dag.py:4180} INFO - Setting next_dagrun for etl_pipeline to 2026-09-03 02:00:00+00:00, run_after=2026-09-04 02:00:00+00:00
[2026-09-03T12:04:55.154+0000] {processor.py:208} INFO - Processing /opt/airflow/dags/sales_etl_dag.py took 0.260 seconds
[2026-09-03T12:05:25.395+0000] {processor.py:186} INFO - Started process (PID=1914) to work on /opt/airflow/dags/sales_etl_dag.py
[2026-09-03T12:05:25.396+0000] {processor.py:914} INFO - Processing file /opt/airflow/dags/sales_etl_dag.py for tasks to queue
[2026-09-03T12:05:25.398+0000] {logging_mixin.py:190} INFO - [2026-09-03T12:05:25.398+0000] {dagbag.py:588} INFO - Filling up the DagBag from /opt/airflow/dags/sales_etl_dag.py
[2026-09-03T12:05:25.423+0000] {processor.py:925} INFO - DAG(s) 'etl_pipeline' retrieved from /opt/airflow/dags/sales_etl_dag.py
[2026-09-03T12:05:25.462+0000] {logging_mixin.py:190} INFO - [2026-09-03T12:05:25.461+0000] {dag.py:3239} INFO - Sync 1 DAGs
[2026-09-03T12:05:25.621+0000] {logging_mixin.py:190} INFO - [2026-09-03T12:05:25.620+0000] {dag.py:4180} INFO - Setting next_dagrun for etl_pipeline to 2026-09-03 02:00:00+00:00, run_after=2026-09-04 02:00:00+00:00
[2026-09-03T12:05:25.641+0000] {processor.py:208} INFO - Processing /opt/airflow/dags/sales_etl_dag.py took 0.254 seconds
[2026-09-03T12:05:55.863+0000] {processor.py:186} INFO - Started process (PID=1919) to work on /opt/airflow/dags/sales_etl_dag.py
[2026-09-03T12:05:55.864+0000] {processor.py:914} INFO - Processing file /opt/airflow/dags/sales_etl_dag.py for tasks to queue
[2026-09-03T12:05:55.867+0000] {logging_mixin.py:190} INFO - [2026-09-03T12:05:55.866+0000] {dagbag.py:588} INFO - Filling up the DagBag from /opt/airflow/dags/sales_etl_dag.py
[2026-09-03T12:05:55.891+0000] {processor.py:925} INFO - DAG(s) 'etl_pipeline' retrieved from /opt/airflow/dags/sales_etl_dag.py
[2026-09-03T12:05:55.923+0000] {logging_mixin.py:190} INFO - [2026-09-03T12:05:55.923+0000] {dag.py:3239} INFO - Sync 1 DAGs
[2026-09-03T12:05:55.947+0000] {logging_mixin.py:190} INFO - [2026-09-03T12:05:55.946+0000] {dag.py:4180} INFO - Setting next_dagrun for etl_pipeline to 2026-09-03 02:00:00+00:00, run_after=2026-09-04 02:00:00+00:00
[2026-09-03T12:05:55.966+0000] {processor.py:208} INFO - Processing /opt/airflow/dags/sales_etl_dag.py took 0.109 seconds
[2026-09-03T12:06:26.231+0000] {processor.py:186} INFO - Started process (PID=1924) to work on /opt/airflow/dags/sales_etl_dag.py
[2026-09-03T12:06:26.232+0000] {processor.py:914} INFO - Processing file /opt/airflow/dags/sales_etl_dag.py for tasks to queue
[2026-09-03T12:06:26.235+0000] {logging_mixin.py:190} INFO - [2026-09-03T12:06:26.234+0000] {dagbag.py:588} INFO - Filling up the DagBag from /opt/airflow/dags/sales_etl_dag.py
[2026-09-03T12:06:26.265+0000] {processor.py:925} INFO - DAG(s) 'etl_pipeline' retrieved from /opt/airflow/dags/sales_etl_dag.py
[2026-09-03T12:06:26.294+0000] {logging_mixin.py:190} INFO - [2026-09-03T12:06:26.294+0000] {dag.py:3239} INFO - Sync 1 DAGs
[2026-09-03T12:06:26.316+0000] {logging_mixin.py:190} INFO - [2026-09-03T12:06:26.316+0000] {dag.py:4180} INFO - Setting next_dagrun for etl_pipeline to 2026-09-03 02:00:00+00:00, run_after=2026-09-04 02:00:00+00:00
[2026-09-03T12:06:26.336+0000] {processor.py:208} INFO - Processing /opt/airflow/dags/sales_etl_dag.py took 0.111 seconds
[2026-09-03T12:06:56.743+0000] {processor.py:186} INFO - Started process (PID=1929) to work on /opt/airflow/dags/sales_etl_dag.py
[2026-09-03T12:06:56.745+0000] {processor.py:914} INFO - Processing file /opt/airflow/dags/sales_etl_dag.py for tasks to queue
[2026-09-03T12:06:56.747+0000] {logging_mixin.py:190} INFO - [2026-09-03T12:06:56.746+0000] {dagbag.py:588} INFO - Filling up the DagBag from /opt/airflow/dags/sales_etl_dag.py
[2026-09-03T12:06:56.776+0000] {processor.py:925} INFO - DAG(s) 'etl_pipeline' retrieved from /opt/airflow/dags/sales_etl_dag.py
[2026-09-03T12:06:56.803+0000] {logging_mixin.py:190} INFO - [2026-09-03T12:06:56.803+0000] {dag.py:3239} INFO - Sync 1 DAGs
[2026-09-03T12:06:56.828+0000] {logging_mixin.py:190} INFO - [2026-09-03T12:06:56.828+0000] {dag.py:4180} INFO - Setting next_dagrun for etl_pipeline to 2026-09-03 02:00:00+00:00, run_after=2026-09-04 02:00:00+00:00
[2026-09-03T12:06:56.851+0000] {processor.py:208} INFO - Processing /opt/airflow/dags/sales_etl_dag.py took 0.114 seconds
[2026-09-03T12:07:27.120+0000] {processor.py:186} INFO - Started process (PID=1934) to work on /opt/airflow/dags/sales_etl_dag.py
[2026-09-03T12:07:27.122+0000] {processor.py:914} INFO - Processing file /opt/airflow/dags/sales_etl_dag.py for tasks to queue
[2026-09-03T12:07:27.125+0000] {logging_mixin.py:190} INFO - [2026-09-03T12:07:27.125+0000] {dagbag.py:588} INFO - Filling up the DagBag from /opt/airflow/dags/sales_etl_dag.py
[2026-09-03T12:07:27.156+0000] {processor.py:925} INFO - DAG(s) 'etl_pipeline' retrieved from /opt/airflow/dags/sales_etl_dag.py
[2026-09-03T12:07:27.185+0000] {logging_mixin.py:190} INFO - [2026-09-03T12:07:27.185+0000] {dag.py:3239} INFO - Sync 1 DAGs
[2026-09-03T12:07:27.210+0000] {logging_mixin.py:190} INFO - [2026-09-03T12:07:27.210+0000] {dag.py:4180} INFO - Setting next_dagrun for etl_pipeline to 2026-09-03 02:00:00+00:00, run_after=2026-09-04 02:00:00+00:00
[2026-09-03T12:07:27.231+0000] {processor.py:208} INFO - Processing /opt/airflow/dags/sales_etl_dag.py took 0.119 seconds
[2026-09-03T12:07:57.629+0000] {processor.py:186} INFO - Started process (PID=1939) to work on /opt/airflow/dags/sales_etl_dag.py
[2026-09-03T12:07:57.631+0000] {processor.py:914} INFO - Processing file /opt/airflow/dags/sales_etl_dag.py for tasks to queue
[2026-09-03T12:07:57.635+0000] {logging_mixin.py:190} INFO - [2026-09-03T12:07:57.634+0000] {dagbag.py:588} INFO - Filling up the DagBag from /opt/airflow/dags/sales_etl_dag.py
[2026-09-03T12:07:57.668+0000] {processor.py:925} INFO - DAG(s) 'etl_pipeline' retrieved from /opt/airflow/dags/sales_etl_dag.py
[2026-09-03T12:07:57.718+0000] {logging_mixin.py:190} INFO - [2026-09-03T12:07:57.717+0000] {dag.py:3239} INFO - Sync 1 DAGs
[2026-09-03T12:07:57.909+0000] {logging_mixin.py:190} INFO - [2026-09-03T12:07:57.909+0000] {dag.py:4180} INFO - Setting next_dagrun for etl_pipeline to 2026-09-03 02:00:00+00:00, run_after=2026-09-04 02:00:00+00:00
[2026-09-03T12:07:57.929+0000] {processor.py:208} INFO - Processing /opt/airflow/dags/sales_etl_dag.py took 0.306 seconds
[2026-09-03T12:08:28.031+0000] {processor.py:186} INFO - Started process (PID=1944) to work on /opt/airflow/dags/sales_etl_dag.py
[2026-09-03T12:08:28.034+0000] {processor.py:914} INFO - Processing file /opt/airflow/dags/sales_etl_dag.py for tasks to queue
[2026-09-03T12:08:28.038+0000] {logging_mixin.py:190} INFO - [2026-09-03T12:08:28.038+0000] {dagbag.py:588} INFO - Filling up the DagBag from /opt/airflow/dags/sales_etl_dag.py
[2026-09-03T12:08:28.083+0000] {processor.py:925} INFO - DAG(s) 'etl_pipeline' retrieved from /opt/airflow/dags/sales_etl_dag.py
[2026-09-03T12:08:28.128+0000] {logging_mixin.py:190} INFO - [2026-09-03T12:08:28.128+0000] {dag.py:3239} INFO - Sync 1 DAGs
[2026-09-03T12:08:28.312+0000] {logging_mixin.py:190} INFO - [2026-09-03T12:08:28.312+0000] {dag.py:4180} INFO - Setting next_dagrun for etl_pipeline to 2026-09-03 02:00:00+00:00, run_after=2026-09-04 02:00:00+00:00
[2026-09-03T12:08:28.330+0000] {processor.py:208} INFO - Processing /opt/airflow/dags/sales_etl_dag.py took 0.311 seconds
[2026-09-03T12:08:58.691+0000] {processor.py:186} INFO - Started process (PID=1949) to work on /opt/airflow/dags/sales_etl_dag.py
[2026-09-03T12:08:58.692+0000] {processor.py:914} INFO - Processing file /opt/airflow/dags/sales_etl_dag.py for tasks to queue
[2026-09-03T12:08:58.695+0000] {logging_mixin.py:190} INFO - [2026-09-03T12:08:58.695+0000] {dagbag.py:588} INFO - Filling up the DagBag from /opt/airflow/dags/sales_etl_dag.py
[2026-09-03T12:08:58.723+0000] {processor.py:925} INFO - DAG(s) 'etl_pipeline' retrieved from /opt/airflow/dags/sales_etl_dag.py
[2026-09-03T12:08:58.749+0000] {logging_mixin.py:190} INFO - [2026-09-03T12:08:58.749+0000] {dag.py:3239} INFO - Sync 1 DAGs
[2026-09-03T12:08:58.774+0000] {logging_mixin.py:190} INFO - [2026-09-03T12:08:58.774+0000] {dag.py:4180} INFO - Setting next_dagrun for etl_pipeline to 2026-09-03 02:00:00+00:00, run_after=2026-09-04 02:00:00+00:00
[2026-09-03T12:08:58.795+0000] {processor.py:208} INFO - Processing /opt/airflow/dags/sales_etl_dag.py took 0.109 seconds
[2026-09-03T12:09:29.017+0000] {processor.py:186} INFO - Started process (PID=1954) to work on /opt/airflow/dags/sales_etl_dag.py
[2026-09-03T12:09:29.018+0000] {processor.py:914} INFO - Processing file /opt/airflow/dags/sales_etl_dag.py for tasks to queue
[2026-09-03T12:09:29.020+0000] {logging_mixin.py:190} INFO - [2026-09-03T12:09:29.020+0000] {dagbag.py:588} INFO - Filling up the DagBag from /opt/airflow/dags/sales_etl_dag.py
[2026-09-03T12:09:29.047+0000] {processor.py:925} INFO - DAG(s) 'etl_pipeline' retrieved from /opt/airflow/dags/sales_etl_dag.py
[2026-09-03T12:09:29.076+0000] {logging_mixin.py:190} INFO - [2026-09-03T12:09:29.075+0000] {dag.py:3239} INFO - Sync 1 DAGs
[2026-09-03T12:09:29.098+0000] {logging_mixin.py:190} INFO - [2026-09-03T12:09:29.098+0000] {dag.py:4180} INFO - Setting next_dagrun for etl_pipeline to 2026-09-03 02:00:00+00:00, run_after=2026-09-04 02:00:00+00:00
[2026-09-03T12:09:29.118+0000] {processor.py:208} INFO - Processing /opt/airflow/dags/sales_etl_dag.py took 0.107 seconds
[2026-09-03T12:09:59.367+0000] {processor.py:186} INFO - Started process (PID=1959) to work on /opt/airflow/dags/sales_etl_dag.py
[2026-09-03T12:09:59.369+0000] {processor.py:914} INFO - Processing file /opt/airflow/dags/sales_etl_dag.py for tasks to queue
[2026-09-03T12:09:59.372+0000] {logging_mixin.py:190} INFO - [2026-09-03T12:09:59.371+0000] {dagbag.py:588} INFO - Filling up the DagBag from /opt/airflow/dags/sales_etl_dag.py
[2026-09-03T12:09:59.405+0000] {processor.py:925} INFO - DAG(s) 'etl_pipeline' retrieved from /opt/airflow/dags/sales_etl_dag.py
[2026-09-03T12:09:59.436+0000] {logging_mixin.py:190} INFO - [2026-09-03T12:09:59.436+0000] {dag.py:3239} INFO - Sync 1 DAGs
[2026-09-03T12:09:59.460+0000] {logging_mixin.py:190} INFO - [2026-09-03T12:09:59.460+0000] {dag.py:4180} INFO - Setting next_dagrun for etl_pipeline to 2026-09-03 02:00:00+00:00, run_after=2026-09-04 02:00:00+00:00
[2026-09-03T12:09:59.479+0000] {processor.py:208} INFO - Processing /opt/airflow/dags/sales_etl_dag.py took 0.119 seconds
[2026-09-03T12:10:29.833+0000] {processor.py:186} INFO - Started process (PID=1964) to work on /opt/airflow/dags/sales_etl_dag.py
[2026-09-03T12:10:29.834+0000] {processor.py:914} INFO - Processing file /opt/airflow/dags/sales_etl_dag.py for tasks to queue
[2026-09-03T12:10:29.836+0000] {logging_mixin.py:190} INFO - [2026-09-03T12:10:29.836+0000] {dagbag.py:588} INFO - Filling up the DagBag from /opt/airflow/dags/sales_etl_dag.py
[2026-09-03T12:10:29.877+0000] {processor.py:925} INFO - DAG(s) 'etl_pipeline' retrieved from /opt/airflow/dags/sales_etl_dag.py
[2026-09-03T12:10:29.911+0000] {logging_mixin.py:190} INFO - [2026-09-03T12:10:29.911+0000] {dag.py:3239} INFO - Sync 1 DAGs
[2026-09-03T12:10:29.948+0000] {logging_mixin.py:190} INFO - [2026-09-03T12:10:29.948+0000] {dag.py:4180} INFO - Setting next_dagrun for etl_pipeline to 2026-09-03 02:00:00+00:00, run_after=2026-09-04 02:00:00+00:00
[2026-09-03T12:10:30.103+0000] {processor.py:208} INFO - Processing /opt/airflow/dags/sales_etl_dag.py took 0.276 seconds
[2026-09-03T12:11:00.185+0000] {processor.py:186} INFO - Started process (PID=1969) to work on /opt/airflow/dags/sales_etl_dag.py
[2026-09-03T12:11:00.187+0000] {processor.py:914} INFO - Processing file /opt/airflow/dags/sales_etl_dag.py for tasks to queue
[2026-09-03T12:11:00.189+0000] {logging_mixin.py:190} INFO - [2026-09-03T12:11:00.188+0000] {dagbag.py:588} INFO - Filling up the DagBag from /opt/airflow/dags/sales_etl_dag.py
[2026-09-03T12:11:00.219+0000] {processor.py:925} INFO - DAG(s) 'etl_pipeline' retrieved from /opt/airflow/dags/sales_etl_dag.py
[2026-09-03T12:11:00.248+0000] {logging_mixin.py:190} INFO - [2026-09-03T12:11:00.248+0000] {dag.py:3239} INFO - Sync 1 DAGs
[2026-09-03T12:11:00.409+0000] {logging_mixin.py:190} INFO - [2026-09-03T12:11:00.408+0000] {dag.py:4180} INFO - Setting next_dagrun for etl_pipeline to 2026-09-03 02:00:00+00:00, run_after=2026-09-04 02:00:00+00:00
[2026-09-03T12:11:00.429+0000] {processor.py:208} INFO - Processing /opt/airflow/dags/sales_etl_dag.py took 0.250 seconds
[2026-09-03T12:11:30.512+0000] {processor.py:186} INFO - Started process (PID=1974) to work on /opt/airflow/dags/sales_etl_dag.py
[2026-09-03T12:11:30.513+0000] {processor.py:914} INFO - Processing file /opt/airflow/dags/sales_etl_dag.py for tasks to queue
[2026-09-03T12:11:30.516+0000] {logging_mixin.py:190} INFO - [2026-09-03T12:11:30.516+0000] {dagbag.py:588} INFO - Filling up the DagBag from /opt/airflow/dags/sales_etl_dag.py
[2026-09-03T12:11:30.545+0000] {processor.py:925} INFO - DAG(s) 'etl_pipeline' retrieved from /opt/airflow/dags/sales_etl_dag.py
[2026-09-03T12:11:30.574+0000] {logging_mixin.py:190} INFO - [2026-09-03T12:11:30.573+0000] {dag.py:3239} INFO - Sync 1 DAGs
[2026-09-03T12:11:30.598+0000] {logging_mixin.py:190} INFO - [2026-09-03T12:11:30.598+0000] {dag.py:4180} INFO - Setting next_dagrun for etl_pipeline to 2026-09-03 02:00:00+00:00, run_after=2026-09-04 02:00:00+00:00
[2026-09-03T12:11:30.618+0000] {processor.py:208} INFO - Processing /opt/airflow/dags/sales_etl_dag.py took 0.112 seconds
[2026-09-03T12:12:00.878+0000] {processor.py:186} INFO - Started process (PID=1979) to work on /opt/airflow/dags/sales_etl_dag.py
[2026-09-03T12:12:00.880+0000] {processor.py:914} INFO - Processing file /opt/airflow/dags/sales_etl_dag.py for tasks to queue
[2026-09-03T12:12:00.884+0000] {logging_mixin.py:190} INFO - [2026-09-03T12:12:00.884+0000] {dagbag.py:588} INFO - Filling up the DagBag from /opt/airflow/dags/sales_etl_dag.py
[2026-09-03T12:12:00.918+0000] {processor.py:925} INFO - DAG(s) 'etl_pipeline' retrieved from /opt/airflow/dags/sales_etl_dag.py
[2026-09-03T12:12:00.945+0000] {logging_mixin.py:190} INFO - [2026-09-03T12:12:00.944+0000] {dag.py:3239} INFO - Sync 1 DAGs
[2026-09-03T12:12:00.970+0000] {logging_mixin.py:190} INFO - [2026-09-03T12:12:00.970+0000] {dag.py:4180} INFO - Setting next_dagrun for etl_pipeline to 2026-09-03 02:00:00+00:00, run_after=2026-09-04 02:00:00+00:00
[2026-09-03T12:12:00.990+0000] {processor.py:208} INFO - Processing /opt/airflow/dags/sales_etl_dag.py took 0.117 seconds
[2026-09-03T12:12:31.267+0000] {processor.py:186} INFO - Started process (PID=1984) to work on /opt/airflow/dags/sales_etl_dag.py
[2026-09-03T12:12:31.268+0000] {processor.py:914} INFO - Processing file /opt/airflow/dags/sales_etl_dag.py for tasks to queue
[2026-09-03T12:12:31.272+0000] {logging_mixin.py:190} INFO - [2026-09-03T12:12:31.271+0000] {dagbag.py:588} INFO - Filling up the DagBag from /opt/airflow/dags/sales_etl_dag.py
[2026-09-03T12:12:31.300+0000] {processor.py:925} INFO - DAG(s) 'etl_pipeline' retrieved from /opt/airflow/dags/sales_etl_dag.py
[2026-09-03T12:12:31.330+0000] {logging_mixin.py:190} INFO - [2026-09-03T12:12:31.330+0000] {dag.py:3239} INFO - Sync 1 DAGs
[2026-09-03T12:12:31.352+0000] {logging_mixin.py:190} INFO - [2026-09-03T12:12:31.352+0000] {dag.py:4180} INFO - Setting next_dagrun for etl_pipeline to 2026-09-03 02:00:00+00:00, run_after=2026-09-04 02:00:00+00:00
[2026-09-03T12:12:31.373+0000] {processor.py:208} INFO - Processing /opt/airflow/dags/sales_etl_dag.py took 0.112 seconds
[2026-09-03T12:13:01.685+0000] {processor.py:186} INFO - Started process (PID=1989) to work on /opt/airflow/dags/sales_etl_dag.py
[2026-09-03T12:13:01.686+0000] {processor.py:914} INFO - Processing file /opt/airflow/dags/sales_etl_dag.py for tasks to queue
[2026-09-03T12:13:01.689+0000] {logging_mixin.py:190} INFO - [2026-09-03T12:13:01.689+0000] {dagbag.py:588} INFO - Filling up the DagBag from /opt/airflow/dags/sales_etl_dag.py
[2026-09-03T12:13:01.722+0000] {processor.py:925} INFO - DAG(s) 'etl_pipeline' retrieved from /opt/airflow/dags/sales_etl_dag.py
[2026-09-03T12:13:01.747+0000] {logging_mixin.py:190} INFO - [2026-09-03T12:13:01.747+0000] {dag.py:3239} INFO - Sync 1 DAGs
[2026-09-03T12:13:01.770+0000] {logging_mixin.py:190} INFO - [2026-09-03T12:13:01.769+0000] {dag.py:4180} INFO - Setting next_dagrun for etl_pipeline to 2026-09-03 02:00:00+00:00, run_after=2026-09-04 02:00:00+00:00
[2026-09-03T12:13:01.794+0000] {processor.py:208} INFO - Processing /opt/airflow/dags/sales_etl_dag.py took 0.116 seconds
[2026-09-03T12:13:32.134+0000] {processor.py:186} INFO - Started process (PID=1994) to work on /opt/airflow/dags/sales_etl_dag.py
[2026-09-03T12:13:32.136+0000] {processor.py:914} INFO - Processing file /opt/airflow/dags/sales_etl_dag.py for tasks to queue
[2026-09-03T12:13:32.138+0000] {logging_mixin.py:190} INFO - [2026-09-03T12:13:32.138+0000] {dagbag.py:588} INFO - Filling up the DagBag from /opt/airflow/dags/sales_etl_dag.py
[2026-09-03T12:13:32.166+0000] {processor.py:925} INFO - DAG(s) 'etl_pipeline' retrieved from /opt/airflow/dags/sales_etl_dag.py
[2026-09-03T12:13:32.192+0000] {logging_mixin.py:190} INFO - [2026-09-03T12:13:32.192+0000] {dag.py:3239} INFO - Sync 1 DAGs
[2026-09-03T12:13:32.356+0000] {logging_mixin.py:190} INFO - [2026-09-03T12:13:32.355+0000] {dag.py:4180} INFO - Setting next_dagrun for etl_pipeline to 2026-09-03 02:00:00+00:00, run_after=2026-09-04 02:00:00+00:00
[2026-09-03T12:13:32.376+0000] {processor.py:208} INFO - Processing /opt/airflow/dags/sales_etl_dag.py took 0.247 seconds
[2026-09-03T12:14:02.531+0000] {processor.py:186} INFO - Started process (PID=1999) to work on /opt/airflow/dags/sales_etl_dag.py
[2026-09-03T12:14:02.533+0000] {processor.py:914} INFO - Processing file /opt/airflow/dags/sales_etl_dag.py for tasks to queue
[2026-09-03T12:14:02.535+0000] {logging_mixin.py:190} INFO - [2026-09-03T12:14:02.535+0000] {dagbag.py:588} INFO - Filling up the DagBag from /opt/airflow/dags/sales_etl_dag.py
[2026-09-03T12:14:02.564+0000] {processor.py:925} INFO - DAG(s) 'etl_pipeline' retrieved from /opt/airflow/dags/sales_etl_dag.py
[2026-09-03T12:14:02.592+0000] {logging_mixin.py:190} INFO - [2026-09-03T12:14:02.591+0000] {dag.py:3239} INFO - Sync 1 DAGs
[2026-09-03T12:14:02.754+0000] {logging_mixin.py:190} INFO - [2026-09-03T12:14:02.754+0000] {dag.py:4180} INFO - Setting next_dagrun for etl_pipeline to 2026-09-03 02:00:00+00:00, run_after=2026-09-04 02:00:00+00:00
[2026-09-03T12:14:02.777+0000] {processor.py:208} INFO - Processing /opt/airflow/dags/sales_etl_dag.py took 0.253 seconds
[2026-09-03T12:14:33.086+0000] {processor.py:186} INFO - Started process (PID=2004) to work on /opt/airflow/dags/sales_etl_dag.py
[2026-09-03T12:14:33.087+0000] {processor.py:914} INFO - Processing file /opt/airflow/dags/sales_etl_dag.py for tasks to queue
[2026-09-03T12:14:33.090+0000] {logging_mixin.py:190} INFO - [2026-09-03T12:14:33.089+0000] {dagbag.py:588} INFO - Filling up the DagBag from /opt/airflow/dags/sales_etl_dag.py
[2026-09-03T12:14:33.121+0000] {processor.py:925} INFO - DAG(s) 'etl_pipeline' retrieved from /opt/airflow/dags/sales_etl_dag.py
[2026-09-03T12:14:33.150+0000] {logging_mixin.py:190} INFO - [2026-09-03T12:14:33.149+0000] {dag.py:3239} INFO - Sync 1 DAGs
[2026-09-03T12:14:33.175+0000] {logging_mixin.py:190} INFO - [2026-09-03T12:14:33.175+0000] {dag.py:4180} INFO - Setting next_dagrun for etl_pipeline to 2026-09-03 02:00:00+00:00, run_after=2026-09-04 02:00:00+00:00
[2026-09-03T12:14:33.195+0000] {processor.py:208} INFO - Processing /opt/airflow/dags/sales_etl_dag.py took 0.115 seconds
[2026-09-03T12:15:03.533+0000] {processor.py:186} INFO - Started process (PID=2009) to work on /opt/airflow/dags/sales_etl_dag.py
[2026-09-03T12:15:03.534+0000] {processor.py:914} INFO - Processing file /opt/airflow/dags/sales_etl_dag.py for tasks to queue
[2026-09-03T12:15:03.536+0000] {logging_mixin.py:190} INFO - [2026-09-03T12:15:03.536+0000] {dagbag.py:588} INFO - Filling up the DagBag from /opt/airflow/dags/sales_etl_dag.py
[2026-09-03T12:15:03.562+0000] {processor.py:925} INFO - DAG(s) 'etl_pipeline' retrieved from /opt/airflow/dags/sales_etl_dag.py
[2026-09-03T12:15:03.587+0000] {logging_mixin.py:190} INFO - [2026-09-03T12:15:03.587+0000] {dag.py:3239} INFO - Sync 1 DAGs
[2026-09-03T12:15:03.608+0000] {logging_mixin.py:190} INFO - [2026-09-03T12:15:03.607+0000] {dag.py:4180} INFO - Setting next_dagrun for etl_pipeline to 2026-09-03 02:00:00+00:00, run_after=2026-09-04 02:00:00+00:00
[2026-09-03T12:15:03.627+0000] {processor.py:208} INFO - Processing /opt/airflow/dags/sales_etl_dag.py took 0.099 seconds
[2026-09-03T12:15:33.968+0000] {processor.py:186} INFO - Started process (PID=2014) to work on /opt/airflow/dags/sales_etl_dag.py
[2026-09-03T12:15:33.969+0000] {processor.py:914} INFO - Processing file /opt/airflow/dags/sales_etl_dag.py for tasks to queue
[2026-09-03T12:15:33.972+0000] {logging_mixin.py:190} INFO - [2026-09-03T12:15:33.972+0000] {dagbag.py:588} INFO - Filling up the DagBag from /opt/airflow/dags/sales_etl_dag.py
[2026-09-03T12:15:33.999+0000] {processor.py:925} INFO - DAG(s) 'etl_pipeline' retrieved from /opt/airflow/dags/sales_etl_dag.py
[2026-09-03T12:15:34.026+0000] {logging_mixin.py:190} INFO - [2026-09-03T12:15:34.026+0000] {dag.py:3239} INFO - Sync 1 DAGs
[2026-09-03T12:15:34.049+0000] {logging_mixin.py:190} INFO - [2026-09-03T12:15:34.049+0000] {dag.py:4180} INFO - Setting next_dagrun for etl_pipeline to 2026-09-03 02:00:00+00:00, run_after=2026-09-04 02:00:00+00:00
[2026-09-03T12:15:34.067+0000] {processor.py:208} INFO - Processing /opt/airflow/dags/sales_etl_dag.py took 0.106 seconds
[2026-09-03T12:16:04.353+0000] {processor.py:186} INFO - Started process (PID=2019) to work on /opt/airflow/dags/sales_etl_dag.py
[2026-09-03T12:16:04.355+0000] {processor.py:914} INFO - Processing file /opt/airflow/dags/sales_etl_dag.py for tasks to queue
[2026-09-03T12:16:04.358+0000] {logging_mixin.py:190} INFO - [2026-09-03T12:16:04.357+0000] {dagbag.py:588} INFO - Filling up the DagBag from /opt/airflow/dags/sales_etl_dag.py
[2026-09-03T12:16:04.383+0000] {processor.py:925} INFO - DAG(s) 'etl_pipeline' retrieved from /opt/airflow/dags/sales_etl_dag.py
[2026-09-03T12:16:04.422+0000] {logging_mixin.py:190} INFO - [2026-09-03T12:16:04.421+0000] {dag.py:3239} INFO - Sync 1 DAGs
[2026-09-03T12:16:04.451+0000] {logging_mixin.py:190} INFO - [2026-09-03T12:16:04.451+0000] {dag.py:4180} INFO - Setting next_dagrun for etl_pipeline to 2026-09-03 02:00:00+00:00, run_after=2026-09-04 02:00:00+00:00
[2026-09-03T12:16:04.655+0000] {processor.py:208} INFO - Processing /opt/airflow/dags/sales_etl_dag.py took 0.309 seconds
[2026-09-03T12:37:14.182+0000] {processor.py:186} INFO - Started process (PID=2024) to work on /opt/airflow/dags/sales_etl_dag.py
[2026-09-03T12:37:14.184+0000] {processor.py:914} INFO - Processing file /opt/airflow/dags/sales_etl_dag.py for tasks to queue
[2026-09-03T12:37:14.190+0000] {logging_mixin.py:190} INFO - [2026-09-03T12:37:14.189+0000] {dagbag.py:588} INFO - Filling up the DagBag from /opt/airflow/dags/sales_etl_dag.py
[2026-09-03T12:37:14.270+0000] {processor.py:925} INFO - DAG(s) 'etl_pipeline' retrieved from /opt/airflow/dags/sales_etl_dag.py
[2026-09-03T12:37:14.395+0000] {logging_mixin.py:190} INFO - [2026-09-03T12:37:14.395+0000] {dag.py:3239} INFO - Sync 1 DAGs
[2026-09-03T12:37:14.734+0000] {logging_mixin.py:190} INFO - [2026-09-03T12:37:14.734+0000] {dag.py:4180} INFO - Setting next_dagrun for etl_pipeline to 2026-09-03 02:00:00+00:00, run_after=2026-09-04 02:00:00+00:00
[2026-09-03T12:37:15.260+0000] {processor.py:208} INFO - Processing /opt/airflow/dags/sales_etl_dag.py took 1.093 seconds
[2026-09-03T12:37:45.524+0000] {processor.py:186} INFO - Started process (PID=2029) to work on /opt/airflow/dags/sales_etl_dag.py
[2026-09-03T12:37:45.526+0000] {processor.py:914} INFO - Processing file /opt/airflow/dags/sales_etl_dag.py for tasks to queue
[2026-09-03T12:37:45.530+0000] {logging_mixin.py:190} INFO - [2026-09-03T12:37:45.529+0000] {dagbag.py:588} INFO - Filling up the DagBag from /opt/airflow/dags/sales_etl_dag.py
[2026-09-03T12:37:45.566+0000] {processor.py:925} INFO - DAG(s) 'etl_pipeline' retrieved from /opt/airflow/dags/sales_etl_dag.py
[2026-09-03T12:37:45.602+0000] {logging_mixin.py:190} INFO - [2026-09-03T12:37:45.602+0000] {dag.py:3239} INFO - Sync 1 DAGs
[2026-09-03T12:37:45.817+0000] {logging_mixin.py:190} INFO - [2026-09-03T12:37:45.817+0000] {dag.py:4180} INFO - Setting next_dagrun for etl_pipeline to 2026-09-03 02:00:00+00:00, run_after=2026-09-04 02:00:00+00:00
[2026-09-03T12:37:45.839+0000] {processor.py:208} INFO - Processing /opt/airflow/dags/sales_etl_dag.py took 0.324 seconds
[2026-09-03T12:38:16.032+0000] {processor.py:186} INFO - Started process (PID=2034) to work on /opt/airflow/dags/sales_etl_dag.py
[2026-09-03T12:38:16.034+0000] {processor.py:914} INFO - Processing file /opt/airflow/dags/sales_etl_dag.py for tasks to queue
[2026-09-03T12:38:16.039+0000] {logging_mixin.py:190} INFO - [2026-09-03T12:38:16.039+0000] {dagbag.py:588} INFO - Filling up the DagBag from /opt/airflow/dags/sales_etl_dag.py
[2026-09-03T12:38:16.074+0000] {processor.py:925} INFO - DAG(s) 'etl_pipeline' retrieved from /opt/airflow/dags/sales_etl_dag.py
[2026-09-03T12:38:16.121+0000] {logging_mixin.py:190} INFO - [2026-09-03T12:38:16.121+0000] {dag.py:3239} INFO - Sync 1 DAGs
[2026-09-03T12:38:16.174+0000] {logging_mixin.py:190} INFO - [2026-09-03T12:38:16.173+0000] {dag.py:4180} INFO - Setting next_dagrun for etl_pipeline to 2026-09-03 02:00:00+00:00, run_after=2026-09-04 02:00:00+00:00
[2026-09-03T12:38:16.207+0000] {processor.py:208} INFO - Processing /opt/airflow/dags/sales_etl_dag.py took 0.187 seconds
[2026-09-03T12:38:46.615+0000] {processor.py:186} INFO - Started process (PID=2039) to work on /opt/airflow/dags/sales_etl_dag.py
[2026-09-03T12:38:46.617+0000] {processor.py:914} INFO - Processing file /opt/airflow/dags/sales_etl_dag.py for tasks to queue
[2026-09-03T12:38:46.619+0000] {logging_mixin.py:190} INFO - [2026-09-03T12:38:46.618+0000] {dagbag.py:588} INFO - Filling up the DagBag from /opt/airflow/dags/sales_etl_dag.py
[2026-09-03T12:38:46.638+0000] {processor.py:925} INFO - DAG(s) 'etl_pipeline' retrieved from /opt/airflow/dags/sales_etl_dag.py
[2026-09-03T12:38:46.664+0000] {logging_mixin.py:190} INFO - [2026-09-03T12:38:46.664+0000] {dag.py:3239} INFO - Sync 1 DAGs
[2026-09-03T12:38:46.685+0000] {logging_mixin.py:190} INFO - [2026-09-03T12:38:46.685+0000] {dag.py:4180} INFO - Setting next_dagrun for etl_pipeline to 2026-09-03 02:00:00+00:00, run_after=2026-09-04 02:00:00+00:00
[2026-09-03T12:38:46.702+0000] {processor.py:208} INFO - Processing /opt/airflow/dags/sales_etl_dag.py took 0.093 seconds
[2026-09-03T12:39:16.915+0000] {processor.py:186} INFO - Started process (PID=2044) to work on /opt/airflow/dags/sales_etl_dag.py
[2026-09-03T12:39:16.916+0000] {processor.py:914} INFO - Processing file /opt/airflow/dags/sales_etl_dag.py for tasks to queue
[2026-09-03T12:39:16.919+0000] {logging_mixin.py:190} INFO - [2026-09-03T12:39:16.919+0000] {dagbag.py:588} INFO - Filling up the DagBag from /opt/airflow/dags/sales_etl_dag.py
[2026-09-03T12:39:16.937+0000] {processor.py:925} INFO - DAG(s) 'etl_pipeline' retrieved from /opt/airflow/dags/sales_etl_dag.py
[2026-09-03T12:39:16.963+0000] {logging_mixin.py:190} INFO - [2026-09-03T12:39:16.963+0000] {dag.py:3239} INFO - Sync 1 DAGs
[2026-09-03T12:39:16.987+0000] {logging_mixin.py:190} INFO - [2026-09-03T12:39:16.986+0000] {dag.py:4180} INFO - Setting next_dagrun for etl_pipeline to 2026-09-03 02:00:00+00:00, run_after=2026-09-04 02:00:00+00:00
[2026-09-03T12:39:17.004+0000] {processor.py:208} INFO - Processing /opt/airflow/dags/sales_etl_dag.py took 0.095 seconds
[2026-09-03T12:39:47.186+0000] {processor.py:186} INFO - Started process (PID=2049) to work on /opt/airflow/dags/sales_etl_dag.py
[2026-09-03T12:39:47.187+0000] {processor.py:914} INFO - Processing file /opt/airflow/dags/sales_etl_dag.py for tasks to queue
[2026-09-03T12:39:47.189+0000] {logging_mixin.py:190} INFO - [2026-09-03T12:39:47.189+0000] {dagbag.py:588} INFO - Filling up the DagBag from /opt/airflow/dags/sales_etl_dag.py
[2026-09-03T12:39:47.208+0000] {processor.py:925} INFO - DAG(s) 'etl_pipeline' retrieved from /opt/airflow/dags/sales_etl_dag.py
[2026-09-03T12:39:47.237+0000] {logging_mixin.py:190} INFO - [2026-09-03T12:39:47.236+0000] {dag.py:3239} INFO - Sync 1 DAGs
[2026-09-03T12:39:47.258+0000] {logging_mixin.py:190} INFO - [2026-09-03T12:39:47.258+0000] {dag.py:4180} INFO - Setting next_dagrun for etl_pipeline to 2026-09-03 02:00:00+00:00, run_after=2026-09-04 02:00:00+00:00
[2026-09-03T12:39:47.278+0000] {processor.py:208} INFO - Processing /opt/airflow/dags/sales_etl_dag.py took 0.097 seconds
[2026-09-03T12:40:17.457+0000] {processor.py:186} INFO - Started process (PID=2054) to work on /opt/airflow/dags/sales_etl_dag.py
[2026-09-03T12:40:17.458+0000] {processor.py:914} INFO - Processing file /opt/airflow/dags/sales_etl_dag.py for tasks to queue
[2026-09-03T12:40:17.461+0000] {logging_mixin.py:190} INFO - [2026-09-03T12:40:17.460+0000] {dagbag.py:588} INFO - Filling up the DagBag from /opt/airflow/dags/sales_etl_dag.py
[2026-09-03T12:40:17.479+0000] {processor.py:925} INFO - DAG(s) 'etl_pipeline' retrieved from /opt/airflow/dags/sales_etl_dag.py
[2026-09-03T12:40:17.513+0000] {logging_mixin.py:190} INFO - [2026-09-03T12:40:17.513+0000] {dag.py:3239} INFO - Sync 1 DAGs
[2026-09-03T12:40:17.669+0000] {logging_mixin.py:190} INFO - [2026-09-03T12:40:17.669+0000] {dag.py:4180} INFO - Setting next_dagrun for etl_pipeline to 2026-09-03 02:00:00+00:00, run_after=2026-09-04 02:00:00+00:00
[2026-09-03T12:40:17.687+0000] {processor.py:208} INFO - Processing /opt/airflow/dags/sales_etl_dag.py took 0.235 seconds
[2026-09-03T12:40:47.931+0000] {processor.py:186} INFO - Started process (PID=2059) to work on /opt/airflow/dags/sales_etl_dag.py
[2026-09-03T12:40:47.932+0000] {processor.py:914} INFO - Processing file /opt/airflow/dags/sales_etl_dag.py for tasks to queue
[2026-09-03T12:40:47.934+0000] {logging_mixin.py:190} INFO - [2026-09-03T12:40:47.934+0000] {dagbag.py:588} INFO - Filling up the DagBag from /opt/airflow/dags/sales_etl_dag.py
[2026-09-03T12:40:47.954+0000] {processor.py:925} INFO - DAG(s) 'etl_pipeline' retrieved from /opt/airflow/dags/sales_etl_dag.py
[2026-09-03T12:40:47.983+0000] {logging_mixin.py:190} INFO - [2026-09-03T12:40:47.982+0000] {dag.py:3239} INFO - Sync 1 DAGs
[2026-09-03T12:40:48.131+0000] {logging_mixin.py:190} INFO - [2026-09-03T12:40:48.131+0000] {dag.py:4180} INFO - Setting next_dagrun for etl_pipeline to 2026-09-03 02:00:00+00:00, run_after=2026-09-04 02:00:00+00:00
[2026-09-03T12:40:48.147+0000] {processor.py:208} INFO - Processing /opt/airflow/dags/sales_etl_dag.py took 0.222 seconds
[2026-09-03T12:41:18.326+0000] {processor.py:186} INFO - Started process (PID=2064) to work on /opt/airflow/dags/sales_etl_dag.py
[2026-09-03T12:41:18.327+0000] {processor.py:914} INFO - Processing file /opt/airflow/dags/sales_etl_dag.py for tasks to queue
[2026-09-03T12:41:18.329+0000] {logging_mixin.py:190} INFO - [2026-09-03T12:41:18.329+0000] {dagbag.py:588} INFO - Filling up the DagBag from /opt/airflow/dags/sales_etl_dag.py
[2026-09-03T12:41:18.351+0000] {processor.py:925} INFO - DAG(s) 'etl_pipeline' retrieved from /opt/airflow/dags/sales_etl_dag.py
[2026-09-03T12:41:18.378+0000] {logging_mixin.py:190} INFO - [2026-09-03T12:41:18.378+0000] {dag.py:3239} INFO - Sync 1 DAGs
[2026-09-03T12:41:18.400+0000] {logging_mixin.py:190} INFO - [2026-09-03T12:41:18.400+0000] {dag.py:4180} INFO - Setting next_dagrun for etl_pipeline to 2026-09-03 02:00:00+00:00, run_after=2026-09-04 02:00:00+00:00
[2026-09-03T12:41:18.419+0000] {processor.py:208} INFO - Processing /opt/airflow/dags/sales_etl_dag.py took 0.099 seconds
[2026-09-03T12:41:48.636+0000] {processor.py:186} INFO - Started process (PID=2069) to work on /opt/airflow/dags/sales_etl_dag.py
[2026-09-03T12:41:48.637+0000] {processor.py:914} INFO - Processing file /opt/airflow/dags/sales_etl_dag.py for tasks to queue
[2026-09-03T12:41:48.639+0000] {logging_mixin.py:190} INFO - [2026-09-03T12:41:48.639+0000] {dagbag.py:588} INFO - Filling up the DagBag from /opt/airflow/dags/sales_etl_dag.py
[2026-09-03T12:41:48.659+0000] {processor.py:925} INFO - DAG(s) 'etl_pipeline' retrieved from /opt/airflow/dags/sales_etl_dag.py
[2026-09-03T12:41:48.686+0000] {logging_mixin.py:190} INFO - [2026-09-03T12:41:48.685+0000] {dag.py:3239} INFO - Sync 1 DAGs
[2026-09-03T12:41:48.711+0000] {logging_mixin.py:190} INFO - [2026-09-03T12:41:48.711+0000] {dag.py:4180} INFO - Setting next_dagrun for etl_pipeline to 2026-09-03 02:00:00+00:00, run_after=2026-09-04 02:00:00+00:00
[2026-09-03T12:41:48.731+0000] {processor.py:208} INFO - Processing /opt/airflow/dags/sales_etl_dag.py took 0.101 seconds
[2026-09-03T12:42:18.971+0000] {processor.py:186} INFO - Started process (PID=2074) to work on /opt/airflow/dags/sales_etl_dag.py
[2026-09-03T12:42:18.972+0000] {processor.py:914} INFO - Processing file /opt/airflow/dags/sales_etl_dag.py for tasks to queue
[2026-09-03T12:42:18.975+0000] {logging_mixin.py:190} INFO - [2026-09-03T12:42:18.975+0000] {dagbag.py:588} INFO - Filling up the DagBag from /opt/airflow/dags/sales_etl_dag.py
[2026-09-03T12:42:18.994+0000] {processor.py:925} INFO - DAG(s) 'etl_pipeline' retrieved from /opt/airflow/dags/sales_etl_dag.py
[2026-09-03T12:42:19.020+0000] {logging_mixin.py:190} INFO - [2026-09-03T12:42:19.020+0000] {dag.py:3239} INFO - Sync 1 DAGs
[2026-09-03T12:42:19.042+0000] {logging_mixin.py:190} INFO - [2026-09-03T12:42:19.041+0000] {dag.py:4180} INFO - Setting next_dagrun for etl_pipeline to 2026-09-03 02:00:00+00:00, run_after=2026-09-04 02:00:00+00:00
[2026-09-03T12:42:19.062+0000] {processor.py:208} INFO - Processing /opt/airflow/dags/sales_etl_dag.py took 0.097 seconds
[2026-09-03T12:42:49.282+0000] {processor.py:186} INFO - Started process (PID=2079) to work on /opt/airflow/dags/sales_etl_dag.py
[2026-09-03T12:42:49.283+0000] {processor.py:914} INFO - Processing file /opt/airflow/dags/sales_etl_dag.py for tasks to queue
[2026-09-03T12:42:49.285+0000] {logging_mixin.py:190} INFO - [2026-09-03T12:42:49.285+0000] {dagbag.py:588} INFO - Filling up the DagBag from /opt/airflow/dags/sales_etl_dag.py
[2026-09-03T12:42:49.309+0000] {processor.py:925} INFO - DAG(s) 'etl_pipeline' retrieved from /opt/airflow/dags/sales_etl_dag.py
[2026-09-03T12:42:49.341+0000] {logging_mixin.py:190} INFO - [2026-09-03T12:42:49.341+0000] {dag.py:3239} INFO - Sync 1 DAGs
[2026-09-03T12:42:49.368+0000] {logging_mixin.py:190} INFO - [2026-09-03T12:42:49.368+0000] {dag.py:4180} INFO - Setting next_dagrun for etl_pipeline to 2026-09-03 02:00:00+00:00, run_after=2026-09-04 02:00:00+00:00
[2026-09-03T12:42:49.538+0000] {processor.py:208} INFO - Processing /opt/airflow/dags/sales_etl_dag.py took 0.263 seconds
[2026-09-03T12:43:19.797+0000] {processor.py:186} INFO - Started process (PID=2084) to work on /opt/airflow/dags/sales_etl_dag.py
[2026-09-03T12:43:19.798+0000] {processor.py:914} INFO - Processing file /opt/airflow/dags/sales_etl_dag.py for tasks to queue
[2026-09-03T12:43:19.802+0000] {logging_mixin.py:190} INFO - [2026-09-03T12:43:19.802+0000] {dagbag.py:588} INFO - Filling up the DagBag from /opt/airflow/dags/sales_etl_dag.py
[2026-09-03T12:43:19.831+0000] {processor.py:925} INFO - DAG(s) 'etl_pipeline' retrieved from /opt/airflow/dags/sales_etl_dag.py
[2026-09-03T12:43:19.868+0000] {logging_mixin.py:190} INFO - [2026-09-03T12:43:19.867+0000] {dag.py:3239} INFO - Sync 1 DAGs
[2026-09-03T12:43:20.026+0000] {logging_mixin.py:190} INFO - [2026-09-03T12:43:20.026+0000] {dag.py:4180} INFO - Setting next_dagrun for etl_pipeline to 2026-09-03 02:00:00+00:00, run_after=2026-09-04 02:00:00+00:00
[2026-09-03T12:43:20.045+0000] {processor.py:208} INFO - Processing /opt/airflow/dags/sales_etl_dag.py took 0.255 seconds
[2026-09-03T12:43:50.281+0000] {processor.py:186} INFO - Started process (PID=2089) to work on /opt/airflow/dags/sales_etl_dag.py
[2026-09-03T12:43:50.282+0000] {processor.py:914} INFO - Processing file /opt/airflow/dags/sales_etl_dag.py for tasks to queue
[2026-09-03T12:43:50.284+0000] {logging_mixin.py:190} INFO - [2026-09-03T12:43:50.284+0000] {dagbag.py:588} INFO - Filling up the DagBag from /opt/airflow/dags/sales_etl_dag.py
[2026-09-03T12:43:50.305+0000] {processor.py:925} INFO - DAG(s) 'etl_pipeline' retrieved from /opt/airflow/dags/sales_etl_dag.py
[2026-09-03T12:43:50.335+0000] {logging_mixin.py:190} INFO - [2026-09-03T12:43:50.335+0000] {dag.py:3239} INFO - Sync 1 DAGs
[2026-09-03T12:43:50.493+0000] {logging_mixin.py:190} INFO - [2026-09-03T12:43:50.493+0000] {dag.py:4180} INFO - Setting next_dagrun for etl_pipeline to 2026-09-03 02:00:00+00:00, run_after=2026-09-04 02:00:00+00:00
[2026-09-03T12:43:50.511+0000] {processor.py:208} INFO - Processing /opt/airflow/dags/sales_etl_dag.py took 0.236 seconds
[2026-09-03T12:44:20.776+0000] {processor.py:186} INFO - Started process (PID=2094) to work on /opt/airflow/dags/sales_etl_dag.py
[2026-09-03T12:44:20.777+0000] {processor.py:914} INFO - Processing file /opt/airflow/dags/sales_etl_dag.py for tasks to queue
[2026-09-03T12:44:20.779+0000] {logging_mixin.py:190} INFO - [2026-09-03T12:44:20.779+0000] {dagbag.py:588} INFO - Filling up the DagBag from /opt/airflow/dags/sales_etl_dag.py
[2026-09-03T12:44:20.800+0000] {processor.py:925} INFO - DAG(s) 'etl_pipeline' retrieved from /opt/airflow/dags/sales_etl_dag.py
[2026-09-03T12:44:20.828+0000] {logging_mixin.py:190} INFO - [2026-09-03T12:44:20.828+0000] {dag.py:3239} INFO - Sync 1 DAGs
[2026-09-03T12:44:20.854+0000] {logging_mixin.py:190} INFO - [2026-09-03T12:44:20.854+0000] {dag.py:4180} INFO - Setting next_dagrun for etl_pipeline to 2026-09-03 02:00:00+00:00, run_after=2026-09-04 02:00:00+00:00
[2026-09-03T12:44:20.877+0000] {processor.py:208} INFO - Processing /opt/airflow/dags/sales_etl_dag.py took 0.107 seconds
[2026-09-03T12:44:51.009+0000] {processor.py:186} INFO - Started process (PID=2099) to work on /opt/airflow/dags/sales_etl_dag.py
[2026-09-03T12:44:51.010+0000] {processor.py:914} INFO - Processing file /opt/airflow/dags/sales_etl_dag.py for tasks to queue
[2026-09-03T12:44:51.013+0000] {logging_mixin.py:190} INFO - [2026-09-03T12:44:51.012+0000] {dagbag.py:588} INFO - Filling up the DagBag from /opt/airflow/dags/sales_etl_dag.py
[2026-09-03T12:44:51.035+0000] {processor.py:925} INFO - DAG(s) 'etl_pipeline' retrieved from /opt/airflow/dags/sales_etl_dag.py
[2026-09-03T12:44:51.072+0000] {logging_mixin.py:190} INFO - [2026-09-03T12:44:51.072+0000] {dag.py:3239} INFO - Sync 1 DAGs
[2026-09-03T12:44:51.103+0000] {logging_mixin.py:190} INFO - [2026-09-03T12:44:51.103+0000] {dag.py:4180} INFO - Setting next_dagrun for etl_pipeline to 2026-09-03 02:00:00+00:00, run_after=2026-09-04 02:00:00+00:00
[2026-09-03T12:44:51.125+0000] {processor.py:208} INFO - Processing /opt/airflow/dags/sales_etl_dag.py took 0.122 seconds
[2026-09-03T12:45:21.363+0000] {processor.py:186} INFO - Started process (PID=2104) to work on /opt/airflow/dags/sales_etl_dag.py
[2026-09-03T12:45:21.365+0000] {processor.py:914} INFO - Processing file /opt/airflow/dags/sales_etl_dag.py for tasks to queue
[2026-09-03T12:45:21.368+0000] {logging_mixin.py:190} INFO - [2026-09-03T12:45:21.367+0000] {dagbag.py:588} INFO - Filling up the DagBag from /opt/airflow/dags/sales_etl_dag.py
[2026-09-03T12:45:21.388+0000] {processor.py:925} INFO - DAG(s) 'etl_pipeline' retrieved from /opt/airflow/dags/sales_etl_dag.py
[2026-09-03T12:45:21.418+0000] {logging_mixin.py:190} INFO - [2026-09-03T12:45:21.418+0000] {dag.py:3239} INFO - Sync 1 DAGs
[2026-09-03T12:45:21.442+0000] {logging_mixin.py:190} INFO - [2026-09-03T12:45:21.442+0000] {dag.py:4180} INFO - Setting next_dagrun for etl_pipeline to 2026-09-03 02:00:00+00:00, run_after=2026-09-04 02:00:00+00:00
[2026-09-03T12:45:21.464+0000] {processor.py:208} INFO - Processing /opt/airflow/dags/sales_etl_dag.py took 0.106 seconds
[2026-09-03T12:45:51.602+0000] {processor.py:186} INFO - Started process (PID=2109) to work on /opt/airflow/dags/sales_etl_dag.py
[2026-09-03T12:45:51.603+0000] {processor.py:914} INFO - Processing file /opt/airflow/dags/sales_etl_dag.py for tasks to queue
[2026-09-03T12:45:51.607+0000] {logging_mixin.py:190} INFO - [2026-09-03T12:45:51.606+0000] {dagbag.py:588} INFO - Filling up the DagBag from /opt/airflow/dags/sales_etl_dag.py
[2026-09-03T12:45:51.630+0000] {processor.py:925} INFO - DAG(s) 'etl_pipeline' retrieved from /opt/airflow/dags/sales_etl_dag.py
[2026-09-03T12:45:51.664+0000] {logging_mixin.py:190} INFO - [2026-09-03T12:45:51.664+0000] {dag.py:3239} INFO - Sync 1 DAGs
[2026-09-03T12:45:51.689+0000] {logging_mixin.py:190} INFO - [2026-09-03T12:45:51.689+0000] {dag.py:4180} INFO - Setting next_dagrun for etl_pipeline to 2026-09-03 02:00:00+00:00, run_after=2026-09-04 02:00:00+00:00
[2026-09-03T12:45:51.845+0000] {processor.py:208} INFO - Processing /opt/airflow/dags/sales_etl_dag.py took 0.249 seconds
[2026-09-03T12:46:21.929+0000] {processor.py:186} INFO - Started process (PID=2114) to work on /opt/airflow/dags/sales_etl_dag.py
[2026-09-03T12:46:21.930+0000] {processor.py:914} INFO - Processing file /opt/airflow/dags/sales_etl_dag.py for tasks to queue
[2026-09-03T12:46:21.933+0000] {logging_mixin.py:190} INFO - [2026-09-03T12:46:21.933+0000] {dagbag.py:588} INFO - Filling up the DagBag from /opt/airflow/dags/sales_etl_dag.py
[2026-09-03T12:46:21.956+0000] {processor.py:925} INFO - DAG(s) 'etl_pipeline' retrieved from /opt/airflow/dags/sales_etl_dag.py
[2026-09-03T12:46:21.986+0000] {logging_mixin.py:190} INFO - [2026-09-03T12:46:21.986+0000] {dag.py:3239} INFO - Sync 1 DAGs
[2026-09-03T12:46:22.156+0000] {logging_mixin.py:190} INFO - [2026-09-03T12:46:22.156+0000] {dag.py:4180} INFO - Setting next_dagrun for etl_pipeline to 2026-09-03 02:00:00+00:00, run_after=2026-09-04 02:00:00+00:00
[2026-09-03T12:46:22.178+0000] {processor.py:208} INFO - Processing /opt/airflow/dags/sales_etl_dag.py took 0.255 seconds
[2026-09-03T12:46:52.339+0000] {processor.py:186} INFO - Started process (PID=2119) to work on /opt/airflow/dags/sales_etl_dag.py
[2026-09-03T12:46:52.340+0000] {processor.py:914} INFO - Processing file /opt/airflow/dags/sales_etl_dag.py for tasks to queue
[2026-09-03T12:46:52.343+0000] {logging_mixin.py:190} INFO - [2026-09-03T12:46:52.342+0000] {dagbag.py:588} INFO - Filling up the DagBag from /opt/airflow/dags/sales_etl_dag.py
[2026-09-03T12:46:52.365+0000] {processor.py:925} INFO - DAG(s) 'etl_pipeline' retrieved from /opt/airflow/dags/sales_etl_dag.py
[2026-09-03T12:46:52.540+0000] {logging_mixin.py:190} INFO - [2026-09-03T12:46:52.540+0000] {dag.py:3239} INFO - Sync 1 DAGs
[2026-09-03T12:46:52.559+0000] {logging_mixin.py:190} INFO - [2026-09-03T12:46:52.559+0000] {dag.py:4180} INFO - Setting next_dagrun for etl_pipeline to 2026-09-03 02:00:00+00:00, run_after=2026-09-04 02:00:00+00:00
[2026-09-03T12:46:52.579+0000] {processor.py:208} INFO - Processing /opt/airflow/dags/sales_etl_dag.py took 0.246 seconds
[2026-09-03T12:47:22.705+0000] {processor.py:186} INFO - Started process (PID=2124) to work on /opt/airflow/dags/sales_etl_dag.py
[2026-09-03T12:47:22.707+0000] {processor.py:914} INFO - Processing file /opt/airflow/dags/sales_etl_dag.py for tasks to queue
[2026-09-03T12:47:22.710+0000] {logging_mixin.py:190} INFO - [2026-09-03T12:47:22.709+0000] {dagbag.py:588} INFO - Filling up the DagBag from /opt/airflow/dags/sales_etl_dag.py
[2026-09-03T12:47:22.731+0000] {processor.py:925} INFO - DAG(s) 'etl_pipeline' retrieved from /opt/airflow/dags/sales_etl_dag.py
[2026-09-03T12:47:22.761+0000] {logging_mixin.py:190} INFO - [2026-09-03T12:47:22.761+0000] {dag.py:3239} INFO - Sync 1 DAGs
[2026-09-03T12:47:22.786+0000] {logging_mixin.py:190} INFO - [2026-09-03T12:47:22.786+0000] {dag.py:4180} INFO - Setting next_dagrun for etl_pipeline to 2026-09-03 02:00:00+00:00, run_after=2026-09-04 02:00:00+00:00
[2026-09-03T12:47:22.805+0000] {processor.py:208} INFO - Processing /opt/airflow/dags/sales_etl_dag.py took 0.106 seconds
[2026-09-03T12:47:53.034+0000] {processor.py:186} INFO - Started process (PID=2129) to work on /opt/airflow/dags/sales_etl_dag.py
[2026-09-03T12:47:53.035+0000] {processor.py:914} INFO - Processing file /opt/airflow/dags/sales_etl_dag.py for tasks to queue
[2026-09-03T12:47:53.038+0000] {logging_mixin.py:190} INFO - [2026-09-03T12:47:53.037+0000] {dagbag.py:588} INFO - Filling up the DagBag from /opt/airflow/dags/sales_etl_dag.py
[2026-09-03T12:47:53.058+0000] {processor.py:925} INFO - DAG(s) 'etl_pipeline' retrieved from /opt/airflow/dags/sales_etl_dag.py
[2026-09-03T12:47:53.087+0000] {logging_mixin.py:190} INFO - [2026-09-03T12:47:53.086+0000] {dag.py:3239} INFO - Sync 1 DAGs
[2026-09-03T12:47:53.110+0000] {logging_mixin.py:190} INFO - [2026-09-03T12:47:53.110+0000] {dag.py:4180} INFO - Setting next_dagrun for etl_pipeline to 2026-09-03 02:00:00+00:00, run_after=2026-09-04 02:00:00+00:00
[2026-09-03T12:47:53.131+0000] {processor.py:208} INFO - Processing /opt/airflow/dags/sales_etl_dag.py took 0.102 seconds
[2026-09-03T12:48:23.280+0000] {processor.py:186} INFO - Started process (PID=2134) to work on /opt/airflow/dags/sales_etl_dag.py
[2026-09-03T12:48:23.281+0000] {processor.py:914} INFO - Processing file /opt/airflow/dags/sales_etl_dag.py for tasks to queue
[2026-09-03T12:48:23.283+0000] {logging_mixin.py:190} INFO - [2026-09-03T12:48:23.283+0000] {dagbag.py:588} INFO - Filling up the DagBag from /opt/airflow/dags/sales_etl_dag.py
[2026-09-03T12:48:23.304+0000] {processor.py:925} INFO - DAG(s) 'etl_pipeline' retrieved from /opt/airflow/dags/sales_etl_dag.py
[2026-09-03T12:48:23.334+0000] {logging_mixin.py:190} INFO - [2026-09-03T12:48:23.334+0000] {dag.py:3239} INFO - Sync 1 DAGs
[2026-09-03T12:48:23.359+0000] {logging_mixin.py:190} INFO - [2026-09-03T12:48:23.359+0000] {dag.py:4180} INFO - Setting next_dagrun for etl_pipeline to 2026-09-03 02:00:00+00:00, run_after=2026-09-04 02:00:00+00:00
[2026-09-03T12:48:23.380+0000] {processor.py:208} INFO - Processing /opt/airflow/dags/sales_etl_dag.py took 0.107 seconds
[2026-09-03T12:48:53.596+0000] {processor.py:186} INFO - Started process (PID=2139) to work on /opt/airflow/dags/sales_etl_dag.py
[2026-09-03T12:48:53.598+0000] {processor.py:914} INFO - Processing file /opt/airflow/dags/sales_etl_dag.py for tasks to queue
[2026-09-03T12:48:53.600+0000] {logging_mixin.py:190} INFO - [2026-09-03T12:48:53.599+0000] {dagbag.py:588} INFO - Filling up the DagBag from /opt/airflow/dags/sales_etl_dag.py
[2026-09-03T12:48:53.622+0000] {processor.py:925} INFO - DAG(s) 'etl_pipeline' retrieved from /opt/airflow/dags/sales_etl_dag.py
[2026-09-03T12:48:53.651+0000] {logging_mixin.py:190} INFO - [2026-09-03T12:48:53.651+0000] {dag.py:3239} INFO - Sync 1 DAGs
[2026-09-03T12:48:53.816+0000] {logging_mixin.py:190} INFO - [2026-09-03T12:48:53.815+0000] {dag.py:4180} INFO - Setting next_dagrun for etl_pipeline to 2026-09-03 02:00:00+00:00, run_after=2026-09-04 02:00:00+00:00
[2026-09-03T12:48:53.836+0000] {processor.py:208} INFO - Processing /opt/airflow/dags/sales_etl_dag.py took 0.245 seconds
[2026-09-03T12:49:24.085+0000] {processor.py:186} INFO - Started process (PID=2144) to work on /opt/airflow/dags/sales_etl_dag.py
[2026-09-03T12:49:24.086+0000] {processor.py:914} INFO - Processing file /opt/airflow/dags/sales_etl_dag.py for tasks to queue
[2026-09-03T12:49:24.089+0000] {logging_mixin.py:190} INFO - [2026-09-03T12:49:24.089+0000] {dagbag.py:588} INFO - Filling up the DagBag from /opt/airflow/dags/sales_etl_dag.py
[2026-09-03T12:49:24.109+0000] {processor.py:925} INFO - DAG(s) 'etl_pipeline' retrieved from /opt/airflow/dags/sales_etl_dag.py
[2026-09-03T12:49:24.141+0000] {logging_mixin.py:190} INFO - [2026-09-03T12:49:24.141+0000] {dag.py:3239} INFO - Sync 1 DAGs
[2026-09-03T12:49:24.312+0000] {logging_mixin.py:190} INFO - [2026-09-03T12:49:24.312+0000] {dag.py:4180} INFO - Setting next_dagrun for etl_pipeline to 2026-09-03 02:00:00+00:00, run_after=2026-09-04 02:00:00+00:00
[2026-09-03T12:49:24.333+0000] {processor.py:208} INFO - Processing /opt/airflow/dags/sales_etl_dag.py took 0.254 seconds
[2026-09-03T12:49:54.602+0000] {processor.py:186} INFO - Started process (PID=2149) to work on /opt/airflow/dags/sales_etl_dag.py
[2026-09-03T12:49:54.604+0000] {processor.py:914} INFO - Processing file /opt/airflow/dags/sales_etl_dag.py for tasks to queue
[2026-09-03T12:49:54.607+0000] {logging_mixin.py:190} INFO - [2026-09-03T12:49:54.607+0000] {dagbag.py:588} INFO - Filling up the DagBag from /opt/airflow/dags/sales_etl_dag.py
[2026-09-03T12:49:54.627+0000] {processor.py:925} INFO - DAG(s) 'etl_pipeline' retrieved from /opt/airflow/dags/sales_etl_dag.py
[2026-09-03T12:49:54.660+0000] {logging_mixin.py:190} INFO - [2026-09-03T12:49:54.660+0000] {dag.py:3239} INFO - Sync 1 DAGs
[2026-09-03T12:49:54.685+0000] {logging_mixin.py:190} INFO - [2026-09-03T12:49:54.685+0000] {dag.py:4180} INFO - Setting next_dagrun for etl_pipeline to 2026-09-03 02:00:00+00:00, run_after=2026-09-04 02:00:00+00:00
[2026-09-03T12:49:54.707+0000] {processor.py:208} INFO - Processing /opt/airflow/dags/sales_etl_dag.py took 0.111 seconds
[2026-09-03T12:50:24.810+0000] {processor.py:186} INFO - Started process (PID=2154) to work on /opt/airflow/dags/sales_etl_dag.py
[2026-09-03T12:50:24.811+0000] {processor.py:914} INFO - Processing file /opt/airflow/dags/sales_etl_dag.py for tasks to queue
[2026-09-03T12:50:24.814+0000] {logging_mixin.py:190} INFO - [2026-09-03T12:50:24.814+0000] {dagbag.py:588} INFO - Filling up the DagBag from /opt/airflow/dags/sales_etl_dag.py
[2026-09-03T12:50:24.835+0000] {processor.py:925} INFO - DAG(s) 'etl_pipeline' retrieved from /opt/airflow/dags/sales_etl_dag.py
[2026-09-03T12:50:24.868+0000] {logging_mixin.py:190} INFO - [2026-09-03T12:50:24.868+0000] {dag.py:3239} INFO - Sync 1 DAGs
[2026-09-03T12:50:24.893+0000] {logging_mixin.py:190} INFO - [2026-09-03T12:50:24.893+0000] {dag.py:4180} INFO - Setting next_dagrun for etl_pipeline to 2026-09-03 02:00:00+00:00, run_after=2026-09-04 02:00:00+00:00
[2026-09-03T12:50:24.914+0000] {processor.py:208} INFO - Processing /opt/airflow/dags/sales_etl_dag.py took 0.111 seconds
[2026-09-03T12:50:55.072+0000] {processor.py:186} INFO - Started process (PID=2159) to work on /opt/airflow/dags/sales_etl_dag.py
[2026-09-03T12:50:55.073+0000] {processor.py:914} INFO - Processing file /opt/airflow/dags/sales_etl_dag.py for tasks to queue
[2026-09-03T12:50:55.076+0000] {logging_mixin.py:190} INFO - [2026-09-03T12:50:55.075+0000] {dagbag.py:588} INFO - Filling up the DagBag from /opt/airflow/dags/sales_etl_dag.py
[2026-09-03T12:50:55.097+0000] {processor.py:925} INFO - DAG(s) 'etl_pipeline' retrieved from /opt/airflow/dags/sales_etl_dag.py
[2026-09-03T12:50:55.127+0000] {logging_mixin.py:190} INFO - [2026-09-03T12:50:55.126+0000] {dag.py:3239} INFO - Sync 1 DAGs
[2026-09-03T12:50:55.152+0000] {logging_mixin.py:190} INFO - [2026-09-03T12:50:55.152+0000] {dag.py:4180} INFO - Setting next_dagrun for etl_pipeline to 2026-09-03 02:00:00+00:00, run_after=2026-09-04 02:00:00+00:00
[2026-09-03T12:50:55.174+0000] {processor.py:208} INFO - Processing /opt/airflow/dags/sales_etl_dag.py took 0.108 seconds
[2026-09-03T12:51:25.417+0000] {processor.py:186} INFO - Started process (PID=2164) to work on /opt/airflow/dags/sales_etl_dag.py
[2026-09-03T12:51:25.418+0000] {processor.py:914} INFO - Processing file /opt/airflow/dags/sales_etl_dag.py for tasks to queue
[2026-09-03T12:51:25.421+0000] {logging_mixin.py:190} INFO - [2026-09-03T12:51:25.420+0000] {dagbag.py:588} INFO - Filling up the DagBag from /opt/airflow/dags/sales_etl_dag.py
[2026-09-03T12:51:25.444+0000] {processor.py:925} INFO - DAG(s) 'etl_pipeline' retrieved from /opt/airflow/dags/sales_etl_dag.py
[2026-09-03T12:51:25.474+0000] {logging_mixin.py:190} INFO - [2026-09-03T12:51:25.473+0000] {dag.py:3239} INFO - Sync 1 DAGs
[2026-09-03T12:51:25.502+0000] {logging_mixin.py:190} INFO - [2026-09-03T12:51:25.501+0000] {dag.py:4180} INFO - Setting next_dagrun for etl_pipeline to 2026-09-03 02:00:00+00:00, run_after=2026-09-04 02:00:00+00:00
[2026-09-03T12:51:25.666+0000] {processor.py:208} INFO - Processing /opt/airflow/dags/sales_etl_dag.py took 0.254 seconds
[2026-09-03T12:51:55.931+0000] {processor.py:186} INFO - Started process (PID=2169) to work on /opt/airflow/dags/sales_etl_dag.py
[2026-09-03T12:51:55.932+0000] {processor.py:914} INFO - Processing file /opt/airflow/dags/sales_etl_dag.py for tasks to queue
[2026-09-03T12:51:55.935+0000] {logging_mixin.py:190} INFO - [2026-09-03T12:51:55.935+0000] {dagbag.py:588} INFO - Filling up the DagBag from /opt/airflow/dags/sales_etl_dag.py
[2026-09-03T12:51:55.957+0000] {processor.py:925} INFO - DAG(s) 'etl_pipeline' retrieved from /opt/airflow/dags/sales_etl_dag.py
[2026-09-03T12:51:55.989+0000] {logging_mixin.py:190} INFO - [2026-09-03T12:51:55.989+0000] {dag.py:3239} INFO - Sync 1 DAGs
[2026-09-03T12:51:56.155+0000] {logging_mixin.py:190} INFO - [2026-09-03T12:51:56.155+0000] {dag.py:4180} INFO - Setting next_dagrun for etl_pipeline to 2026-09-03 02:00:00+00:00, run_after=2026-09-04 02:00:00+00:00
[2026-09-03T12:51:56.174+0000] {processor.py:208} INFO - Processing /opt/airflow/dags/sales_etl_dag.py took 0.248 seconds
[2026-09-03T12:52:26.450+0000] {processor.py:186} INFO - Started process (PID=2174) to work on /opt/airflow/dags/sales_etl_dag.py
[2026-09-03T12:52:26.451+0000] {processor.py:914} INFO - Processing file /opt/airflow/dags/sales_etl_dag.py for tasks to queue
[2026-09-03T12:52:26.454+0000] {logging_mixin.py:190} INFO - [2026-09-03T12:52:26.454+0000] {dagbag.py:588} INFO - Filling up the DagBag from /opt/airflow/dags/sales_etl_dag.py
[2026-09-03T12:52:26.485+0000] {processor.py:925} INFO - DAG(s) 'etl_pipeline' retrieved from /opt/airflow/dags/sales_etl_dag.py
[2026-09-03T12:52:26.525+0000] {logging_mixin.py:190} INFO - [2026-09-03T12:52:26.524+0000] {dag.py:3239} INFO - Sync 1 DAGs
[2026-09-03T12:52:26.699+0000] {logging_mixin.py:190} INFO - [2026-09-03T12:52:26.698+0000] {dag.py:4180} INFO - Setting next_dagrun for etl_pipeline to 2026-09-03 02:00:00+00:00, run_after=2026-09-04 02:00:00+00:00
[2026-09-03T12:52:26.718+0000] {processor.py:208} INFO - Processing /opt/airflow/dags/sales_etl_dag.py took 0.281 seconds
[2026-09-03T12:52:56.965+0000] {processor.py:186} INFO - Started process (PID=2179) to work on /opt/airflow/dags/sales_etl_dag.py
[2026-09-03T12:52:56.966+0000] {processor.py:914} INFO - Processing file /opt/airflow/dags/sales_etl_dag.py for tasks to queue
[2026-09-03T12:52:56.970+0000] {logging_mixin.py:190} INFO - [2026-09-03T12:52:56.970+0000] {dagbag.py:588} INFO - Filling up the DagBag from /opt/airflow/dags/sales_etl_dag.py
[2026-09-03T12:52:56.993+0000] {processor.py:925} INFO - DAG(s) 'etl_pipeline' retrieved from /opt/airflow/dags/sales_etl_dag.py
[2026-09-03T12:52:57.025+0000] {logging_mixin.py:190} INFO - [2026-09-03T12:52:57.025+0000] {dag.py:3239} INFO - Sync 1 DAGs
[2026-09-03T12:52:57.052+0000] {logging_mixin.py:190} INFO - [2026-09-03T12:52:57.052+0000] {dag.py:4180} INFO - Setting next_dagrun for etl_pipeline to 2026-09-03 02:00:00+00:00, run_after=2026-09-04 02:00:00+00:00
[2026-09-03T12:52:57.075+0000] {processor.py:208} INFO - Processing /opt/airflow/dags/sales_etl_dag.py took 0.117 seconds
[2026-09-03T12:53:27.212+0000] {processor.py:186} INFO - Started process (PID=2184) to work on /opt/airflow/dags/sales_etl_dag.py
[2026-09-03T12:53:27.213+0000] {processor.py:914} INFO - Processing file /opt/airflow/dags/sales_etl_dag.py for tasks to queue
[2026-09-03T12:53:27.216+0000] {logging_mixin.py:190} INFO - [2026-09-03T12:53:27.215+0000] {dagbag.py:588} INFO - Filling up the DagBag from /opt/airflow/dags/sales_etl_dag.py
[2026-09-03T12:53:27.236+0000] {processor.py:925} INFO - DAG(s) 'etl_pipeline' retrieved from /opt/airflow/dags/sales_etl_dag.py
[2026-09-03T12:53:27.267+0000] {logging_mixin.py:190} INFO - [2026-09-03T12:53:27.267+0000] {dag.py:3239} INFO - Sync 1 DAGs
[2026-09-03T12:53:27.291+0000] {logging_mixin.py:190} INFO - [2026-09-03T12:53:27.291+0000] {dag.py:4180} INFO - Setting next_dagrun for etl_pipeline to 2026-09-03 02:00:00+00:00, run_after=2026-09-04 02:00:00+00:00
[2026-09-03T12:53:27.313+0000] {processor.py:208} INFO - Processing /opt/airflow/dags/sales_etl_dag.py took 0.107 seconds
[2026-09-03T12:53:57.559+0000] {processor.py:186} INFO - Started process (PID=2189) to work on /opt/airflow/dags/sales_etl_dag.py
[2026-09-03T12:53:57.561+0000] {processor.py:914} INFO - Processing file /opt/airflow/dags/sales_etl_dag.py for tasks to queue
[2026-09-03T12:53:57.564+0000] {logging_mixin.py:190} INFO - [2026-09-03T12:53:57.564+0000] {dagbag.py:588} INFO - Filling up the DagBag from /opt/airflow/dags/sales_etl_dag.py
[2026-09-03T12:53:57.586+0000] {processor.py:925} INFO - DAG(s) 'etl_pipeline' retrieved from /opt/airflow/dags/sales_etl_dag.py
[2026-09-03T12:53:57.619+0000] {logging_mixin.py:190} INFO - [2026-09-03T12:53:57.618+0000] {dag.py:3239} INFO - Sync 1 DAGs
[2026-09-03T12:53:57.644+0000] {logging_mixin.py:190} INFO - [2026-09-03T12:53:57.643+0000] {dag.py:4180} INFO - Setting next_dagrun for etl_pipeline to 2026-09-03 02:00:00+00:00, run_after=2026-09-04 02:00:00+00:00
[2026-09-03T12:53:57.668+0000] {processor.py:208} INFO - Processing /opt/airflow/dags/sales_etl_dag.py took 0.114 seconds
[2026-09-03T12:54:27.810+0000] {processor.py:186} INFO - Started process (PID=2194) to work on /opt/airflow/dags/sales_etl_dag.py
[2026-09-03T12:54:27.811+0000] {processor.py:914} INFO - Processing file /opt/airflow/dags/sales_etl_dag.py for tasks to queue
[2026-09-03T12:54:27.814+0000] {logging_mixin.py:190} INFO - [2026-09-03T12:54:27.814+0000] {dagbag.py:588} INFO - Filling up the DagBag from /opt/airflow/dags/sales_etl_dag.py
[2026-09-03T12:54:27.837+0000] {processor.py:925} INFO - DAG(s) 'etl_pipeline' retrieved from /opt/airflow/dags/sales_etl_dag.py
[2026-09-03T12:54:27.871+0000] {logging_mixin.py:190} INFO - [2026-09-03T12:54:27.871+0000] {dag.py:3239} INFO - Sync 1 DAGs
[2026-09-03T12:54:27.897+0000] {logging_mixin.py:190} INFO - [2026-09-03T12:54:27.897+0000] {dag.py:4180} INFO - Setting next_dagrun for etl_pipeline to 2026-09-03 02:00:00+00:00, run_after=2026-09-04 02:00:00+00:00
[2026-09-03T12:54:28.061+0000] {processor.py:208} INFO - Processing /opt/airflow/dags/sales_etl_dag.py took 0.257 seconds
[2026-09-03T12:54:58.158+0000] {processor.py:186} INFO - Started process (PID=2199) to work on /opt/airflow/dags/sales_etl_dag.py
[2026-09-03T12:54:58.159+0000] {processor.py:914} INFO - Processing file /opt/airflow/dags/sales_etl_dag.py for tasks to queue
[2026-09-03T12:54:58.163+0000] {logging_mixin.py:190} INFO - [2026-09-03T12:54:58.163+0000] {dagbag.py:588} INFO - Filling up the DagBag from /opt/airflow/dags/sales_etl_dag.py
[2026-09-03T12:54:58.187+0000] {processor.py:925} INFO - DAG(s) 'etl_pipeline' retrieved from /opt/airflow/dags/sales_etl_dag.py
[2026-09-03T12:54:58.219+0000] {logging_mixin.py:190} INFO - [2026-09-03T12:54:58.218+0000] {dag.py:3239} INFO - Sync 1 DAGs
[2026-09-03T12:54:58.386+0000] {logging_mixin.py:190} INFO - [2026-09-03T12:54:58.386+0000] {dag.py:4180} INFO - Setting next_dagrun for etl_pipeline to 2026-09-03 02:00:00+00:00, run_after=2026-09-04 02:00:00+00:00
[2026-09-03T12:54:58.406+0000] {processor.py:208} INFO - Processing /opt/airflow/dags/sales_etl_dag.py took 0.255 seconds
[2026-09-03T12:55:28.547+0000] {processor.py:186} INFO - Started process (PID=2204) to work on /opt/airflow/dags/sales_etl_dag.py
[2026-09-03T12:55:28.548+0000] {processor.py:914} INFO - Processing file /opt/airflow/dags/sales_etl_dag.py for tasks to queue
[2026-09-03T12:55:28.550+0000] {logging_mixin.py:190} INFO - [2026-09-03T12:55:28.550+0000] {dagbag.py:588} INFO - Filling up the DagBag from /opt/airflow/dags/sales_etl_dag.py
[2026-09-03T12:55:28.574+0000] {processor.py:925} INFO - DAG(s) 'etl_pipeline' retrieved from /opt/airflow/dags/sales_etl_dag.py
[2026-09-03T12:55:28.765+0000] {logging_mixin.py:190} INFO - [2026-09-03T12:55:28.765+0000] {dag.py:3239} INFO - Sync 1 DAGs
[2026-09-03T12:55:28.787+0000] {logging_mixin.py:190} INFO - [2026-09-03T12:55:28.786+0000] {dag.py:4180} INFO - Setting next_dagrun for etl_pipeline to 2026-09-03 02:00:00+00:00, run_after=2026-09-04 02:00:00+00:00
[2026-09-03T12:55:28.807+0000] {processor.py:208} INFO - Processing /opt/airflow/dags/sales_etl_dag.py took 0.266 seconds
[2026-09-03T12:55:58.905+0000] {processor.py:186} INFO - Started process (PID=2209) to work on /opt/airflow/dags/sales_etl_dag.py
[2026-09-03T12:55:58.906+0000] {processor.py:914} INFO - Processing file /opt/airflow/dags/sales_etl_dag.py for tasks to queue
[2026-09-03T12:55:58.909+0000] {logging_mixin.py:190} INFO - [2026-09-03T12:55:58.908+0000] {dagbag.py:588} INFO - Filling up the DagBag from /opt/airflow/dags/sales_etl_dag.py
[2026-09-03T12:55:58.931+0000] {processor.py:925} INFO - DAG(s) 'etl_pipeline' retrieved from /opt/airflow/dags/sales_etl_dag.py
[2026-09-03T12:55:58.964+0000] {logging_mixin.py:190} INFO - [2026-09-03T12:55:58.964+0000] {dag.py:3239} INFO - Sync 1 DAGs
[2026-09-03T12:55:58.990+0000] {logging_mixin.py:190} INFO - [2026-09-03T12:55:58.990+0000] {dag.py:4180} INFO - Setting next_dagrun for etl_pipeline to 2026-09-03 02:00:00+00:00, run_after=2026-09-04 02:00:00+00:00
[2026-09-03T12:55:59.015+0000] {processor.py:208} INFO - Processing /opt/airflow/dags/sales_etl_dag.py took 0.117 seconds
[2026-09-03T12:56:29.140+0000] {processor.py:186} INFO - Started process (PID=2214) to work on /opt/airflow/dags/sales_etl_dag.py
[2026-09-03T12:56:29.141+0000] {processor.py:914} INFO - Processing file /opt/airflow/dags/sales_etl_dag.py for tasks to queue
[2026-09-03T12:56:29.144+0000] {logging_mixin.py:190} INFO - [2026-09-03T12:56:29.143+0000] {dagbag.py:588} INFO - Filling up the DagBag from /opt/airflow/dags/sales_etl_dag.py
[2026-09-03T12:56:29.168+0000] {processor.py:925} INFO - DAG(s) 'etl_pipeline' retrieved from /opt/airflow/dags/sales_etl_dag.py
[2026-09-03T12:56:29.201+0000] {logging_mixin.py:190} INFO - [2026-09-03T12:56:29.201+0000] {dag.py:3239} INFO - Sync 1 DAGs
[2026-09-03T12:56:29.227+0000] {logging_mixin.py:190} INFO - [2026-09-03T12:56:29.226+0000] {dag.py:4180} INFO - Setting next_dagrun for etl_pipeline to 2026-09-03 02:00:00+00:00, run_after=2026-09-04 02:00:00+00:00
[2026-09-03T12:56:29.247+0000] {processor.py:208} INFO - Processing /opt/airflow/dags/sales_etl_dag.py took 0.114 seconds
[2026-09-03T12:56:59.513+0000] {processor.py:186} INFO - Started process (PID=2219) to work on /opt/airflow/dags/sales_etl_dag.py
[2026-09-03T12:56:59.514+0000] {processor.py:914} INFO - Processing file /opt/airflow/dags/sales_etl_dag.py for tasks to queue
[2026-09-03T12:56:59.516+0000] {logging_mixin.py:190} INFO - [2026-09-03T12:56:59.516+0000] {dagbag.py:588} INFO - Filling up the DagBag from /opt/airflow/dags/sales_etl_dag.py
[2026-09-03T12:56:59.537+0000] {processor.py:925} INFO - DAG(s) 'etl_pipeline' retrieved from /opt/airflow/dags/sales_etl_dag.py
[2026-09-03T12:56:59.565+0000] {logging_mixin.py:190} INFO - [2026-09-03T12:56:59.565+0000] {dag.py:3239} INFO - Sync 1 DAGs
[2026-09-03T12:56:59.588+0000] {logging_mixin.py:190} INFO - [2026-09-03T12:56:59.588+0000] {dag.py:4180} INFO - Setting next_dagrun for etl_pipeline to 2026-09-03 02:00:00+00:00, run_after=2026-09-04 02:00:00+00:00
[2026-09-03T12:56:59.606+0000] {processor.py:208} INFO - Processing /opt/airflow/dags/sales_etl_dag.py took 0.099 seconds
[2026-09-03T12:57:29.942+0000] {processor.py:186} INFO - Started process (PID=2224) to work on /opt/airflow/dags/sales_etl_dag.py
[2026-09-03T12:57:29.946+0000] {processor.py:914} INFO - Processing file /opt/airflow/dags/sales_etl_dag.py for tasks to queue
[2026-09-03T12:57:29.952+0000] {logging_mixin.py:190} INFO - [2026-09-03T12:57:29.951+0000] {dagbag.py:588} INFO - Filling up the DagBag from /opt/airflow/dags/sales_etl_dag.py
[2026-09-03T12:57:29.994+0000] {processor.py:925} INFO - DAG(s) 'etl_pipeline' retrieved from /opt/airflow/dags/sales_etl_dag.py
[2026-09-03T12:57:30.278+0000] {logging_mixin.py:190} INFO - [2026-09-03T12:57:30.278+0000] {dag.py:3239} INFO - Sync 1 DAGs
[2026-09-03T12:57:31.057+0000] {logging_mixin.py:190} INFO - [2026-09-03T12:57:31.057+0000] {dag.py:4180} INFO - Setting next_dagrun for etl_pipeline to 2026-09-03 02:00:00+00:00, run_after=2026-09-04 02:00:00+00:00
[2026-09-03T12:57:31.130+0000] {processor.py:208} INFO - Processing /opt/airflow/dags/sales_etl_dag.py took 1.198 seconds
[2026-09-03T13:23:05.261+0000] {processor.py:186} INFO - Started process (PID=2229) to work on /opt/airflow/dags/sales_etl_dag.py
[2026-09-03T13:23:05.262+0000] {processor.py:914} INFO - Processing file /opt/airflow/dags/sales_etl_dag.py for tasks to queue
[2026-09-03T13:23:05.265+0000] {logging_mixin.py:190} INFO - [2026-09-03T13:23:05.264+0000] {dagbag.py:588} INFO - Filling up the DagBag from /opt/airflow/dags/sales_etl_dag.py
[2026-09-03T13:23:05.290+0000] {processor.py:925} INFO - DAG(s) 'etl_pipeline' retrieved from /opt/airflow/dags/sales_etl_dag.py
[2026-09-03T13:23:05.336+0000] {logging_mixin.py:190} INFO - [2026-09-03T13:23:05.336+0000] {dag.py:3239} INFO - Sync 1 DAGs
[2026-09-03T13:23:05.559+0000] {logging_mixin.py:190} INFO - [2026-09-03T13:23:05.559+0000] {dag.py:4180} INFO - Setting next_dagrun for etl_pipeline to 2026-09-03 02:00:00+00:00, run_after=2026-09-04 02:00:00+00:00
[2026-09-03T13:23:05.586+0000] {processor.py:208} INFO - Processing /opt/airflow/dags/sales_etl_dag.py took 0.333 seconds
[2026-09-03T13:23:35.716+0000] {processor.py:186} INFO - Started process (PID=2234) to work on /opt/airflow/dags/sales_etl_dag.py
[2026-09-03T13:23:35.717+0000] {processor.py:914} INFO - Processing file /opt/airflow/dags/sales_etl_dag.py for tasks to queue
[2026-09-03T13:23:35.720+0000] {logging_mixin.py:190} INFO - [2026-09-03T13:23:35.720+0000] {dagbag.py:588} INFO - Filling up the DagBag from /opt/airflow/dags/sales_etl_dag.py
[2026-09-03T13:23:35.742+0000] {processor.py:925} INFO - DAG(s) 'etl_pipeline' retrieved from /opt/airflow/dags/sales_etl_dag.py
[2026-09-03T13:23:35.771+0000] {logging_mixin.py:190} INFO - [2026-09-03T13:23:35.771+0000] {dag.py:3239} INFO - Sync 1 DAGs
[2026-09-03T13:23:35.920+0000] {logging_mixin.py:190} INFO - [2026-09-03T13:23:35.919+0000] {dag.py:4180} INFO - Setting next_dagrun for etl_pipeline to 2026-09-03 02:00:00+00:00, run_after=2026-09-04 02:00:00+00:00
[2026-09-03T13:23:35.938+0000] {processor.py:208} INFO - Processing /opt/airflow/dags/sales_etl_dag.py took 0.228 seconds
[2026-09-03T13:24:06.173+0000] {processor.py:186} INFO - Started process (PID=2239) to work on /opt/airflow/dags/sales_etl_dag.py
[2026-09-03T13:24:06.174+0000] {processor.py:914} INFO - Processing file /opt/airflow/dags/sales_etl_dag.py for tasks to queue
[2026-09-03T13:24:06.176+0000] {logging_mixin.py:190} INFO - [2026-09-03T13:24:06.176+0000] {dagbag.py:588} INFO - Filling up the DagBag from /opt/airflow/dags/sales_etl_dag.py
[2026-09-03T13:24:06.196+0000] {processor.py:925} INFO - DAG(s) 'etl_pipeline' retrieved from /opt/airflow/dags/sales_etl_dag.py
[2026-09-03T13:24:06.221+0000] {logging_mixin.py:190} INFO - [2026-09-03T13:24:06.221+0000] {dag.py:3239} INFO - Sync 1 DAGs
[2026-09-03T13:24:06.242+0000] {logging_mixin.py:190} INFO - [2026-09-03T13:24:06.242+0000] {dag.py:4180} INFO - Setting next_dagrun for etl_pipeline to 2026-09-03 02:00:00+00:00, run_after=2026-09-04 02:00:00+00:00
[2026-09-03T13:24:06.260+0000] {processor.py:208} INFO - Processing /opt/airflow/dags/sales_etl_dag.py took 0.093 seconds
[2026-09-03T13:24:36.543+0000] {processor.py:186} INFO - Started process (PID=2244) to work on /opt/airflow/dags/sales_etl_dag.py
[2026-09-03T13:24:36.544+0000] {processor.py:914} INFO - Processing file /opt/airflow/dags/sales_etl_dag.py for tasks to queue
[2026-09-03T13:24:36.547+0000] {logging_mixin.py:190} INFO - [2026-09-03T13:24:36.547+0000] {dagbag.py:588} INFO - Filling up the DagBag from /opt/airflow/dags/sales_etl_dag.py
[2026-09-03T13:24:36.565+0000] {processor.py:925} INFO - DAG(s) 'etl_pipeline' retrieved from /opt/airflow/dags/sales_etl_dag.py
[2026-09-03T13:24:36.590+0000] {logging_mixin.py:190} INFO - [2026-09-03T13:24:36.589+0000] {dag.py:3239} INFO - Sync 1 DAGs
[2026-09-03T13:24:36.610+0000] {logging_mixin.py:190} INFO - [2026-09-03T13:24:36.610+0000] {dag.py:4180} INFO - Setting next_dagrun for etl_pipeline to 2026-09-03 02:00:00+00:00, run_after=2026-09-04 02:00:00+00:00
[2026-09-03T13:24:36.629+0000] {processor.py:208} INFO - Processing /opt/airflow/dags/sales_etl_dag.py took 0.090 seconds
[2026-09-03T13:25:06.898+0000] {processor.py:186} INFO - Started process (PID=2249) to work on /opt/airflow/dags/sales_etl_dag.py
[2026-09-03T13:25:06.899+0000] {processor.py:914} INFO - Processing file /opt/airflow/dags/sales_etl_dag.py for tasks to queue
[2026-09-03T13:25:06.902+0000] {logging_mixin.py:190} INFO - [2026-09-03T13:25:06.902+0000] {dagbag.py:588} INFO - Filling up the DagBag from /opt/airflow/dags/sales_etl_dag.py
[2026-09-03T13:25:06.922+0000] {processor.py:925} INFO - DAG(s) 'etl_pipeline' retrieved from /opt/airflow/dags/sales_etl_dag.py
[2026-09-03T13:25:06.951+0000] {logging_mixin.py:190} INFO - [2026-09-03T13:25:06.951+0000] {dag.py:3239} INFO - Sync 1 DAGs
[2026-09-03T13:25:06.972+0000] {logging_mixin.py:190} INFO - [2026-09-03T13:25:06.972+0000] {dag.py:4180} INFO - Setting next_dagrun for etl_pipeline to 2026-09-03 02:00:00+00:00, run_after=2026-09-04 02:00:00+00:00
[2026-09-03T13:25:06.991+0000] {processor.py:208} INFO - Processing /opt/airflow/dags/sales_etl_dag.py took 0.099 seconds
[2026-09-03T13:25:37.277+0000] {processor.py:186} INFO - Started process (PID=2254) to work on /opt/airflow/dags/sales_etl_dag.py
[2026-09-03T13:25:37.278+0000] {processor.py:914} INFO - Processing file /opt/airflow/dags/sales_etl_dag.py for tasks to queue
[2026-09-03T13:25:37.281+0000] {logging_mixin.py:190} INFO - [2026-09-03T13:25:37.281+0000] {dagbag.py:588} INFO - Filling up the DagBag from /opt/airflow/dags/sales_etl_dag.py
[2026-09-03T13:25:37.299+0000] {processor.py:925} INFO - DAG(s) 'etl_pipeline' retrieved from /opt/airflow/dags/sales_etl_dag.py
[2026-09-03T13:25:37.327+0000] {logging_mixin.py:190} INFO - [2026-09-03T13:25:37.326+0000] {dag.py:3239} INFO - Sync 1 DAGs
[2026-09-03T13:25:37.347+0000] {logging_mixin.py:190} INFO - [2026-09-03T13:25:37.347+0000] {dag.py:4180} INFO - Setting next_dagrun for etl_pipeline to 2026-09-03 02:00:00+00:00, run_after=2026-09-04 02:00:00+00:00
[2026-09-03T13:25:37.493+0000] {processor.py:208} INFO - Processing /opt/airflow/dags/sales_etl_dag.py took 0.223 seconds
[2026-09-03T13:26:07.617+0000] {processor.py:186} INFO - Started process (PID=2259) to work on /opt/airflow/dags/sales_etl_dag.py
[2026-09-03T13:26:07.618+0000] {processor.py:914} INFO - Processing file /opt/airflow/dags/sales_etl_dag.py for tasks to queue
[2026-09-03T13:26:07.621+0000] {logging_mixin.py:190} INFO - [2026-09-03T13:26:07.620+0000] {dagbag.py:588} INFO - Filling up the DagBag from /opt/airflow/dags/sales_etl_dag.py
[2026-09-03T13:26:07.638+0000] {processor.py:925} INFO - DAG(s) 'etl_pipeline' retrieved from /opt/airflow/dags/sales_etl_dag.py
[2026-09-03T13:26:07.664+0000] {logging_mixin.py:190} INFO - [2026-09-03T13:26:07.664+0000] {dag.py:3239} INFO - Sync 1 DAGs
[2026-09-03T13:26:07.810+0000] {logging_mixin.py:190} INFO - [2026-09-03T13:26:07.810+0000] {dag.py:4180} INFO - Setting next_dagrun for etl_pipeline to 2026-09-03 02:00:00+00:00, run_after=2026-09-04 02:00:00+00:00
[2026-09-03T13:26:07.827+0000] {processor.py:208} INFO - Processing /opt/airflow/dags/sales_etl_dag.py took 0.216 seconds
[2026-09-03T13:26:38.110+0000] {processor.py:186} INFO - Started process (PID=2264) to work on /opt/airflow/dags/sales_etl_dag.py
[2026-09-03T13:26:38.111+0000] {processor.py:914} INFO - Processing file /opt/airflow/dags/sales_etl_dag.py for tasks to queue
[2026-09-03T13:26:38.113+0000] {logging_mixin.py:190} INFO - [2026-09-03T13:26:38.113+0000] {dagbag.py:588} INFO - Filling up the DagBag from /opt/airflow/dags/sales_etl_dag.py
[2026-09-03T13:26:38.134+0000] {processor.py:925} INFO - DAG(s) 'etl_pipeline' retrieved from /opt/airflow/dags/sales_etl_dag.py
[2026-09-03T13:26:38.287+0000] {logging_mixin.py:190} INFO - [2026-09-03T13:26:38.287+0000] {dag.py:3239} INFO - Sync 1 DAGs
[2026-09-03T13:26:38.305+0000] {logging_mixin.py:190} INFO - [2026-09-03T13:26:38.305+0000] {dag.py:4180} INFO - Setting next_dagrun for etl_pipeline to 2026-09-03 02:00:00+00:00, run_after=2026-09-04 02:00:00+00:00
[2026-09-03T13:26:38.323+0000] {processor.py:208} INFO - Processing /opt/airflow/dags/sales_etl_dag.py took 0.219 seconds
[2026-09-03T13:27:08.463+0000] {processor.py:186} INFO - Started process (PID=2269) to work on /opt/airflow/dags/sales_etl_dag.py
[2026-09-03T13:27:08.464+0000] {processor.py:914} INFO - Processing file /opt/airflow/dags/sales_etl_dag.py for tasks to queue
[2026-09-03T13:27:08.466+0000] {logging_mixin.py:190} INFO - [2026-09-03T13:27:08.466+0000] {dagbag.py:588} INFO - Filling up the DagBag from /opt/airflow/dags/sales_etl_dag.py
[2026-09-03T13:27:08.486+0000] {processor.py:925} INFO - DAG(s) 'etl_pipeline' retrieved from /opt/airflow/dags/sales_etl_dag.py
[2026-09-03T13:27:08.513+0000] {logging_mixin.py:190} INFO - [2026-09-03T13:27:08.513+0000] {dag.py:3239} INFO - Sync 1 DAGs
[2026-09-03T13:27:08.532+0000] {logging_mixin.py:190} INFO - [2026-09-03T13:27:08.532+0000] {dag.py:4180} INFO - Setting next_dagrun for etl_pipeline to 2026-09-03 02:00:00+00:00, run_after=2026-09-04 02:00:00+00:00
[2026-09-03T13:27:08.551+0000] {processor.py:208} INFO - Processing /opt/airflow/dags/sales_etl_dag.py took 0.094 seconds
[2026-09-03T13:27:38.752+0000] {processor.py:186} INFO - Started process (PID=2274) to work on /opt/airflow/dags/sales_etl_dag.py
[2026-09-03T13:27:38.753+0000] {processor.py:914} INFO - Processing file /opt/airflow/dags/sales_etl_dag.py for tasks to queue
[2026-09-03T13:27:38.755+0000] {logging_mixin.py:190} INFO - [2026-09-03T13:27:38.755+0000] {dagbag.py:588} INFO - Filling up the DagBag from /opt/airflow/dags/sales_etl_dag.py
[2026-09-03T13:27:38.776+0000] {processor.py:925} INFO - DAG(s) 'etl_pipeline' retrieved from /opt/airflow/dags/sales_etl_dag.py
[2026-09-03T13:27:38.804+0000] {logging_mixin.py:190} INFO - [2026-09-03T13:27:38.803+0000] {dag.py:3239} INFO - Sync 1 DAGs
[2026-09-03T13:27:38.824+0000] {logging_mixin.py:190} INFO - [2026-09-03T13:27:38.824+0000] {dag.py:4180} INFO - Setting next_dagrun for etl_pipeline to 2026-09-03 02:00:00+00:00, run_after=2026-09-04 02:00:00+00:00
[2026-09-03T13:27:38.843+0000] {processor.py:208} INFO - Processing /opt/airflow/dags/sales_etl_dag.py took 0.096 seconds
[2026-09-03T13:28:09.207+0000] {processor.py:186} INFO - Started process (PID=2279) to work on /opt/airflow/dags/sales_etl_dag.py
[2026-09-03T13:28:09.208+0000] {processor.py:914} INFO - Processing file /opt/airflow/dags/sales_etl_dag.py for tasks to queue
[2026-09-03T13:28:09.211+0000] {logging_mixin.py:190} INFO - [2026-09-03T13:28:09.210+0000] {dagbag.py:588} INFO - Filling up the DagBag from /opt/airflow/dags/sales_etl_dag.py
[2026-09-03T13:28:09.230+0000] {processor.py:925} INFO - DAG(s) 'etl_pipeline' retrieved from /opt/airflow/dags/sales_etl_dag.py
[2026-09-03T13:28:09.255+0000] {logging_mixin.py:190} INFO - [2026-09-03T13:28:09.255+0000] {dag.py:3239} INFO - Sync 1 DAGs
[2026-09-03T13:28:09.276+0000] {logging_mixin.py:190} INFO - [2026-09-03T13:28:09.276+0000] {dag.py:4180} INFO - Setting next_dagrun for etl_pipeline to 2026-09-03 02:00:00+00:00, run_after=2026-09-04 02:00:00+00:00
[2026-09-03T13:28:09.295+0000] {processor.py:208} INFO - Processing /opt/airflow/dags/sales_etl_dag.py took 0.093 seconds
[2026-09-03T13:28:39.539+0000] {processor.py:186} INFO - Started process (PID=2284) to work on /opt/airflow/dags/sales_etl_dag.py
[2026-09-03T13:28:39.540+0000] {processor.py:914} INFO - Processing file /opt/airflow/dags/sales_etl_dag.py for tasks to queue
[2026-09-03T13:28:39.543+0000] {logging_mixin.py:190} INFO - [2026-09-03T13:28:39.543+0000] {dagbag.py:588} INFO - Filling up the DagBag from /opt/airflow/dags/sales_etl_dag.py
[2026-09-03T13:28:39.566+0000] {processor.py:925} INFO - DAG(s) 'etl_pipeline' retrieved from /opt/airflow/dags/sales_etl_dag.py
[2026-09-03T13:28:39.606+0000] {logging_mixin.py:190} INFO - [2026-09-03T13:28:39.605+0000] {dag.py:3239} INFO - Sync 1 DAGs
[2026-09-03T13:28:39.758+0000] {logging_mixin.py:190} INFO - [2026-09-03T13:28:39.757+0000] {dag.py:4180} INFO - Setting next_dagrun for etl_pipeline to 2026-09-03 02:00:00+00:00, run_after=2026-09-04 02:00:00+00:00
[2026-09-03T13:28:39.777+0000] {processor.py:208} INFO - Processing /opt/airflow/dags/sales_etl_dag.py took 0.243 seconds
[2026-09-03T13:29:09.928+0000] {processor.py:186} INFO - Started process (PID=2289) to work on /opt/airflow/dags/sales_etl_dag.py
[2026-09-03T13:29:09.930+0000] {processor.py:914} INFO - Processing file /opt/airflow/dags/sales_etl_dag.py for tasks to queue
[2026-09-03T13:29:09.933+0000] {logging_mixin.py:190} INFO - [2026-09-03T13:29:09.932+0000] {dagbag.py:588} INFO - Filling up the DagBag from /opt/airflow/dags/sales_etl_dag.py
[2026-09-03T13:29:09.951+0000] {processor.py:925} INFO - DAG(s) 'etl_pipeline' retrieved from /opt/airflow/dags/sales_etl_dag.py
[2026-09-03T13:29:09.979+0000] {logging_mixin.py:190} INFO - [2026-09-03T13:29:09.979+0000] {dag.py:3239} INFO - Sync 1 DAGs
[2026-09-03T13:29:10.129+0000] {logging_mixin.py:190} INFO - [2026-09-03T13:29:10.129+0000] {dag.py:4180} INFO - Setting next_dagrun for etl_pipeline to 2026-09-03 02:00:00+00:00, run_after=2026-09-04 02:00:00+00:00
[2026-09-03T13:29:10.145+0000] {processor.py:208} INFO - Processing /opt/airflow/dags/sales_etl_dag.py took 0.223 seconds
[2026-09-03T13:29:40.368+0000] {processor.py:186} INFO - Started process (PID=2294) to work on /opt/airflow/dags/sales_etl_dag.py
[2026-09-03T13:29:40.369+0000] {processor.py:914} INFO - Processing file /opt/airflow/dags/sales_etl_dag.py for tasks to queue
[2026-09-03T13:29:40.372+0000] {logging_mixin.py:190} INFO - [2026-09-03T13:29:40.372+0000] {dagbag.py:588} INFO - Filling up the DagBag from /opt/airflow/dags/sales_etl_dag.py
[2026-09-03T13:29:40.399+0000] {processor.py:925} INFO - DAG(s) 'etl_pipeline' retrieved from /opt/airflow/dags/sales_etl_dag.py
[2026-09-03T13:29:40.567+0000] {logging_mixin.py:190} INFO - [2026-09-03T13:29:40.567+0000] {dag.py:3239} INFO - Sync 1 DAGs
[2026-09-03T13:29:40.586+0000] {logging_mixin.py:190} INFO - [2026-09-03T13:29:40.586+0000] {dag.py:4180} INFO - Setting next_dagrun for etl_pipeline to 2026-09-03 02:00:00+00:00, run_after=2026-09-04 02:00:00+00:00
[2026-09-03T13:29:40.609+0000] {processor.py:208} INFO - Processing /opt/airflow/dags/sales_etl_dag.py took 0.247 seconds
[2026-09-03T13:30:10.757+0000] {processor.py:186} INFO - Started process (PID=2299) to work on /opt/airflow/dags/sales_etl_dag.py
[2026-09-03T13:30:10.758+0000] {processor.py:914} INFO - Processing file /opt/airflow/dags/sales_etl_dag.py for tasks to queue
[2026-09-03T13:30:10.761+0000] {logging_mixin.py:190} INFO - [2026-09-03T13:30:10.761+0000] {dagbag.py:588} INFO - Filling up the DagBag from /opt/airflow/dags/sales_etl_dag.py
[2026-09-03T13:30:10.782+0000] {processor.py:925} INFO - DAG(s) 'etl_pipeline' retrieved from /opt/airflow/dags/sales_etl_dag.py
[2026-09-03T13:30:10.810+0000] {logging_mixin.py:190} INFO - [2026-09-03T13:30:10.810+0000] {dag.py:3239} INFO - Sync 1 DAGs
[2026-09-03T13:30:10.832+0000] {logging_mixin.py:190} INFO - [2026-09-03T13:30:10.832+0000] {dag.py:4180} INFO - Setting next_dagrun for etl_pipeline to 2026-09-03 02:00:00+00:00, run_after=2026-09-04 02:00:00+00:00
[2026-09-03T13:30:10.850+0000] {processor.py:208} INFO - Processing /opt/airflow/dags/sales_etl_dag.py took 0.101 seconds
[2026-09-03T13:30:41.055+0000] {processor.py:186} INFO - Started process (PID=2304) to work on /opt/airflow/dags/sales_etl_dag.py
[2026-09-03T13:30:41.056+0000] {processor.py:914} INFO - Processing file /opt/airflow/dags/sales_etl_dag.py for tasks to queue
[2026-09-03T13:30:41.058+0000] {logging_mixin.py:190} INFO - [2026-09-03T13:30:41.058+0000] {dagbag.py:588} INFO - Filling up the DagBag from /opt/airflow/dags/sales_etl_dag.py
[2026-09-03T13:30:41.077+0000] {processor.py:925} INFO - DAG(s) 'etl_pipeline' retrieved from /opt/airflow/dags/sales_etl_dag.py
[2026-09-03T13:30:41.102+0000] {logging_mixin.py:190} INFO - [2026-09-03T13:30:41.101+0000] {dag.py:3239} INFO - Sync 1 DAGs
[2026-09-03T13:30:41.123+0000] {logging_mixin.py:190} INFO - [2026-09-03T13:30:41.123+0000] {dag.py:4180} INFO - Setting next_dagrun for etl_pipeline to 2026-09-03 02:00:00+00:00, run_after=2026-09-04 02:00:00+00:00
[2026-09-03T13:30:41.143+0000] {processor.py:208} INFO - Processing /opt/airflow/dags/sales_etl_dag.py took 0.094 seconds
[2026-09-03T13:31:11.465+0000] {processor.py:186} INFO - Started process (PID=2309) to work on /opt/airflow/dags/sales_etl_dag.py
[2026-09-03T13:31:11.466+0000] {processor.py:914} INFO - Processing file /opt/airflow/dags/sales_etl_dag.py for tasks to queue
[2026-09-03T13:31:11.469+0000] {logging_mixin.py:190} INFO - [2026-09-03T13:31:11.468+0000] {dagbag.py:588} INFO - Filling up the DagBag from /opt/airflow/dags/sales_etl_dag.py
[2026-09-03T13:31:11.488+0000] {processor.py:925} INFO - DAG(s) 'etl_pipeline' retrieved from /opt/airflow/dags/sales_etl_dag.py
[2026-09-03T13:31:11.518+0000] {logging_mixin.py:190} INFO - [2026-09-03T13:31:11.518+0000] {dag.py:3239} INFO - Sync 1 DAGs
[2026-09-03T13:31:11.540+0000] {logging_mixin.py:190} INFO - [2026-09-03T13:31:11.540+0000] {dag.py:4180} INFO - Setting next_dagrun for etl_pipeline to 2026-09-03 02:00:00+00:00, run_after=2026-09-04 02:00:00+00:00
[2026-09-03T13:31:11.705+0000] {processor.py:208} INFO - Processing /opt/airflow/dags/sales_etl_dag.py took 0.246 seconds
[2026-09-03T13:31:41.771+0000] {processor.py:186} INFO - Started process (PID=2314) to work on /opt/airflow/dags/sales_etl_dag.py
[2026-09-03T13:31:41.773+0000] {processor.py:914} INFO - Processing file /opt/airflow/dags/sales_etl_dag.py for tasks to queue
[2026-09-03T13:31:41.775+0000] {logging_mixin.py:190} INFO - [2026-09-03T13:31:41.774+0000] {dagbag.py:588} INFO - Filling up the DagBag from /opt/airflow/dags/sales_etl_dag.py
[2026-09-03T13:31:41.794+0000] {processor.py:925} INFO - DAG(s) 'etl_pipeline' retrieved from /opt/airflow/dags/sales_etl_dag.py
[2026-09-03T13:31:41.823+0000] {logging_mixin.py:190} INFO - [2026-09-03T13:31:41.823+0000] {dag.py:3239} INFO - Sync 1 DAGs
[2026-09-03T13:31:41.975+0000] {logging_mixin.py:190} INFO - [2026-09-03T13:31:41.975+0000] {dag.py:4180} INFO - Setting next_dagrun for etl_pipeline to 2026-09-03 02:00:00+00:00, run_after=2026-09-04 02:00:00+00:00
[2026-09-03T13:31:41.995+0000] {processor.py:208} INFO - Processing /opt/airflow/dags/sales_etl_dag.py took 0.229 seconds
[2026-09-03T13:32:12.299+0000] {processor.py:186} INFO - Started process (PID=2319) to work on /opt/airflow/dags/sales_etl_dag.py
[2026-09-03T13:32:12.300+0000] {processor.py:914} INFO - Processing file /opt/airflow/dags/sales_etl_dag.py for tasks to queue
[2026-09-03T13:32:12.302+0000] {logging_mixin.py:190} INFO - [2026-09-03T13:32:12.302+0000] {dagbag.py:588} INFO - Filling up the DagBag from /opt/airflow/dags/sales_etl_dag.py
[2026-09-03T13:32:12.321+0000] {processor.py:925} INFO - DAG(s) 'etl_pipeline' retrieved from /opt/airflow/dags/sales_etl_dag.py
[2026-09-03T13:32:12.469+0000] {logging_mixin.py:190} INFO - [2026-09-03T13:32:12.469+0000] {dag.py:3239} INFO - Sync 1 DAGs
[2026-09-03T13:32:12.487+0000] {logging_mixin.py:190} INFO - [2026-09-03T13:32:12.487+0000] {dag.py:4180} INFO - Setting next_dagrun for etl_pipeline to 2026-09-03 02:00:00+00:00, run_after=2026-09-04 02:00:00+00:00
[2026-09-03T13:32:12.505+0000] {processor.py:208} INFO - Processing /opt/airflow/dags/sales_etl_dag.py took 0.211 seconds
[2026-09-03T13:32:42.606+0000] {processor.py:186} INFO - Started process (PID=2324) to work on /opt/airflow/dags/sales_etl_dag.py
[2026-09-03T13:32:42.607+0000] {processor.py:914} INFO - Processing file /opt/airflow/dags/sales_etl_dag.py for tasks to queue
[2026-09-03T13:32:42.610+0000] {logging_mixin.py:190} INFO - [2026-09-03T13:32:42.610+0000] {dagbag.py:588} INFO - Filling up the DagBag from /opt/airflow/dags/sales_etl_dag.py
[2026-09-03T13:32:42.629+0000] {processor.py:925} INFO - DAG(s) 'etl_pipeline' retrieved from /opt/airflow/dags/sales_etl_dag.py
[2026-09-03T13:32:42.784+0000] {logging_mixin.py:190} INFO - [2026-09-03T13:32:42.784+0000] {dag.py:3239} INFO - Sync 1 DAGs
[2026-09-03T13:32:42.802+0000] {logging_mixin.py:190} INFO - [2026-09-03T13:32:42.802+0000] {dag.py:4180} INFO - Setting next_dagrun for etl_pipeline to 2026-09-03 02:00:00+00:00, run_after=2026-09-04 02:00:00+00:00
[2026-09-03T13:32:42.821+0000] {processor.py:208} INFO - Processing /opt/airflow/dags/sales_etl_dag.py took 0.221 seconds
[2026-09-03T13:33:13.118+0000] {processor.py:186} INFO - Started process (PID=2329) to work on /opt/airflow/dags/sales_etl_dag.py
[2026-09-03T13:33:13.119+0000] {processor.py:914} INFO - Processing file /opt/airflow/dags/sales_etl_dag.py for tasks to queue
[2026-09-03T13:33:13.121+0000] {logging_mixin.py:190} INFO - [2026-09-03T13:33:13.121+0000] {dagbag.py:588} INFO - Filling up the DagBag from /opt/airflow/dags/sales_etl_dag.py
[2026-09-03T13:33:13.139+0000] {processor.py:925} INFO - DAG(s) 'etl_pipeline' retrieved from /opt/airflow/dags/sales_etl_dag.py
[2026-09-03T13:33:13.164+0000] {logging_mixin.py:190} INFO - [2026-09-03T13:33:13.163+0000] {dag.py:3239} INFO - Sync 1 DAGs
[2026-09-03T13:33:13.184+0000] {logging_mixin.py:190} INFO - [2026-09-03T13:33:13.184+0000] {dag.py:4180} INFO - Setting next_dagrun for etl_pipeline to 2026-09-03 02:00:00+00:00, run_after=2026-09-04 02:00:00+00:00
[2026-09-03T13:33:13.202+0000] {processor.py:208} INFO - Processing /opt/airflow/dags/sales_etl_dag.py took 0.090 seconds
[2026-09-03T13:33:43.405+0000] {processor.py:186} INFO - Started process (PID=2334) to work on /opt/airflow/dags/sales_etl_dag.py
[2026-09-03T13:33:43.407+0000] {processor.py:914} INFO - Processing file /opt/airflow/dags/sales_etl_dag.py for tasks to queue
[2026-09-03T13:33:43.409+0000] {logging_mixin.py:190} INFO - [2026-09-03T13:33:43.409+0000] {dagbag.py:588} INFO - Filling up the DagBag from /opt/airflow/dags/sales_etl_dag.py
[2026-09-03T13:33:43.428+0000] {processor.py:925} INFO - DAG(s) 'etl_pipeline' retrieved from /opt/airflow/dags/sales_etl_dag.py
[2026-09-03T13:33:43.455+0000] {logging_mixin.py:190} INFO - [2026-09-03T13:33:43.455+0000] {dag.py:3239} INFO - Sync 1 DAGs
[2026-09-03T13:33:43.476+0000] {logging_mixin.py:190} INFO - [2026-09-03T13:33:43.475+0000] {dag.py:4180} INFO - Setting next_dagrun for etl_pipeline to 2026-09-03 02:00:00+00:00, run_after=2026-09-04 02:00:00+00:00
[2026-09-03T13:33:43.497+0000] {processor.py:208} INFO - Processing /opt/airflow/dags/sales_etl_dag.py took 0.098 seconds
[2026-09-03T13:34:13.831+0000] {processor.py:186} INFO - Started process (PID=2339) to work on /opt/airflow/dags/sales_etl_dag.py
[2026-09-03T13:34:13.832+0000] {processor.py:914} INFO - Processing file /opt/airflow/dags/sales_etl_dag.py for tasks to queue
[2026-09-03T13:34:13.835+0000] {logging_mixin.py:190} INFO - [2026-09-03T13:34:13.834+0000] {dagbag.py:588} INFO - Filling up the DagBag from /opt/airflow/dags/sales_etl_dag.py
[2026-09-03T13:34:13.858+0000] {processor.py:925} INFO - DAG(s) 'etl_pipeline' retrieved from /opt/airflow/dags/sales_etl_dag.py
[2026-09-03T13:34:13.886+0000] {logging_mixin.py:190} INFO - [2026-09-03T13:34:13.886+0000] {dag.py:3239} INFO - Sync 1 DAGs
[2026-09-03T13:34:14.061+0000] {logging_mixin.py:190} INFO - [2026-09-03T13:34:14.061+0000] {dag.py:4180} INFO - Setting next_dagrun for etl_pipeline to 2026-09-03 02:00:00+00:00, run_after=2026-09-04 02:00:00+00:00
[2026-09-03T13:34:14.081+0000] {processor.py:208} INFO - Processing /opt/airflow/dags/sales_etl_dag.py took 0.256 seconds
[2026-09-03T13:34:44.138+0000] {processor.py:186} INFO - Started process (PID=2344) to work on /opt/airflow/dags/sales_etl_dag.py
[2026-09-03T13:34:44.140+0000] {processor.py:914} INFO - Processing file /opt/airflow/dags/sales_etl_dag.py for tasks to queue
[2026-09-03T13:34:44.142+0000] {logging_mixin.py:190} INFO - [2026-09-03T13:34:44.141+0000] {dagbag.py:588} INFO - Filling up the DagBag from /opt/airflow/dags/sales_etl_dag.py
[2026-09-03T13:34:44.160+0000] {processor.py:925} INFO - DAG(s) 'etl_pipeline' retrieved from /opt/airflow/dags/sales_etl_dag.py
[2026-09-03T13:34:44.186+0000] {logging_mixin.py:190} INFO - [2026-09-03T13:34:44.186+0000] {dag.py:3239} INFO - Sync 1 DAGs
[2026-09-03T13:34:44.336+0000] {logging_mixin.py:190} INFO - [2026-09-03T13:34:44.336+0000] {dag.py:4180} INFO - Setting next_dagrun for etl_pipeline to 2026-09-03 02:00:00+00:00, run_after=2026-09-04 02:00:00+00:00
[2026-09-03T13:34:44.353+0000] {processor.py:208} INFO - Processing /opt/airflow/dags/sales_etl_dag.py took 0.221 seconds
[2026-09-03T13:35:14.701+0000] {processor.py:186} INFO - Started process (PID=2349) to work on /opt/airflow/dags/sales_etl_dag.py
[2026-09-03T13:35:14.702+0000] {processor.py:914} INFO - Processing file /opt/airflow/dags/sales_etl_dag.py for tasks to queue
[2026-09-03T13:35:14.704+0000] {logging_mixin.py:190} INFO - [2026-09-03T13:35:14.704+0000] {dagbag.py:588} INFO - Filling up the DagBag from /opt/airflow/dags/sales_etl_dag.py
[2026-09-03T13:35:14.725+0000] {processor.py:925} INFO - DAG(s) 'etl_pipeline' retrieved from /opt/airflow/dags/sales_etl_dag.py
[2026-09-03T13:35:14.888+0000] {logging_mixin.py:190} INFO - [2026-09-03T13:35:14.888+0000] {dag.py:3239} INFO - Sync 1 DAGs
[2026-09-03T13:35:14.909+0000] {logging_mixin.py:190} INFO - [2026-09-03T13:35:14.908+0000] {dag.py:4180} INFO - Setting next_dagrun for etl_pipeline to 2026-09-03 02:00:00+00:00, run_after=2026-09-04 02:00:00+00:00
[2026-09-03T13:35:14.926+0000] {processor.py:208} INFO - Processing /opt/airflow/dags/sales_etl_dag.py took 0.231 seconds
[2026-09-03T13:35:45.033+0000] {processor.py:186} INFO - Started process (PID=2354) to work on /opt/airflow/dags/sales_etl_dag.py
[2026-09-03T13:35:45.034+0000] {processor.py:914} INFO - Processing file /opt/airflow/dags/sales_etl_dag.py for tasks to queue
[2026-09-03T13:35:45.171+0000] {logging_mixin.py:190} INFO - [2026-09-03T13:35:45.171+0000] {dagbag.py:588} INFO - Filling up the DagBag from /opt/airflow/dags/sales_etl_dag.py
[2026-09-03T13:35:45.194+0000] {processor.py:925} INFO - DAG(s) 'etl_pipeline' retrieved from /opt/airflow/dags/sales_etl_dag.py
[2026-09-03T13:35:45.218+0000] {logging_mixin.py:190} INFO - [2026-09-03T13:35:45.217+0000] {dag.py:3239} INFO - Sync 1 DAGs
[2026-09-03T13:35:45.239+0000] {logging_mixin.py:190} INFO - [2026-09-03T13:35:45.239+0000] {dag.py:4180} INFO - Setting next_dagrun for etl_pipeline to 2026-09-03 02:00:00+00:00, run_after=2026-09-04 02:00:00+00:00
[2026-09-03T13:35:45.259+0000] {processor.py:208} INFO - Processing /opt/airflow/dags/sales_etl_dag.py took 0.232 seconds
[2026-09-03T13:36:15.698+0000] {processor.py:186} INFO - Started process (PID=2359) to work on /opt/airflow/dags/sales_etl_dag.py
[2026-09-03T13:36:15.700+0000] {processor.py:914} INFO - Processing file /opt/airflow/dags/sales_etl_dag.py for tasks to queue
[2026-09-03T13:36:15.703+0000] {logging_mixin.py:190} INFO - [2026-09-03T13:36:15.703+0000] {dagbag.py:588} INFO - Filling up the DagBag from /opt/airflow/dags/sales_etl_dag.py
[2026-09-03T13:36:15.726+0000] {processor.py:925} INFO - DAG(s) 'etl_pipeline' retrieved from /opt/airflow/dags/sales_etl_dag.py
[2026-09-03T13:36:15.759+0000] {logging_mixin.py:190} INFO - [2026-09-03T13:36:15.759+0000] {dag.py:3239} INFO - Sync 1 DAGs
[2026-09-03T13:36:15.788+0000] {logging_mixin.py:190} INFO - [2026-09-03T13:36:15.788+0000] {dag.py:4180} INFO - Setting next_dagrun for etl_pipeline to 2026-09-03 02:00:00+00:00, run_after=2026-09-04 02:00:00+00:00
[2026-09-03T13:36:15.812+0000] {processor.py:208} INFO - Processing /opt/airflow/dags/sales_etl_dag.py took 0.122 seconds
[2026-09-03T13:36:45.997+0000] {processor.py:186} INFO - Started process (PID=2364) to work on /opt/airflow/dags/sales_etl_dag.py
[2026-09-03T13:36:45.998+0000] {processor.py:914} INFO - Processing file /opt/airflow/dags/sales_etl_dag.py for tasks to queue
[2026-09-03T13:36:46.001+0000] {logging_mixin.py:190} INFO - [2026-09-03T13:36:46.001+0000] {dagbag.py:588} INFO - Filling up the DagBag from /opt/airflow/dags/sales_etl_dag.py
[2026-09-03T13:36:46.026+0000] {processor.py:925} INFO - DAG(s) 'etl_pipeline' retrieved from /opt/airflow/dags/sales_etl_dag.py
[2026-09-03T13:36:46.057+0000] {logging_mixin.py:190} INFO - [2026-09-03T13:36:46.057+0000] {dag.py:3239} INFO - Sync 1 DAGs
[2026-09-03T13:36:46.081+0000] {logging_mixin.py:190} INFO - [2026-09-03T13:36:46.081+0000] {dag.py:4180} INFO - Setting next_dagrun for etl_pipeline to 2026-09-03 02:00:00+00:00, run_after=2026-09-04 02:00:00+00:00
[2026-09-03T13:36:46.100+0000] {processor.py:208} INFO - Processing /opt/airflow/dags/sales_etl_dag.py took 0.112 seconds
[2026-09-03T13:37:16.400+0000] {processor.py:186} INFO - Started process (PID=2369) to work on /opt/airflow/dags/sales_etl_dag.py
[2026-09-03T13:37:16.401+0000] {processor.py:914} INFO - Processing file /opt/airflow/dags/sales_etl_dag.py for tasks to queue
[2026-09-03T13:37:16.403+0000] {logging_mixin.py:190} INFO - [2026-09-03T13:37:16.403+0000] {dagbag.py:588} INFO - Filling up the DagBag from /opt/airflow/dags/sales_etl_dag.py
[2026-09-03T13:37:16.426+0000] {processor.py:925} INFO - DAG(s) 'etl_pipeline' retrieved from /opt/airflow/dags/sales_etl_dag.py
[2026-09-03T13:37:16.455+0000] {logging_mixin.py:190} INFO - [2026-09-03T13:37:16.455+0000] {dag.py:3239} INFO - Sync 1 DAGs
[2026-09-03T13:37:16.479+0000] {logging_mixin.py:190} INFO - [2026-09-03T13:37:16.478+0000] {dag.py:4180} INFO - Setting next_dagrun for etl_pipeline to 2026-09-03 02:00:00+00:00, run_after=2026-09-04 02:00:00+00:00
[2026-09-03T13:37:16.499+0000] {processor.py:208} INFO - Processing /opt/airflow/dags/sales_etl_dag.py took 0.107 seconds
[2026-09-03T13:37:46.720+0000] {processor.py:186} INFO - Started process (PID=2374) to work on /opt/airflow/dags/sales_etl_dag.py
[2026-09-03T13:37:46.721+0000] {processor.py:914} INFO - Processing file /opt/airflow/dags/sales_etl_dag.py for tasks to queue
[2026-09-03T13:37:46.724+0000] {logging_mixin.py:190} INFO - [2026-09-03T13:37:46.724+0000] {dagbag.py:588} INFO - Filling up the DagBag from /opt/airflow/dags/sales_etl_dag.py
[2026-09-03T13:37:46.747+0000] {processor.py:925} INFO - DAG(s) 'etl_pipeline' retrieved from /opt/airflow/dags/sales_etl_dag.py
[2026-09-03T13:37:46.779+0000] {logging_mixin.py:190} INFO - [2026-09-03T13:37:46.779+0000] {dag.py:3239} INFO - Sync 1 DAGs
[2026-09-03T13:37:46.804+0000] {logging_mixin.py:190} INFO - [2026-09-03T13:37:46.804+0000] {dag.py:4180} INFO - Setting next_dagrun for etl_pipeline to 2026-09-03 02:00:00+00:00, run_after=2026-09-04 02:00:00+00:00
[2026-09-03T13:37:46.826+0000] {processor.py:208} INFO - Processing /opt/airflow/dags/sales_etl_dag.py took 0.113 seconds
[2026-09-03T13:38:17.087+0000] {processor.py:186} INFO - Started process (PID=2379) to work on /opt/airflow/dags/sales_etl_dag.py
[2026-09-03T13:38:17.088+0000] {processor.py:914} INFO - Processing file /opt/airflow/dags/sales_etl_dag.py for tasks to queue
[2026-09-03T13:38:17.090+0000] {logging_mixin.py:190} INFO - [2026-09-03T13:38:17.090+0000] {dagbag.py:588} INFO - Filling up the DagBag from /opt/airflow/dags/sales_etl_dag.py
[2026-09-03T13:38:17.110+0000] {processor.py:925} INFO - DAG(s) 'etl_pipeline' retrieved from /opt/airflow/dags/sales_etl_dag.py
[2026-09-03T13:38:17.141+0000] {logging_mixin.py:190} INFO - [2026-09-03T13:38:17.141+0000] {dag.py:3239} INFO - Sync 1 DAGs
[2026-09-03T13:38:17.163+0000] {logging_mixin.py:190} INFO - [2026-09-03T13:38:17.163+0000] {dag.py:4180} INFO - Setting next_dagrun for etl_pipeline to 2026-09-03 02:00:00+00:00, run_after=2026-09-04 02:00:00+00:00
[2026-09-03T13:38:17.184+0000] {processor.py:208} INFO - Processing /opt/airflow/dags/sales_etl_dag.py took 0.104 seconds
[2026-09-03T13:38:47.434+0000] {processor.py:186} INFO - Started process (PID=2384) to work on /opt/airflow/dags/sales_etl_dag.py
[2026-09-03T13:38:47.435+0000] {processor.py:914} INFO - Processing file /opt/airflow/dags/sales_etl_dag.py for tasks to queue
[2026-09-03T13:38:47.438+0000] {logging_mixin.py:190} INFO - [2026-09-03T13:38:47.438+0000] {dagbag.py:588} INFO - Filling up the DagBag from /opt/airflow/dags/sales_etl_dag.py
[2026-09-03T13:38:47.459+0000] {processor.py:925} INFO - DAG(s) 'etl_pipeline' retrieved from /opt/airflow/dags/sales_etl_dag.py
[2026-09-03T13:38:47.487+0000] {logging_mixin.py:190} INFO - [2026-09-03T13:38:47.487+0000] {dag.py:3239} INFO - Sync 1 DAGs
[2026-09-03T13:38:47.509+0000] {logging_mixin.py:190} INFO - [2026-09-03T13:38:47.509+0000] {dag.py:4180} INFO - Setting next_dagrun for etl_pipeline to 2026-09-03 02:00:00+00:00, run_after=2026-09-04 02:00:00+00:00
[2026-09-03T13:38:47.527+0000] {processor.py:208} INFO - Processing /opt/airflow/dags/sales_etl_dag.py took 0.099 seconds
[2026-09-03T13:39:17.775+0000] {processor.py:186} INFO - Started process (PID=2389) to work on /opt/airflow/dags/sales_etl_dag.py
[2026-09-03T13:39:17.776+0000] {processor.py:914} INFO - Processing file /opt/airflow/dags/sales_etl_dag.py for tasks to queue
[2026-09-03T13:39:17.778+0000] {logging_mixin.py:190} INFO - [2026-09-03T13:39:17.778+0000] {dagbag.py:588} INFO - Filling up the DagBag from /opt/airflow/dags/sales_etl_dag.py
[2026-09-03T13:39:17.802+0000] {processor.py:925} INFO - DAG(s) 'etl_pipeline' retrieved from /opt/airflow/dags/sales_etl_dag.py
[2026-09-03T13:39:17.834+0000] {logging_mixin.py:190} INFO - [2026-09-03T13:39:17.834+0000] {dag.py:3239} INFO - Sync 1 DAGs
[2026-09-03T13:39:17.858+0000] {logging_mixin.py:190} INFO - [2026-09-03T13:39:17.857+0000] {dag.py:4180} INFO - Setting next_dagrun for etl_pipeline to 2026-09-03 02:00:00+00:00, run_after=2026-09-04 02:00:00+00:00
[2026-09-03T13:39:17.885+0000] {processor.py:208} INFO - Processing /opt/airflow/dags/sales_etl_dag.py took 0.116 seconds
[2026-09-03T13:39:48.136+0000] {processor.py:186} INFO - Started process (PID=2394) to work on /opt/airflow/dags/sales_etl_dag.py
[2026-09-03T13:39:48.139+0000] {processor.py:914} INFO - Processing file /opt/airflow/dags/sales_etl_dag.py for tasks to queue
[2026-09-03T13:39:48.143+0000] {logging_mixin.py:190} INFO - [2026-09-03T13:39:48.142+0000] {dagbag.py:588} INFO - Filling up the DagBag from /opt/airflow/dags/sales_etl_dag.py
[2026-09-03T13:39:48.174+0000] {processor.py:925} INFO - DAG(s) 'etl_pipeline' retrieved from /opt/airflow/dags/sales_etl_dag.py
[2026-09-03T13:39:48.208+0000] {logging_mixin.py:190} INFO - [2026-09-03T13:39:48.207+0000] {dag.py:3239} INFO - Sync 1 DAGs
[2026-09-03T13:39:48.235+0000] {logging_mixin.py:190} INFO - [2026-09-03T13:39:48.234+0000] {dag.py:4180} INFO - Setting next_dagrun for etl_pipeline to 2026-09-03 02:00:00+00:00, run_after=2026-09-04 02:00:00+00:00
[2026-09-03T13:39:48.258+0000] {processor.py:208} INFO - Processing /opt/airflow/dags/sales_etl_dag.py took 0.130 seconds
[2026-09-03T13:40:18.518+0000] {processor.py:186} INFO - Started process (PID=2399) to work on /opt/airflow/dags/sales_etl_dag.py
[2026-09-03T13:40:18.519+0000] {processor.py:914} INFO - Processing file /opt/airflow/dags/sales_etl_dag.py for tasks to queue
[2026-09-03T13:40:18.522+0000] {logging_mixin.py:190} INFO - [2026-09-03T13:40:18.521+0000] {dagbag.py:588} INFO - Filling up the DagBag from /opt/airflow/dags/sales_etl_dag.py
[2026-09-03T13:40:18.541+0000] {processor.py:925} INFO - DAG(s) 'etl_pipeline' retrieved from /opt/airflow/dags/sales_etl_dag.py
[2026-09-03T13:40:18.571+0000] {logging_mixin.py:190} INFO - [2026-09-03T13:40:18.571+0000] {dag.py:3239} INFO - Sync 1 DAGs
[2026-09-03T13:40:18.592+0000] {logging_mixin.py:190} INFO - [2026-09-03T13:40:18.592+0000] {dag.py:4180} INFO - Setting next_dagrun for etl_pipeline to 2026-09-03 02:00:00+00:00, run_after=2026-09-04 02:00:00+00:00
[2026-09-03T13:40:18.610+0000] {processor.py:208} INFO - Processing /opt/airflow/dags/sales_etl_dag.py took 0.099 seconds
[2026-09-03T13:40:48.866+0000] {processor.py:186} INFO - Started process (PID=2404) to work on /opt/airflow/dags/sales_etl_dag.py
[2026-09-03T13:40:48.867+0000] {processor.py:914} INFO - Processing file /opt/airflow/dags/sales_etl_dag.py for tasks to queue
[2026-09-03T13:40:48.870+0000] {logging_mixin.py:190} INFO - [2026-09-03T13:40:48.869+0000] {dagbag.py:588} INFO - Filling up the DagBag from /opt/airflow/dags/sales_etl_dag.py
[2026-09-03T13:40:48.891+0000] {processor.py:925} INFO - DAG(s) 'etl_pipeline' retrieved from /opt/airflow/dags/sales_etl_dag.py
[2026-09-03T13:40:48.927+0000] {logging_mixin.py:190} INFO - [2026-09-03T13:40:48.926+0000] {dag.py:3239} INFO - Sync 1 DAGs
[2026-09-03T13:40:48.958+0000] {logging_mixin.py:190} INFO - [2026-09-03T13:40:48.957+0000] {dag.py:4180} INFO - Setting next_dagrun for etl_pipeline to 2026-09-03 02:00:00+00:00, run_after=2026-09-04 02:00:00+00:00
[2026-09-03T13:40:48.985+0000] {processor.py:208} INFO - Processing /opt/airflow/dags/sales_etl_dag.py took 0.126 seconds
[2026-09-03T13:41:19.170+0000] {processor.py:186} INFO - Started process (PID=2409) to work on /opt/airflow/dags/sales_etl_dag.py
[2026-09-03T13:41:19.171+0000] {processor.py:914} INFO - Processing file /opt/airflow/dags/sales_etl_dag.py for tasks to queue
[2026-09-03T13:41:19.173+0000] {logging_mixin.py:190} INFO - [2026-09-03T13:41:19.173+0000] {dagbag.py:588} INFO - Filling up the DagBag from /opt/airflow/dags/sales_etl_dag.py
[2026-09-03T13:41:19.193+0000] {processor.py:925} INFO - DAG(s) 'etl_pipeline' retrieved from /opt/airflow/dags/sales_etl_dag.py
[2026-09-03T13:41:19.222+0000] {logging_mixin.py:190} INFO - [2026-09-03T13:41:19.222+0000] {dag.py:3239} INFO - Sync 1 DAGs
[2026-09-03T13:41:19.244+0000] {logging_mixin.py:190} INFO - [2026-09-03T13:41:19.243+0000] {dag.py:4180} INFO - Setting next_dagrun for etl_pipeline to 2026-09-03 02:00:00+00:00, run_after=2026-09-04 02:00:00+00:00
[2026-09-03T13:41:19.264+0000] {processor.py:208} INFO - Processing /opt/airflow/dags/sales_etl_dag.py took 0.099 seconds
[2026-09-03T13:41:49.460+0000] {processor.py:186} INFO - Started process (PID=2414) to work on /opt/airflow/dags/sales_etl_dag.py
[2026-09-03T13:41:49.461+0000] {processor.py:914} INFO - Processing file /opt/airflow/dags/sales_etl_dag.py for tasks to queue
[2026-09-03T13:41:49.464+0000] {logging_mixin.py:190} INFO - [2026-09-03T13:41:49.463+0000] {dagbag.py:588} INFO - Filling up the DagBag from /opt/airflow/dags/sales_etl_dag.py
[2026-09-03T13:41:49.484+0000] {processor.py:925} INFO - DAG(s) 'etl_pipeline' retrieved from /opt/airflow/dags/sales_etl_dag.py
[2026-09-03T13:41:49.515+0000] {logging_mixin.py:190} INFO - [2026-09-03T13:41:49.515+0000] {dag.py:3239} INFO - Sync 1 DAGs
[2026-09-03T13:41:49.538+0000] {logging_mixin.py:190} INFO - [2026-09-03T13:41:49.537+0000] {dag.py:4180} INFO - Setting next_dagrun for etl_pipeline to 2026-09-03 02:00:00+00:00, run_after=2026-09-04 02:00:00+00:00
[2026-09-03T13:41:49.559+0000] {processor.py:208} INFO - Processing /opt/airflow/dags/sales_etl_dag.py took 0.105 seconds
[2026-09-03T13:42:19.915+0000] {processor.py:186} INFO - Started process (PID=2419) to work on /opt/airflow/dags/sales_etl_dag.py
[2026-09-03T13:42:19.916+0000] {processor.py:914} INFO - Processing file /opt/airflow/dags/sales_etl_dag.py for tasks to queue
[2026-09-03T13:42:19.918+0000] {logging_mixin.py:190} INFO - [2026-09-03T13:42:19.918+0000] {dagbag.py:588} INFO - Filling up the DagBag from /opt/airflow/dags/sales_etl_dag.py
[2026-09-03T13:42:19.937+0000] {processor.py:925} INFO - DAG(s) 'etl_pipeline' retrieved from /opt/airflow/dags/sales_etl_dag.py
[2026-09-03T13:42:19.965+0000] {logging_mixin.py:190} INFO - [2026-09-03T13:42:19.965+0000] {dag.py:3239} INFO - Sync 1 DAGs
[2026-09-03T13:42:19.987+0000] {logging_mixin.py:190} INFO - [2026-09-03T13:42:19.987+0000] {dag.py:4180} INFO - Setting next_dagrun for etl_pipeline to 2026-09-03 02:00:00+00:00, run_after=2026-09-04 02:00:00+00:00
[2026-09-03T13:42:20.008+0000] {processor.py:208} INFO - Processing /opt/airflow/dags/sales_etl_dag.py took 0.098 seconds
[2026-09-03T13:42:50.257+0000] {processor.py:186} INFO - Started process (PID=2424) to work on /opt/airflow/dags/sales_etl_dag.py
[2026-09-03T13:42:50.258+0000] {processor.py:914} INFO - Processing file /opt/airflow/dags/sales_etl_dag.py for tasks to queue
[2026-09-03T13:42:50.260+0000] {logging_mixin.py:190} INFO - [2026-09-03T13:42:50.260+0000] {dagbag.py:588} INFO - Filling up the DagBag from /opt/airflow/dags/sales_etl_dag.py
[2026-09-03T13:42:50.282+0000] {processor.py:925} INFO - DAG(s) 'etl_pipeline' retrieved from /opt/airflow/dags/sales_etl_dag.py
[2026-09-03T13:42:50.310+0000] {logging_mixin.py:190} INFO - [2026-09-03T13:42:50.310+0000] {dag.py:3239} INFO - Sync 1 DAGs
[2026-09-03T13:42:50.332+0000] {logging_mixin.py:190} INFO - [2026-09-03T13:42:50.332+0000] {dag.py:4180} INFO - Setting next_dagrun for etl_pipeline to 2026-09-03 02:00:00+00:00, run_after=2026-09-04 02:00:00+00:00
[2026-09-03T13:42:50.351+0000] {processor.py:208} INFO - Processing /opt/airflow/dags/sales_etl_dag.py took 0.099 seconds
[2026-09-03T13:43:20.642+0000] {processor.py:186} INFO - Started process (PID=2429) to work on /opt/airflow/dags/sales_etl_dag.py
[2026-09-03T13:43:20.643+0000] {processor.py:914} INFO - Processing file /opt/airflow/dags/sales_etl_dag.py for tasks to queue
[2026-09-03T13:43:20.646+0000] {logging_mixin.py:190} INFO - [2026-09-03T13:43:20.645+0000] {dagbag.py:588} INFO - Filling up the DagBag from /opt/airflow/dags/sales_etl_dag.py
[2026-09-03T13:43:20.666+0000] {processor.py:925} INFO - DAG(s) 'etl_pipeline' retrieved from /opt/airflow/dags/sales_etl_dag.py
[2026-09-03T13:43:20.693+0000] {logging_mixin.py:190} INFO - [2026-09-03T13:43:20.692+0000] {dag.py:3239} INFO - Sync 1 DAGs
[2026-09-03T13:43:20.715+0000] {logging_mixin.py:190} INFO - [2026-09-03T13:43:20.715+0000] {dag.py:4180} INFO - Setting next_dagrun for etl_pipeline to 2026-09-03 02:00:00+00:00, run_after=2026-09-04 02:00:00+00:00
[2026-09-03T13:43:20.735+0000] {processor.py:208} INFO - Processing /opt/airflow/dags/sales_etl_dag.py took 0.099 seconds
[2026-09-03T13:43:51.030+0000] {processor.py:186} INFO - Started process (PID=2434) to work on /opt/airflow/dags/sales_etl_dag.py
[2026-09-03T13:43:51.032+0000] {processor.py:914} INFO - Processing file /opt/airflow/dags/sales_etl_dag.py for tasks to queue
[2026-09-03T13:43:51.035+0000] {logging_mixin.py:190} INFO - [2026-09-03T13:43:51.034+0000] {dagbag.py:588} INFO - Filling up the DagBag from /opt/airflow/dags/sales_etl_dag.py
[2026-09-03T13:43:51.055+0000] {processor.py:925} INFO - DAG(s) 'etl_pipeline' retrieved from /opt/airflow/dags/sales_etl_dag.py
[2026-09-03T13:43:51.087+0000] {logging_mixin.py:190} INFO - [2026-09-03T13:43:51.086+0000] {dag.py:3239} INFO - Sync 1 DAGs
[2026-09-03T13:43:51.113+0000] {logging_mixin.py:190} INFO - [2026-09-03T13:43:51.113+0000] {dag.py:4180} INFO - Setting next_dagrun for etl_pipeline to 2026-09-03 02:00:00+00:00, run_after=2026-09-04 02:00:00+00:00
[2026-09-03T13:43:51.132+0000] {processor.py:208} INFO - Processing /opt/airflow/dags/sales_etl_dag.py took 0.112 seconds
[2026-09-03T13:44:21.373+0000] {processor.py:186} INFO - Started process (PID=2439) to work on /opt/airflow/dags/sales_etl_dag.py
[2026-09-03T13:44:21.374+0000] {processor.py:914} INFO - Processing file /opt/airflow/dags/sales_etl_dag.py for tasks to queue
[2026-09-03T13:44:21.378+0000] {logging_mixin.py:190} INFO - [2026-09-03T13:44:21.378+0000] {dagbag.py:588} INFO - Filling up the DagBag from /opt/airflow/dags/sales_etl_dag.py
[2026-09-03T13:44:21.411+0000] {processor.py:925} INFO - DAG(s) 'etl_pipeline' retrieved from /opt/airflow/dags/sales_etl_dag.py
[2026-09-03T13:44:21.447+0000] {logging_mixin.py:190} INFO - [2026-09-03T13:44:21.446+0000] {dag.py:3239} INFO - Sync 1 DAGs
[2026-09-03T13:44:21.479+0000] {logging_mixin.py:190} INFO - [2026-09-03T13:44:21.479+0000] {dag.py:4180} INFO - Setting next_dagrun for etl_pipeline to 2026-09-03 02:00:00+00:00, run_after=2026-09-04 02:00:00+00:00
[2026-09-03T13:44:21.497+0000] {processor.py:208} INFO - Processing /opt/airflow/dags/sales_etl_dag.py took 0.138 seconds
[2026-09-03T13:44:51.801+0000] {processor.py:186} INFO - Started process (PID=2444) to work on /opt/airflow/dags/sales_etl_dag.py
[2026-09-03T13:44:51.801+0000] {processor.py:914} INFO - Processing file /opt/airflow/dags/sales_etl_dag.py for tasks to queue
[2026-09-03T13:44:51.804+0000] {logging_mixin.py:190} INFO - [2026-09-03T13:44:51.804+0000] {dagbag.py:588} INFO - Filling up the DagBag from /opt/airflow/dags/sales_etl_dag.py
[2026-09-03T13:44:51.823+0000] {processor.py:925} INFO - DAG(s) 'etl_pipeline' retrieved from /opt/airflow/dags/sales_etl_dag.py
[2026-09-03T13:44:51.855+0000] {logging_mixin.py:190} INFO - [2026-09-03T13:44:51.854+0000] {dag.py:3239} INFO - Sync 1 DAGs
[2026-09-03T13:44:51.880+0000] {logging_mixin.py:190} INFO - [2026-09-03T13:44:51.880+0000] {dag.py:4180} INFO - Setting next_dagrun for etl_pipeline to 2026-09-03 02:00:00+00:00, run_after=2026-09-04 02:00:00+00:00
[2026-09-03T13:44:51.898+0000] {processor.py:208} INFO - Processing /opt/airflow/dags/sales_etl_dag.py took 0.103 seconds
[2026-09-03T13:45:22.122+0000] {processor.py:186} INFO - Started process (PID=2449) to work on /opt/airflow/dags/sales_etl_dag.py
[2026-09-03T13:45:22.124+0000] {processor.py:914} INFO - Processing file /opt/airflow/dags/sales_etl_dag.py for tasks to queue
[2026-09-03T13:45:22.129+0000] {logging_mixin.py:190} INFO - [2026-09-03T13:45:22.128+0000] {dagbag.py:588} INFO - Filling up the DagBag from /opt/airflow/dags/sales_etl_dag.py
[2026-09-03T13:45:22.163+0000] {processor.py:925} INFO - DAG(s) 'etl_pipeline' retrieved from /opt/airflow/dags/sales_etl_dag.py
[2026-09-03T13:45:22.204+0000] {logging_mixin.py:190} INFO - [2026-09-03T13:45:22.204+0000] {dag.py:3239} INFO - Sync 1 DAGs
[2026-09-03T13:45:22.237+0000] {logging_mixin.py:190} INFO - [2026-09-03T13:45:22.237+0000] {dag.py:4180} INFO - Setting next_dagrun for etl_pipeline to 2026-09-03 02:00:00+00:00, run_after=2026-09-04 02:00:00+00:00
[2026-09-03T13:45:22.261+0000] {processor.py:208} INFO - Processing /opt/airflow/dags/sales_etl_dag.py took 0.152 seconds
[2026-09-03T13:45:52.501+0000] {processor.py:186} INFO - Started process (PID=2454) to work on /opt/airflow/dags/sales_etl_dag.py
[2026-09-03T13:45:52.502+0000] {processor.py:914} INFO - Processing file /opt/airflow/dags/sales_etl_dag.py for tasks to queue
[2026-09-03T13:45:52.504+0000] {logging_mixin.py:190} INFO - [2026-09-03T13:45:52.503+0000] {dagbag.py:588} INFO - Filling up the DagBag from /opt/airflow/dags/sales_etl_dag.py
[2026-09-03T13:45:52.525+0000] {processor.py:925} INFO - DAG(s) 'etl_pipeline' retrieved from /opt/airflow/dags/sales_etl_dag.py
[2026-09-03T13:45:52.555+0000] {logging_mixin.py:190} INFO - [2026-09-03T13:45:52.554+0000] {dag.py:3239} INFO - Sync 1 DAGs
[2026-09-03T13:45:52.578+0000] {logging_mixin.py:190} INFO - [2026-09-03T13:45:52.578+0000] {dag.py:4180} INFO - Setting next_dagrun for etl_pipeline to 2026-09-03 02:00:00+00:00, run_after=2026-09-04 02:00:00+00:00
[2026-09-03T13:45:52.596+0000] {processor.py:208} INFO - Processing /opt/airflow/dags/sales_etl_dag.py took 0.101 seconds
[2026-09-03T13:46:22.933+0000] {processor.py:186} INFO - Started process (PID=2459) to work on /opt/airflow/dags/sales_etl_dag.py
[2026-09-03T13:46:22.934+0000] {processor.py:914} INFO - Processing file /opt/airflow/dags/sales_etl_dag.py for tasks to queue
[2026-09-03T13:46:22.966+0000] {logging_mixin.py:190} INFO - [2026-09-03T13:46:22.966+0000] {dagbag.py:588} INFO - Filling up the DagBag from /opt/airflow/dags/sales_etl_dag.py
[2026-09-03T13:46:23.012+0000] {processor.py:925} INFO - DAG(s) 'etl_pipeline' retrieved from /opt/airflow/dags/sales_etl_dag.py
[2026-09-03T13:46:23.051+0000] {logging_mixin.py:190} INFO - [2026-09-03T13:46:23.051+0000] {dag.py:3239} INFO - Sync 1 DAGs
[2026-09-03T13:46:23.081+0000] {logging_mixin.py:190} INFO - [2026-09-03T13:46:23.081+0000] {dag.py:4180} INFO - Setting next_dagrun for etl_pipeline to 2026-09-03 02:00:00+00:00, run_after=2026-09-04 02:00:00+00:00
[2026-09-03T13:46:23.100+0000] {processor.py:208} INFO - Processing /opt/airflow/dags/sales_etl_dag.py took 0.176 seconds
[2026-09-03T13:46:53.214+0000] {processor.py:186} INFO - Started process (PID=2464) to work on /opt/airflow/dags/sales_etl_dag.py
[2026-09-03T13:46:53.215+0000] {processor.py:914} INFO - Processing file /opt/airflow/dags/sales_etl_dag.py for tasks to queue
[2026-09-03T13:46:53.217+0000] {logging_mixin.py:190} INFO - [2026-09-03T13:46:53.217+0000] {dagbag.py:588} INFO - Filling up the DagBag from /opt/airflow/dags/sales_etl_dag.py
[2026-09-03T13:46:53.238+0000] {processor.py:925} INFO - DAG(s) 'etl_pipeline' retrieved from /opt/airflow/dags/sales_etl_dag.py
[2026-09-03T13:46:53.266+0000] {logging_mixin.py:190} INFO - [2026-09-03T13:46:53.265+0000] {dag.py:3239} INFO - Sync 1 DAGs
[2026-09-03T13:46:53.287+0000] {logging_mixin.py:190} INFO - [2026-09-03T13:46:53.287+0000] {dag.py:4180} INFO - Setting next_dagrun for etl_pipeline to 2026-09-03 02:00:00+00:00, run_after=2026-09-04 02:00:00+00:00
[2026-09-03T13:46:53.309+0000] {processor.py:208} INFO - Processing /opt/airflow/dags/sales_etl_dag.py took 0.102 seconds
[2026-09-03T13:47:23.550+0000] {processor.py:186} INFO - Started process (PID=2469) to work on /opt/airflow/dags/sales_etl_dag.py
[2026-09-03T13:47:23.551+0000] {processor.py:914} INFO - Processing file /opt/airflow/dags/sales_etl_dag.py for tasks to queue
[2026-09-03T13:47:23.554+0000] {logging_mixin.py:190} INFO - [2026-09-03T13:47:23.554+0000] {dagbag.py:588} INFO - Filling up the DagBag from /opt/airflow/dags/sales_etl_dag.py
[2026-09-03T13:47:23.578+0000] {processor.py:925} INFO - DAG(s) 'etl_pipeline' retrieved from /opt/airflow/dags/sales_etl_dag.py
[2026-09-03T13:47:23.607+0000] {logging_mixin.py:190} INFO - [2026-09-03T13:47:23.606+0000] {dag.py:3239} INFO - Sync 1 DAGs
[2026-09-03T13:47:23.629+0000] {logging_mixin.py:190} INFO - [2026-09-03T13:47:23.628+0000] {dag.py:4180} INFO - Setting next_dagrun for etl_pipeline to 2026-09-03 02:00:00+00:00, run_after=2026-09-04 02:00:00+00:00
[2026-09-03T13:47:23.646+0000] {processor.py:208} INFO - Processing /opt/airflow/dags/sales_etl_dag.py took 0.102 seconds
[2026-09-03T13:47:53.907+0000] {processor.py:186} INFO - Started process (PID=2474) to work on /opt/airflow/dags/sales_etl_dag.py
[2026-09-03T13:47:53.908+0000] {processor.py:914} INFO - Processing file /opt/airflow/dags/sales_etl_dag.py for tasks to queue
[2026-09-03T13:47:53.911+0000] {logging_mixin.py:190} INFO - [2026-09-03T13:47:53.911+0000] {dagbag.py:588} INFO - Filling up the DagBag from /opt/airflow/dags/sales_etl_dag.py
[2026-09-03T13:47:53.936+0000] {processor.py:925} INFO - DAG(s) 'etl_pipeline' retrieved from /opt/airflow/dags/sales_etl_dag.py
[2026-09-03T13:47:53.964+0000] {logging_mixin.py:190} INFO - [2026-09-03T13:47:53.963+0000] {dag.py:3239} INFO - Sync 1 DAGs
[2026-09-03T13:47:53.986+0000] {logging_mixin.py:190} INFO - [2026-09-03T13:47:53.986+0000] {dag.py:4180} INFO - Setting next_dagrun for etl_pipeline to 2026-09-03 02:00:00+00:00, run_after=2026-09-04 02:00:00+00:00
[2026-09-03T13:47:54.006+0000] {processor.py:208} INFO - Processing /opt/airflow/dags/sales_etl_dag.py took 0.104 seconds
[2026-09-03T13:48:24.317+0000] {processor.py:186} INFO - Started process (PID=2479) to work on /opt/airflow/dags/sales_etl_dag.py
[2026-09-03T13:48:24.318+0000] {processor.py:914} INFO - Processing file /opt/airflow/dags/sales_etl_dag.py for tasks to queue
[2026-09-03T13:48:24.320+0000] {logging_mixin.py:190} INFO - [2026-09-03T13:48:24.320+0000] {dagbag.py:588} INFO - Filling up the DagBag from /opt/airflow/dags/sales_etl_dag.py
[2026-09-03T13:48:24.338+0000] {processor.py:925} INFO - DAG(s) 'etl_pipeline' retrieved from /opt/airflow/dags/sales_etl_dag.py
[2026-09-03T13:48:24.364+0000] {logging_mixin.py:190} INFO - [2026-09-03T13:48:24.363+0000] {dag.py:3239} INFO - Sync 1 DAGs
[2026-09-03T13:48:24.386+0000] {logging_mixin.py:190} INFO - [2026-09-03T13:48:24.386+0000] {dag.py:4180} INFO - Setting next_dagrun for etl_pipeline to 2026-09-03 02:00:00+00:00, run_after=2026-09-04 02:00:00+00:00
[2026-09-03T13:48:24.405+0000] {processor.py:208} INFO - Processing /opt/airflow/dags/sales_etl_dag.py took 0.093 seconds
[2026-09-03T13:48:54.654+0000] {processor.py:186} INFO - Started process (PID=2484) to work on /opt/airflow/dags/sales_etl_dag.py
[2026-09-03T13:48:54.655+0000] {processor.py:914} INFO - Processing file /opt/airflow/dags/sales_etl_dag.py for tasks to queue
[2026-09-03T13:48:54.657+0000] {logging_mixin.py:190} INFO - [2026-09-03T13:48:54.657+0000] {dagbag.py:588} INFO - Filling up the DagBag from /opt/airflow/dags/sales_etl_dag.py
[2026-09-03T13:48:54.676+0000] {processor.py:925} INFO - DAG(s) 'etl_pipeline' retrieved from /opt/airflow/dags/sales_etl_dag.py
[2026-09-03T13:48:54.704+0000] {logging_mixin.py:190} INFO - [2026-09-03T13:48:54.703+0000] {dag.py:3239} INFO - Sync 1 DAGs
[2026-09-03T13:48:54.725+0000] {logging_mixin.py:190} INFO - [2026-09-03T13:48:54.725+0000] {dag.py:4180} INFO - Setting next_dagrun for etl_pipeline to 2026-09-03 02:00:00+00:00, run_after=2026-09-04 02:00:00+00:00
[2026-09-03T13:48:54.745+0000] {processor.py:208} INFO - Processing /opt/airflow/dags/sales_etl_dag.py took 0.097 seconds
[2026-09-03T13:49:25.010+0000] {processor.py:186} INFO - Started process (PID=2489) to work on /opt/airflow/dags/sales_etl_dag.py
[2026-09-03T13:49:25.011+0000] {processor.py:914} INFO - Processing file /opt/airflow/dags/sales_etl_dag.py for tasks to queue
[2026-09-03T13:49:25.014+0000] {logging_mixin.py:190} INFO - [2026-09-03T13:49:25.014+0000] {dagbag.py:588} INFO - Filling up the DagBag from /opt/airflow/dags/sales_etl_dag.py
[2026-09-03T13:49:25.034+0000] {processor.py:925} INFO - DAG(s) 'etl_pipeline' retrieved from /opt/airflow/dags/sales_etl_dag.py
[2026-09-03T13:49:25.063+0000] {logging_mixin.py:190} INFO - [2026-09-03T13:49:25.063+0000] {dag.py:3239} INFO - Sync 1 DAGs
[2026-09-03T13:49:25.086+0000] {logging_mixin.py:190} INFO - [2026-09-03T13:49:25.086+0000] {dag.py:4180} INFO - Setting next_dagrun for etl_pipeline to 2026-09-03 02:00:00+00:00, run_after=2026-09-04 02:00:00+00:00
[2026-09-03T13:49:25.103+0000] {processor.py:208} INFO - Processing /opt/airflow/dags/sales_etl_dag.py took 0.099 seconds
[2026-09-03T13:49:55.359+0000] {processor.py:186} INFO - Started process (PID=2494) to work on /opt/airflow/dags/sales_etl_dag.py
[2026-09-03T13:49:55.361+0000] {processor.py:914} INFO - Processing file /opt/airflow/dags/sales_etl_dag.py for tasks to queue
[2026-09-03T13:49:55.363+0000] {logging_mixin.py:190} INFO - [2026-09-03T13:49:55.362+0000] {dagbag.py:588} INFO - Filling up the DagBag from /opt/airflow/dags/sales_etl_dag.py
[2026-09-03T13:49:55.382+0000] {processor.py:925} INFO - DAG(s) 'etl_pipeline' retrieved from /opt/airflow/dags/sales_etl_dag.py
[2026-09-03T13:49:55.409+0000] {logging_mixin.py:190} INFO - [2026-09-03T13:49:55.409+0000] {dag.py:3239} INFO - Sync 1 DAGs
[2026-09-03T13:49:55.431+0000] {logging_mixin.py:190} INFO - [2026-09-03T13:49:55.431+0000] {dag.py:4180} INFO - Setting next_dagrun for etl_pipeline to 2026-09-03 02:00:00+00:00, run_after=2026-09-04 02:00:00+00:00
[2026-09-03T13:49:55.452+0000] {processor.py:208} INFO - Processing /opt/airflow/dags/sales_etl_dag.py took 0.098 seconds
[2026-09-03T13:50:25.753+0000] {processor.py:186} INFO - Started process (PID=2499) to work on /opt/airflow/dags/sales_etl_dag.py
[2026-09-03T13:50:25.754+0000] {processor.py:914} INFO - Processing file /opt/airflow/dags/sales_etl_dag.py for tasks to queue
[2026-09-03T13:50:25.756+0000] {logging_mixin.py:190} INFO - [2026-09-03T13:50:25.756+0000] {dagbag.py:588} INFO - Filling up the DagBag from /opt/airflow/dags/sales_etl_dag.py
[2026-09-03T13:50:25.773+0000] {processor.py:925} INFO - DAG(s) 'etl_pipeline' retrieved from /opt/airflow/dags/sales_etl_dag.py
[2026-09-03T13:50:25.799+0000] {logging_mixin.py:190} INFO - [2026-09-03T13:50:25.799+0000] {dag.py:3239} INFO - Sync 1 DAGs
[2026-09-03T13:50:25.821+0000] {logging_mixin.py:190} INFO - [2026-09-03T13:50:25.820+0000] {dag.py:4180} INFO - Setting next_dagrun for etl_pipeline to 2026-09-03 02:00:00+00:00, run_after=2026-09-04 02:00:00+00:00
[2026-09-03T13:50:25.839+0000] {processor.py:208} INFO - Processing /opt/airflow/dags/sales_etl_dag.py took 0.092 seconds
[2026-09-03T13:50:56.065+0000] {processor.py:186} INFO - Started process (PID=2504) to work on /opt/airflow/dags/sales_etl_dag.py
[2026-09-03T13:50:56.066+0000] {processor.py:914} INFO - Processing file /opt/airflow/dags/sales_etl_dag.py for tasks to queue
[2026-09-03T13:50:56.069+0000] {logging_mixin.py:190} INFO - [2026-09-03T13:50:56.069+0000] {dagbag.py:588} INFO - Filling up the DagBag from /opt/airflow/dags/sales_etl_dag.py
[2026-09-03T13:50:56.089+0000] {processor.py:925} INFO - DAG(s) 'etl_pipeline' retrieved from /opt/airflow/dags/sales_etl_dag.py
[2026-09-03T13:50:56.117+0000] {logging_mixin.py:190} INFO - [2026-09-03T13:50:56.117+0000] {dag.py:3239} INFO - Sync 1 DAGs
[2026-09-03T13:50:56.140+0000] {logging_mixin.py:190} INFO - [2026-09-03T13:50:56.140+0000] {dag.py:4180} INFO - Setting next_dagrun for etl_pipeline to 2026-09-03 02:00:00+00:00, run_after=2026-09-04 02:00:00+00:00
[2026-09-03T13:50:56.158+0000] {processor.py:208} INFO - Processing /opt/airflow/dags/sales_etl_dag.py took 0.099 seconds
[2026-09-03T13:51:26.530+0000] {processor.py:186} INFO - Started process (PID=2509) to work on /opt/airflow/dags/sales_etl_dag.py
[2026-09-03T13:51:26.530+0000] {processor.py:914} INFO - Processing file /opt/airflow/dags/sales_etl_dag.py for tasks to queue
[2026-09-03T13:51:26.533+0000] {logging_mixin.py:190} INFO - [2026-09-03T13:51:26.533+0000] {dagbag.py:588} INFO - Filling up the DagBag from /opt/airflow/dags/sales_etl_dag.py
[2026-09-03T13:51:26.551+0000] {processor.py:925} INFO - DAG(s) 'etl_pipeline' retrieved from /opt/airflow/dags/sales_etl_dag.py
[2026-09-03T13:51:26.578+0000] {logging_mixin.py:190} INFO - [2026-09-03T13:51:26.578+0000] {dag.py:3239} INFO - Sync 1 DAGs
[2026-09-03T13:51:26.600+0000] {logging_mixin.py:190} INFO - [2026-09-03T13:51:26.600+0000] {dag.py:4180} INFO - Setting next_dagrun for etl_pipeline to 2026-09-03 02:00:00+00:00, run_after=2026-09-04 02:00:00+00:00
[2026-09-03T13:51:26.619+0000] {processor.py:208} INFO - Processing /opt/airflow/dags/sales_etl_dag.py took 0.095 seconds
[2026-09-03T13:51:56.870+0000] {processor.py:186} INFO - Started process (PID=2514) to work on /opt/airflow/dags/sales_etl_dag.py
[2026-09-03T13:51:56.871+0000] {processor.py:914} INFO - Processing file /opt/airflow/dags/sales_etl_dag.py for tasks to queue
[2026-09-03T13:51:56.874+0000] {logging_mixin.py:190} INFO - [2026-09-03T13:51:56.873+0000] {dagbag.py:588} INFO - Filling up the DagBag from /opt/airflow/dags/sales_etl_dag.py
[2026-09-03T13:51:56.893+0000] {processor.py:925} INFO - DAG(s) 'etl_pipeline' retrieved from /opt/airflow/dags/sales_etl_dag.py
[2026-09-03T13:51:56.921+0000] {logging_mixin.py:190} INFO - [2026-09-03T13:51:56.921+0000] {dag.py:3239} INFO - Sync 1 DAGs
[2026-09-03T13:51:56.943+0000] {logging_mixin.py:190} INFO - [2026-09-03T13:51:56.942+0000] {dag.py:4180} INFO - Setting next_dagrun for etl_pipeline to 2026-09-03 02:00:00+00:00, run_after=2026-09-04 02:00:00+00:00
[2026-09-03T13:51:56.962+0000] {processor.py:208} INFO - Processing /opt/airflow/dags/sales_etl_dag.py took 0.098 seconds
[2026-09-03T13:52:27.267+0000] {processor.py:186} INFO - Started process (PID=2519) to work on /opt/airflow/dags/sales_etl_dag.py
[2026-09-03T13:52:27.268+0000] {processor.py:914} INFO - Processing file /opt/airflow/dags/sales_etl_dag.py for tasks to queue
[2026-09-03T13:52:27.270+0000] {logging_mixin.py:190} INFO - [2026-09-03T13:52:27.270+0000] {dagbag.py:588} INFO - Filling up the DagBag from /opt/airflow/dags/sales_etl_dag.py
[2026-09-03T13:52:27.289+0000] {processor.py:925} INFO - DAG(s) 'etl_pipeline' retrieved from /opt/airflow/dags/sales_etl_dag.py
[2026-09-03T13:52:27.317+0000] {logging_mixin.py:190} INFO - [2026-09-03T13:52:27.317+0000] {dag.py:3239} INFO - Sync 1 DAGs
[2026-09-03T13:52:27.338+0000] {logging_mixin.py:190} INFO - [2026-09-03T13:52:27.338+0000] {dag.py:4180} INFO - Setting next_dagrun for etl_pipeline to 2026-09-03 02:00:00+00:00, run_after=2026-09-04 02:00:00+00:00
[2026-09-03T13:52:27.356+0000] {processor.py:208} INFO - Processing /opt/airflow/dags/sales_etl_dag.py took 0.096 seconds
[2026-09-03T13:52:57.615+0000] {processor.py:186} INFO - Started process (PID=2524) to work on /opt/airflow/dags/sales_etl_dag.py
[2026-09-03T13:52:57.616+0000] {processor.py:914} INFO - Processing file /opt/airflow/dags/sales_etl_dag.py for tasks to queue
[2026-09-03T13:52:57.619+0000] {logging_mixin.py:190} INFO - [2026-09-03T13:52:57.619+0000] {dagbag.py:588} INFO - Filling up the DagBag from /opt/airflow/dags/sales_etl_dag.py
[2026-09-03T13:52:57.640+0000] {processor.py:925} INFO - DAG(s) 'etl_pipeline' retrieved from /opt/airflow/dags/sales_etl_dag.py
[2026-09-03T13:52:57.670+0000] {logging_mixin.py:190} INFO - [2026-09-03T13:52:57.669+0000] {dag.py:3239} INFO - Sync 1 DAGs
[2026-09-03T13:52:57.691+0000] {logging_mixin.py:190} INFO - [2026-09-03T13:52:57.691+0000] {dag.py:4180} INFO - Setting next_dagrun for etl_pipeline to 2026-09-03 02:00:00+00:00, run_after=2026-09-04 02:00:00+00:00
[2026-09-03T13:52:57.710+0000] {processor.py:208} INFO - Processing /opt/airflow/dags/sales_etl_dag.py took 0.103 seconds
[2026-09-03T13:53:28.027+0000] {processor.py:186} INFO - Started process (PID=2529) to work on /opt/airflow/dags/sales_etl_dag.py
[2026-09-03T13:53:28.028+0000] {processor.py:914} INFO - Processing file /opt/airflow/dags/sales_etl_dag.py for tasks to queue
[2026-09-03T13:53:28.031+0000] {logging_mixin.py:190} INFO - [2026-09-03T13:53:28.031+0000] {dagbag.py:588} INFO - Filling up the DagBag from /opt/airflow/dags/sales_etl_dag.py
[2026-09-03T13:53:28.057+0000] {processor.py:925} INFO - DAG(s) 'etl_pipeline' retrieved from /opt/airflow/dags/sales_etl_dag.py
[2026-09-03T13:53:28.088+0000] {logging_mixin.py:190} INFO - [2026-09-03T13:53:28.088+0000] {dag.py:3239} INFO - Sync 1 DAGs
[2026-09-03T13:53:28.113+0000] {logging_mixin.py:190} INFO - [2026-09-03T13:53:28.113+0000] {dag.py:4180} INFO - Setting next_dagrun for etl_pipeline to 2026-09-03 02:00:00+00:00, run_after=2026-09-04 02:00:00+00:00
[2026-09-03T13:53:28.135+0000] {processor.py:208} INFO - Processing /opt/airflow/dags/sales_etl_dag.py took 0.114 seconds
[2026-09-03T13:53:58.417+0000] {processor.py:186} INFO - Started process (PID=2534) to work on /opt/airflow/dags/sales_etl_dag.py
[2026-09-03T13:53:58.418+0000] {processor.py:914} INFO - Processing file /opt/airflow/dags/sales_etl_dag.py for tasks to queue
[2026-09-03T13:53:58.422+0000] {logging_mixin.py:190} INFO - [2026-09-03T13:53:58.421+0000] {dagbag.py:588} INFO - Filling up the DagBag from /opt/airflow/dags/sales_etl_dag.py
[2026-09-03T13:53:58.443+0000] {processor.py:925} INFO - DAG(s) 'etl_pipeline' retrieved from /opt/airflow/dags/sales_etl_dag.py
[2026-09-03T13:53:58.473+0000] {logging_mixin.py:190} INFO - [2026-09-03T13:53:58.473+0000] {dag.py:3239} INFO - Sync 1 DAGs
[2026-09-03T13:53:58.500+0000] {logging_mixin.py:190} INFO - [2026-09-03T13:53:58.500+0000] {dag.py:4180} INFO - Setting next_dagrun for etl_pipeline to 2026-09-03 02:00:00+00:00, run_after=2026-09-04 02:00:00+00:00
[2026-09-03T13:53:58.517+0000] {processor.py:208} INFO - Processing /opt/airflow/dags/sales_etl_dag.py took 0.106 seconds
[2026-09-03T13:54:28.712+0000] {processor.py:186} INFO - Started process (PID=2539) to work on /opt/airflow/dags/sales_etl_dag.py
[2026-09-03T13:54:28.713+0000] {processor.py:914} INFO - Processing file /opt/airflow/dags/sales_etl_dag.py for tasks to queue
[2026-09-03T13:54:28.717+0000] {logging_mixin.py:190} INFO - [2026-09-03T13:54:28.717+0000] {dagbag.py:588} INFO - Filling up the DagBag from /opt/airflow/dags/sales_etl_dag.py
[2026-09-03T13:54:28.739+0000] {processor.py:925} INFO - DAG(s) 'etl_pipeline' retrieved from /opt/airflow/dags/sales_etl_dag.py
[2026-09-03T13:54:28.771+0000] {logging_mixin.py:190} INFO - [2026-09-03T13:54:28.771+0000] {dag.py:3239} INFO - Sync 1 DAGs
[2026-09-03T13:54:28.793+0000] {logging_mixin.py:190} INFO - [2026-09-03T13:54:28.793+0000] {dag.py:4180} INFO - Setting next_dagrun for etl_pipeline to 2026-09-03 02:00:00+00:00, run_after=2026-09-04 02:00:00+00:00
[2026-09-03T13:54:28.811+0000] {processor.py:208} INFO - Processing /opt/airflow/dags/sales_etl_dag.py took 0.105 seconds
[2026-09-03T13:54:59.059+0000] {processor.py:186} INFO - Started process (PID=2544) to work on /opt/airflow/dags/sales_etl_dag.py
[2026-09-03T13:54:59.060+0000] {processor.py:914} INFO - Processing file /opt/airflow/dags/sales_etl_dag.py for tasks to queue
[2026-09-03T13:54:59.064+0000] {logging_mixin.py:190} INFO - [2026-09-03T13:54:59.063+0000] {dagbag.py:588} INFO - Filling up the DagBag from /opt/airflow/dags/sales_etl_dag.py
[2026-09-03T13:54:59.085+0000] {processor.py:925} INFO - DAG(s) 'etl_pipeline' retrieved from /opt/airflow/dags/sales_etl_dag.py
[2026-09-03T13:54:59.118+0000] {logging_mixin.py:190} INFO - [2026-09-03T13:54:59.117+0000] {dag.py:3239} INFO - Sync 1 DAGs
[2026-09-03T13:54:59.143+0000] {logging_mixin.py:190} INFO - [2026-09-03T13:54:59.142+0000] {dag.py:4180} INFO - Setting next_dagrun for etl_pipeline to 2026-09-03 02:00:00+00:00, run_after=2026-09-04 02:00:00+00:00
[2026-09-03T13:54:59.167+0000] {processor.py:208} INFO - Processing /opt/airflow/dags/sales_etl_dag.py took 0.114 seconds
[2026-09-03T13:55:29.454+0000] {processor.py:186} INFO - Started process (PID=2549) to work on /opt/airflow/dags/sales_etl_dag.py
[2026-09-03T13:55:29.456+0000] {processor.py:914} INFO - Processing file /opt/airflow/dags/sales_etl_dag.py for tasks to queue
[2026-09-03T13:55:29.462+0000] {logging_mixin.py:190} INFO - [2026-09-03T13:55:29.461+0000] {dagbag.py:588} INFO - Filling up the DagBag from /opt/airflow/dags/sales_etl_dag.py
[2026-09-03T13:55:29.492+0000] {processor.py:925} INFO - DAG(s) 'etl_pipeline' retrieved from /opt/airflow/dags/sales_etl_dag.py
[2026-09-03T13:55:29.540+0000] {logging_mixin.py:190} INFO - [2026-09-03T13:55:29.538+0000] {dag.py:3239} INFO - Sync 1 DAGs
[2026-09-03T13:55:29.570+0000] {logging_mixin.py:190} INFO - [2026-09-03T13:55:29.570+0000] {dag.py:4180} INFO - Setting next_dagrun for etl_pipeline to 2026-09-03 02:00:00+00:00, run_after=2026-09-04 02:00:00+00:00
[2026-09-03T13:55:29.592+0000] {processor.py:208} INFO - Processing /opt/airflow/dags/sales_etl_dag.py took 0.148 seconds
[2026-09-03T13:55:59.752+0000] {processor.py:186} INFO - Started process (PID=2554) to work on /opt/airflow/dags/sales_etl_dag.py
[2026-09-03T13:55:59.754+0000] {processor.py:914} INFO - Processing file /opt/airflow/dags/sales_etl_dag.py for tasks to queue
[2026-09-03T13:55:59.761+0000] {logging_mixin.py:190} INFO - [2026-09-03T13:55:59.759+0000] {dagbag.py:588} INFO - Filling up the DagBag from /opt/airflow/dags/sales_etl_dag.py
[2026-09-03T13:55:59.801+0000] {processor.py:925} INFO - DAG(s) 'etl_pipeline' retrieved from /opt/airflow/dags/sales_etl_dag.py
[2026-09-03T13:55:59.872+0000] {logging_mixin.py:190} INFO - [2026-09-03T13:55:59.872+0000] {dag.py:3239} INFO - Sync 1 DAGs
[2026-09-03T13:55:59.907+0000] {logging_mixin.py:190} INFO - [2026-09-03T13:55:59.906+0000] {dag.py:4180} INFO - Setting next_dagrun for etl_pipeline to 2026-09-03 02:00:00+00:00, run_after=2026-09-04 02:00:00+00:00
[2026-09-03T13:55:59.934+0000] {processor.py:208} INFO - Processing /opt/airflow/dags/sales_etl_dag.py took 0.189 seconds
[2026-09-03T13:56:30.216+0000] {processor.py:186} INFO - Started process (PID=2559) to work on /opt/airflow/dags/sales_etl_dag.py
[2026-09-03T13:56:30.217+0000] {processor.py:914} INFO - Processing file /opt/airflow/dags/sales_etl_dag.py for tasks to queue
[2026-09-03T13:56:30.219+0000] {logging_mixin.py:190} INFO - [2026-09-03T13:56:30.219+0000] {dagbag.py:588} INFO - Filling up the DagBag from /opt/airflow/dags/sales_etl_dag.py
[2026-09-03T13:56:30.240+0000] {processor.py:925} INFO - DAG(s) 'etl_pipeline' retrieved from /opt/airflow/dags/sales_etl_dag.py
[2026-09-03T13:56:30.268+0000] {logging_mixin.py:190} INFO - [2026-09-03T13:56:30.268+0000] {dag.py:3239} INFO - Sync 1 DAGs
[2026-09-03T13:56:30.289+0000] {logging_mixin.py:190} INFO - [2026-09-03T13:56:30.289+0000] {dag.py:4180} INFO - Setting next_dagrun for etl_pipeline to 2026-09-03 02:00:00+00:00, run_after=2026-09-04 02:00:00+00:00
[2026-09-03T13:56:30.309+0000] {processor.py:208} INFO - Processing /opt/airflow/dags/sales_etl_dag.py took 0.100 seconds
[2026-09-03T13:57:00.546+0000] {processor.py:186} INFO - Started process (PID=2564) to work on /opt/airflow/dags/sales_etl_dag.py
[2026-09-03T13:57:00.547+0000] {processor.py:914} INFO - Processing file /opt/airflow/dags/sales_etl_dag.py for tasks to queue
[2026-09-03T13:57:00.549+0000] {logging_mixin.py:190} INFO - [2026-09-03T13:57:00.549+0000] {dagbag.py:588} INFO - Filling up the DagBag from /opt/airflow/dags/sales_etl_dag.py
[2026-09-03T13:57:00.571+0000] {processor.py:925} INFO - DAG(s) 'etl_pipeline' retrieved from /opt/airflow/dags/sales_etl_dag.py
[2026-09-03T13:57:00.602+0000] {logging_mixin.py:190} INFO - [2026-09-03T13:57:00.602+0000] {dag.py:3239} INFO - Sync 1 DAGs
[2026-09-03T13:57:00.624+0000] {logging_mixin.py:190} INFO - [2026-09-03T13:57:00.624+0000] {dag.py:4180} INFO - Setting next_dagrun for etl_pipeline to 2026-09-03 02:00:00+00:00, run_after=2026-09-04 02:00:00+00:00
[2026-09-03T13:57:00.643+0000] {processor.py:208} INFO - Processing /opt/airflow/dags/sales_etl_dag.py took 0.103 seconds
[2026-09-03T13:57:30.949+0000] {processor.py:186} INFO - Started process (PID=2569) to work on /opt/airflow/dags/sales_etl_dag.py
[2026-09-03T13:57:30.949+0000] {processor.py:914} INFO - Processing file /opt/airflow/dags/sales_etl_dag.py for tasks to queue
[2026-09-03T13:57:30.952+0000] {logging_mixin.py:190} INFO - [2026-09-03T13:57:30.952+0000] {dagbag.py:588} INFO - Filling up the DagBag from /opt/airflow/dags/sales_etl_dag.py
[2026-09-03T13:57:30.970+0000] {processor.py:925} INFO - DAG(s) 'etl_pipeline' retrieved from /opt/airflow/dags/sales_etl_dag.py
[2026-09-03T13:57:30.998+0000] {logging_mixin.py:190} INFO - [2026-09-03T13:57:30.998+0000] {dag.py:3239} INFO - Sync 1 DAGs
[2026-09-03T13:57:31.022+0000] {logging_mixin.py:190} INFO - [2026-09-03T13:57:31.022+0000] {dag.py:4180} INFO - Setting next_dagrun for etl_pipeline to 2026-09-03 02:00:00+00:00, run_after=2026-09-04 02:00:00+00:00
[2026-09-03T13:57:31.041+0000] {processor.py:208} INFO - Processing /opt/airflow/dags/sales_etl_dag.py took 0.097 seconds
[2026-09-03T13:58:01.276+0000] {processor.py:186} INFO - Started process (PID=2574) to work on /opt/airflow/dags/sales_etl_dag.py
[2026-09-03T13:58:01.277+0000] {processor.py:914} INFO - Processing file /opt/airflow/dags/sales_etl_dag.py for tasks to queue
[2026-09-03T13:58:01.279+0000] {logging_mixin.py:190} INFO - [2026-09-03T13:58:01.279+0000] {dagbag.py:588} INFO - Filling up the DagBag from /opt/airflow/dags/sales_etl_dag.py
[2026-09-03T13:58:01.299+0000] {processor.py:925} INFO - DAG(s) 'etl_pipeline' retrieved from /opt/airflow/dags/sales_etl_dag.py
[2026-09-03T13:58:01.328+0000] {logging_mixin.py:190} INFO - [2026-09-03T13:58:01.328+0000] {dag.py:3239} INFO - Sync 1 DAGs
[2026-09-03T13:58:01.350+0000] {logging_mixin.py:190} INFO - [2026-09-03T13:58:01.350+0000] {dag.py:4180} INFO - Setting next_dagrun for etl_pipeline to 2026-09-03 02:00:00+00:00, run_after=2026-09-04 02:00:00+00:00
[2026-09-03T13:58:01.368+0000] {processor.py:208} INFO - Processing /opt/airflow/dags/sales_etl_dag.py took 0.098 seconds
[2026-09-03T13:58:31.690+0000] {processor.py:186} INFO - Started process (PID=2579) to work on /opt/airflow/dags/sales_etl_dag.py
[2026-09-03T13:58:31.691+0000] {processor.py:914} INFO - Processing file /opt/airflow/dags/sales_etl_dag.py for tasks to queue
[2026-09-03T13:58:31.694+0000] {logging_mixin.py:190} INFO - [2026-09-03T13:58:31.694+0000] {dagbag.py:588} INFO - Filling up the DagBag from /opt/airflow/dags/sales_etl_dag.py
[2026-09-03T13:58:31.713+0000] {processor.py:925} INFO - DAG(s) 'etl_pipeline' retrieved from /opt/airflow/dags/sales_etl_dag.py
[2026-09-03T13:58:31.740+0000] {logging_mixin.py:190} INFO - [2026-09-03T13:58:31.740+0000] {dag.py:3239} INFO - Sync 1 DAGs
[2026-09-03T13:58:31.764+0000] {logging_mixin.py:190} INFO - [2026-09-03T13:58:31.763+0000] {dag.py:4180} INFO - Setting next_dagrun for etl_pipeline to 2026-09-03 02:00:00+00:00, run_after=2026-09-04 02:00:00+00:00
[2026-09-03T13:58:31.782+0000] {processor.py:208} INFO - Processing /opt/airflow/dags/sales_etl_dag.py took 0.097 seconds
[2026-09-03T13:59:01.979+0000] {processor.py:186} INFO - Started process (PID=2584) to work on /opt/airflow/dags/sales_etl_dag.py
[2026-09-03T13:59:01.980+0000] {processor.py:914} INFO - Processing file /opt/airflow/dags/sales_etl_dag.py for tasks to queue
[2026-09-03T13:59:01.984+0000] {logging_mixin.py:190} INFO - [2026-09-03T13:59:01.983+0000] {dagbag.py:588} INFO - Filling up the DagBag from /opt/airflow/dags/sales_etl_dag.py
[2026-09-03T13:59:02.004+0000] {processor.py:925} INFO - DAG(s) 'etl_pipeline' retrieved from /opt/airflow/dags/sales_etl_dag.py
[2026-09-03T13:59:02.039+0000] {logging_mixin.py:190} INFO - [2026-09-03T13:59:02.039+0000] {dag.py:3239} INFO - Sync 1 DAGs
[2026-09-03T13:59:02.069+0000] {logging_mixin.py:190} INFO - [2026-09-03T13:59:02.069+0000] {dag.py:4180} INFO - Setting next_dagrun for etl_pipeline to 2026-09-03 02:00:00+00:00, run_after=2026-09-04 02:00:00+00:00
[2026-09-03T13:59:02.096+0000] {processor.py:208} INFO - Processing /opt/airflow/dags/sales_etl_dag.py took 0.123 seconds
[2026-09-03T13:59:32.371+0000] {processor.py:186} INFO - Started process (PID=2589) to work on /opt/airflow/dags/sales_etl_dag.py
[2026-09-03T13:59:32.371+0000] {processor.py:914} INFO - Processing file /opt/airflow/dags/sales_etl_dag.py for tasks to queue
[2026-09-03T13:59:32.374+0000] {logging_mixin.py:190} INFO - [2026-09-03T13:59:32.373+0000] {dagbag.py:588} INFO - Filling up the DagBag from /opt/airflow/dags/sales_etl_dag.py
[2026-09-03T13:59:32.393+0000] {processor.py:925} INFO - DAG(s) 'etl_pipeline' retrieved from /opt/airflow/dags/sales_etl_dag.py
[2026-09-03T13:59:32.423+0000] {logging_mixin.py:190} INFO - [2026-09-03T13:59:32.423+0000] {dag.py:3239} INFO - Sync 1 DAGs
[2026-09-03T13:59:32.443+0000] {logging_mixin.py:190} INFO - [2026-09-03T13:59:32.443+0000] {dag.py:4180} INFO - Setting next_dagrun for etl_pipeline to 2026-09-03 02:00:00+00:00, run_after=2026-09-04 02:00:00+00:00
[2026-09-03T13:59:32.461+0000] {processor.py:208} INFO - Processing /opt/airflow/dags/sales_etl_dag.py took 0.097 seconds
[2026-09-03T14:00:02.710+0000] {processor.py:186} INFO - Started process (PID=2594) to work on /opt/airflow/dags/sales_etl_dag.py
[2026-09-03T14:00:02.711+0000] {processor.py:914} INFO - Processing file /opt/airflow/dags/sales_etl_dag.py for tasks to queue
[2026-09-03T14:00:02.713+0000] {logging_mixin.py:190} INFO - [2026-09-03T14:00:02.713+0000] {dagbag.py:588} INFO - Filling up the DagBag from /opt/airflow/dags/sales_etl_dag.py
[2026-09-03T14:00:02.732+0000] {processor.py:925} INFO - DAG(s) 'etl_pipeline' retrieved from /opt/airflow/dags/sales_etl_dag.py
[2026-09-03T14:00:02.761+0000] {logging_mixin.py:190} INFO - [2026-09-03T14:00:02.761+0000] {dag.py:3239} INFO - Sync 1 DAGs
[2026-09-03T14:00:02.784+0000] {logging_mixin.py:190} INFO - [2026-09-03T14:00:02.784+0000] {dag.py:4180} INFO - Setting next_dagrun for etl_pipeline to 2026-09-03 02:00:00+00:00, run_after=2026-09-04 02:00:00+00:00
[2026-09-03T14:00:02.803+0000] {processor.py:208} INFO - Processing /opt/airflow/dags/sales_etl_dag.py took 0.099 seconds
[2026-09-03T14:00:33.100+0000] {processor.py:186} INFO - Started process (PID=2599) to work on /opt/airflow/dags/sales_etl_dag.py
[2026-09-03T14:00:33.101+0000] {processor.py:914} INFO - Processing file /opt/airflow/dags/sales_etl_dag.py for tasks to queue
[2026-09-03T14:00:33.104+0000] {logging_mixin.py:190} INFO - [2026-09-03T14:00:33.103+0000] {dagbag.py:588} INFO - Filling up the DagBag from /opt/airflow/dags/sales_etl_dag.py
[2026-09-03T14:00:33.123+0000] {processor.py:925} INFO - DAG(s) 'etl_pipeline' retrieved from /opt/airflow/dags/sales_etl_dag.py
[2026-09-03T14:00:33.151+0000] {logging_mixin.py:190} INFO - [2026-09-03T14:00:33.151+0000] {dag.py:3239} INFO - Sync 1 DAGs
[2026-09-03T14:00:33.173+0000] {logging_mixin.py:190} INFO - [2026-09-03T14:00:33.173+0000] {dag.py:4180} INFO - Setting next_dagrun for etl_pipeline to 2026-09-03 02:00:00+00:00, run_after=2026-09-04 02:00:00+00:00
[2026-09-03T14:00:33.191+0000] {processor.py:208} INFO - Processing /opt/airflow/dags/sales_etl_dag.py took 0.097 seconds
[2026-09-03T14:01:03.413+0000] {processor.py:186} INFO - Started process (PID=2604) to work on /opt/airflow/dags/sales_etl_dag.py
[2026-09-03T14:01:03.414+0000] {processor.py:914} INFO - Processing file /opt/airflow/dags/sales_etl_dag.py for tasks to queue
[2026-09-03T14:01:03.417+0000] {logging_mixin.py:190} INFO - [2026-09-03T14:01:03.416+0000] {dagbag.py:588} INFO - Filling up the DagBag from /opt/airflow/dags/sales_etl_dag.py
[2026-09-03T14:01:03.436+0000] {processor.py:925} INFO - DAG(s) 'etl_pipeline' retrieved from /opt/airflow/dags/sales_etl_dag.py
[2026-09-03T14:01:03.465+0000] {logging_mixin.py:190} INFO - [2026-09-03T14:01:03.465+0000] {dag.py:3239} INFO - Sync 1 DAGs
[2026-09-03T14:01:03.487+0000] {logging_mixin.py:190} INFO - [2026-09-03T14:01:03.487+0000] {dag.py:4180} INFO - Setting next_dagrun for etl_pipeline to 2026-09-03 02:00:00+00:00, run_after=2026-09-04 02:00:00+00:00
[2026-09-03T14:01:03.506+0000] {processor.py:208} INFO - Processing /opt/airflow/dags/sales_etl_dag.py took 0.099 seconds
[2026-09-03T14:01:33.800+0000] {processor.py:186} INFO - Started process (PID=2609) to work on /opt/airflow/dags/sales_etl_dag.py
[2026-09-03T14:01:33.801+0000] {processor.py:914} INFO - Processing file /opt/airflow/dags/sales_etl_dag.py for tasks to queue
[2026-09-03T14:01:33.803+0000] {logging_mixin.py:190} INFO - [2026-09-03T14:01:33.803+0000] {dagbag.py:588} INFO - Filling up the DagBag from /opt/airflow/dags/sales_etl_dag.py
[2026-09-03T14:01:33.821+0000] {processor.py:925} INFO - DAG(s) 'etl_pipeline' retrieved from /opt/airflow/dags/sales_etl_dag.py
[2026-09-03T14:01:33.852+0000] {logging_mixin.py:190} INFO - [2026-09-03T14:01:33.852+0000] {dag.py:3239} INFO - Sync 1 DAGs
[2026-09-03T14:01:33.874+0000] {logging_mixin.py:190} INFO - [2026-09-03T14:01:33.874+0000] {dag.py:4180} INFO - Setting next_dagrun for etl_pipeline to 2026-09-03 02:00:00+00:00, run_after=2026-09-04 02:00:00+00:00
[2026-09-03T14:01:33.896+0000] {processor.py:208} INFO - Processing /opt/airflow/dags/sales_etl_dag.py took 0.102 seconds
[2026-09-03T14:02:04.160+0000] {processor.py:186} INFO - Started process (PID=2614) to work on /opt/airflow/dags/sales_etl_dag.py
[2026-09-03T14:02:04.161+0000] {processor.py:914} INFO - Processing file /opt/airflow/dags/sales_etl_dag.py for tasks to queue
[2026-09-03T14:02:04.164+0000] {logging_mixin.py:190} INFO - [2026-09-03T14:02:04.164+0000] {dagbag.py:588} INFO - Filling up the DagBag from /opt/airflow/dags/sales_etl_dag.py
[2026-09-03T14:02:04.184+0000] {processor.py:925} INFO - DAG(s) 'etl_pipeline' retrieved from /opt/airflow/dags/sales_etl_dag.py
[2026-09-03T14:02:04.213+0000] {logging_mixin.py:190} INFO - [2026-09-03T14:02:04.213+0000] {dag.py:3239} INFO - Sync 1 DAGs
[2026-09-03T14:02:04.235+0000] {logging_mixin.py:190} INFO - [2026-09-03T14:02:04.235+0000] {dag.py:4180} INFO - Setting next_dagrun for etl_pipeline to 2026-09-03 02:00:00+00:00, run_after=2026-09-04 02:00:00+00:00
[2026-09-03T14:02:04.255+0000] {processor.py:208} INFO - Processing /opt/airflow/dags/sales_etl_dag.py took 0.102 seconds
[2026-09-03T14:02:34.526+0000] {processor.py:186} INFO - Started process (PID=2619) to work on /opt/airflow/dags/sales_etl_dag.py
[2026-09-03T14:02:34.527+0000] {processor.py:914} INFO - Processing file /opt/airflow/dags/sales_etl_dag.py for tasks to queue
[2026-09-03T14:02:34.530+0000] {logging_mixin.py:190} INFO - [2026-09-03T14:02:34.530+0000] {dagbag.py:588} INFO - Filling up the DagBag from /opt/airflow/dags/sales_etl_dag.py
[2026-09-03T14:02:34.549+0000] {processor.py:925} INFO - DAG(s) 'etl_pipeline' retrieved from /opt/airflow/dags/sales_etl_dag.py
[2026-09-03T14:02:34.577+0000] {logging_mixin.py:190} INFO - [2026-09-03T14:02:34.576+0000] {dag.py:3239} INFO - Sync 1 DAGs
[2026-09-03T14:02:34.599+0000] {logging_mixin.py:190} INFO - [2026-09-03T14:02:34.599+0000] {dag.py:4180} INFO - Setting next_dagrun for etl_pipeline to 2026-09-03 02:00:00+00:00, run_after=2026-09-04 02:00:00+00:00
[2026-09-03T14:02:34.618+0000] {processor.py:208} INFO - Processing /opt/airflow/dags/sales_etl_dag.py took 0.097 seconds
[2026-09-03T14:03:04.849+0000] {processor.py:186} INFO - Started process (PID=2624) to work on /opt/airflow/dags/sales_etl_dag.py
[2026-09-03T14:03:04.850+0000] {processor.py:914} INFO - Processing file /opt/airflow/dags/sales_etl_dag.py for tasks to queue
[2026-09-03T14:03:04.853+0000] {logging_mixin.py:190} INFO - [2026-09-03T14:03:04.852+0000] {dagbag.py:588} INFO - Filling up the DagBag from /opt/airflow/dags/sales_etl_dag.py
[2026-09-03T14:03:04.875+0000] {processor.py:925} INFO - DAG(s) 'etl_pipeline' retrieved from /opt/airflow/dags/sales_etl_dag.py
[2026-09-03T14:03:04.903+0000] {logging_mixin.py:190} INFO - [2026-09-03T14:03:04.903+0000] {dag.py:3239} INFO - Sync 1 DAGs
[2026-09-03T14:03:04.926+0000] {logging_mixin.py:190} INFO - [2026-09-03T14:03:04.925+0000] {dag.py:4180} INFO - Setting next_dagrun for etl_pipeline to 2026-09-03 02:00:00+00:00, run_after=2026-09-04 02:00:00+00:00
[2026-09-03T14:03:04.945+0000] {processor.py:208} INFO - Processing /opt/airflow/dags/sales_etl_dag.py took 0.103 seconds
[2026-09-03T14:03:35.216+0000] {processor.py:186} INFO - Started process (PID=2629) to work on /opt/airflow/dags/sales_etl_dag.py
[2026-09-03T14:03:35.217+0000] {processor.py:914} INFO - Processing file /opt/airflow/dags/sales_etl_dag.py for tasks to queue
[2026-09-03T14:03:35.219+0000] {logging_mixin.py:190} INFO - [2026-09-03T14:03:35.219+0000] {dagbag.py:588} INFO - Filling up the DagBag from /opt/airflow/dags/sales_etl_dag.py
[2026-09-03T14:03:35.237+0000] {processor.py:925} INFO - DAG(s) 'etl_pipeline' retrieved from /opt/airflow/dags/sales_etl_dag.py
[2026-09-03T14:03:35.265+0000] {logging_mixin.py:190} INFO - [2026-09-03T14:03:35.264+0000] {dag.py:3239} INFO - Sync 1 DAGs
[2026-09-03T14:03:35.287+0000] {logging_mixin.py:190} INFO - [2026-09-03T14:03:35.287+0000] {dag.py:4180} INFO - Setting next_dagrun for etl_pipeline to 2026-09-03 02:00:00+00:00, run_after=2026-09-04 02:00:00+00:00
[2026-09-03T14:03:35.306+0000] {processor.py:208} INFO - Processing /opt/airflow/dags/sales_etl_dag.py took 0.096 seconds
[2026-09-03T14:04:05.508+0000] {processor.py:186} INFO - Started process (PID=2634) to work on /opt/airflow/dags/sales_etl_dag.py
[2026-09-03T14:04:05.509+0000] {processor.py:914} INFO - Processing file /opt/airflow/dags/sales_etl_dag.py for tasks to queue
[2026-09-03T14:04:05.511+0000] {logging_mixin.py:190} INFO - [2026-09-03T14:04:05.511+0000] {dagbag.py:588} INFO - Filling up the DagBag from /opt/airflow/dags/sales_etl_dag.py
[2026-09-03T14:04:05.530+0000] {processor.py:925} INFO - DAG(s) 'etl_pipeline' retrieved from /opt/airflow/dags/sales_etl_dag.py
[2026-09-03T14:04:05.558+0000] {logging_mixin.py:190} INFO - [2026-09-03T14:04:05.558+0000] {dag.py:3239} INFO - Sync 1 DAGs
[2026-09-03T14:04:05.580+0000] {logging_mixin.py:190} INFO - [2026-09-03T14:04:05.580+0000] {dag.py:4180} INFO - Setting next_dagrun for etl_pipeline to 2026-09-03 02:00:00+00:00, run_after=2026-09-04 02:00:00+00:00
[2026-09-03T14:04:05.600+0000] {processor.py:208} INFO - Processing /opt/airflow/dags/sales_etl_dag.py took 0.098 seconds
[2026-09-03T14:04:35.921+0000] {processor.py:186} INFO - Started process (PID=2639) to work on /opt/airflow/dags/sales_etl_dag.py
[2026-09-03T14:04:35.922+0000] {processor.py:914} INFO - Processing file /opt/airflow/dags/sales_etl_dag.py for tasks to queue
[2026-09-03T14:04:35.924+0000] {logging_mixin.py:190} INFO - [2026-09-03T14:04:35.924+0000] {dagbag.py:588} INFO - Filling up the DagBag from /opt/airflow/dags/sales_etl_dag.py
[2026-09-03T14:04:35.945+0000] {processor.py:925} INFO - DAG(s) 'etl_pipeline' retrieved from /opt/airflow/dags/sales_etl_dag.py
[2026-09-03T14:04:35.972+0000] {logging_mixin.py:190} INFO - [2026-09-03T14:04:35.972+0000] {dag.py:3239} INFO - Sync 1 DAGs
[2026-09-03T14:04:35.996+0000] {logging_mixin.py:190} INFO - [2026-09-03T14:04:35.996+0000] {dag.py:4180} INFO - Setting next_dagrun for etl_pipeline to 2026-09-03 02:00:00+00:00, run_after=2026-09-04 02:00:00+00:00
[2026-09-03T14:04:36.015+0000] {processor.py:208} INFO - Processing /opt/airflow/dags/sales_etl_dag.py took 0.100 seconds
[2026-09-03T14:05:06.238+0000] {processor.py:186} INFO - Started process (PID=2644) to work on /opt/airflow/dags/sales_etl_dag.py
[2026-09-03T14:05:06.239+0000] {processor.py:914} INFO - Processing file /opt/airflow/dags/sales_etl_dag.py for tasks to queue
[2026-09-03T14:05:06.241+0000] {logging_mixin.py:190} INFO - [2026-09-03T14:05:06.241+0000] {dagbag.py:588} INFO - Filling up the DagBag from /opt/airflow/dags/sales_etl_dag.py
[2026-09-03T14:05:06.260+0000] {processor.py:925} INFO - DAG(s) 'etl_pipeline' retrieved from /opt/airflow/dags/sales_etl_dag.py
[2026-09-03T14:05:06.289+0000] {logging_mixin.py:190} INFO - [2026-09-03T14:05:06.289+0000] {dag.py:3239} INFO - Sync 1 DAGs
[2026-09-03T14:05:06.311+0000] {logging_mixin.py:190} INFO - [2026-09-03T14:05:06.311+0000] {dag.py:4180} INFO - Setting next_dagrun for etl_pipeline to 2026-09-03 02:00:00+00:00, run_after=2026-09-04 02:00:00+00:00
[2026-09-03T14:05:06.334+0000] {processor.py:208} INFO - Processing /opt/airflow/dags/sales_etl_dag.py took 0.102 seconds
[2026-09-03T14:05:36.605+0000] {processor.py:186} INFO - Started process (PID=2649) to work on /opt/airflow/dags/sales_etl_dag.py
[2026-09-03T14:05:36.606+0000] {processor.py:914} INFO - Processing file /opt/airflow/dags/sales_etl_dag.py for tasks to queue
[2026-09-03T14:05:36.610+0000] {logging_mixin.py:190} INFO - [2026-09-03T14:05:36.610+0000] {dagbag.py:588} INFO - Filling up the DagBag from /opt/airflow/dags/sales_etl_dag.py
[2026-09-03T14:05:36.637+0000] {processor.py:925} INFO - DAG(s) 'etl_pipeline' retrieved from /opt/airflow/dags/sales_etl_dag.py
[2026-09-03T14:05:36.667+0000] {logging_mixin.py:190} INFO - [2026-09-03T14:05:36.667+0000] {dag.py:3239} INFO - Sync 1 DAGs
[2026-09-03T14:05:36.690+0000] {logging_mixin.py:190} INFO - [2026-09-03T14:05:36.690+0000] {dag.py:4180} INFO - Setting next_dagrun for etl_pipeline to 2026-09-03 02:00:00+00:00, run_after=2026-09-04 02:00:00+00:00
[2026-09-03T14:05:36.713+0000] {processor.py:208} INFO - Processing /opt/airflow/dags/sales_etl_dag.py took 0.115 seconds
[2026-09-03T14:06:06.911+0000] {processor.py:186} INFO - Started process (PID=2654) to work on /opt/airflow/dags/sales_etl_dag.py
[2026-09-03T14:06:06.912+0000] {processor.py:914} INFO - Processing file /opt/airflow/dags/sales_etl_dag.py for tasks to queue
[2026-09-03T14:06:06.916+0000] {logging_mixin.py:190} INFO - [2026-09-03T14:06:06.915+0000] {dagbag.py:588} INFO - Filling up the DagBag from /opt/airflow/dags/sales_etl_dag.py
[2026-09-03T14:06:06.935+0000] {processor.py:925} INFO - DAG(s) 'etl_pipeline' retrieved from /opt/airflow/dags/sales_etl_dag.py
[2026-09-03T14:06:06.968+0000] {logging_mixin.py:190} INFO - [2026-09-03T14:06:06.968+0000] {dag.py:3239} INFO - Sync 1 DAGs
[2026-09-03T14:06:06.991+0000] {logging_mixin.py:190} INFO - [2026-09-03T14:06:06.991+0000] {dag.py:4180} INFO - Setting next_dagrun for etl_pipeline to 2026-09-03 02:00:00+00:00, run_after=2026-09-04 02:00:00+00:00
[2026-09-03T14:06:07.020+0000] {processor.py:208} INFO - Processing /opt/airflow/dags/sales_etl_dag.py took 0.115 seconds
[2026-09-03T14:06:37.356+0000] {processor.py:186} INFO - Started process (PID=2659) to work on /opt/airflow/dags/sales_etl_dag.py
[2026-09-03T14:06:37.357+0000] {processor.py:914} INFO - Processing file /opt/airflow/dags/sales_etl_dag.py for tasks to queue
[2026-09-03T14:06:37.361+0000] {logging_mixin.py:190} INFO - [2026-09-03T14:06:37.361+0000] {dagbag.py:588} INFO - Filling up the DagBag from /opt/airflow/dags/sales_etl_dag.py
[2026-09-03T14:06:37.387+0000] {processor.py:925} INFO - DAG(s) 'etl_pipeline' retrieved from /opt/airflow/dags/sales_etl_dag.py
[2026-09-03T14:06:37.423+0000] {logging_mixin.py:190} INFO - [2026-09-03T14:06:37.423+0000] {dag.py:3239} INFO - Sync 1 DAGs
[2026-09-03T14:06:37.448+0000] {logging_mixin.py:190} INFO - [2026-09-03T14:06:37.448+0000] {dag.py:4180} INFO - Setting next_dagrun for etl_pipeline to 2026-09-03 02:00:00+00:00, run_after=2026-09-04 02:00:00+00:00
[2026-09-03T14:06:37.472+0000] {processor.py:208} INFO - Processing /opt/airflow/dags/sales_etl_dag.py took 0.125 seconds
[2026-09-03T14:07:07.640+0000] {processor.py:186} INFO - Started process (PID=2664) to work on /opt/airflow/dags/sales_etl_dag.py
[2026-09-03T14:07:07.641+0000] {processor.py:914} INFO - Processing file /opt/airflow/dags/sales_etl_dag.py for tasks to queue
[2026-09-03T14:07:07.644+0000] {logging_mixin.py:190} INFO - [2026-09-03T14:07:07.644+0000] {dagbag.py:588} INFO - Filling up the DagBag from /opt/airflow/dags/sales_etl_dag.py
[2026-09-03T14:07:07.664+0000] {processor.py:925} INFO - DAG(s) 'etl_pipeline' retrieved from /opt/airflow/dags/sales_etl_dag.py
[2026-09-03T14:07:07.695+0000] {logging_mixin.py:190} INFO - [2026-09-03T14:07:07.695+0000] {dag.py:3239} INFO - Sync 1 DAGs
[2026-09-03T14:07:07.716+0000] {logging_mixin.py:190} INFO - [2026-09-03T14:07:07.716+0000] {dag.py:4180} INFO - Setting next_dagrun for etl_pipeline to 2026-09-03 02:00:00+00:00, run_after=2026-09-04 02:00:00+00:00
[2026-09-03T14:07:07.735+0000] {processor.py:208} INFO - Processing /opt/airflow/dags/sales_etl_dag.py took 0.100 seconds
[2026-09-03T14:07:37.940+0000] {processor.py:186} INFO - Started process (PID=2669) to work on /opt/airflow/dags/sales_etl_dag.py
[2026-09-03T14:07:37.941+0000] {processor.py:914} INFO - Processing file /opt/airflow/dags/sales_etl_dag.py for tasks to queue
[2026-09-03T14:07:37.943+0000] {logging_mixin.py:190} INFO - [2026-09-03T14:07:37.943+0000] {dagbag.py:588} INFO - Filling up the DagBag from /opt/airflow/dags/sales_etl_dag.py
[2026-09-03T14:07:37.962+0000] {processor.py:925} INFO - DAG(s) 'etl_pipeline' retrieved from /opt/airflow/dags/sales_etl_dag.py
[2026-09-03T14:07:37.992+0000] {logging_mixin.py:190} INFO - [2026-09-03T14:07:37.991+0000] {dag.py:3239} INFO - Sync 1 DAGs
[2026-09-03T14:07:38.020+0000] {logging_mixin.py:190} INFO - [2026-09-03T14:07:38.020+0000] {dag.py:4180} INFO - Setting next_dagrun for etl_pipeline to 2026-09-03 02:00:00+00:00, run_after=2026-09-04 02:00:00+00:00
[2026-09-03T14:07:38.043+0000] {processor.py:208} INFO - Processing /opt/airflow/dags/sales_etl_dag.py took 0.109 seconds
[2026-09-03T14:08:08.340+0000] {processor.py:186} INFO - Started process (PID=2674) to work on /opt/airflow/dags/sales_etl_dag.py
[2026-09-03T14:08:08.341+0000] {processor.py:914} INFO - Processing file /opt/airflow/dags/sales_etl_dag.py for tasks to queue
[2026-09-03T14:08:08.343+0000] {logging_mixin.py:190} INFO - [2026-09-03T14:08:08.343+0000] {dagbag.py:588} INFO - Filling up the DagBag from /opt/airflow/dags/sales_etl_dag.py
[2026-09-03T14:08:08.360+0000] {processor.py:925} INFO - DAG(s) 'etl_pipeline' retrieved from /opt/airflow/dags/sales_etl_dag.py
[2026-09-03T14:08:08.387+0000] {logging_mixin.py:190} INFO - [2026-09-03T14:08:08.387+0000] {dag.py:3239} INFO - Sync 1 DAGs
[2026-09-03T14:08:08.410+0000] {logging_mixin.py:190} INFO - [2026-09-03T14:08:08.410+0000] {dag.py:4180} INFO - Setting next_dagrun for etl_pipeline to 2026-09-03 02:00:00+00:00, run_after=2026-09-04 02:00:00+00:00
[2026-09-03T14:08:08.432+0000] {processor.py:208} INFO - Processing /opt/airflow/dags/sales_etl_dag.py took 0.099 seconds
[2026-09-03T14:08:38.695+0000] {processor.py:186} INFO - Started process (PID=2679) to work on /opt/airflow/dags/sales_etl_dag.py
[2026-09-03T14:08:38.696+0000] {processor.py:914} INFO - Processing file /opt/airflow/dags/sales_etl_dag.py for tasks to queue
[2026-09-03T14:08:38.699+0000] {logging_mixin.py:190} INFO - [2026-09-03T14:08:38.698+0000] {dagbag.py:588} INFO - Filling up the DagBag from /opt/airflow/dags/sales_etl_dag.py
[2026-09-03T14:08:38.724+0000] {processor.py:925} INFO - DAG(s) 'etl_pipeline' retrieved from /opt/airflow/dags/sales_etl_dag.py
[2026-09-03T14:08:38.755+0000] {logging_mixin.py:190} INFO - [2026-09-03T14:08:38.755+0000] {dag.py:3239} INFO - Sync 1 DAGs
[2026-09-03T14:08:38.783+0000] {logging_mixin.py:190} INFO - [2026-09-03T14:08:38.782+0000] {dag.py:4180} INFO - Setting next_dagrun for etl_pipeline to 2026-09-03 02:00:00+00:00, run_after=2026-09-04 02:00:00+00:00
[2026-09-03T14:08:38.805+0000] {processor.py:208} INFO - Processing /opt/airflow/dags/sales_etl_dag.py took 0.116 seconds
[2026-09-03T14:09:09.012+0000] {processor.py:186} INFO - Started process (PID=2684) to work on /opt/airflow/dags/sales_etl_dag.py
[2026-09-03T14:09:09.013+0000] {processor.py:914} INFO - Processing file /opt/airflow/dags/sales_etl_dag.py for tasks to queue
[2026-09-03T14:09:09.015+0000] {logging_mixin.py:190} INFO - [2026-09-03T14:09:09.015+0000] {dagbag.py:588} INFO - Filling up the DagBag from /opt/airflow/dags/sales_etl_dag.py
[2026-09-03T14:09:09.035+0000] {processor.py:925} INFO - DAG(s) 'etl_pipeline' retrieved from /opt/airflow/dags/sales_etl_dag.py
[2026-09-03T14:09:09.065+0000] {logging_mixin.py:190} INFO - [2026-09-03T14:09:09.064+0000] {dag.py:3239} INFO - Sync 1 DAGs
[2026-09-03T14:09:09.088+0000] {logging_mixin.py:190} INFO - [2026-09-03T14:09:09.088+0000] {dag.py:4180} INFO - Setting next_dagrun for etl_pipeline to 2026-09-03 02:00:00+00:00, run_after=2026-09-04 02:00:00+00:00
[2026-09-03T14:09:09.106+0000] {processor.py:208} INFO - Processing /opt/airflow/dags/sales_etl_dag.py took 0.101 seconds
[2026-09-03T14:09:39.392+0000] {processor.py:186} INFO - Started process (PID=2689) to work on /opt/airflow/dags/sales_etl_dag.py
[2026-09-03T14:09:39.393+0000] {processor.py:914} INFO - Processing file /opt/airflow/dags/sales_etl_dag.py for tasks to queue
[2026-09-03T14:09:39.397+0000] {logging_mixin.py:190} INFO - [2026-09-03T14:09:39.396+0000] {dagbag.py:588} INFO - Filling up the DagBag from /opt/airflow/dags/sales_etl_dag.py
[2026-09-03T14:09:39.430+0000] {processor.py:925} INFO - DAG(s) 'etl_pipeline' retrieved from /opt/airflow/dags/sales_etl_dag.py
[2026-09-03T14:09:39.465+0000] {logging_mixin.py:190} INFO - [2026-09-03T14:09:39.465+0000] {dag.py:3239} INFO - Sync 1 DAGs
[2026-09-03T14:09:39.499+0000] {logging_mixin.py:190} INFO - [2026-09-03T14:09:39.499+0000] {dag.py:4180} INFO - Setting next_dagrun for etl_pipeline to 2026-09-03 02:00:00+00:00, run_after=2026-09-04 02:00:00+00:00
[2026-09-03T14:09:39.530+0000] {processor.py:208} INFO - Processing /opt/airflow/dags/sales_etl_dag.py took 0.144 seconds
[2026-09-03T14:10:09.690+0000] {processor.py:186} INFO - Started process (PID=2694) to work on /opt/airflow/dags/sales_etl_dag.py
[2026-09-03T14:10:09.691+0000] {processor.py:914} INFO - Processing file /opt/airflow/dags/sales_etl_dag.py for tasks to queue
[2026-09-03T14:10:09.694+0000] {logging_mixin.py:190} INFO - [2026-09-03T14:10:09.693+0000] {dagbag.py:588} INFO - Filling up the DagBag from /opt/airflow/dags/sales_etl_dag.py
[2026-09-03T14:10:09.714+0000] {processor.py:925} INFO - DAG(s) 'etl_pipeline' retrieved from /opt/airflow/dags/sales_etl_dag.py
[2026-09-03T14:10:09.745+0000] {logging_mixin.py:190} INFO - [2026-09-03T14:10:09.744+0000] {dag.py:3239} INFO - Sync 1 DAGs
[2026-09-03T14:10:09.767+0000] {logging_mixin.py:190} INFO - [2026-09-03T14:10:09.767+0000] {dag.py:4180} INFO - Setting next_dagrun for etl_pipeline to 2026-09-03 02:00:00+00:00, run_after=2026-09-04 02:00:00+00:00
[2026-09-03T14:10:09.787+0000] {processor.py:208} INFO - Processing /opt/airflow/dags/sales_etl_dag.py took 0.104 seconds
[2026-09-03T14:10:40.007+0000] {processor.py:186} INFO - Started process (PID=2699) to work on /opt/airflow/dags/sales_etl_dag.py
[2026-09-03T14:10:40.008+0000] {processor.py:914} INFO - Processing file /opt/airflow/dags/sales_etl_dag.py for tasks to queue
[2026-09-03T14:10:40.011+0000] {logging_mixin.py:190} INFO - [2026-09-03T14:10:40.010+0000] {dagbag.py:588} INFO - Filling up the DagBag from /opt/airflow/dags/sales_etl_dag.py
[2026-09-03T14:10:40.033+0000] {processor.py:925} INFO - DAG(s) 'etl_pipeline' retrieved from /opt/airflow/dags/sales_etl_dag.py
[2026-09-03T14:10:40.075+0000] {logging_mixin.py:190} INFO - [2026-09-03T14:10:40.075+0000] {dag.py:3239} INFO - Sync 1 DAGs
[2026-09-03T14:10:40.104+0000] {logging_mixin.py:190} INFO - [2026-09-03T14:10:40.104+0000] {dag.py:4180} INFO - Setting next_dagrun for etl_pipeline to 2026-09-03 02:00:00+00:00, run_after=2026-09-04 02:00:00+00:00
[2026-09-03T14:10:40.131+0000] {processor.py:208} INFO - Processing /opt/airflow/dags/sales_etl_dag.py took 0.133 seconds
[2026-09-03T14:11:10.311+0000] {processor.py:186} INFO - Started process (PID=2704) to work on /opt/airflow/dags/sales_etl_dag.py
[2026-09-03T14:11:10.312+0000] {processor.py:914} INFO - Processing file /opt/airflow/dags/sales_etl_dag.py for tasks to queue
[2026-09-03T14:11:10.317+0000] {logging_mixin.py:190} INFO - [2026-09-03T14:11:10.316+0000] {dagbag.py:588} INFO - Filling up the DagBag from /opt/airflow/dags/sales_etl_dag.py
[2026-09-03T14:11:10.339+0000] {processor.py:925} INFO - DAG(s) 'etl_pipeline' retrieved from /opt/airflow/dags/sales_etl_dag.py
[2026-09-03T14:11:10.405+0000] {logging_mixin.py:190} INFO - [2026-09-03T14:11:10.405+0000] {dag.py:3239} INFO - Sync 1 DAGs
[2026-09-03T14:11:10.455+0000] {logging_mixin.py:190} INFO - [2026-09-03T14:11:10.454+0000] {dag.py:4180} INFO - Setting next_dagrun for etl_pipeline to 2026-09-03 02:00:00+00:00, run_after=2026-09-04 02:00:00+00:00
[2026-09-03T14:11:10.488+0000] {processor.py:208} INFO - Processing /opt/airflow/dags/sales_etl_dag.py took 0.186 seconds
[2026-09-03T14:11:40.622+0000] {processor.py:186} INFO - Started process (PID=2709) to work on /opt/airflow/dags/sales_etl_dag.py
[2026-09-03T14:11:40.624+0000] {processor.py:914} INFO - Processing file /opt/airflow/dags/sales_etl_dag.py for tasks to queue
[2026-09-03T14:11:40.628+0000] {logging_mixin.py:190} INFO - [2026-09-03T14:11:40.628+0000] {dagbag.py:588} INFO - Filling up the DagBag from /opt/airflow/dags/sales_etl_dag.py
[2026-09-03T14:11:40.657+0000] {processor.py:925} INFO - DAG(s) 'etl_pipeline' retrieved from /opt/airflow/dags/sales_etl_dag.py
[2026-09-03T14:11:40.693+0000] {logging_mixin.py:190} INFO - [2026-09-03T14:11:40.693+0000] {dag.py:3239} INFO - Sync 1 DAGs
[2026-09-03T14:11:40.725+0000] {logging_mixin.py:190} INFO - [2026-09-03T14:11:40.725+0000] {dag.py:4180} INFO - Setting next_dagrun for etl_pipeline to 2026-09-03 02:00:00+00:00, run_after=2026-09-04 02:00:00+00:00
[2026-09-03T14:11:40.749+0000] {processor.py:208} INFO - Processing /opt/airflow/dags/sales_etl_dag.py took 0.137 seconds
[2026-09-03T14:12:11.001+0000] {processor.py:186} INFO - Started process (PID=2714) to work on /opt/airflow/dags/sales_etl_dag.py
[2026-09-03T14:12:11.002+0000] {processor.py:914} INFO - Processing file /opt/airflow/dags/sales_etl_dag.py for tasks to queue
[2026-09-03T14:12:11.006+0000] {logging_mixin.py:190} INFO - [2026-09-03T14:12:11.006+0000] {dagbag.py:588} INFO - Filling up the DagBag from /opt/airflow/dags/sales_etl_dag.py
[2026-09-03T14:12:11.033+0000] {processor.py:925} INFO - DAG(s) 'etl_pipeline' retrieved from /opt/airflow/dags/sales_etl_dag.py
[2026-09-03T14:12:11.074+0000] {logging_mixin.py:190} INFO - [2026-09-03T14:12:11.074+0000] {dag.py:3239} INFO - Sync 1 DAGs
[2026-09-03T14:12:11.098+0000] {logging_mixin.py:190} INFO - [2026-09-03T14:12:11.097+0000] {dag.py:4180} INFO - Setting next_dagrun for etl_pipeline to 2026-09-03 02:00:00+00:00, run_after=2026-09-04 02:00:00+00:00
[2026-09-03T14:12:11.117+0000] {processor.py:208} INFO - Processing /opt/airflow/dags/sales_etl_dag.py took 0.123 seconds
[2026-09-03T14:12:41.277+0000] {processor.py:186} INFO - Started process (PID=2719) to work on /opt/airflow/dags/sales_etl_dag.py
[2026-09-03T14:12:41.280+0000] {processor.py:914} INFO - Processing file /opt/airflow/dags/sales_etl_dag.py for tasks to queue
[2026-09-03T14:12:41.284+0000] {logging_mixin.py:190} INFO - [2026-09-03T14:12:41.283+0000] {dagbag.py:588} INFO - Filling up the DagBag from /opt/airflow/dags/sales_etl_dag.py
[2026-09-03T14:12:41.323+0000] {processor.py:925} INFO - DAG(s) 'etl_pipeline' retrieved from /opt/airflow/dags/sales_etl_dag.py
[2026-09-03T14:12:41.370+0000] {logging_mixin.py:190} INFO - [2026-09-03T14:12:41.370+0000] {dag.py:3239} INFO - Sync 1 DAGs
[2026-09-03T14:12:41.402+0000] {logging_mixin.py:190} INFO - [2026-09-03T14:12:41.401+0000] {dag.py:4180} INFO - Setting next_dagrun for etl_pipeline to 2026-09-03 02:00:00+00:00, run_after=2026-09-04 02:00:00+00:00
[2026-09-03T14:12:41.427+0000] {processor.py:208} INFO - Processing /opt/airflow/dags/sales_etl_dag.py took 0.162 seconds
[2026-09-03T14:13:11.668+0000] {processor.py:186} INFO - Started process (PID=2724) to work on /opt/airflow/dags/sales_etl_dag.py
[2026-09-03T14:13:11.703+0000] {processor.py:914} INFO - Processing file /opt/airflow/dags/sales_etl_dag.py for tasks to queue
[2026-09-03T14:13:11.744+0000] {logging_mixin.py:190} INFO - [2026-09-03T14:13:11.742+0000] {dagbag.py:588} INFO - Filling up the DagBag from /opt/airflow/dags/sales_etl_dag.py
[2026-09-03T14:13:11.802+0000] {processor.py:925} INFO - DAG(s) 'etl_pipeline' retrieved from /opt/airflow/dags/sales_etl_dag.py
[2026-09-03T14:13:11.884+0000] {logging_mixin.py:190} INFO - [2026-09-03T14:13:11.884+0000] {dag.py:3239} INFO - Sync 1 DAGs
[2026-09-03T14:13:11.938+0000] {logging_mixin.py:190} INFO - [2026-09-03T14:13:11.938+0000] {dag.py:4180} INFO - Setting next_dagrun for etl_pipeline to 2026-09-03 02:00:00+00:00, run_after=2026-09-04 02:00:00+00:00
[2026-09-03T14:13:11.970+0000] {processor.py:208} INFO - Processing /opt/airflow/dags/sales_etl_dag.py took 0.322 seconds
[2026-09-03T14:13:42.070+0000] {processor.py:186} INFO - Started process (PID=2729) to work on /opt/airflow/dags/sales_etl_dag.py
[2026-09-03T14:13:42.071+0000] {processor.py:914} INFO - Processing file /opt/airflow/dags/sales_etl_dag.py for tasks to queue
[2026-09-03T14:13:42.075+0000] {logging_mixin.py:190} INFO - [2026-09-03T14:13:42.075+0000] {dagbag.py:588} INFO - Filling up the DagBag from /opt/airflow/dags/sales_etl_dag.py
[2026-09-03T14:13:42.102+0000] {processor.py:925} INFO - DAG(s) 'etl_pipeline' retrieved from /opt/airflow/dags/sales_etl_dag.py
[2026-09-03T14:13:42.142+0000] {logging_mixin.py:190} INFO - [2026-09-03T14:13:42.142+0000] {dag.py:3239} INFO - Sync 1 DAGs
[2026-09-03T14:13:42.169+0000] {logging_mixin.py:190} INFO - [2026-09-03T14:13:42.169+0000] {dag.py:4180} INFO - Setting next_dagrun for etl_pipeline to 2026-09-03 02:00:00+00:00, run_after=2026-09-04 02:00:00+00:00
[2026-09-03T14:13:42.191+0000] {processor.py:208} INFO - Processing /opt/airflow/dags/sales_etl_dag.py took 0.130 seconds
[2026-09-03T14:14:12.555+0000] {processor.py:186} INFO - Started process (PID=2734) to work on /opt/airflow/dags/sales_etl_dag.py
[2026-09-03T14:14:12.557+0000] {processor.py:914} INFO - Processing file /opt/airflow/dags/sales_etl_dag.py for tasks to queue
[2026-09-03T14:14:12.561+0000] {logging_mixin.py:190} INFO - [2026-09-03T14:14:12.561+0000] {dagbag.py:588} INFO - Filling up the DagBag from /opt/airflow/dags/sales_etl_dag.py
[2026-09-03T14:14:12.597+0000] {processor.py:925} INFO - DAG(s) 'etl_pipeline' retrieved from /opt/airflow/dags/sales_etl_dag.py
[2026-09-03T14:14:12.644+0000] {logging_mixin.py:190} INFO - [2026-09-03T14:14:12.644+0000] {dag.py:3239} INFO - Sync 1 DAGs
[2026-09-03T14:14:12.685+0000] {logging_mixin.py:190} INFO - [2026-09-03T14:14:12.685+0000] {dag.py:4180} INFO - Setting next_dagrun for etl_pipeline to 2026-09-03 02:00:00+00:00, run_after=2026-09-04 02:00:00+00:00
[2026-09-03T14:14:12.714+0000] {processor.py:208} INFO - Processing /opt/airflow/dags/sales_etl_dag.py took 0.166 seconds
[2026-09-03T14:14:42.925+0000] {processor.py:186} INFO - Started process (PID=2739) to work on /opt/airflow/dags/sales_etl_dag.py
[2026-09-03T14:14:42.927+0000] {processor.py:914} INFO - Processing file /opt/airflow/dags/sales_etl_dag.py for tasks to queue
[2026-09-03T14:14:42.930+0000] {logging_mixin.py:190} INFO - [2026-09-03T14:14:42.929+0000] {dagbag.py:588} INFO - Filling up the DagBag from /opt/airflow/dags/sales_etl_dag.py
[2026-09-03T14:14:42.963+0000] {processor.py:925} INFO - DAG(s) 'etl_pipeline' retrieved from /opt/airflow/dags/sales_etl_dag.py
[2026-09-03T14:14:43.000+0000] {logging_mixin.py:190} INFO - [2026-09-03T14:14:43.000+0000] {dag.py:3239} INFO - Sync 1 DAGs
[2026-09-03T14:14:43.031+0000] {logging_mixin.py:190} INFO - [2026-09-03T14:14:43.030+0000] {dag.py:4180} INFO - Setting next_dagrun for etl_pipeline to 2026-09-03 02:00:00+00:00, run_after=2026-09-04 02:00:00+00:00
[2026-09-03T14:14:43.056+0000] {processor.py:208} INFO - Processing /opt/airflow/dags/sales_etl_dag.py took 0.141 seconds
[2026-09-03T14:15:13.373+0000] {processor.py:186} INFO - Started process (PID=2744) to work on /opt/airflow/dags/sales_etl_dag.py
[2026-09-03T14:15:13.375+0000] {processor.py:914} INFO - Processing file /opt/airflow/dags/sales_etl_dag.py for tasks to queue
[2026-09-03T14:15:13.379+0000] {logging_mixin.py:190} INFO - [2026-09-03T14:15:13.378+0000] {dagbag.py:588} INFO - Filling up the DagBag from /opt/airflow/dags/sales_etl_dag.py
[2026-09-03T14:15:13.416+0000] {processor.py:925} INFO - DAG(s) 'etl_pipeline' retrieved from /opt/airflow/dags/sales_etl_dag.py
[2026-09-03T14:15:13.464+0000] {logging_mixin.py:190} INFO - [2026-09-03T14:15:13.464+0000] {dag.py:3239} INFO - Sync 1 DAGs
[2026-09-03T14:15:13.489+0000] {logging_mixin.py:190} INFO - [2026-09-03T14:15:13.489+0000] {dag.py:4180} INFO - Setting next_dagrun for etl_pipeline to 2026-09-03 02:00:00+00:00, run_after=2026-09-04 02:00:00+00:00
[2026-09-03T14:15:13.509+0000] {processor.py:208} INFO - Processing /opt/airflow/dags/sales_etl_dag.py took 0.144 seconds
[2026-09-03T14:15:43.751+0000] {processor.py:186} INFO - Started process (PID=2749) to work on /opt/airflow/dags/sales_etl_dag.py
[2026-09-03T14:15:43.752+0000] {processor.py:914} INFO - Processing file /opt/airflow/dags/sales_etl_dag.py for tasks to queue
[2026-09-03T14:15:43.756+0000] {logging_mixin.py:190} INFO - [2026-09-03T14:15:43.756+0000] {dagbag.py:588} INFO - Filling up the DagBag from /opt/airflow/dags/sales_etl_dag.py
[2026-09-03T14:15:43.782+0000] {processor.py:925} INFO - DAG(s) 'etl_pipeline' retrieved from /opt/airflow/dags/sales_etl_dag.py
[2026-09-03T14:15:43.812+0000] {logging_mixin.py:190} INFO - [2026-09-03T14:15:43.811+0000] {dag.py:3239} INFO - Sync 1 DAGs
[2026-09-03T14:15:43.836+0000] {logging_mixin.py:190} INFO - [2026-09-03T14:15:43.836+0000] {dag.py:4180} INFO - Setting next_dagrun for etl_pipeline to 2026-09-03 02:00:00+00:00, run_after=2026-09-04 02:00:00+00:00
[2026-09-03T14:15:43.862+0000] {processor.py:208} INFO - Processing /opt/airflow/dags/sales_etl_dag.py took 0.120 seconds
[2026-09-03T14:16:14.192+0000] {processor.py:186} INFO - Started process (PID=2754) to work on /opt/airflow/dags/sales_etl_dag.py
[2026-09-03T14:16:14.194+0000] {processor.py:914} INFO - Processing file /opt/airflow/dags/sales_etl_dag.py for tasks to queue
[2026-09-03T14:16:14.199+0000] {logging_mixin.py:190} INFO - [2026-09-03T14:16:14.198+0000] {dagbag.py:588} INFO - Filling up the DagBag from /opt/airflow/dags/sales_etl_dag.py
[2026-09-03T14:16:14.224+0000] {processor.py:925} INFO - DAG(s) 'etl_pipeline' retrieved from /opt/airflow/dags/sales_etl_dag.py
[2026-09-03T14:16:14.251+0000] {logging_mixin.py:190} INFO - [2026-09-03T14:16:14.251+0000] {dag.py:3239} INFO - Sync 1 DAGs
[2026-09-03T14:16:14.274+0000] {logging_mixin.py:190} INFO - [2026-09-03T14:16:14.273+0000] {dag.py:4180} INFO - Setting next_dagrun for etl_pipeline to 2026-09-03 02:00:00+00:00, run_after=2026-09-04 02:00:00+00:00
[2026-09-03T14:16:14.298+0000] {processor.py:208} INFO - Processing /opt/airflow/dags/sales_etl_dag.py took 0.114 seconds
[2026-09-03T14:16:44.601+0000] {processor.py:186} INFO - Started process (PID=2759) to work on /opt/airflow/dags/sales_etl_dag.py
[2026-09-03T14:16:44.604+0000] {processor.py:914} INFO - Processing file /opt/airflow/dags/sales_etl_dag.py for tasks to queue
[2026-09-03T14:16:44.609+0000] {logging_mixin.py:190} INFO - [2026-09-03T14:16:44.609+0000] {dagbag.py:588} INFO - Filling up the DagBag from /opt/airflow/dags/sales_etl_dag.py
[2026-09-03T14:16:44.649+0000] {processor.py:925} INFO - DAG(s) 'etl_pipeline' retrieved from /opt/airflow/dags/sales_etl_dag.py
[2026-09-03T14:16:44.691+0000] {logging_mixin.py:190} INFO - [2026-09-03T14:16:44.690+0000] {dag.py:3239} INFO - Sync 1 DAGs
[2026-09-03T14:16:44.728+0000] {logging_mixin.py:190} INFO - [2026-09-03T14:16:44.727+0000] {dag.py:4180} INFO - Setting next_dagrun for etl_pipeline to 2026-09-03 02:00:00+00:00, run_after=2026-09-04 02:00:00+00:00
[2026-09-03T14:16:44.759+0000] {processor.py:208} INFO - Processing /opt/airflow/dags/sales_etl_dag.py took 0.175 seconds
[2026-09-03T14:17:15.027+0000] {processor.py:186} INFO - Started process (PID=2764) to work on /opt/airflow/dags/sales_etl_dag.py
[2026-09-03T14:17:15.030+0000] {processor.py:914} INFO - Processing file /opt/airflow/dags/sales_etl_dag.py for tasks to queue
[2026-09-03T14:17:15.044+0000] {logging_mixin.py:190} INFO - [2026-09-03T14:17:15.042+0000] {dagbag.py:588} INFO - Filling up the DagBag from /opt/airflow/dags/sales_etl_dag.py
[2026-09-03T14:17:15.101+0000] {processor.py:925} INFO - DAG(s) 'etl_pipeline' retrieved from /opt/airflow/dags/sales_etl_dag.py
[2026-09-03T14:17:15.251+0000] {logging_mixin.py:190} INFO - [2026-09-03T14:17:15.250+0000] {dag.py:3239} INFO - Sync 1 DAGs
[2026-09-03T14:17:15.341+0000] {logging_mixin.py:190} INFO - [2026-09-03T14:17:15.341+0000] {dag.py:4180} INFO - Setting next_dagrun for etl_pipeline to 2026-09-03 02:00:00+00:00, run_after=2026-09-04 02:00:00+00:00
[2026-09-03T14:17:15.375+0000] {processor.py:208} INFO - Processing /opt/airflow/dags/sales_etl_dag.py took 0.386 seconds
[2026-09-03T14:17:45.483+0000] {processor.py:186} INFO - Started process (PID=2769) to work on /opt/airflow/dags/sales_etl_dag.py
[2026-09-03T14:17:45.485+0000] {processor.py:914} INFO - Processing file /opt/airflow/dags/sales_etl_dag.py for tasks to queue
[2026-09-03T14:17:45.489+0000] {logging_mixin.py:190} INFO - [2026-09-03T14:17:45.488+0000] {dagbag.py:588} INFO - Filling up the DagBag from /opt/airflow/dags/sales_etl_dag.py
[2026-09-03T14:17:45.522+0000] {processor.py:925} INFO - DAG(s) 'etl_pipeline' retrieved from /opt/airflow/dags/sales_etl_dag.py
[2026-09-03T14:17:45.581+0000] {logging_mixin.py:190} INFO - [2026-09-03T14:17:45.581+0000] {dag.py:3239} INFO - Sync 1 DAGs
[2026-09-03T14:17:45.625+0000] {logging_mixin.py:190} INFO - [2026-09-03T14:17:45.625+0000] {dag.py:4180} INFO - Setting next_dagrun for etl_pipeline to 2026-09-03 02:00:00+00:00, run_after=2026-09-04 02:00:00+00:00
[2026-09-03T14:17:45.651+0000] {processor.py:208} INFO - Processing /opt/airflow/dags/sales_etl_dag.py took 0.176 seconds
[2026-09-03T14:18:15.877+0000] {processor.py:186} INFO - Started process (PID=2774) to work on /opt/airflow/dags/sales_etl_dag.py
[2026-09-03T14:18:15.878+0000] {processor.py:914} INFO - Processing file /opt/airflow/dags/sales_etl_dag.py for tasks to queue
[2026-09-03T14:18:15.881+0000] {logging_mixin.py:190} INFO - [2026-09-03T14:18:15.881+0000] {dagbag.py:588} INFO - Filling up the DagBag from /opt/airflow/dags/sales_etl_dag.py
[2026-09-03T14:18:15.912+0000] {processor.py:925} INFO - DAG(s) 'etl_pipeline' retrieved from /opt/airflow/dags/sales_etl_dag.py
[2026-09-03T14:18:15.956+0000] {logging_mixin.py:190} INFO - [2026-09-03T14:18:15.956+0000] {dag.py:3239} INFO - Sync 1 DAGs
[2026-09-03T14:18:15.983+0000] {logging_mixin.py:190} INFO - [2026-09-03T14:18:15.983+0000] {dag.py:4180} INFO - Setting next_dagrun for etl_pipeline to 2026-09-03 02:00:00+00:00, run_after=2026-09-04 02:00:00+00:00
[2026-09-03T14:18:16.002+0000] {processor.py:208} INFO - Processing /opt/airflow/dags/sales_etl_dag.py took 0.135 seconds
[2026-09-03T14:18:46.359+0000] {processor.py:186} INFO - Started process (PID=2779) to work on /opt/airflow/dags/sales_etl_dag.py
[2026-09-03T14:18:46.361+0000] {processor.py:914} INFO - Processing file /opt/airflow/dags/sales_etl_dag.py for tasks to queue
[2026-09-03T14:18:46.367+0000] {logging_mixin.py:190} INFO - [2026-09-03T14:18:46.366+0000] {dagbag.py:588} INFO - Filling up the DagBag from /opt/airflow/dags/sales_etl_dag.py
[2026-09-03T14:18:46.402+0000] {processor.py:925} INFO - DAG(s) 'etl_pipeline' retrieved from /opt/airflow/dags/sales_etl_dag.py
[2026-09-03T14:18:46.444+0000] {logging_mixin.py:190} INFO - [2026-09-03T14:18:46.444+0000] {dag.py:3239} INFO - Sync 1 DAGs
[2026-09-03T14:18:46.477+0000] {logging_mixin.py:190} INFO - [2026-09-03T14:18:46.476+0000] {dag.py:4180} INFO - Setting next_dagrun for etl_pipeline to 2026-09-03 02:00:00+00:00, run_after=2026-09-04 02:00:00+00:00
[2026-09-03T14:18:46.500+0000] {processor.py:208} INFO - Processing /opt/airflow/dags/sales_etl_dag.py took 0.150 seconds
[2026-09-03T14:19:16.713+0000] {processor.py:186} INFO - Started process (PID=2784) to work on /opt/airflow/dags/sales_etl_dag.py
[2026-09-03T14:19:16.715+0000] {processor.py:914} INFO - Processing file /opt/airflow/dags/sales_etl_dag.py for tasks to queue
[2026-09-03T14:19:16.718+0000] {logging_mixin.py:190} INFO - [2026-09-03T14:19:16.718+0000] {dagbag.py:588} INFO - Filling up the DagBag from /opt/airflow/dags/sales_etl_dag.py
[2026-09-03T14:19:16.743+0000] {processor.py:925} INFO - DAG(s) 'etl_pipeline' retrieved from /opt/airflow/dags/sales_etl_dag.py
[2026-09-03T14:19:16.774+0000] {logging_mixin.py:190} INFO - [2026-09-03T14:19:16.774+0000] {dag.py:3239} INFO - Sync 1 DAGs
[2026-09-03T14:19:16.798+0000] {logging_mixin.py:190} INFO - [2026-09-03T14:19:16.798+0000] {dag.py:4180} INFO - Setting next_dagrun for etl_pipeline to 2026-09-03 02:00:00+00:00, run_after=2026-09-04 02:00:00+00:00
[2026-09-03T14:19:16.820+0000] {processor.py:208} INFO - Processing /opt/airflow/dags/sales_etl_dag.py took 0.114 seconds
[2026-09-03T14:19:47.134+0000] {processor.py:186} INFO - Started process (PID=2789) to work on /opt/airflow/dags/sales_etl_dag.py
[2026-09-03T14:19:47.135+0000] {processor.py:914} INFO - Processing file /opt/airflow/dags/sales_etl_dag.py for tasks to queue
[2026-09-03T14:19:47.141+0000] {logging_mixin.py:190} INFO - [2026-09-03T14:19:47.141+0000] {dagbag.py:588} INFO - Filling up the DagBag from /opt/airflow/dags/sales_etl_dag.py
[2026-09-03T14:19:47.178+0000] {processor.py:925} INFO - DAG(s) 'etl_pipeline' retrieved from /opt/airflow/dags/sales_etl_dag.py
[2026-09-03T14:19:47.217+0000] {logging_mixin.py:190} INFO - [2026-09-03T14:19:47.217+0000] {dag.py:3239} INFO - Sync 1 DAGs
[2026-09-03T14:19:47.248+0000] {logging_mixin.py:190} INFO - [2026-09-03T14:19:47.248+0000] {dag.py:4180} INFO - Setting next_dagrun for etl_pipeline to 2026-09-03 02:00:00+00:00, run_after=2026-09-04 02:00:00+00:00
[2026-09-03T14:19:47.271+0000] {processor.py:208} INFO - Processing /opt/airflow/dags/sales_etl_dag.py took 0.146 seconds
[2026-09-03T14:20:17.477+0000] {processor.py:186} INFO - Started process (PID=2794) to work on /opt/airflow/dags/sales_etl_dag.py
[2026-09-03T14:20:17.479+0000] {processor.py:914} INFO - Processing file /opt/airflow/dags/sales_etl_dag.py for tasks to queue
[2026-09-03T14:20:17.486+0000] {logging_mixin.py:190} INFO - [2026-09-03T14:20:17.485+0000] {dagbag.py:588} INFO - Filling up the DagBag from /opt/airflow/dags/sales_etl_dag.py
[2026-09-03T14:20:17.519+0000] {processor.py:925} INFO - DAG(s) 'etl_pipeline' retrieved from /opt/airflow/dags/sales_etl_dag.py
[2026-09-03T14:20:17.556+0000] {logging_mixin.py:190} INFO - [2026-09-03T14:20:17.556+0000] {dag.py:3239} INFO - Sync 1 DAGs
[2026-09-03T14:20:17.581+0000] {logging_mixin.py:190} INFO - [2026-09-03T14:20:17.581+0000] {dag.py:4180} INFO - Setting next_dagrun for etl_pipeline to 2026-09-03 02:00:00+00:00, run_after=2026-09-04 02:00:00+00:00
[2026-09-03T14:20:17.605+0000] {processor.py:208} INFO - Processing /opt/airflow/dags/sales_etl_dag.py took 0.135 seconds
[2026-09-03T14:20:47.969+0000] {processor.py:186} INFO - Started process (PID=2799) to work on /opt/airflow/dags/sales_etl_dag.py
[2026-09-03T14:20:47.971+0000] {processor.py:914} INFO - Processing file /opt/airflow/dags/sales_etl_dag.py for tasks to queue
[2026-09-03T14:20:47.975+0000] {logging_mixin.py:190} INFO - [2026-09-03T14:20:47.974+0000] {dagbag.py:588} INFO - Filling up the DagBag from /opt/airflow/dags/sales_etl_dag.py
[2026-09-03T14:20:48.003+0000] {processor.py:925} INFO - DAG(s) 'etl_pipeline' retrieved from /opt/airflow/dags/sales_etl_dag.py
[2026-09-03T14:20:48.029+0000] {logging_mixin.py:190} INFO - [2026-09-03T14:20:48.029+0000] {dag.py:3239} INFO - Sync 1 DAGs
[2026-09-03T14:20:48.050+0000] {logging_mixin.py:190} INFO - [2026-09-03T14:20:48.049+0000] {dag.py:4180} INFO - Setting next_dagrun for etl_pipeline to 2026-09-03 02:00:00+00:00, run_after=2026-09-04 02:00:00+00:00
[2026-09-03T14:20:48.069+0000] {processor.py:208} INFO - Processing /opt/airflow/dags/sales_etl_dag.py took 0.107 seconds
[2026-09-03T14:21:18.355+0000] {processor.py:186} INFO - Started process (PID=2804) to work on /opt/airflow/dags/sales_etl_dag.py
[2026-09-03T14:21:18.356+0000] {processor.py:914} INFO - Processing file /opt/airflow/dags/sales_etl_dag.py for tasks to queue
[2026-09-03T14:21:18.359+0000] {logging_mixin.py:190} INFO - [2026-09-03T14:21:18.358+0000] {dagbag.py:588} INFO - Filling up the DagBag from /opt/airflow/dags/sales_etl_dag.py
[2026-09-03T14:21:18.388+0000] {processor.py:925} INFO - DAG(s) 'etl_pipeline' retrieved from /opt/airflow/dags/sales_etl_dag.py
[2026-09-03T14:21:18.425+0000] {logging_mixin.py:190} INFO - [2026-09-03T14:21:18.424+0000] {dag.py:3239} INFO - Sync 1 DAGs
[2026-09-03T14:21:18.451+0000] {logging_mixin.py:190} INFO - [2026-09-03T14:21:18.451+0000] {dag.py:4180} INFO - Setting next_dagrun for etl_pipeline to 2026-09-03 02:00:00+00:00, run_after=2026-09-04 02:00:00+00:00
[2026-09-03T14:21:18.470+0000] {processor.py:208} INFO - Processing /opt/airflow/dags/sales_etl_dag.py took 0.121 seconds
[2026-09-03T14:21:48.821+0000] {processor.py:186} INFO - Started process (PID=2809) to work on /opt/airflow/dags/sales_etl_dag.py
[2026-09-03T14:21:48.823+0000] {processor.py:914} INFO - Processing file /opt/airflow/dags/sales_etl_dag.py for tasks to queue
[2026-09-03T14:21:48.827+0000] {logging_mixin.py:190} INFO - [2026-09-03T14:21:48.826+0000] {dagbag.py:588} INFO - Filling up the DagBag from /opt/airflow/dags/sales_etl_dag.py
[2026-09-03T14:21:48.849+0000] {processor.py:925} INFO - DAG(s) 'etl_pipeline' retrieved from /opt/airflow/dags/sales_etl_dag.py
[2026-09-03T14:21:48.878+0000] {logging_mixin.py:190} INFO - [2026-09-03T14:21:48.878+0000] {dag.py:3239} INFO - Sync 1 DAGs
[2026-09-03T14:21:48.899+0000] {logging_mixin.py:190} INFO - [2026-09-03T14:21:48.899+0000] {dag.py:4180} INFO - Setting next_dagrun for etl_pipeline to 2026-09-03 02:00:00+00:00, run_after=2026-09-04 02:00:00+00:00
[2026-09-03T14:21:48.921+0000] {processor.py:208} INFO - Processing /opt/airflow/dags/sales_etl_dag.py took 0.107 seconds
[2026-09-03T14:22:19.216+0000] {processor.py:186} INFO - Started process (PID=2814) to work on /opt/airflow/dags/sales_etl_dag.py
[2026-09-03T14:22:19.218+0000] {processor.py:914} INFO - Processing file /opt/airflow/dags/sales_etl_dag.py for tasks to queue
[2026-09-03T14:22:19.221+0000] {logging_mixin.py:190} INFO - [2026-09-03T14:22:19.220+0000] {dagbag.py:588} INFO - Filling up the DagBag from /opt/airflow/dags/sales_etl_dag.py
[2026-09-03T14:22:19.249+0000] {processor.py:925} INFO - DAG(s) 'etl_pipeline' retrieved from /opt/airflow/dags/sales_etl_dag.py
[2026-09-03T14:22:19.286+0000] {logging_mixin.py:190} INFO - [2026-09-03T14:22:19.286+0000] {dag.py:3239} INFO - Sync 1 DAGs
[2026-09-03T14:22:19.313+0000] {logging_mixin.py:190} INFO - [2026-09-03T14:22:19.313+0000] {dag.py:4180} INFO - Setting next_dagrun for etl_pipeline to 2026-09-03 02:00:00+00:00, run_after=2026-09-04 02:00:00+00:00
[2026-09-03T14:22:19.339+0000] {processor.py:208} INFO - Processing /opt/airflow/dags/sales_etl_dag.py took 0.132 seconds
[2026-09-03T14:22:49.650+0000] {processor.py:186} INFO - Started process (PID=2819) to work on /opt/airflow/dags/sales_etl_dag.py
[2026-09-03T14:22:49.652+0000] {processor.py:914} INFO - Processing file /opt/airflow/dags/sales_etl_dag.py for tasks to queue
[2026-09-03T14:22:49.661+0000] {logging_mixin.py:190} INFO - [2026-09-03T14:22:49.660+0000] {dagbag.py:588} INFO - Filling up the DagBag from /opt/airflow/dags/sales_etl_dag.py
[2026-09-03T14:22:49.696+0000] {processor.py:925} INFO - DAG(s) 'etl_pipeline' retrieved from /opt/airflow/dags/sales_etl_dag.py
[2026-09-03T14:22:49.735+0000] {logging_mixin.py:190} INFO - [2026-09-03T14:22:49.735+0000] {dag.py:3239} INFO - Sync 1 DAGs
[2026-09-03T14:22:49.765+0000] {logging_mixin.py:190} INFO - [2026-09-03T14:22:49.765+0000] {dag.py:4180} INFO - Setting next_dagrun for etl_pipeline to 2026-09-03 02:00:00+00:00, run_after=2026-09-04 02:00:00+00:00
[2026-09-03T14:22:49.796+0000] {processor.py:208} INFO - Processing /opt/airflow/dags/sales_etl_dag.py took 0.154 seconds
[2026-09-03T14:23:20.144+0000] {processor.py:186} INFO - Started process (PID=2824) to work on /opt/airflow/dags/sales_etl_dag.py
[2026-09-03T14:23:20.146+0000] {processor.py:914} INFO - Processing file /opt/airflow/dags/sales_etl_dag.py for tasks to queue
[2026-09-03T14:23:20.151+0000] {logging_mixin.py:190} INFO - [2026-09-03T14:23:20.151+0000] {dagbag.py:588} INFO - Filling up the DagBag from /opt/airflow/dags/sales_etl_dag.py
[2026-09-03T14:23:20.193+0000] {processor.py:925} INFO - DAG(s) 'etl_pipeline' retrieved from /opt/airflow/dags/sales_etl_dag.py
[2026-09-03T14:23:20.235+0000] {logging_mixin.py:190} INFO - [2026-09-03T14:23:20.235+0000] {dag.py:3239} INFO - Sync 1 DAGs
[2026-09-03T14:23:20.267+0000] {logging_mixin.py:190} INFO - [2026-09-03T14:23:20.266+0000] {dag.py:4180} INFO - Setting next_dagrun for etl_pipeline to 2026-09-03 02:00:00+00:00, run_after=2026-09-04 02:00:00+00:00
[2026-09-03T14:23:20.290+0000] {processor.py:208} INFO - Processing /opt/airflow/dags/sales_etl_dag.py took 0.158 seconds
[2026-09-03T14:23:50.476+0000] {processor.py:186} INFO - Started process (PID=2829) to work on /opt/airflow/dags/sales_etl_dag.py
[2026-09-03T14:23:50.478+0000] {processor.py:914} INFO - Processing file /opt/airflow/dags/sales_etl_dag.py for tasks to queue
[2026-09-03T14:23:50.482+0000] {logging_mixin.py:190} INFO - [2026-09-03T14:23:50.482+0000] {dagbag.py:588} INFO - Filling up the DagBag from /opt/airflow/dags/sales_etl_dag.py
[2026-09-03T14:23:50.517+0000] {processor.py:925} INFO - DAG(s) 'etl_pipeline' retrieved from /opt/airflow/dags/sales_etl_dag.py
[2026-09-03T14:23:50.566+0000] {logging_mixin.py:190} INFO - [2026-09-03T14:23:50.565+0000] {dag.py:3239} INFO - Sync 1 DAGs
[2026-09-03T14:23:50.607+0000] {logging_mixin.py:190} INFO - [2026-09-03T14:23:50.606+0000] {dag.py:4180} INFO - Setting next_dagrun for etl_pipeline to 2026-09-03 02:00:00+00:00, run_after=2026-09-04 02:00:00+00:00
[2026-09-03T14:23:50.641+0000] {processor.py:208} INFO - Processing /opt/airflow/dags/sales_etl_dag.py took 0.174 seconds
[2026-09-03T14:24:20.935+0000] {processor.py:186} INFO - Started process (PID=2834) to work on /opt/airflow/dags/sales_etl_dag.py
[2026-09-03T14:24:20.937+0000] {processor.py:914} INFO - Processing file /opt/airflow/dags/sales_etl_dag.py for tasks to queue
[2026-09-03T14:24:20.940+0000] {logging_mixin.py:190} INFO - [2026-09-03T14:24:20.940+0000] {dagbag.py:588} INFO - Filling up the DagBag from /opt/airflow/dags/sales_etl_dag.py
[2026-09-03T14:24:20.973+0000] {processor.py:925} INFO - DAG(s) 'etl_pipeline' retrieved from /opt/airflow/dags/sales_etl_dag.py
[2026-09-03T14:24:21.026+0000] {logging_mixin.py:190} INFO - [2026-09-03T14:24:21.025+0000] {dag.py:3239} INFO - Sync 1 DAGs
[2026-09-03T14:24:21.064+0000] {logging_mixin.py:190} INFO - [2026-09-03T14:24:21.064+0000] {dag.py:4180} INFO - Setting next_dagrun for etl_pipeline to 2026-09-03 02:00:00+00:00, run_after=2026-09-04 02:00:00+00:00
[2026-09-03T14:24:21.086+0000] {processor.py:208} INFO - Processing /opt/airflow/dags/sales_etl_dag.py took 0.159 seconds
[2026-09-03T14:24:51.379+0000] {processor.py:186} INFO - Started process (PID=2839) to work on /opt/airflow/dags/sales_etl_dag.py
[2026-09-03T14:24:51.381+0000] {processor.py:914} INFO - Processing file /opt/airflow/dags/sales_etl_dag.py for tasks to queue
[2026-09-03T14:24:51.388+0000] {logging_mixin.py:190} INFO - [2026-09-03T14:24:51.387+0000] {dagbag.py:588} INFO - Filling up the DagBag from /opt/airflow/dags/sales_etl_dag.py
[2026-09-03T14:24:51.418+0000] {processor.py:925} INFO - DAG(s) 'etl_pipeline' retrieved from /opt/airflow/dags/sales_etl_dag.py
[2026-09-03T14:24:51.461+0000] {logging_mixin.py:190} INFO - [2026-09-03T14:24:51.460+0000] {dag.py:3239} INFO - Sync 1 DAGs
[2026-09-03T14:24:51.493+0000] {logging_mixin.py:190} INFO - [2026-09-03T14:24:51.492+0000] {dag.py:4180} INFO - Setting next_dagrun for etl_pipeline to 2026-09-03 02:00:00+00:00, run_after=2026-09-04 02:00:00+00:00
[2026-09-03T14:24:51.520+0000] {processor.py:208} INFO - Processing /opt/airflow/dags/sales_etl_dag.py took 0.149 seconds
[2026-09-03T14:25:21.746+0000] {processor.py:186} INFO - Started process (PID=2844) to work on /opt/airflow/dags/sales_etl_dag.py
[2026-09-03T14:25:21.748+0000] {processor.py:914} INFO - Processing file /opt/airflow/dags/sales_etl_dag.py for tasks to queue
[2026-09-03T14:25:21.752+0000] {logging_mixin.py:190} INFO - [2026-09-03T14:25:21.752+0000] {dagbag.py:588} INFO - Filling up the DagBag from /opt/airflow/dags/sales_etl_dag.py
[2026-09-03T14:25:21.870+0000] {processor.py:925} INFO - DAG(s) 'etl_pipeline' retrieved from /opt/airflow/dags/sales_etl_dag.py
[2026-09-03T14:25:21.909+0000] {logging_mixin.py:190} INFO - [2026-09-03T14:25:21.908+0000] {dag.py:3239} INFO - Sync 1 DAGs
[2026-09-03T14:25:21.940+0000] {logging_mixin.py:190} INFO - [2026-09-03T14:25:21.940+0000] {dag.py:4180} INFO - Setting next_dagrun for etl_pipeline to 2026-09-03 02:00:00+00:00, run_after=2026-09-04 02:00:00+00:00
[2026-09-03T14:25:21.966+0000] {processor.py:208} INFO - Processing /opt/airflow/dags/sales_etl_dag.py took 0.232 seconds
[2026-09-03T14:25:52.247+0000] {processor.py:186} INFO - Started process (PID=2849) to work on /opt/airflow/dags/sales_etl_dag.py
[2026-09-03T14:25:52.249+0000] {processor.py:914} INFO - Processing file /opt/airflow/dags/sales_etl_dag.py for tasks to queue
[2026-09-03T14:25:52.255+0000] {logging_mixin.py:190} INFO - [2026-09-03T14:25:52.255+0000] {dagbag.py:588} INFO - Filling up the DagBag from /opt/airflow/dags/sales_etl_dag.py
[2026-09-03T14:25:52.289+0000] {processor.py:925} INFO - DAG(s) 'etl_pipeline' retrieved from /opt/airflow/dags/sales_etl_dag.py
[2026-09-03T14:25:52.337+0000] {logging_mixin.py:190} INFO - [2026-09-03T14:25:52.337+0000] {dag.py:3239} INFO - Sync 1 DAGs
[2026-09-03T14:25:52.364+0000] {logging_mixin.py:190} INFO - [2026-09-03T14:25:52.364+0000] {dag.py:4180} INFO - Setting next_dagrun for etl_pipeline to 2026-09-03 02:00:00+00:00, run_after=2026-09-04 02:00:00+00:00
[2026-09-03T14:25:52.385+0000] {processor.py:208} INFO - Processing /opt/airflow/dags/sales_etl_dag.py took 0.147 seconds
[2026-09-03T14:26:22.591+0000] {processor.py:186} INFO - Started process (PID=2854) to work on /opt/airflow/dags/sales_etl_dag.py
[2026-09-03T14:26:22.592+0000] {processor.py:914} INFO - Processing file /opt/airflow/dags/sales_etl_dag.py for tasks to queue
[2026-09-03T14:26:22.595+0000] {logging_mixin.py:190} INFO - [2026-09-03T14:26:22.595+0000] {dagbag.py:588} INFO - Filling up the DagBag from /opt/airflow/dags/sales_etl_dag.py
[2026-09-03T14:26:22.619+0000] {processor.py:925} INFO - DAG(s) 'etl_pipeline' retrieved from /opt/airflow/dags/sales_etl_dag.py
[2026-09-03T14:26:22.651+0000] {logging_mixin.py:190} INFO - [2026-09-03T14:26:22.650+0000] {dag.py:3239} INFO - Sync 1 DAGs
[2026-09-03T14:26:22.674+0000] {logging_mixin.py:190} INFO - [2026-09-03T14:26:22.674+0000] {dag.py:4180} INFO - Setting next_dagrun for etl_pipeline to 2026-09-03 02:00:00+00:00, run_after=2026-09-04 02:00:00+00:00
[2026-09-03T14:26:22.691+0000] {processor.py:208} INFO - Processing /opt/airflow/dags/sales_etl_dag.py took 0.108 seconds
[2026-09-03T14:26:52.955+0000] {processor.py:186} INFO - Started process (PID=2859) to work on /opt/airflow/dags/sales_etl_dag.py
[2026-09-03T14:26:52.956+0000] {processor.py:914} INFO - Processing file /opt/airflow/dags/sales_etl_dag.py for tasks to queue
[2026-09-03T14:26:52.960+0000] {logging_mixin.py:190} INFO - [2026-09-03T14:26:52.960+0000] {dagbag.py:588} INFO - Filling up the DagBag from /opt/airflow/dags/sales_etl_dag.py
[2026-09-03T14:26:52.991+0000] {processor.py:925} INFO - DAG(s) 'etl_pipeline' retrieved from /opt/airflow/dags/sales_etl_dag.py
[2026-09-03T14:26:53.033+0000] {logging_mixin.py:190} INFO - [2026-09-03T14:26:53.033+0000] {dag.py:3239} INFO - Sync 1 DAGs
[2026-09-03T14:26:53.061+0000] {logging_mixin.py:190} INFO - [2026-09-03T14:26:53.061+0000] {dag.py:4180} INFO - Setting next_dagrun for etl_pipeline to 2026-09-03 02:00:00+00:00, run_after=2026-09-04 02:00:00+00:00
[2026-09-03T14:26:53.082+0000] {processor.py:208} INFO - Processing /opt/airflow/dags/sales_etl_dag.py took 0.137 seconds
[2026-09-03T14:27:23.372+0000] {processor.py:186} INFO - Started process (PID=2864) to work on /opt/airflow/dags/sales_etl_dag.py
[2026-09-03T14:27:23.374+0000] {processor.py:914} INFO - Processing file /opt/airflow/dags/sales_etl_dag.py for tasks to queue
[2026-09-03T14:27:23.379+0000] {logging_mixin.py:190} INFO - [2026-09-03T14:27:23.378+0000] {dagbag.py:588} INFO - Filling up the DagBag from /opt/airflow/dags/sales_etl_dag.py
[2026-09-03T14:27:23.418+0000] {processor.py:925} INFO - DAG(s) 'etl_pipeline' retrieved from /opt/airflow/dags/sales_etl_dag.py
[2026-09-03T14:27:23.462+0000] {logging_mixin.py:190} INFO - [2026-09-03T14:27:23.461+0000] {dag.py:3239} INFO - Sync 1 DAGs
[2026-09-03T14:27:23.495+0000] {logging_mixin.py:190} INFO - [2026-09-03T14:27:23.495+0000] {dag.py:4180} INFO - Setting next_dagrun for etl_pipeline to 2026-09-03 02:00:00+00:00, run_after=2026-09-04 02:00:00+00:00
[2026-09-03T14:27:23.516+0000] {processor.py:208} INFO - Processing /opt/airflow/dags/sales_etl_dag.py took 0.152 seconds
[2026-09-03T14:27:53.731+0000] {processor.py:186} INFO - Started process (PID=2869) to work on /opt/airflow/dags/sales_etl_dag.py
[2026-09-03T14:27:53.733+0000] {processor.py:914} INFO - Processing file /opt/airflow/dags/sales_etl_dag.py for tasks to queue
[2026-09-03T14:27:53.741+0000] {logging_mixin.py:190} INFO - [2026-09-03T14:27:53.740+0000] {dagbag.py:588} INFO - Filling up the DagBag from /opt/airflow/dags/sales_etl_dag.py
[2026-09-03T14:27:53.772+0000] {processor.py:925} INFO - DAG(s) 'etl_pipeline' retrieved from /opt/airflow/dags/sales_etl_dag.py
[2026-09-03T14:27:53.819+0000] {logging_mixin.py:190} INFO - [2026-09-03T14:27:53.819+0000] {dag.py:3239} INFO - Sync 1 DAGs
[2026-09-03T14:27:53.854+0000] {logging_mixin.py:190} INFO - [2026-09-03T14:27:53.854+0000] {dag.py:4180} INFO - Setting next_dagrun for etl_pipeline to 2026-09-03 02:00:00+00:00, run_after=2026-09-04 02:00:00+00:00
[2026-09-03T14:27:53.879+0000] {processor.py:208} INFO - Processing /opt/airflow/dags/sales_etl_dag.py took 0.157 seconds
[2026-09-03T14:28:24.213+0000] {processor.py:186} INFO - Started process (PID=2874) to work on /opt/airflow/dags/sales_etl_dag.py
[2026-09-03T14:28:24.214+0000] {processor.py:914} INFO - Processing file /opt/airflow/dags/sales_etl_dag.py for tasks to queue
[2026-09-03T14:28:24.218+0000] {logging_mixin.py:190} INFO - [2026-09-03T14:28:24.218+0000] {dagbag.py:588} INFO - Filling up the DagBag from /opt/airflow/dags/sales_etl_dag.py
[2026-09-03T14:28:24.246+0000] {processor.py:925} INFO - DAG(s) 'etl_pipeline' retrieved from /opt/airflow/dags/sales_etl_dag.py
[2026-09-03T14:28:24.274+0000] {logging_mixin.py:190} INFO - [2026-09-03T14:28:24.274+0000] {dag.py:3239} INFO - Sync 1 DAGs
[2026-09-03T14:28:24.299+0000] {logging_mixin.py:190} INFO - [2026-09-03T14:28:24.299+0000] {dag.py:4180} INFO - Setting next_dagrun for etl_pipeline to 2026-09-03 02:00:00+00:00, run_after=2026-09-04 02:00:00+00:00
[2026-09-03T14:28:24.325+0000] {processor.py:208} INFO - Processing /opt/airflow/dags/sales_etl_dag.py took 0.118 seconds
[2026-09-03T14:28:54.538+0000] {processor.py:186} INFO - Started process (PID=2879) to work on /opt/airflow/dags/sales_etl_dag.py
[2026-09-03T14:28:54.539+0000] {processor.py:914} INFO - Processing file /opt/airflow/dags/sales_etl_dag.py for tasks to queue
[2026-09-03T14:28:54.542+0000] {logging_mixin.py:190} INFO - [2026-09-03T14:28:54.542+0000] {dagbag.py:588} INFO - Filling up the DagBag from /opt/airflow/dags/sales_etl_dag.py
[2026-09-03T14:28:54.568+0000] {processor.py:925} INFO - DAG(s) 'etl_pipeline' retrieved from /opt/airflow/dags/sales_etl_dag.py
[2026-09-03T14:28:54.613+0000] {logging_mixin.py:190} INFO - [2026-09-03T14:28:54.612+0000] {dag.py:3239} INFO - Sync 1 DAGs
[2026-09-03T14:28:54.656+0000] {logging_mixin.py:190} INFO - [2026-09-03T14:28:54.655+0000] {dag.py:4180} INFO - Setting next_dagrun for etl_pipeline to 2026-09-03 02:00:00+00:00, run_after=2026-09-04 02:00:00+00:00
[2026-09-03T14:28:54.679+0000] {processor.py:208} INFO - Processing /opt/airflow/dags/sales_etl_dag.py took 0.148 seconds
