[2026-08-31T14:16:00.940+0000] {processor.py:186} INFO - Started process (PID=28) to work on /opt/airflow/dags/sales_etl_dag.py
[2026-08-31T14:16:00.942+0000] {processor.py:914} INFO - Processing file /opt/airflow/dags/sales_etl_dag.py for tasks to queue
[2026-08-31T14:16:00.945+0000] {logging_mixin.py:190} INFO - [2026-08-31T14:16:00.945+0000] {dagbag.py:588} INFO - Filling up the DagBag from /opt/airflow/dags/sales_etl_dag.py
[2026-08-31T14:16:01.002+0000] {processor.py:925} INFO - DAG(s) 'etl_pipeline' retrieved from /opt/airflow/dags/sales_etl_dag.py
[2026-08-31T14:16:01.270+0000] {logging_mixin.py:190} INFO - [2026-08-31T14:16:01.269+0000] {override.py:1911} INFO - Created Permission View: can edit on DAG:etl_pipeline
[2026-08-31T14:16:01.280+0000] {logging_mixin.py:190} INFO - [2026-08-31T14:16:01.280+0000] {override.py:1911} INFO - Created Permission View: can delete on DAG:etl_pipeline
[2026-08-31T14:16:01.287+0000] {logging_mixin.py:190} INFO - [2026-08-31T14:16:01.287+0000] {override.py:1911} INFO - Created Permission View: can read on DAG:etl_pipeline
[2026-08-31T14:16:01.297+0000] {logging_mixin.py:190} INFO - [2026-08-31T14:16:01.296+0000] {override.py:1911} INFO - Created Permission View: menu access on DAG Run:etl_pipeline
[2026-08-31T14:16:01.304+0000] {logging_mixin.py:190} INFO - [2026-08-31T14:16:01.304+0000] {override.py:1911} INFO - Created Permission View: can create on DAG Run:etl_pipeline
[2026-08-31T14:16:01.312+0000] {logging_mixin.py:190} INFO - [2026-08-31T14:16:01.312+0000] {override.py:1911} INFO - Created Permission View: can delete on DAG Run:etl_pipeline
[2026-08-31T14:16:01.320+0000] {logging_mixin.py:190} INFO - [2026-08-31T14:16:01.319+0000] {override.py:1911} INFO - Created Permission View: can read on DAG Run:etl_pipeline
[2026-08-31T14:16:01.320+0000] {logging_mixin.py:190} INFO - [2026-08-31T14:16:01.320+0000] {dag.py:3239} INFO - Sync 1 DAGs
[2026-08-31T14:16:01.333+0000] {logging_mixin.py:190} INFO - [2026-08-31T14:16:01.333+0000] {dag.py:3262} INFO - Creating ORM DAG for etl_pipeline
[2026-08-31T14:16:01.346+0000] {logging_mixin.py:190} INFO - [2026-08-31T14:16:01.346+0000] {dag.py:4180} INFO - Setting next_dagrun for etl_pipeline to 2026-08-31 00:00:00+00:00, run_after=2026-09-01 00:00:00+00:00
[2026-08-31T14:16:01.367+0000] {processor.py:208} INFO - Processing /opt/airflow/dags/sales_etl_dag.py took 0.434 seconds
[2026-08-31T14:16:31.637+0000] {processor.py:186} INFO - Started process (PID=35) to work on /opt/airflow/dags/sales_etl_dag.py
[2026-08-31T14:16:31.639+0000] {processor.py:914} INFO - Processing file /opt/airflow/dags/sales_etl_dag.py for tasks to queue
[2026-08-31T14:16:31.642+0000] {logging_mixin.py:190} INFO - [2026-08-31T14:16:31.642+0000] {dagbag.py:588} INFO - Filling up the DagBag from /opt/airflow/dags/sales_etl_dag.py
[2026-08-31T14:16:31.665+0000] {processor.py:925} INFO - DAG(s) 'etl_pipeline' retrieved from /opt/airflow/dags/sales_etl_dag.py
[2026-08-31T14:16:31.703+0000] {logging_mixin.py:190} INFO - [2026-08-31T14:16:31.703+0000] {dag.py:3239} INFO - Sync 1 DAGs
[2026-08-31T14:16:31.736+0000] {logging_mixin.py:190} INFO - [2026-08-31T14:16:31.736+0000] {dag.py:4180} INFO - Setting next_dagrun for etl_pipeline to 2026-08-31 00:00:00+00:00, run_after=2026-09-01 00:00:00+00:00
[2026-08-31T14:16:31.766+0000] {processor.py:208} INFO - Processing /opt/airflow/dags/sales_etl_dag.py took 0.136 seconds
[2026-08-31T14:17:01.907+0000] {processor.py:186} INFO - Started process (PID=50) to work on /opt/airflow/dags/sales_etl_dag.py
[2026-08-31T14:17:01.908+0000] {processor.py:914} INFO - Processing file /opt/airflow/dags/sales_etl_dag.py for tasks to queue
[2026-08-31T14:17:01.911+0000] {logging_mixin.py:190} INFO - [2026-08-31T14:17:01.910+0000] {dagbag.py:588} INFO - Filling up the DagBag from /opt/airflow/dags/sales_etl_dag.py
[2026-08-31T14:17:01.930+0000] {processor.py:925} INFO - DAG(s) 'etl_pipeline' retrieved from /opt/airflow/dags/sales_etl_dag.py
[2026-08-31T14:17:01.962+0000] {logging_mixin.py:190} INFO - [2026-08-31T14:17:01.962+0000] {dag.py:3239} INFO - Sync 1 DAGs
[2026-08-31T14:17:01.987+0000] {logging_mixin.py:190} INFO - [2026-08-31T14:17:01.987+0000] {dag.py:4180} INFO - Setting next_dagrun for etl_pipeline to 2026-08-31 00:00:00+00:00, run_after=2026-09-01 00:00:00+00:00
[2026-08-31T14:17:02.009+0000] {processor.py:208} INFO - Processing /opt/airflow/dags/sales_etl_dag.py took 0.108 seconds
[2026-08-31T14:17:32.310+0000] {processor.py:186} INFO - Started process (PID=51) to work on /opt/airflow/dags/sales_etl_dag.py
[2026-08-31T14:17:32.311+0000] {processor.py:914} INFO - Processing file /opt/airflow/dags/sales_etl_dag.py for tasks to queue
[2026-08-31T14:17:32.314+0000] {logging_mixin.py:190} INFO - [2026-08-31T14:17:32.314+0000] {dagbag.py:588} INFO - Filling up the DagBag from /opt/airflow/dags/sales_etl_dag.py
[2026-08-31T14:17:32.336+0000] {processor.py:925} INFO - DAG(s) 'etl_pipeline' retrieved from /opt/airflow/dags/sales_etl_dag.py
[2026-08-31T14:17:32.364+0000] {logging_mixin.py:190} INFO - [2026-08-31T14:17:32.364+0000] {dag.py:3239} INFO - Sync 1 DAGs
[2026-08-31T14:17:32.388+0000] {logging_mixin.py:190} INFO - [2026-08-31T14:17:32.388+0000] {dag.py:4180} INFO - Setting next_dagrun for etl_pipeline to 2026-08-31 00:00:00+00:00, run_after=2026-09-01 00:00:00+00:00
[2026-08-31T14:17:32.408+0000] {processor.py:208} INFO - Processing /opt/airflow/dags/sales_etl_dag.py took 0.104 seconds
[2026-08-31T14:18:02.584+0000] {processor.py:186} INFO - Started process (PID=52) to work on /opt/airflow/dags/sales_etl_dag.py
[2026-08-31T14:18:02.585+0000] {processor.py:914} INFO - Processing file /opt/airflow/dags/sales_etl_dag.py for tasks to queue
[2026-08-31T14:18:02.588+0000] {logging_mixin.py:190} INFO - [2026-08-31T14:18:02.588+0000] {dagbag.py:588} INFO - Filling up the DagBag from /opt/airflow/dags/sales_etl_dag.py
[2026-08-31T14:18:02.614+0000] {processor.py:925} INFO - DAG(s) 'etl_pipeline' retrieved from /opt/airflow/dags/sales_etl_dag.py
[2026-08-31T14:18:02.650+0000] {logging_mixin.py:190} INFO - [2026-08-31T14:18:02.649+0000] {dag.py:3239} INFO - Sync 1 DAGs
[2026-08-31T14:18:02.682+0000] {logging_mixin.py:190} INFO - [2026-08-31T14:18:02.682+0000] {dag.py:4180} INFO - Setting next_dagrun for etl_pipeline to 2026-08-31 00:00:00+00:00, run_after=2026-09-01 00:00:00+00:00
[2026-08-31T14:18:02.701+0000] {processor.py:208} INFO - Processing /opt/airflow/dags/sales_etl_dag.py took 0.123 seconds
[2026-08-31T14:18:33.037+0000] {processor.py:186} INFO - Started process (PID=53) to work on /opt/airflow/dags/sales_etl_dag.py
[2026-08-31T14:18:33.038+0000] {processor.py:914} INFO - Processing file /opt/airflow/dags/sales_etl_dag.py for tasks to queue
[2026-08-31T14:18:33.043+0000] {logging_mixin.py:190} INFO - [2026-08-31T14:18:33.043+0000] {dagbag.py:588} INFO - Filling up the DagBag from /opt/airflow/dags/sales_etl_dag.py
[2026-08-31T14:18:33.067+0000] {processor.py:925} INFO - DAG(s) 'etl_pipeline' retrieved from /opt/airflow/dags/sales_etl_dag.py
[2026-08-31T14:18:33.098+0000] {logging_mixin.py:190} INFO - [2026-08-31T14:18:33.097+0000] {dag.py:3239} INFO - Sync 1 DAGs
[2026-08-31T14:18:33.127+0000] {logging_mixin.py:190} INFO - [2026-08-31T14:18:33.126+0000] {dag.py:4180} INFO - Setting next_dagrun for etl_pipeline to 2026-08-31 00:00:00+00:00, run_after=2026-09-01 00:00:00+00:00
[2026-08-31T14:18:33.151+0000] {processor.py:208} INFO - Processing /opt/airflow/dags/sales_etl_dag.py took 0.121 seconds
[2026-08-31T14:19:03.355+0000] {processor.py:186} INFO - Started process (PID=54) to work on /opt/airflow/dags/sales_etl_dag.py
[2026-08-31T14:19:03.356+0000] {processor.py:914} INFO - Processing file /opt/airflow/dags/sales_etl_dag.py for tasks to queue
[2026-08-31T14:19:03.358+0000] {logging_mixin.py:190} INFO - [2026-08-31T14:19:03.358+0000] {dagbag.py:588} INFO - Filling up the DagBag from /opt/airflow/dags/sales_etl_dag.py
[2026-08-31T14:19:03.382+0000] {processor.py:925} INFO - DAG(s) 'etl_pipeline' retrieved from /opt/airflow/dags/sales_etl_dag.py
[2026-08-31T14:19:03.410+0000] {logging_mixin.py:190} INFO - [2026-08-31T14:19:03.410+0000] {dag.py:3239} INFO - Sync 1 DAGs
[2026-08-31T14:19:03.432+0000] {logging_mixin.py:190} INFO - [2026-08-31T14:19:03.432+0000] {dag.py:4180} INFO - Setting next_dagrun for etl_pipeline to 2026-08-31 00:00:00+00:00, run_after=2026-09-01 00:00:00+00:00
[2026-08-31T14:19:03.452+0000] {processor.py:208} INFO - Processing /opt/airflow/dags/sales_etl_dag.py took 0.102 seconds
[2026-08-31T14:19:33.803+0000] {processor.py:186} INFO - Started process (PID=55) to work on /opt/airflow/dags/sales_etl_dag.py
[2026-08-31T14:19:33.805+0000] {processor.py:914} INFO - Processing file /opt/airflow/dags/sales_etl_dag.py for tasks to queue
[2026-08-31T14:19:33.807+0000] {logging_mixin.py:190} INFO - [2026-08-31T14:19:33.807+0000] {dagbag.py:588} INFO - Filling up the DagBag from /opt/airflow/dags/sales_etl_dag.py
[2026-08-31T14:19:33.828+0000] {processor.py:925} INFO - DAG(s) 'etl_pipeline' retrieved from /opt/airflow/dags/sales_etl_dag.py
[2026-08-31T14:19:33.855+0000] {logging_mixin.py:190} INFO - [2026-08-31T14:19:33.855+0000] {dag.py:3239} INFO - Sync 1 DAGs
[2026-08-31T14:19:33.878+0000] {logging_mixin.py:190} INFO - [2026-08-31T14:19:33.878+0000] {dag.py:4180} INFO - Setting next_dagrun for etl_pipeline to 2026-08-31 00:00:00+00:00, run_after=2026-09-01 00:00:00+00:00
[2026-08-31T14:19:33.897+0000] {processor.py:208} INFO - Processing /opt/airflow/dags/sales_etl_dag.py took 0.099 seconds
[2026-08-31T14:20:04.062+0000] {processor.py:186} INFO - Started process (PID=56) to work on /opt/airflow/dags/sales_etl_dag.py
[2026-08-31T14:20:04.063+0000] {processor.py:914} INFO - Processing file /opt/airflow/dags/sales_etl_dag.py for tasks to queue
[2026-08-31T14:20:04.065+0000] {logging_mixin.py:190} INFO - [2026-08-31T14:20:04.065+0000] {dagbag.py:588} INFO - Filling up the DagBag from /opt/airflow/dags/sales_etl_dag.py
[2026-08-31T14:20:04.086+0000] {processor.py:925} INFO - DAG(s) 'etl_pipeline' retrieved from /opt/airflow/dags/sales_etl_dag.py
[2026-08-31T14:20:04.120+0000] {logging_mixin.py:190} INFO - [2026-08-31T14:20:04.119+0000] {dag.py:3239} INFO - Sync 1 DAGs
[2026-08-31T14:20:04.141+0000] {logging_mixin.py:190} INFO - [2026-08-31T14:20:04.141+0000] {dag.py:4180} INFO - Setting next_dagrun for etl_pipeline to 2026-08-31 00:00:00+00:00, run_after=2026-09-01 00:00:00+00:00
[2026-08-31T14:20:04.159+0000] {processor.py:208} INFO - Processing /opt/airflow/dags/sales_etl_dag.py took 0.102 seconds
[2026-08-31T14:20:34.402+0000] {processor.py:186} INFO - Started process (PID=57) to work on /opt/airflow/dags/sales_etl_dag.py
[2026-08-31T14:20:34.403+0000] {processor.py:914} INFO - Processing file /opt/airflow/dags/sales_etl_dag.py for tasks to queue
[2026-08-31T14:20:34.406+0000] {logging_mixin.py:190} INFO - [2026-08-31T14:20:34.405+0000] {dagbag.py:588} INFO - Filling up the DagBag from /opt/airflow/dags/sales_etl_dag.py
[2026-08-31T14:20:34.426+0000] {processor.py:925} INFO - DAG(s) 'etl_pipeline' retrieved from /opt/airflow/dags/sales_etl_dag.py
[2026-08-31T14:20:34.454+0000] {logging_mixin.py:190} INFO - [2026-08-31T14:20:34.453+0000] {dag.py:3239} INFO - Sync 1 DAGs
[2026-08-31T14:20:34.475+0000] {logging_mixin.py:190} INFO - [2026-08-31T14:20:34.475+0000] {dag.py:4180} INFO - Setting next_dagrun for etl_pipeline to 2026-08-31 00:00:00+00:00, run_after=2026-09-01 00:00:00+00:00
[2026-08-31T14:20:34.494+0000] {processor.py:208} INFO - Processing /opt/airflow/dags/sales_etl_dag.py took 0.098 seconds
[2026-08-31T14:21:21.363+0000] {processor.py:186} INFO - Started process (PID=167) to work on /opt/airflow/dags/sales_etl_dag.py
[2026-08-31T14:21:21.366+0000] {processor.py:914} INFO - Processing file /opt/airflow/dags/sales_etl_dag.py for tasks to queue
[2026-08-31T14:21:21.370+0000] {logging_mixin.py:190} INFO - [2026-08-31T14:21:21.369+0000] {dagbag.py:588} INFO - Filling up the DagBag from /opt/airflow/dags/sales_etl_dag.py
[2026-08-31T14:21:21.445+0000] {processor.py:925} INFO - DAG(s) 'etl_pipeline' retrieved from /opt/airflow/dags/sales_etl_dag.py
[2026-08-31T14:21:21.543+0000] {logging_mixin.py:190} INFO - [2026-08-31T14:21:21.543+0000] {dag.py:3239} INFO - Sync 1 DAGs
[2026-08-31T14:21:21.586+0000] {logging_mixin.py:190} INFO - [2026-08-31T14:21:21.585+0000] {dag.py:4180} INFO - Setting next_dagrun for etl_pipeline to 2026-08-31 00:00:00+00:00, run_after=2026-09-01 00:00:00+00:00
[2026-08-31T14:21:21.633+0000] {processor.py:208} INFO - Processing /opt/airflow/dags/sales_etl_dag.py took 0.280 seconds
[2026-08-31T14:21:51.962+0000] {processor.py:186} INFO - Started process (PID=172) to work on /opt/airflow/dags/sales_etl_dag.py
[2026-08-31T14:21:51.964+0000] {processor.py:914} INFO - Processing file /opt/airflow/dags/sales_etl_dag.py for tasks to queue
[2026-08-31T14:21:51.968+0000] {logging_mixin.py:190} INFO - [2026-08-31T14:21:51.967+0000] {dagbag.py:588} INFO - Filling up the DagBag from /opt/airflow/dags/sales_etl_dag.py
[2026-08-31T14:21:52.006+0000] {processor.py:925} INFO - DAG(s) 'etl_pipeline' retrieved from /opt/airflow/dags/sales_etl_dag.py
[2026-08-31T14:21:52.055+0000] {logging_mixin.py:190} INFO - [2026-08-31T14:21:52.055+0000] {dag.py:3239} INFO - Sync 1 DAGs
[2026-08-31T14:21:52.122+0000] {logging_mixin.py:190} INFO - [2026-08-31T14:21:52.122+0000] {dag.py:4180} INFO - Setting next_dagrun for etl_pipeline to 2026-08-31 00:00:00+00:00, run_after=2026-09-01 00:00:00+00:00
[2026-08-31T14:21:52.197+0000] {processor.py:208} INFO - Processing /opt/airflow/dags/sales_etl_dag.py took 0.244 seconds
[2026-08-31T14:22:22.545+0000] {processor.py:186} INFO - Started process (PID=177) to work on /opt/airflow/dags/sales_etl_dag.py
[2026-08-31T14:22:22.547+0000] {processor.py:914} INFO - Processing file /opt/airflow/dags/sales_etl_dag.py for tasks to queue
[2026-08-31T14:22:22.551+0000] {logging_mixin.py:190} INFO - [2026-08-31T14:22:22.550+0000] {dagbag.py:588} INFO - Filling up the DagBag from /opt/airflow/dags/sales_etl_dag.py
[2026-08-31T14:22:22.573+0000] {processor.py:925} INFO - DAG(s) 'etl_pipeline' retrieved from /opt/airflow/dags/sales_etl_dag.py
[2026-08-31T14:22:22.609+0000] {logging_mixin.py:190} INFO - [2026-08-31T14:22:22.609+0000] {dag.py:3239} INFO - Sync 1 DAGs
[2026-08-31T14:22:22.638+0000] {logging_mixin.py:190} INFO - [2026-08-31T14:22:22.638+0000] {dag.py:4180} INFO - Setting next_dagrun for etl_pipeline to 2026-08-31 00:00:00+00:00, run_after=2026-09-01 00:00:00+00:00
[2026-08-31T14:22:22.660+0000] {processor.py:208} INFO - Processing /opt/airflow/dags/sales_etl_dag.py took 0.122 seconds
[2026-08-31T14:22:52.788+0000] {processor.py:186} INFO - Started process (PID=182) to work on /opt/airflow/dags/sales_etl_dag.py
[2026-08-31T14:22:52.788+0000] {processor.py:914} INFO - Processing file /opt/airflow/dags/sales_etl_dag.py for tasks to queue
[2026-08-31T14:22:52.792+0000] {logging_mixin.py:190} INFO - [2026-08-31T14:22:52.791+0000] {dagbag.py:588} INFO - Filling up the DagBag from /opt/airflow/dags/sales_etl_dag.py
[2026-08-31T14:22:52.814+0000] {processor.py:925} INFO - DAG(s) 'etl_pipeline' retrieved from /opt/airflow/dags/sales_etl_dag.py
[2026-08-31T14:22:52.844+0000] {logging_mixin.py:190} INFO - [2026-08-31T14:22:52.843+0000] {dag.py:3239} INFO - Sync 1 DAGs
[2026-08-31T14:22:52.865+0000] {logging_mixin.py:190} INFO - [2026-08-31T14:22:52.864+0000] {dag.py:4180} INFO - Setting next_dagrun for etl_pipeline to 2026-08-31 00:00:00+00:00, run_after=2026-09-01 00:00:00+00:00
[2026-08-31T14:22:52.884+0000] {processor.py:208} INFO - Processing /opt/airflow/dags/sales_etl_dag.py took 0.104 seconds
[2026-08-31T14:23:23.140+0000] {processor.py:186} INFO - Started process (PID=211) to work on /opt/airflow/dags/sales_etl_dag.py
[2026-08-31T14:23:23.141+0000] {processor.py:914} INFO - Processing file /opt/airflow/dags/sales_etl_dag.py for tasks to queue
[2026-08-31T14:23:23.143+0000] {logging_mixin.py:190} INFO - [2026-08-31T14:23:23.143+0000] {dagbag.py:588} INFO - Filling up the DagBag from /opt/airflow/dags/sales_etl_dag.py
[2026-08-31T14:23:23.164+0000] {processor.py:925} INFO - DAG(s) 'etl_pipeline' retrieved from /opt/airflow/dags/sales_etl_dag.py
[2026-08-31T14:23:23.191+0000] {logging_mixin.py:190} INFO - [2026-08-31T14:23:23.191+0000] {dag.py:3239} INFO - Sync 1 DAGs
[2026-08-31T14:23:23.218+0000] {logging_mixin.py:190} INFO - [2026-08-31T14:23:23.217+0000] {dag.py:4180} INFO - Setting next_dagrun for etl_pipeline to 2026-08-31 00:00:00+00:00, run_after=2026-09-01 00:00:00+00:00
[2026-08-31T14:23:23.235+0000] {processor.py:208} INFO - Processing /opt/airflow/dags/sales_etl_dag.py took 0.102 seconds
[2026-08-31T14:23:53.414+0000] {processor.py:186} INFO - Started process (PID=216) to work on /opt/airflow/dags/sales_etl_dag.py
[2026-08-31T14:23:53.415+0000] {processor.py:914} INFO - Processing file /opt/airflow/dags/sales_etl_dag.py for tasks to queue
[2026-08-31T14:23:53.418+0000] {logging_mixin.py:190} INFO - [2026-08-31T14:23:53.417+0000] {dagbag.py:588} INFO - Filling up the DagBag from /opt/airflow/dags/sales_etl_dag.py
[2026-08-31T14:23:53.438+0000] {processor.py:925} INFO - DAG(s) 'etl_pipeline' retrieved from /opt/airflow/dags/sales_etl_dag.py
[2026-08-31T14:23:53.466+0000] {logging_mixin.py:190} INFO - [2026-08-31T14:23:53.466+0000] {dag.py:3239} INFO - Sync 1 DAGs
[2026-08-31T14:23:53.487+0000] {logging_mixin.py:190} INFO - [2026-08-31T14:23:53.487+0000] {dag.py:4180} INFO - Setting next_dagrun for etl_pipeline to 2026-08-31 00:00:00+00:00, run_after=2026-09-01 00:00:00+00:00
[2026-08-31T14:23:53.506+0000] {processor.py:208} INFO - Processing /opt/airflow/dags/sales_etl_dag.py took 0.098 seconds
[2026-08-31T14:24:23.804+0000] {processor.py:186} INFO - Started process (PID=221) to work on /opt/airflow/dags/sales_etl_dag.py
[2026-08-31T14:24:23.805+0000] {processor.py:914} INFO - Processing file /opt/airflow/dags/sales_etl_dag.py for tasks to queue
[2026-08-31T14:24:23.807+0000] {logging_mixin.py:190} INFO - [2026-08-31T14:24:23.807+0000] {dagbag.py:588} INFO - Filling up the DagBag from /opt/airflow/dags/sales_etl_dag.py
[2026-08-31T14:24:23.828+0000] {processor.py:925} INFO - DAG(s) 'etl_pipeline' retrieved from /opt/airflow/dags/sales_etl_dag.py
[2026-08-31T14:24:23.861+0000] {logging_mixin.py:190} INFO - [2026-08-31T14:24:23.860+0000] {dag.py:3239} INFO - Sync 1 DAGs
[2026-08-31T14:24:23.882+0000] {logging_mixin.py:190} INFO - [2026-08-31T14:24:23.882+0000] {dag.py:4180} INFO - Setting next_dagrun for etl_pipeline to 2026-08-31 00:00:00+00:00, run_after=2026-09-01 00:00:00+00:00
[2026-08-31T14:24:23.899+0000] {processor.py:208} INFO - Processing /opt/airflow/dags/sales_etl_dag.py took 0.101 seconds
[2026-08-31T14:24:54.115+0000] {processor.py:186} INFO - Started process (PID=226) to work on /opt/airflow/dags/sales_etl_dag.py
[2026-08-31T14:24:54.116+0000] {processor.py:914} INFO - Processing file /opt/airflow/dags/sales_etl_dag.py for tasks to queue
[2026-08-31T14:24:54.118+0000] {logging_mixin.py:190} INFO - [2026-08-31T14:24:54.118+0000] {dagbag.py:588} INFO - Filling up the DagBag from /opt/airflow/dags/sales_etl_dag.py
[2026-08-31T14:24:54.139+0000] {processor.py:925} INFO - DAG(s) 'etl_pipeline' retrieved from /opt/airflow/dags/sales_etl_dag.py
[2026-08-31T14:24:54.166+0000] {logging_mixin.py:190} INFO - [2026-08-31T14:24:54.166+0000] {dag.py:3239} INFO - Sync 1 DAGs
[2026-08-31T14:24:54.187+0000] {logging_mixin.py:190} INFO - [2026-08-31T14:24:54.187+0000] {dag.py:4180} INFO - Setting next_dagrun for etl_pipeline to 2026-08-31 00:00:00+00:00, run_after=2026-09-01 00:00:00+00:00
[2026-08-31T14:24:54.206+0000] {processor.py:208} INFO - Processing /opt/airflow/dags/sales_etl_dag.py took 0.098 seconds
[2026-08-31T14:25:24.480+0000] {processor.py:186} INFO - Started process (PID=231) to work on /opt/airflow/dags/sales_etl_dag.py
[2026-08-31T14:25:24.481+0000] {processor.py:914} INFO - Processing file /opt/airflow/dags/sales_etl_dag.py for tasks to queue
[2026-08-31T14:25:24.483+0000] {logging_mixin.py:190} INFO - [2026-08-31T14:25:24.483+0000] {dagbag.py:588} INFO - Filling up the DagBag from /opt/airflow/dags/sales_etl_dag.py
[2026-08-31T14:25:24.503+0000] {processor.py:925} INFO - DAG(s) 'etl_pipeline' retrieved from /opt/airflow/dags/sales_etl_dag.py
[2026-08-31T14:25:24.530+0000] {logging_mixin.py:190} INFO - [2026-08-31T14:25:24.530+0000] {dag.py:3239} INFO - Sync 1 DAGs
[2026-08-31T14:25:24.551+0000] {logging_mixin.py:190} INFO - [2026-08-31T14:25:24.551+0000] {dag.py:4180} INFO - Setting next_dagrun for etl_pipeline to 2026-08-31 00:00:00+00:00, run_after=2026-09-01 00:00:00+00:00
[2026-08-31T14:25:24.571+0000] {processor.py:208} INFO - Processing /opt/airflow/dags/sales_etl_dag.py took 0.097 seconds
[2026-08-31T14:25:54.725+0000] {processor.py:186} INFO - Started process (PID=236) to work on /opt/airflow/dags/sales_etl_dag.py
[2026-08-31T14:25:54.725+0000] {processor.py:914} INFO - Processing file /opt/airflow/dags/sales_etl_dag.py for tasks to queue
[2026-08-31T14:25:54.728+0000] {logging_mixin.py:190} INFO - [2026-08-31T14:25:54.727+0000] {dagbag.py:588} INFO - Filling up the DagBag from /opt/airflow/dags/sales_etl_dag.py
[2026-08-31T14:25:54.750+0000] {processor.py:925} INFO - DAG(s) 'etl_pipeline' retrieved from /opt/airflow/dags/sales_etl_dag.py
[2026-08-31T14:25:54.789+0000] {logging_mixin.py:190} INFO - [2026-08-31T14:25:54.789+0000] {dag.py:3239} INFO - Sync 1 DAGs
[2026-08-31T14:25:54.812+0000] {logging_mixin.py:190} INFO - [2026-08-31T14:25:54.812+0000] {dag.py:4180} INFO - Setting next_dagrun for etl_pipeline to 2026-08-31 00:00:00+00:00, run_after=2026-09-01 00:00:00+00:00
[2026-08-31T14:25:54.832+0000] {processor.py:208} INFO - Processing /opt/airflow/dags/sales_etl_dag.py took 0.113 seconds
[2026-08-31T14:26:25.116+0000] {processor.py:186} INFO - Started process (PID=265) to work on /opt/airflow/dags/sales_etl_dag.py
[2026-08-31T14:26:25.117+0000] {processor.py:914} INFO - Processing file /opt/airflow/dags/sales_etl_dag.py for tasks to queue
[2026-08-31T14:26:25.120+0000] {logging_mixin.py:190} INFO - [2026-08-31T14:26:25.119+0000] {dagbag.py:588} INFO - Filling up the DagBag from /opt/airflow/dags/sales_etl_dag.py
[2026-08-31T14:26:25.140+0000] {processor.py:925} INFO - DAG(s) 'etl_pipeline' retrieved from /opt/airflow/dags/sales_etl_dag.py
[2026-08-31T14:26:25.168+0000] {logging_mixin.py:190} INFO - [2026-08-31T14:26:25.168+0000] {dag.py:3239} INFO - Sync 1 DAGs
[2026-08-31T14:26:25.190+0000] {logging_mixin.py:190} INFO - [2026-08-31T14:26:25.190+0000] {dag.py:4180} INFO - Setting next_dagrun for etl_pipeline to 2026-08-31 00:00:00+00:00, run_after=2026-09-01 00:00:00+00:00
[2026-08-31T14:26:25.209+0000] {processor.py:208} INFO - Processing /opt/airflow/dags/sales_etl_dag.py took 0.099 seconds
[2026-08-31T14:26:55.395+0000] {processor.py:186} INFO - Started process (PID=270) to work on /opt/airflow/dags/sales_etl_dag.py
[2026-08-31T14:26:55.396+0000] {processor.py:914} INFO - Processing file /opt/airflow/dags/sales_etl_dag.py for tasks to queue
[2026-08-31T14:26:55.398+0000] {logging_mixin.py:190} INFO - [2026-08-31T14:26:55.398+0000] {dagbag.py:588} INFO - Filling up the DagBag from /opt/airflow/dags/sales_etl_dag.py
[2026-08-31T14:26:55.416+0000] {processor.py:925} INFO - DAG(s) 'etl_pipeline' retrieved from /opt/airflow/dags/sales_etl_dag.py
[2026-08-31T14:26:55.448+0000] {logging_mixin.py:190} INFO - [2026-08-31T14:26:55.448+0000] {dag.py:3239} INFO - Sync 1 DAGs
[2026-08-31T14:26:55.471+0000] {logging_mixin.py:190} INFO - [2026-08-31T14:26:55.471+0000] {dag.py:4180} INFO - Setting next_dagrun for etl_pipeline to 2026-08-31 00:00:00+00:00, run_after=2026-09-01 00:00:00+00:00
[2026-08-31T14:26:55.493+0000] {processor.py:208} INFO - Processing /opt/airflow/dags/sales_etl_dag.py took 0.103 seconds
[2026-08-31T14:27:25.810+0000] {processor.py:186} INFO - Started process (PID=275) to work on /opt/airflow/dags/sales_etl_dag.py
[2026-08-31T14:27:25.811+0000] {processor.py:914} INFO - Processing file /opt/airflow/dags/sales_etl_dag.py for tasks to queue
[2026-08-31T14:27:25.814+0000] {logging_mixin.py:190} INFO - [2026-08-31T14:27:25.814+0000] {dagbag.py:588} INFO - Filling up the DagBag from /opt/airflow/dags/sales_etl_dag.py
[2026-08-31T14:27:25.844+0000] {processor.py:925} INFO - DAG(s) 'etl_pipeline' retrieved from /opt/airflow/dags/sales_etl_dag.py
[2026-08-31T14:27:25.894+0000] {logging_mixin.py:190} INFO - [2026-08-31T14:27:25.894+0000] {dag.py:3239} INFO - Sync 1 DAGs
[2026-08-31T14:27:25.925+0000] {logging_mixin.py:190} INFO - [2026-08-31T14:27:25.925+0000] {dag.py:4180} INFO - Setting next_dagrun for etl_pipeline to 2026-08-31 00:00:00+00:00, run_after=2026-09-01 00:00:00+00:00
[2026-08-31T14:27:25.957+0000] {processor.py:208} INFO - Processing /opt/airflow/dags/sales_etl_dag.py took 0.152 seconds
[2026-08-31T14:27:56.031+0000] {processor.py:186} INFO - Started process (PID=280) to work on /opt/airflow/dags/sales_etl_dag.py
[2026-08-31T14:27:56.032+0000] {processor.py:914} INFO - Processing file /opt/airflow/dags/sales_etl_dag.py for tasks to queue
[2026-08-31T14:27:56.034+0000] {logging_mixin.py:190} INFO - [2026-08-31T14:27:56.034+0000] {dagbag.py:588} INFO - Filling up the DagBag from /opt/airflow/dags/sales_etl_dag.py
[2026-08-31T14:27:56.061+0000] {processor.py:925} INFO - DAG(s) 'etl_pipeline' retrieved from /opt/airflow/dags/sales_etl_dag.py
[2026-08-31T14:27:56.094+0000] {logging_mixin.py:190} INFO - [2026-08-31T14:27:56.094+0000] {dag.py:3239} INFO - Sync 1 DAGs
[2026-08-31T14:27:56.118+0000] {logging_mixin.py:190} INFO - [2026-08-31T14:27:56.118+0000] {dag.py:4180} INFO - Setting next_dagrun for etl_pipeline to 2026-08-31 00:00:00+00:00, run_after=2026-09-01 00:00:00+00:00
[2026-08-31T14:27:56.139+0000] {processor.py:208} INFO - Processing /opt/airflow/dags/sales_etl_dag.py took 0.115 seconds
[2026-08-31T14:28:26.326+0000] {processor.py:186} INFO - Started process (PID=285) to work on /opt/airflow/dags/sales_etl_dag.py
[2026-08-31T14:28:26.327+0000] {processor.py:914} INFO - Processing file /opt/airflow/dags/sales_etl_dag.py for tasks to queue
[2026-08-31T14:28:26.331+0000] {logging_mixin.py:190} INFO - [2026-08-31T14:28:26.330+0000] {dagbag.py:588} INFO - Filling up the DagBag from /opt/airflow/dags/sales_etl_dag.py
[2026-08-31T14:28:26.356+0000] {processor.py:925} INFO - DAG(s) 'etl_pipeline' retrieved from /opt/airflow/dags/sales_etl_dag.py
[2026-08-31T14:28:26.391+0000] {logging_mixin.py:190} INFO - [2026-08-31T14:28:26.391+0000] {dag.py:3239} INFO - Sync 1 DAGs
[2026-08-31T14:28:26.415+0000] {logging_mixin.py:190} INFO - [2026-08-31T14:28:26.415+0000] {dag.py:4180} INFO - Setting next_dagrun for etl_pipeline to 2026-08-31 00:00:00+00:00, run_after=2026-09-01 00:00:00+00:00
[2026-08-31T14:28:26.439+0000] {processor.py:208} INFO - Processing /opt/airflow/dags/sales_etl_dag.py took 0.119 seconds
[2026-08-31T14:28:56.705+0000] {processor.py:186} INFO - Started process (PID=314) to work on /opt/airflow/dags/sales_etl_dag.py
[2026-08-31T14:28:56.706+0000] {processor.py:914} INFO - Processing file /opt/airflow/dags/sales_etl_dag.py for tasks to queue
[2026-08-31T14:28:56.708+0000] {logging_mixin.py:190} INFO - [2026-08-31T14:28:56.707+0000] {dagbag.py:588} INFO - Filling up the DagBag from /opt/airflow/dags/sales_etl_dag.py
[2026-08-31T14:28:56.729+0000] {processor.py:925} INFO - DAG(s) 'etl_pipeline' retrieved from /opt/airflow/dags/sales_etl_dag.py
[2026-08-31T14:28:56.762+0000] {logging_mixin.py:190} INFO - [2026-08-31T14:28:56.761+0000] {dag.py:3239} INFO - Sync 1 DAGs
[2026-08-31T14:28:56.788+0000] {logging_mixin.py:190} INFO - [2026-08-31T14:28:56.788+0000] {dag.py:4180} INFO - Setting next_dagrun for etl_pipeline to 2026-08-31 00:00:00+00:00, run_after=2026-09-01 00:00:00+00:00
[2026-08-31T14:28:56.810+0000] {processor.py:208} INFO - Processing /opt/airflow/dags/sales_etl_dag.py took 0.111 seconds
[2026-08-31T14:29:27.008+0000] {processor.py:186} INFO - Started process (PID=319) to work on /opt/airflow/dags/sales_etl_dag.py
[2026-08-31T14:29:27.009+0000] {processor.py:914} INFO - Processing file /opt/airflow/dags/sales_etl_dag.py for tasks to queue
[2026-08-31T14:29:27.012+0000] {logging_mixin.py:190} INFO - [2026-08-31T14:29:27.011+0000] {dagbag.py:588} INFO - Filling up the DagBag from /opt/airflow/dags/sales_etl_dag.py
[2026-08-31T14:29:27.030+0000] {processor.py:925} INFO - DAG(s) 'etl_pipeline' retrieved from /opt/airflow/dags/sales_etl_dag.py
[2026-08-31T14:29:27.062+0000] {logging_mixin.py:190} INFO - [2026-08-31T14:29:27.062+0000] {dag.py:3239} INFO - Sync 1 DAGs
[2026-08-31T14:29:27.084+0000] {logging_mixin.py:190} INFO - [2026-08-31T14:29:27.084+0000] {dag.py:4180} INFO - Setting next_dagrun for etl_pipeline to 2026-08-31 00:00:00+00:00, run_after=2026-09-01 00:00:00+00:00
[2026-08-31T14:29:27.103+0000] {processor.py:208} INFO - Processing /opt/airflow/dags/sales_etl_dag.py took 0.100 seconds
[2026-08-31T14:29:57.419+0000] {processor.py:186} INFO - Started process (PID=324) to work on /opt/airflow/dags/sales_etl_dag.py
[2026-08-31T14:29:57.420+0000] {processor.py:914} INFO - Processing file /opt/airflow/dags/sales_etl_dag.py for tasks to queue
[2026-08-31T14:29:57.423+0000] {logging_mixin.py:190} INFO - [2026-08-31T14:29:57.423+0000] {dagbag.py:588} INFO - Filling up the DagBag from /opt/airflow/dags/sales_etl_dag.py
[2026-08-31T14:29:57.449+0000] {processor.py:925} INFO - DAG(s) 'etl_pipeline' retrieved from /opt/airflow/dags/sales_etl_dag.py
[2026-08-31T14:29:57.478+0000] {logging_mixin.py:190} INFO - [2026-08-31T14:29:57.478+0000] {dag.py:3239} INFO - Sync 1 DAGs
[2026-08-31T14:29:57.502+0000] {logging_mixin.py:190} INFO - [2026-08-31T14:29:57.502+0000] {dag.py:4180} INFO - Setting next_dagrun for etl_pipeline to 2026-08-31 00:00:00+00:00, run_after=2026-09-01 00:00:00+00:00
[2026-08-31T14:29:57.522+0000] {processor.py:208} INFO - Processing /opt/airflow/dags/sales_etl_dag.py took 0.109 seconds
[2026-08-31T14:30:27.687+0000] {processor.py:186} INFO - Started process (PID=329) to work on /opt/airflow/dags/sales_etl_dag.py
[2026-08-31T14:30:27.688+0000] {processor.py:914} INFO - Processing file /opt/airflow/dags/sales_etl_dag.py for tasks to queue
[2026-08-31T14:30:27.691+0000] {logging_mixin.py:190} INFO - [2026-08-31T14:30:27.690+0000] {dagbag.py:588} INFO - Filling up the DagBag from /opt/airflow/dags/sales_etl_dag.py
[2026-08-31T14:30:27.710+0000] {processor.py:925} INFO - DAG(s) 'etl_pipeline' retrieved from /opt/airflow/dags/sales_etl_dag.py
[2026-08-31T14:30:27.737+0000] {logging_mixin.py:190} INFO - [2026-08-31T14:30:27.736+0000] {dag.py:3239} INFO - Sync 1 DAGs
[2026-08-31T14:30:27.758+0000] {logging_mixin.py:190} INFO - [2026-08-31T14:30:27.757+0000] {dag.py:4180} INFO - Setting next_dagrun for etl_pipeline to 2026-08-31 00:00:00+00:00, run_after=2026-09-01 00:00:00+00:00
[2026-08-31T14:30:27.776+0000] {processor.py:208} INFO - Processing /opt/airflow/dags/sales_etl_dag.py took 0.094 seconds
[2026-08-31T14:30:58.066+0000] {processor.py:186} INFO - Started process (PID=334) to work on /opt/airflow/dags/sales_etl_dag.py
[2026-08-31T14:30:58.067+0000] {processor.py:914} INFO - Processing file /opt/airflow/dags/sales_etl_dag.py for tasks to queue
[2026-08-31T14:30:58.069+0000] {logging_mixin.py:190} INFO - [2026-08-31T14:30:58.069+0000] {dagbag.py:588} INFO - Filling up the DagBag from /opt/airflow/dags/sales_etl_dag.py
[2026-08-31T14:30:58.092+0000] {processor.py:925} INFO - DAG(s) 'etl_pipeline' retrieved from /opt/airflow/dags/sales_etl_dag.py
[2026-08-31T14:30:58.135+0000] {logging_mixin.py:190} INFO - [2026-08-31T14:30:58.135+0000] {dag.py:3239} INFO - Sync 1 DAGs
[2026-08-31T14:30:58.168+0000] {logging_mixin.py:190} INFO - [2026-08-31T14:30:58.168+0000] {dag.py:4180} INFO - Setting next_dagrun for etl_pipeline to 2026-08-31 00:00:00+00:00, run_after=2026-09-01 00:00:00+00:00
[2026-08-31T14:30:58.192+0000] {processor.py:208} INFO - Processing /opt/airflow/dags/sales_etl_dag.py took 0.133 seconds
[2026-08-31T14:31:28.372+0000] {processor.py:186} INFO - Started process (PID=339) to work on /opt/airflow/dags/sales_etl_dag.py
[2026-08-31T14:31:28.373+0000] {processor.py:914} INFO - Processing file /opt/airflow/dags/sales_etl_dag.py for tasks to queue
[2026-08-31T14:31:28.375+0000] {logging_mixin.py:190} INFO - [2026-08-31T14:31:28.375+0000] {dagbag.py:588} INFO - Filling up the DagBag from /opt/airflow/dags/sales_etl_dag.py
[2026-08-31T14:31:28.396+0000] {processor.py:925} INFO - DAG(s) 'etl_pipeline' retrieved from /opt/airflow/dags/sales_etl_dag.py
[2026-08-31T14:31:28.427+0000] {logging_mixin.py:190} INFO - [2026-08-31T14:31:28.426+0000] {dag.py:3239} INFO - Sync 1 DAGs
[2026-08-31T14:31:28.451+0000] {logging_mixin.py:190} INFO - [2026-08-31T14:31:28.451+0000] {dag.py:4180} INFO - Setting next_dagrun for etl_pipeline to 2026-08-31 00:00:00+00:00, run_after=2026-09-01 00:00:00+00:00
[2026-08-31T14:31:28.470+0000] {processor.py:208} INFO - Processing /opt/airflow/dags/sales_etl_dag.py took 0.104 seconds
[2026-08-31T14:31:58.736+0000] {processor.py:186} INFO - Started process (PID=344) to work on /opt/airflow/dags/sales_etl_dag.py
[2026-08-31T14:31:58.736+0000] {processor.py:914} INFO - Processing file /opt/airflow/dags/sales_etl_dag.py for tasks to queue
[2026-08-31T14:31:58.739+0000] {logging_mixin.py:190} INFO - [2026-08-31T14:31:58.738+0000] {dagbag.py:588} INFO - Filling up the DagBag from /opt/airflow/dags/sales_etl_dag.py
[2026-08-31T14:31:58.761+0000] {processor.py:925} INFO - DAG(s) 'etl_pipeline' retrieved from /opt/airflow/dags/sales_etl_dag.py
[2026-08-31T14:31:58.792+0000] {logging_mixin.py:190} INFO - [2026-08-31T14:31:58.792+0000] {dag.py:3239} INFO - Sync 1 DAGs
[2026-08-31T14:31:58.815+0000] {logging_mixin.py:190} INFO - [2026-08-31T14:31:58.815+0000] {dag.py:4180} INFO - Setting next_dagrun for etl_pipeline to 2026-08-31 00:00:00+00:00, run_after=2026-09-01 00:00:00+00:00
[2026-08-31T14:31:58.833+0000] {processor.py:208} INFO - Processing /opt/airflow/dags/sales_etl_dag.py took 0.103 seconds
[2026-08-31T14:32:29.035+0000] {processor.py:186} INFO - Started process (PID=349) to work on /opt/airflow/dags/sales_etl_dag.py
[2026-08-31T14:32:29.036+0000] {processor.py:914} INFO - Processing file /opt/airflow/dags/sales_etl_dag.py for tasks to queue
[2026-08-31T14:32:29.039+0000] {logging_mixin.py:190} INFO - [2026-08-31T14:32:29.039+0000] {dagbag.py:588} INFO - Filling up the DagBag from /opt/airflow/dags/sales_etl_dag.py
[2026-08-31T14:32:29.059+0000] {processor.py:925} INFO - DAG(s) 'etl_pipeline' retrieved from /opt/airflow/dags/sales_etl_dag.py
[2026-08-31T14:32:29.087+0000] {logging_mixin.py:190} INFO - [2026-08-31T14:32:29.087+0000] {dag.py:3239} INFO - Sync 1 DAGs
[2026-08-31T14:32:29.108+0000] {logging_mixin.py:190} INFO - [2026-08-31T14:32:29.108+0000] {dag.py:4180} INFO - Setting next_dagrun for etl_pipeline to 2026-08-31 00:00:00+00:00, run_after=2026-09-01 00:00:00+00:00
[2026-08-31T14:32:29.130+0000] {processor.py:208} INFO - Processing /opt/airflow/dags/sales_etl_dag.py took 0.099 seconds
[2026-08-31T14:32:59.342+0000] {processor.py:186} INFO - Started process (PID=354) to work on /opt/airflow/dags/sales_etl_dag.py
[2026-08-31T14:32:59.344+0000] {processor.py:914} INFO - Processing file /opt/airflow/dags/sales_etl_dag.py for tasks to queue
[2026-08-31T14:32:59.349+0000] {logging_mixin.py:190} INFO - [2026-08-31T14:32:59.348+0000] {dagbag.py:588} INFO - Filling up the DagBag from /opt/airflow/dags/sales_etl_dag.py
[2026-08-31T14:32:59.386+0000] {processor.py:925} INFO - DAG(s) 'etl_pipeline' retrieved from /opt/airflow/dags/sales_etl_dag.py
[2026-08-31T14:32:59.433+0000] {logging_mixin.py:190} INFO - [2026-08-31T14:32:59.433+0000] {dag.py:3239} INFO - Sync 1 DAGs
[2026-08-31T14:32:59.479+0000] {logging_mixin.py:190} INFO - [2026-08-31T14:32:59.478+0000] {dag.py:4180} INFO - Setting next_dagrun for etl_pipeline to 2026-08-31 00:00:00+00:00, run_after=2026-09-01 00:00:00+00:00
[2026-08-31T14:32:59.517+0000] {processor.py:208} INFO - Processing /opt/airflow/dags/sales_etl_dag.py took 0.185 seconds
[2026-08-31T14:33:29.723+0000] {processor.py:186} INFO - Started process (PID=359) to work on /opt/airflow/dags/sales_etl_dag.py
[2026-08-31T14:33:29.724+0000] {processor.py:914} INFO - Processing file /opt/airflow/dags/sales_etl_dag.py for tasks to queue
[2026-08-31T14:33:29.727+0000] {logging_mixin.py:190} INFO - [2026-08-31T14:33:29.727+0000] {dagbag.py:588} INFO - Filling up the DagBag from /opt/airflow/dags/sales_etl_dag.py
[2026-08-31T14:33:29.748+0000] {processor.py:925} INFO - DAG(s) 'etl_pipeline' retrieved from /opt/airflow/dags/sales_etl_dag.py
[2026-08-31T14:33:29.776+0000] {logging_mixin.py:190} INFO - [2026-08-31T14:33:29.776+0000] {dag.py:3239} INFO - Sync 1 DAGs
[2026-08-31T14:33:29.798+0000] {logging_mixin.py:190} INFO - [2026-08-31T14:33:29.797+0000] {dag.py:4180} INFO - Setting next_dagrun for etl_pipeline to 2026-08-31 00:00:00+00:00, run_after=2026-09-01 00:00:00+00:00
[2026-08-31T14:33:29.817+0000] {processor.py:208} INFO - Processing /opt/airflow/dags/sales_etl_dag.py took 0.099 seconds
[2026-08-31T14:34:00.053+0000] {processor.py:186} INFO - Started process (PID=364) to work on /opt/airflow/dags/sales_etl_dag.py
[2026-08-31T14:34:00.054+0000] {processor.py:914} INFO - Processing file /opt/airflow/dags/sales_etl_dag.py for tasks to queue
[2026-08-31T14:34:00.057+0000] {logging_mixin.py:190} INFO - [2026-08-31T14:34:00.056+0000] {dagbag.py:588} INFO - Filling up the DagBag from /opt/airflow/dags/sales_etl_dag.py
[2026-08-31T14:34:00.076+0000] {processor.py:925} INFO - DAG(s) 'etl_pipeline' retrieved from /opt/airflow/dags/sales_etl_dag.py
[2026-08-31T14:34:00.103+0000] {logging_mixin.py:190} INFO - [2026-08-31T14:34:00.103+0000] {dag.py:3239} INFO - Sync 1 DAGs
[2026-08-31T14:34:00.124+0000] {logging_mixin.py:190} INFO - [2026-08-31T14:34:00.123+0000] {dag.py:4180} INFO - Setting next_dagrun for etl_pipeline to 2026-08-31 00:00:00+00:00, run_after=2026-09-01 00:00:00+00:00
[2026-08-31T14:34:00.141+0000] {processor.py:208} INFO - Processing /opt/airflow/dags/sales_etl_dag.py took 0.093 seconds
[2026-08-31T14:34:30.383+0000] {processor.py:186} INFO - Started process (PID=369) to work on /opt/airflow/dags/sales_etl_dag.py
[2026-08-31T14:34:30.384+0000] {processor.py:914} INFO - Processing file /opt/airflow/dags/sales_etl_dag.py for tasks to queue
[2026-08-31T14:34:30.387+0000] {logging_mixin.py:190} INFO - [2026-08-31T14:34:30.387+0000] {dagbag.py:588} INFO - Filling up the DagBag from /opt/airflow/dags/sales_etl_dag.py
[2026-08-31T14:34:30.411+0000] {processor.py:925} INFO - DAG(s) 'etl_pipeline' retrieved from /opt/airflow/dags/sales_etl_dag.py
[2026-08-31T14:34:30.441+0000] {logging_mixin.py:190} INFO - [2026-08-31T14:34:30.441+0000] {dag.py:3239} INFO - Sync 1 DAGs
[2026-08-31T14:34:30.467+0000] {logging_mixin.py:190} INFO - [2026-08-31T14:34:30.467+0000] {dag.py:4180} INFO - Setting next_dagrun for etl_pipeline to 2026-08-31 00:00:00+00:00, run_after=2026-09-01 00:00:00+00:00
[2026-08-31T14:34:30.491+0000] {processor.py:208} INFO - Processing /opt/airflow/dags/sales_etl_dag.py took 0.114 seconds
[2026-08-31T14:35:00.664+0000] {processor.py:186} INFO - Started process (PID=398) to work on /opt/airflow/dags/sales_etl_dag.py
[2026-08-31T14:35:00.665+0000] {processor.py:914} INFO - Processing file /opt/airflow/dags/sales_etl_dag.py for tasks to queue
[2026-08-31T14:35:00.667+0000] {logging_mixin.py:190} INFO - [2026-08-31T14:35:00.667+0000] {dagbag.py:588} INFO - Filling up the DagBag from /opt/airflow/dags/sales_etl_dag.py
[2026-08-31T14:35:00.686+0000] {processor.py:925} INFO - DAG(s) 'etl_pipeline' retrieved from /opt/airflow/dags/sales_etl_dag.py
[2026-08-31T14:35:00.712+0000] {logging_mixin.py:190} INFO - [2026-08-31T14:35:00.712+0000] {dag.py:3239} INFO - Sync 1 DAGs
[2026-08-31T14:35:00.733+0000] {logging_mixin.py:190} INFO - [2026-08-31T14:35:00.733+0000] {dag.py:4180} INFO - Setting next_dagrun for etl_pipeline to 2026-08-31 00:00:00+00:00, run_after=2026-09-01 00:00:00+00:00
[2026-08-31T14:35:00.751+0000] {processor.py:208} INFO - Processing /opt/airflow/dags/sales_etl_dag.py took 0.092 seconds
[2026-08-31T14:35:31.018+0000] {processor.py:186} INFO - Started process (PID=403) to work on /opt/airflow/dags/sales_etl_dag.py
[2026-08-31T14:35:31.019+0000] {processor.py:914} INFO - Processing file /opt/airflow/dags/sales_etl_dag.py for tasks to queue
[2026-08-31T14:35:31.021+0000] {logging_mixin.py:190} INFO - [2026-08-31T14:35:31.021+0000] {dagbag.py:588} INFO - Filling up the DagBag from /opt/airflow/dags/sales_etl_dag.py
[2026-08-31T14:35:31.040+0000] {processor.py:925} INFO - DAG(s) 'etl_pipeline' retrieved from /opt/airflow/dags/sales_etl_dag.py
[2026-08-31T14:35:31.066+0000] {logging_mixin.py:190} INFO - [2026-08-31T14:35:31.066+0000] {dag.py:3239} INFO - Sync 1 DAGs
[2026-08-31T14:35:31.088+0000] {logging_mixin.py:190} INFO - [2026-08-31T14:35:31.088+0000] {dag.py:4180} INFO - Setting next_dagrun for etl_pipeline to 2026-08-31 00:00:00+00:00, run_after=2026-09-01 00:00:00+00:00
[2026-08-31T14:35:31.107+0000] {processor.py:208} INFO - Processing /opt/airflow/dags/sales_etl_dag.py took 0.094 seconds
[2026-08-31T14:36:01.323+0000] {processor.py:186} INFO - Started process (PID=408) to work on /opt/airflow/dags/sales_etl_dag.py
[2026-08-31T14:36:01.323+0000] {processor.py:914} INFO - Processing file /opt/airflow/dags/sales_etl_dag.py for tasks to queue
[2026-08-31T14:36:01.326+0000] {logging_mixin.py:190} INFO - [2026-08-31T14:36:01.325+0000] {dagbag.py:588} INFO - Filling up the DagBag from /opt/airflow/dags/sales_etl_dag.py
[2026-08-31T14:36:01.347+0000] {processor.py:925} INFO - DAG(s) 'etl_pipeline' retrieved from /opt/airflow/dags/sales_etl_dag.py
[2026-08-31T14:36:01.376+0000] {logging_mixin.py:190} INFO - [2026-08-31T14:36:01.376+0000] {dag.py:3239} INFO - Sync 1 DAGs
[2026-08-31T14:36:01.397+0000] {logging_mixin.py:190} INFO - [2026-08-31T14:36:01.397+0000] {dag.py:4180} INFO - Setting next_dagrun for etl_pipeline to 2026-08-31 00:00:00+00:00, run_after=2026-09-01 00:00:00+00:00
[2026-08-31T14:36:01.416+0000] {processor.py:208} INFO - Processing /opt/airflow/dags/sales_etl_dag.py took 0.099 seconds
[2026-08-31T14:36:33.230+0000] {processor.py:186} INFO - Started process (PID=167) to work on /opt/airflow/dags/sales_etl_dag.py
[2026-08-31T14:36:33.232+0000] {processor.py:914} INFO - Processing file /opt/airflow/dags/sales_etl_dag.py for tasks to queue
[2026-08-31T14:36:33.236+0000] {logging_mixin.py:190} INFO - [2026-08-31T14:36:33.235+0000] {dagbag.py:588} INFO - Filling up the DagBag from /opt/airflow/dags/sales_etl_dag.py
[2026-08-31T14:36:33.313+0000] {processor.py:925} INFO - DAG(s) 'etl_pipeline' retrieved from /opt/airflow/dags/sales_etl_dag.py
[2026-08-31T14:36:33.396+0000] {logging_mixin.py:190} INFO - [2026-08-31T14:36:33.395+0000] {dag.py:3239} INFO - Sync 1 DAGs
[2026-08-31T14:36:33.436+0000] {logging_mixin.py:190} INFO - [2026-08-31T14:36:33.436+0000] {dag.py:4180} INFO - Setting next_dagrun for etl_pipeline to 2026-08-31 00:00:00+00:00, run_after=2026-09-01 00:00:00+00:00
[2026-08-31T14:36:33.482+0000] {processor.py:208} INFO - Processing /opt/airflow/dags/sales_etl_dag.py took 0.264 seconds
[2026-08-31T14:37:03.758+0000] {processor.py:186} INFO - Started process (PID=172) to work on /opt/airflow/dags/sales_etl_dag.py
[2026-08-31T14:37:03.759+0000] {processor.py:914} INFO - Processing file /opt/airflow/dags/sales_etl_dag.py for tasks to queue
[2026-08-31T14:37:03.763+0000] {logging_mixin.py:190} INFO - [2026-08-31T14:37:03.763+0000] {dagbag.py:588} INFO - Filling up the DagBag from /opt/airflow/dags/sales_etl_dag.py
[2026-08-31T14:37:03.789+0000] {processor.py:925} INFO - DAG(s) 'etl_pipeline' retrieved from /opt/airflow/dags/sales_etl_dag.py
[2026-08-31T14:37:03.821+0000] {logging_mixin.py:190} INFO - [2026-08-31T14:37:03.820+0000] {dag.py:3239} INFO - Sync 1 DAGs
[2026-08-31T14:37:03.848+0000] {logging_mixin.py:190} INFO - [2026-08-31T14:37:03.848+0000] {dag.py:4180} INFO - Setting next_dagrun for etl_pipeline to 2026-08-31 00:00:00+00:00, run_after=2026-09-01 00:00:00+00:00
[2026-08-31T14:37:03.875+0000] {processor.py:208} INFO - Processing /opt/airflow/dags/sales_etl_dag.py took 0.125 seconds
[2026-08-31T14:37:34.006+0000] {processor.py:186} INFO - Started process (PID=177) to work on /opt/airflow/dags/sales_etl_dag.py
[2026-08-31T14:37:34.007+0000] {processor.py:914} INFO - Processing file /opt/airflow/dags/sales_etl_dag.py for tasks to queue
[2026-08-31T14:37:34.011+0000] {logging_mixin.py:190} INFO - [2026-08-31T14:37:34.010+0000] {dagbag.py:588} INFO - Filling up the DagBag from /opt/airflow/dags/sales_etl_dag.py
[2026-08-31T14:37:34.042+0000] {processor.py:925} INFO - DAG(s) 'etl_pipeline' retrieved from /opt/airflow/dags/sales_etl_dag.py
[2026-08-31T14:37:34.075+0000] {logging_mixin.py:190} INFO - [2026-08-31T14:37:34.074+0000] {dag.py:3239} INFO - Sync 1 DAGs
[2026-08-31T14:37:34.098+0000] {logging_mixin.py:190} INFO - [2026-08-31T14:37:34.098+0000] {dag.py:4180} INFO - Setting next_dagrun for etl_pipeline to 2026-08-31 00:00:00+00:00, run_after=2026-09-01 00:00:00+00:00
[2026-08-31T14:37:34.121+0000] {processor.py:208} INFO - Processing /opt/airflow/dags/sales_etl_dag.py took 0.128 seconds
[2026-08-31T14:38:04.375+0000] {processor.py:186} INFO - Started process (PID=182) to work on /opt/airflow/dags/sales_etl_dag.py
[2026-08-31T14:38:04.375+0000] {processor.py:914} INFO - Processing file /opt/airflow/dags/sales_etl_dag.py for tasks to queue
[2026-08-31T14:38:04.378+0000] {logging_mixin.py:190} INFO - [2026-08-31T14:38:04.378+0000] {dagbag.py:588} INFO - Filling up the DagBag from /opt/airflow/dags/sales_etl_dag.py
[2026-08-31T14:38:04.403+0000] {processor.py:925} INFO - DAG(s) 'etl_pipeline' retrieved from /opt/airflow/dags/sales_etl_dag.py
[2026-08-31T14:38:04.432+0000] {logging_mixin.py:190} INFO - [2026-08-31T14:38:04.432+0000] {dag.py:3239} INFO - Sync 1 DAGs
[2026-08-31T14:38:04.460+0000] {logging_mixin.py:190} INFO - [2026-08-31T14:38:04.459+0000] {dag.py:4180} INFO - Setting next_dagrun for etl_pipeline to 2026-08-31 00:00:00+00:00, run_after=2026-09-01 00:00:00+00:00
[2026-08-31T14:38:04.487+0000] {processor.py:208} INFO - Processing /opt/airflow/dags/sales_etl_dag.py took 0.117 seconds
[2026-08-31T14:38:34.700+0000] {processor.py:186} INFO - Started process (PID=187) to work on /opt/airflow/dags/sales_etl_dag.py
[2026-08-31T14:38:34.701+0000] {processor.py:914} INFO - Processing file /opt/airflow/dags/sales_etl_dag.py for tasks to queue
[2026-08-31T14:38:34.704+0000] {logging_mixin.py:190} INFO - [2026-08-31T14:38:34.703+0000] {dagbag.py:588} INFO - Filling up the DagBag from /opt/airflow/dags/sales_etl_dag.py
[2026-08-31T14:38:34.725+0000] {processor.py:925} INFO - DAG(s) 'etl_pipeline' retrieved from /opt/airflow/dags/sales_etl_dag.py
[2026-08-31T14:38:34.757+0000] {logging_mixin.py:190} INFO - [2026-08-31T14:38:34.757+0000] {dag.py:3239} INFO - Sync 1 DAGs
[2026-08-31T14:38:34.784+0000] {logging_mixin.py:190} INFO - [2026-08-31T14:38:34.784+0000] {dag.py:4180} INFO - Setting next_dagrun for etl_pipeline to 2026-08-31 00:00:00+00:00, run_after=2026-09-01 00:00:00+00:00
[2026-08-31T14:38:34.803+0000] {processor.py:208} INFO - Processing /opt/airflow/dags/sales_etl_dag.py took 0.111 seconds
[2026-08-31T14:39:05.091+0000] {processor.py:186} INFO - Started process (PID=216) to work on /opt/airflow/dags/sales_etl_dag.py
[2026-08-31T14:39:05.092+0000] {processor.py:914} INFO - Processing file /opt/airflow/dags/sales_etl_dag.py for tasks to queue
[2026-08-31T14:39:05.095+0000] {logging_mixin.py:190} INFO - [2026-08-31T14:39:05.094+0000] {dagbag.py:588} INFO - Filling up the DagBag from /opt/airflow/dags/sales_etl_dag.py
[2026-08-31T14:39:05.118+0000] {processor.py:925} INFO - DAG(s) 'etl_pipeline' retrieved from /opt/airflow/dags/sales_etl_dag.py
[2026-08-31T14:39:05.148+0000] {logging_mixin.py:190} INFO - [2026-08-31T14:39:05.148+0000] {dag.py:3239} INFO - Sync 1 DAGs
[2026-08-31T14:39:05.173+0000] {logging_mixin.py:190} INFO - [2026-08-31T14:39:05.173+0000] {dag.py:4180} INFO - Setting next_dagrun for etl_pipeline to 2026-08-31 00:00:00+00:00, run_after=2026-09-01 00:00:00+00:00
[2026-08-31T14:39:05.191+0000] {processor.py:208} INFO - Processing /opt/airflow/dags/sales_etl_dag.py took 0.108 seconds
[2026-08-31T14:40:00.709+0000] {processor.py:186} INFO - Started process (PID=167) to work on /opt/airflow/dags/sales_etl_dag.py
[2026-08-31T14:40:00.711+0000] {processor.py:914} INFO - Processing file /opt/airflow/dags/sales_etl_dag.py for tasks to queue
[2026-08-31T14:40:00.715+0000] {logging_mixin.py:190} INFO - [2026-08-31T14:40:00.714+0000] {dagbag.py:588} INFO - Filling up the DagBag from /opt/airflow/dags/sales_etl_dag.py
[2026-08-31T14:40:00.788+0000] {processor.py:925} INFO - DAG(s) 'etl_pipeline' retrieved from /opt/airflow/dags/sales_etl_dag.py
[2026-08-31T14:40:00.878+0000] {logging_mixin.py:190} INFO - [2026-08-31T14:40:00.877+0000] {dag.py:3239} INFO - Sync 1 DAGs
[2026-08-31T14:40:00.913+0000] {logging_mixin.py:190} INFO - [2026-08-31T14:40:00.913+0000] {dag.py:4180} INFO - Setting next_dagrun for etl_pipeline to 2026-08-31 00:00:00+00:00, run_after=2026-09-01 00:00:00+00:00
[2026-08-31T14:40:00.969+0000] {processor.py:208} INFO - Processing /opt/airflow/dags/sales_etl_dag.py took 0.277 seconds
[2026-08-31T14:40:31.059+0000] {processor.py:186} INFO - Started process (PID=172) to work on /opt/airflow/dags/sales_etl_dag.py
[2026-08-31T14:40:31.061+0000] {processor.py:914} INFO - Processing file /opt/airflow/dags/sales_etl_dag.py for tasks to queue
[2026-08-31T14:40:31.065+0000] {logging_mixin.py:190} INFO - [2026-08-31T14:40:31.065+0000] {dagbag.py:588} INFO - Filling up the DagBag from /opt/airflow/dags/sales_etl_dag.py
[2026-08-31T14:40:31.111+0000] {processor.py:925} INFO - DAG(s) 'etl_pipeline' retrieved from /opt/airflow/dags/sales_etl_dag.py
[2026-08-31T14:40:31.170+0000] {logging_mixin.py:190} INFO - [2026-08-31T14:40:31.170+0000] {dag.py:3239} INFO - Sync 1 DAGs
[2026-08-31T14:40:31.217+0000] {logging_mixin.py:190} INFO - [2026-08-31T14:40:31.216+0000] {dag.py:4180} INFO - Setting next_dagrun for etl_pipeline to 2026-08-31 00:00:00+00:00, run_after=2026-09-01 00:00:00+00:00
[2026-08-31T14:40:31.252+0000] {processor.py:208} INFO - Processing /opt/airflow/dags/sales_etl_dag.py took 0.205 seconds
[2026-08-31T14:41:01.311+0000] {processor.py:186} INFO - Started process (PID=177) to work on /opt/airflow/dags/sales_etl_dag.py
[2026-08-31T14:41:01.312+0000] {processor.py:914} INFO - Processing file /opt/airflow/dags/sales_etl_dag.py for tasks to queue
[2026-08-31T14:41:01.316+0000] {logging_mixin.py:190} INFO - [2026-08-31T14:41:01.315+0000] {dagbag.py:588} INFO - Filling up the DagBag from /opt/airflow/dags/sales_etl_dag.py
[2026-08-31T14:41:01.339+0000] {processor.py:925} INFO - DAG(s) 'etl_pipeline' retrieved from /opt/airflow/dags/sales_etl_dag.py
[2026-08-31T14:41:01.372+0000] {logging_mixin.py:190} INFO - [2026-08-31T14:41:01.372+0000] {dag.py:3239} INFO - Sync 1 DAGs
[2026-08-31T14:41:01.395+0000] {logging_mixin.py:190} INFO - [2026-08-31T14:41:01.395+0000] {dag.py:4180} INFO - Setting next_dagrun for etl_pipeline to 2026-08-31 00:00:00+00:00, run_after=2026-09-01 00:00:00+00:00
[2026-08-31T14:41:01.415+0000] {processor.py:208} INFO - Processing /opt/airflow/dags/sales_etl_dag.py took 0.110 seconds
[2026-08-31T14:41:31.579+0000] {processor.py:186} INFO - Started process (PID=206) to work on /opt/airflow/dags/sales_etl_dag.py
[2026-08-31T14:41:31.580+0000] {processor.py:914} INFO - Processing file /opt/airflow/dags/sales_etl_dag.py for tasks to queue
[2026-08-31T14:41:31.586+0000] {logging_mixin.py:190} INFO - [2026-08-31T14:41:31.586+0000] {dagbag.py:588} INFO - Filling up the DagBag from /opt/airflow/dags/sales_etl_dag.py
[2026-08-31T14:41:31.610+0000] {processor.py:925} INFO - DAG(s) 'etl_pipeline' retrieved from /opt/airflow/dags/sales_etl_dag.py
[2026-08-31T14:41:31.636+0000] {logging_mixin.py:190} INFO - [2026-08-31T14:41:31.636+0000] {dag.py:3239} INFO - Sync 1 DAGs
[2026-08-31T14:41:31.660+0000] {logging_mixin.py:190} INFO - [2026-08-31T14:41:31.660+0000] {dag.py:4180} INFO - Setting next_dagrun for etl_pipeline to 2026-08-31 00:00:00+00:00, run_after=2026-09-01 00:00:00+00:00
[2026-08-31T14:41:31.680+0000] {processor.py:208} INFO - Processing /opt/airflow/dags/sales_etl_dag.py took 0.107 seconds
[2026-08-31T14:42:01.977+0000] {processor.py:186} INFO - Started process (PID=211) to work on /opt/airflow/dags/sales_etl_dag.py
[2026-08-31T14:42:01.978+0000] {processor.py:914} INFO - Processing file /opt/airflow/dags/sales_etl_dag.py for tasks to queue
[2026-08-31T14:42:01.981+0000] {logging_mixin.py:190} INFO - [2026-08-31T14:42:01.980+0000] {dagbag.py:588} INFO - Filling up the DagBag from /opt/airflow/dags/sales_etl_dag.py
[2026-08-31T14:42:02.002+0000] {processor.py:925} INFO - DAG(s) 'etl_pipeline' retrieved from /opt/airflow/dags/sales_etl_dag.py
[2026-08-31T14:42:02.030+0000] {logging_mixin.py:190} INFO - [2026-08-31T14:42:02.029+0000] {dag.py:3239} INFO - Sync 1 DAGs
[2026-08-31T14:42:02.052+0000] {logging_mixin.py:190} INFO - [2026-08-31T14:42:02.052+0000] {dag.py:4180} INFO - Setting next_dagrun for etl_pipeline to 2026-08-31 00:00:00+00:00, run_after=2026-09-01 00:00:00+00:00
[2026-08-31T14:42:02.075+0000] {processor.py:208} INFO - Processing /opt/airflow/dags/sales_etl_dag.py took 0.104 seconds
[2026-08-31T14:42:32.318+0000] {processor.py:186} INFO - Started process (PID=216) to work on /opt/airflow/dags/sales_etl_dag.py
[2026-08-31T14:42:32.319+0000] {processor.py:914} INFO - Processing file /opt/airflow/dags/sales_etl_dag.py for tasks to queue
[2026-08-31T14:42:32.322+0000] {logging_mixin.py:190} INFO - [2026-08-31T14:42:32.321+0000] {dagbag.py:588} INFO - Filling up the DagBag from /opt/airflow/dags/sales_etl_dag.py
[2026-08-31T14:42:32.344+0000] {processor.py:925} INFO - DAG(s) 'etl_pipeline' retrieved from /opt/airflow/dags/sales_etl_dag.py
[2026-08-31T14:42:32.374+0000] {logging_mixin.py:190} INFO - [2026-08-31T14:42:32.373+0000] {dag.py:3239} INFO - Sync 1 DAGs
[2026-08-31T14:42:32.396+0000] {logging_mixin.py:190} INFO - [2026-08-31T14:42:32.395+0000] {dag.py:4180} INFO - Setting next_dagrun for etl_pipeline to 2026-08-31 00:00:00+00:00, run_after=2026-09-01 00:00:00+00:00
[2026-08-31T14:42:32.415+0000] {processor.py:208} INFO - Processing /opt/airflow/dags/sales_etl_dag.py took 0.103 seconds
[2026-08-31T14:43:02.713+0000] {processor.py:186} INFO - Started process (PID=221) to work on /opt/airflow/dags/sales_etl_dag.py
[2026-08-31T14:43:02.714+0000] {processor.py:914} INFO - Processing file /opt/airflow/dags/sales_etl_dag.py for tasks to queue
[2026-08-31T14:43:02.717+0000] {logging_mixin.py:190} INFO - [2026-08-31T14:43:02.716+0000] {dagbag.py:588} INFO - Filling up the DagBag from /opt/airflow/dags/sales_etl_dag.py
[2026-08-31T14:43:02.738+0000] {processor.py:925} INFO - DAG(s) 'etl_pipeline' retrieved from /opt/airflow/dags/sales_etl_dag.py
[2026-08-31T14:43:02.766+0000] {logging_mixin.py:190} INFO - [2026-08-31T14:43:02.766+0000] {dag.py:3239} INFO - Sync 1 DAGs
[2026-08-31T14:43:02.787+0000] {logging_mixin.py:190} INFO - [2026-08-31T14:43:02.787+0000] {dag.py:4180} INFO - Setting next_dagrun for etl_pipeline to 2026-08-31 00:00:00+00:00, run_after=2026-09-01 00:00:00+00:00
[2026-08-31T14:43:02.810+0000] {processor.py:208} INFO - Processing /opt/airflow/dags/sales_etl_dag.py took 0.102 seconds
[2026-08-31T14:43:33.042+0000] {processor.py:186} INFO - Started process (PID=226) to work on /opt/airflow/dags/sales_etl_dag.py
[2026-08-31T14:43:33.043+0000] {processor.py:914} INFO - Processing file /opt/airflow/dags/sales_etl_dag.py for tasks to queue
[2026-08-31T14:43:33.046+0000] {logging_mixin.py:190} INFO - [2026-08-31T14:43:33.045+0000] {dagbag.py:588} INFO - Filling up the DagBag from /opt/airflow/dags/sales_etl_dag.py
[2026-08-31T14:43:33.066+0000] {processor.py:925} INFO - DAG(s) 'etl_pipeline' retrieved from /opt/airflow/dags/sales_etl_dag.py
[2026-08-31T14:43:33.095+0000] {logging_mixin.py:190} INFO - [2026-08-31T14:43:33.095+0000] {dag.py:3239} INFO - Sync 1 DAGs
[2026-08-31T14:43:33.116+0000] {logging_mixin.py:190} INFO - [2026-08-31T14:43:33.116+0000] {dag.py:4180} INFO - Setting next_dagrun for etl_pipeline to 2026-08-31 00:00:00+00:00, run_after=2026-09-01 00:00:00+00:00
[2026-08-31T14:43:33.139+0000] {processor.py:208} INFO - Processing /opt/airflow/dags/sales_etl_dag.py took 0.103 seconds
[2026-08-31T14:44:03.422+0000] {processor.py:186} INFO - Started process (PID=231) to work on /opt/airflow/dags/sales_etl_dag.py
[2026-08-31T14:44:03.423+0000] {processor.py:914} INFO - Processing file /opt/airflow/dags/sales_etl_dag.py for tasks to queue
[2026-08-31T14:44:03.426+0000] {logging_mixin.py:190} INFO - [2026-08-31T14:44:03.425+0000] {dagbag.py:588} INFO - Filling up the DagBag from /opt/airflow/dags/sales_etl_dag.py
[2026-08-31T14:44:03.445+0000] {processor.py:925} INFO - DAG(s) 'etl_pipeline' retrieved from /opt/airflow/dags/sales_etl_dag.py
[2026-08-31T14:44:03.472+0000] {logging_mixin.py:190} INFO - [2026-08-31T14:44:03.472+0000] {dag.py:3239} INFO - Sync 1 DAGs
[2026-08-31T14:44:03.495+0000] {logging_mixin.py:190} INFO - [2026-08-31T14:44:03.494+0000] {dag.py:4180} INFO - Setting next_dagrun for etl_pipeline to 2026-08-31 00:00:00+00:00, run_after=2026-09-01 00:00:00+00:00
[2026-08-31T14:44:03.513+0000] {processor.py:208} INFO - Processing /opt/airflow/dags/sales_etl_dag.py took 0.096 seconds
[2026-08-31T14:44:33.751+0000] {processor.py:186} INFO - Started process (PID=236) to work on /opt/airflow/dags/sales_etl_dag.py
[2026-08-31T14:44:33.752+0000] {processor.py:914} INFO - Processing file /opt/airflow/dags/sales_etl_dag.py for tasks to queue
[2026-08-31T14:44:33.754+0000] {logging_mixin.py:190} INFO - [2026-08-31T14:44:33.754+0000] {dagbag.py:588} INFO - Filling up the DagBag from /opt/airflow/dags/sales_etl_dag.py
[2026-08-31T14:44:33.773+0000] {processor.py:925} INFO - DAG(s) 'etl_pipeline' retrieved from /opt/airflow/dags/sales_etl_dag.py
[2026-08-31T14:44:33.804+0000] {logging_mixin.py:190} INFO - [2026-08-31T14:44:33.804+0000] {dag.py:3239} INFO - Sync 1 DAGs
[2026-08-31T14:44:33.830+0000] {logging_mixin.py:190} INFO - [2026-08-31T14:44:33.829+0000] {dag.py:4180} INFO - Setting next_dagrun for etl_pipeline to 2026-08-31 00:00:00+00:00, run_after=2026-09-01 00:00:00+00:00
[2026-08-31T14:44:33.849+0000] {processor.py:208} INFO - Processing /opt/airflow/dags/sales_etl_dag.py took 0.103 seconds
[2026-08-31T14:45:04.161+0000] {processor.py:186} INFO - Started process (PID=241) to work on /opt/airflow/dags/sales_etl_dag.py
[2026-08-31T14:45:04.162+0000] {processor.py:914} INFO - Processing file /opt/airflow/dags/sales_etl_dag.py for tasks to queue
[2026-08-31T14:45:04.165+0000] {logging_mixin.py:190} INFO - [2026-08-31T14:45:04.164+0000] {dagbag.py:588} INFO - Filling up the DagBag from /opt/airflow/dags/sales_etl_dag.py
[2026-08-31T14:45:04.184+0000] {processor.py:925} INFO - DAG(s) 'etl_pipeline' retrieved from /opt/airflow/dags/sales_etl_dag.py
[2026-08-31T14:45:04.214+0000] {logging_mixin.py:190} INFO - [2026-08-31T14:45:04.213+0000] {dag.py:3239} INFO - Sync 1 DAGs
[2026-08-31T14:45:04.239+0000] {logging_mixin.py:190} INFO - [2026-08-31T14:45:04.239+0000] {dag.py:4180} INFO - Setting next_dagrun for etl_pipeline to 2026-08-31 00:00:00+00:00, run_after=2026-09-01 00:00:00+00:00
[2026-08-31T14:45:04.266+0000] {processor.py:208} INFO - Processing /opt/airflow/dags/sales_etl_dag.py took 0.110 seconds
[2026-08-31T14:45:34.421+0000] {processor.py:186} INFO - Started process (PID=246) to work on /opt/airflow/dags/sales_etl_dag.py
[2026-08-31T14:45:34.422+0000] {processor.py:914} INFO - Processing file /opt/airflow/dags/sales_etl_dag.py for tasks to queue
[2026-08-31T14:45:34.424+0000] {logging_mixin.py:190} INFO - [2026-08-31T14:45:34.423+0000] {dagbag.py:588} INFO - Filling up the DagBag from /opt/airflow/dags/sales_etl_dag.py
[2026-08-31T14:45:34.443+0000] {processor.py:925} INFO - DAG(s) 'etl_pipeline' retrieved from /opt/airflow/dags/sales_etl_dag.py
[2026-08-31T14:45:34.471+0000] {logging_mixin.py:190} INFO - [2026-08-31T14:45:34.471+0000] {dag.py:3239} INFO - Sync 1 DAGs
[2026-08-31T14:45:34.493+0000] {logging_mixin.py:190} INFO - [2026-08-31T14:45:34.493+0000] {dag.py:4180} INFO - Setting next_dagrun for etl_pipeline to 2026-08-31 00:00:00+00:00, run_after=2026-09-01 00:00:00+00:00
[2026-08-31T14:45:34.511+0000] {processor.py:208} INFO - Processing /opt/airflow/dags/sales_etl_dag.py took 0.096 seconds
[2026-08-31T14:46:04.697+0000] {processor.py:186} INFO - Started process (PID=251) to work on /opt/airflow/dags/sales_etl_dag.py
[2026-08-31T14:46:04.698+0000] {processor.py:914} INFO - Processing file /opt/airflow/dags/sales_etl_dag.py for tasks to queue
[2026-08-31T14:46:04.700+0000] {logging_mixin.py:190} INFO - [2026-08-31T14:46:04.700+0000] {dagbag.py:588} INFO - Filling up the DagBag from /opt/airflow/dags/sales_etl_dag.py
[2026-08-31T14:46:04.719+0000] {processor.py:925} INFO - DAG(s) 'etl_pipeline' retrieved from /opt/airflow/dags/sales_etl_dag.py
[2026-08-31T14:46:04.748+0000] {logging_mixin.py:190} INFO - [2026-08-31T14:46:04.748+0000] {dag.py:3239} INFO - Sync 1 DAGs
[2026-08-31T14:46:04.770+0000] {logging_mixin.py:190} INFO - [2026-08-31T14:46:04.770+0000] {dag.py:4180} INFO - Setting next_dagrun for etl_pipeline to 2026-08-31 00:00:00+00:00, run_after=2026-09-01 00:00:00+00:00
[2026-08-31T14:46:04.792+0000] {processor.py:208} INFO - Processing /opt/airflow/dags/sales_etl_dag.py took 0.101 seconds
[2026-08-31T14:46:34.962+0000] {processor.py:186} INFO - Started process (PID=256) to work on /opt/airflow/dags/sales_etl_dag.py
[2026-08-31T14:46:34.963+0000] {processor.py:914} INFO - Processing file /opt/airflow/dags/sales_etl_dag.py for tasks to queue
[2026-08-31T14:46:34.965+0000] {logging_mixin.py:190} INFO - [2026-08-31T14:46:34.965+0000] {dagbag.py:588} INFO - Filling up the DagBag from /opt/airflow/dags/sales_etl_dag.py
[2026-08-31T14:46:34.988+0000] {processor.py:925} INFO - DAG(s) 'etl_pipeline' retrieved from /opt/airflow/dags/sales_etl_dag.py
[2026-08-31T14:46:35.017+0000] {logging_mixin.py:190} INFO - [2026-08-31T14:46:35.017+0000] {dag.py:3239} INFO - Sync 1 DAGs
[2026-08-31T14:46:35.039+0000] {logging_mixin.py:190} INFO - [2026-08-31T14:46:35.039+0000] {dag.py:4180} INFO - Setting next_dagrun for etl_pipeline to 2026-08-31 00:00:00+00:00, run_after=2026-09-01 00:00:00+00:00
[2026-08-31T14:46:35.057+0000] {processor.py:208} INFO - Processing /opt/airflow/dags/sales_etl_dag.py took 0.100 seconds
[2026-08-31T14:47:05.245+0000] {processor.py:186} INFO - Started process (PID=261) to work on /opt/airflow/dags/sales_etl_dag.py
[2026-08-31T14:47:05.246+0000] {processor.py:914} INFO - Processing file /opt/airflow/dags/sales_etl_dag.py for tasks to queue
[2026-08-31T14:47:05.248+0000] {logging_mixin.py:190} INFO - [2026-08-31T14:47:05.248+0000] {dagbag.py:588} INFO - Filling up the DagBag from /opt/airflow/dags/sales_etl_dag.py
[2026-08-31T14:47:05.268+0000] {processor.py:925} INFO - DAG(s) 'etl_pipeline' retrieved from /opt/airflow/dags/sales_etl_dag.py
[2026-08-31T14:47:05.296+0000] {logging_mixin.py:190} INFO - [2026-08-31T14:47:05.296+0000] {dag.py:3239} INFO - Sync 1 DAGs
[2026-08-31T14:47:05.320+0000] {logging_mixin.py:190} INFO - [2026-08-31T14:47:05.319+0000] {dag.py:4180} INFO - Setting next_dagrun for etl_pipeline to 2026-08-31 00:00:00+00:00, run_after=2026-09-01 00:00:00+00:00
[2026-08-31T14:47:05.342+0000] {processor.py:208} INFO - Processing /opt/airflow/dags/sales_etl_dag.py took 0.103 seconds
[2026-08-31T14:47:35.658+0000] {processor.py:186} INFO - Started process (PID=266) to work on /opt/airflow/dags/sales_etl_dag.py
[2026-08-31T14:47:35.659+0000] {processor.py:914} INFO - Processing file /opt/airflow/dags/sales_etl_dag.py for tasks to queue
[2026-08-31T14:47:35.661+0000] {logging_mixin.py:190} INFO - [2026-08-31T14:47:35.661+0000] {dagbag.py:588} INFO - Filling up the DagBag from /opt/airflow/dags/sales_etl_dag.py
[2026-08-31T14:47:35.682+0000] {processor.py:925} INFO - DAG(s) 'etl_pipeline' retrieved from /opt/airflow/dags/sales_etl_dag.py
[2026-08-31T14:47:35.710+0000] {logging_mixin.py:190} INFO - [2026-08-31T14:47:35.709+0000] {dag.py:3239} INFO - Sync 1 DAGs
[2026-08-31T14:47:35.732+0000] {logging_mixin.py:190} INFO - [2026-08-31T14:47:35.731+0000] {dag.py:4180} INFO - Setting next_dagrun for etl_pipeline to 2026-08-31 00:00:00+00:00, run_after=2026-09-01 00:00:00+00:00
[2026-08-31T14:47:35.752+0000] {processor.py:208} INFO - Processing /opt/airflow/dags/sales_etl_dag.py took 0.099 seconds
[2026-08-31T14:48:05.997+0000] {processor.py:186} INFO - Started process (PID=271) to work on /opt/airflow/dags/sales_etl_dag.py
[2026-08-31T14:48:05.998+0000] {processor.py:914} INFO - Processing file /opt/airflow/dags/sales_etl_dag.py for tasks to queue
[2026-08-31T14:48:06.000+0000] {logging_mixin.py:190} INFO - [2026-08-31T14:48:06.000+0000] {dagbag.py:588} INFO - Filling up the DagBag from /opt/airflow/dags/sales_etl_dag.py
[2026-08-31T14:48:06.018+0000] {processor.py:925} INFO - DAG(s) 'etl_pipeline' retrieved from /opt/airflow/dags/sales_etl_dag.py
[2026-08-31T14:48:06.047+0000] {logging_mixin.py:190} INFO - [2026-08-31T14:48:06.046+0000] {dag.py:3239} INFO - Sync 1 DAGs
[2026-08-31T14:48:06.068+0000] {logging_mixin.py:190} INFO - [2026-08-31T14:48:06.068+0000] {dag.py:4180} INFO - Setting next_dagrun for etl_pipeline to 2026-08-31 00:00:00+00:00, run_after=2026-09-01 00:00:00+00:00
[2026-08-31T14:48:06.086+0000] {processor.py:208} INFO - Processing /opt/airflow/dags/sales_etl_dag.py took 0.095 seconds
[2026-08-31T14:48:36.345+0000] {processor.py:186} INFO - Started process (PID=276) to work on /opt/airflow/dags/sales_etl_dag.py
[2026-08-31T14:48:36.346+0000] {processor.py:914} INFO - Processing file /opt/airflow/dags/sales_etl_dag.py for tasks to queue
[2026-08-31T14:48:36.349+0000] {logging_mixin.py:190} INFO - [2026-08-31T14:48:36.348+0000] {dagbag.py:588} INFO - Filling up the DagBag from /opt/airflow/dags/sales_etl_dag.py
[2026-08-31T14:48:36.368+0000] {processor.py:925} INFO - DAG(s) 'etl_pipeline' retrieved from /opt/airflow/dags/sales_etl_dag.py
[2026-08-31T14:48:36.395+0000] {logging_mixin.py:190} INFO - [2026-08-31T14:48:36.395+0000] {dag.py:3239} INFO - Sync 1 DAGs
[2026-08-31T14:48:36.416+0000] {logging_mixin.py:190} INFO - [2026-08-31T14:48:36.416+0000] {dag.py:4180} INFO - Setting next_dagrun for etl_pipeline to 2026-08-31 00:00:00+00:00, run_after=2026-09-01 00:00:00+00:00
[2026-08-31T14:48:36.435+0000] {processor.py:208} INFO - Processing /opt/airflow/dags/sales_etl_dag.py took 0.094 seconds
[2026-08-31T14:49:06.684+0000] {processor.py:186} INFO - Started process (PID=281) to work on /opt/airflow/dags/sales_etl_dag.py
[2026-08-31T14:49:06.685+0000] {processor.py:914} INFO - Processing file /opt/airflow/dags/sales_etl_dag.py for tasks to queue
[2026-08-31T14:49:06.688+0000] {logging_mixin.py:190} INFO - [2026-08-31T14:49:06.687+0000] {dagbag.py:588} INFO - Filling up the DagBag from /opt/airflow/dags/sales_etl_dag.py
[2026-08-31T14:49:06.706+0000] {processor.py:925} INFO - DAG(s) 'etl_pipeline' retrieved from /opt/airflow/dags/sales_etl_dag.py
[2026-08-31T14:49:06.737+0000] {logging_mixin.py:190} INFO - [2026-08-31T14:49:06.737+0000] {dag.py:3239} INFO - Sync 1 DAGs
[2026-08-31T14:49:06.759+0000] {logging_mixin.py:190} INFO - [2026-08-31T14:49:06.759+0000] {dag.py:4180} INFO - Setting next_dagrun for etl_pipeline to 2026-08-31 00:00:00+00:00, run_after=2026-09-01 00:00:00+00:00
[2026-08-31T14:49:06.778+0000] {processor.py:208} INFO - Processing /opt/airflow/dags/sales_etl_dag.py took 0.100 seconds
[2026-08-31T14:49:37.064+0000] {processor.py:186} INFO - Started process (PID=286) to work on /opt/airflow/dags/sales_etl_dag.py
[2026-08-31T14:49:37.065+0000] {processor.py:914} INFO - Processing file /opt/airflow/dags/sales_etl_dag.py for tasks to queue
[2026-08-31T14:49:37.067+0000] {logging_mixin.py:190} INFO - [2026-08-31T14:49:37.067+0000] {dagbag.py:588} INFO - Filling up the DagBag from /opt/airflow/dags/sales_etl_dag.py
[2026-08-31T14:49:37.088+0000] {processor.py:925} INFO - DAG(s) 'etl_pipeline' retrieved from /opt/airflow/dags/sales_etl_dag.py
[2026-08-31T14:49:37.115+0000] {logging_mixin.py:190} INFO - [2026-08-31T14:49:37.115+0000] {dag.py:3239} INFO - Sync 1 DAGs
[2026-08-31T14:49:37.136+0000] {logging_mixin.py:190} INFO - [2026-08-31T14:49:37.136+0000] {dag.py:4180} INFO - Setting next_dagrun for etl_pipeline to 2026-08-31 00:00:00+00:00, run_after=2026-09-01 00:00:00+00:00
[2026-08-31T14:49:37.155+0000] {processor.py:208} INFO - Processing /opt/airflow/dags/sales_etl_dag.py took 0.096 seconds
[2026-08-31T14:50:07.418+0000] {processor.py:186} INFO - Started process (PID=291) to work on /opt/airflow/dags/sales_etl_dag.py
[2026-08-31T14:50:07.419+0000] {processor.py:914} INFO - Processing file /opt/airflow/dags/sales_etl_dag.py for tasks to queue
[2026-08-31T14:50:07.421+0000] {logging_mixin.py:190} INFO - [2026-08-31T14:50:07.421+0000] {dagbag.py:588} INFO - Filling up the DagBag from /opt/airflow/dags/sales_etl_dag.py
[2026-08-31T14:50:07.440+0000] {processor.py:925} INFO - DAG(s) 'etl_pipeline' retrieved from /opt/airflow/dags/sales_etl_dag.py
[2026-08-31T14:50:07.470+0000] {logging_mixin.py:190} INFO - [2026-08-31T14:50:07.469+0000] {dag.py:3239} INFO - Sync 1 DAGs
[2026-08-31T14:50:07.490+0000] {logging_mixin.py:190} INFO - [2026-08-31T14:50:07.490+0000] {dag.py:4180} INFO - Setting next_dagrun for etl_pipeline to 2026-08-31 00:00:00+00:00, run_after=2026-09-01 00:00:00+00:00
[2026-08-31T14:50:07.511+0000] {processor.py:208} INFO - Processing /opt/airflow/dags/sales_etl_dag.py took 0.098 seconds
[2026-08-31T14:50:37.781+0000] {processor.py:186} INFO - Started process (PID=296) to work on /opt/airflow/dags/sales_etl_dag.py
[2026-08-31T14:50:37.782+0000] {processor.py:914} INFO - Processing file /opt/airflow/dags/sales_etl_dag.py for tasks to queue
[2026-08-31T14:50:37.784+0000] {logging_mixin.py:190} INFO - [2026-08-31T14:50:37.784+0000] {dagbag.py:588} INFO - Filling up the DagBag from /opt/airflow/dags/sales_etl_dag.py
[2026-08-31T14:50:37.803+0000] {processor.py:925} INFO - DAG(s) 'etl_pipeline' retrieved from /opt/airflow/dags/sales_etl_dag.py
[2026-08-31T14:50:37.830+0000] {logging_mixin.py:190} INFO - [2026-08-31T14:50:37.829+0000] {dag.py:3239} INFO - Sync 1 DAGs
[2026-08-31T14:50:37.850+0000] {logging_mixin.py:190} INFO - [2026-08-31T14:50:37.850+0000] {dag.py:4180} INFO - Setting next_dagrun for etl_pipeline to 2026-08-31 00:00:00+00:00, run_after=2026-09-01 00:00:00+00:00
[2026-08-31T14:50:37.869+0000] {processor.py:208} INFO - Processing /opt/airflow/dags/sales_etl_dag.py took 0.095 seconds
[2026-08-31T14:51:08.111+0000] {processor.py:186} INFO - Started process (PID=301) to work on /opt/airflow/dags/sales_etl_dag.py
[2026-08-31T14:51:08.112+0000] {processor.py:914} INFO - Processing file /opt/airflow/dags/sales_etl_dag.py for tasks to queue
[2026-08-31T14:51:08.115+0000] {logging_mixin.py:190} INFO - [2026-08-31T14:51:08.114+0000] {dagbag.py:588} INFO - Filling up the DagBag from /opt/airflow/dags/sales_etl_dag.py
[2026-08-31T14:51:08.135+0000] {processor.py:925} INFO - DAG(s) 'etl_pipeline' retrieved from /opt/airflow/dags/sales_etl_dag.py
[2026-08-31T14:51:08.166+0000] {logging_mixin.py:190} INFO - [2026-08-31T14:51:08.165+0000] {dag.py:3239} INFO - Sync 1 DAGs
[2026-08-31T14:51:08.187+0000] {logging_mixin.py:190} INFO - [2026-08-31T14:51:08.187+0000] {dag.py:4180} INFO - Setting next_dagrun for etl_pipeline to 2026-08-31 00:00:00+00:00, run_after=2026-09-01 00:00:00+00:00
[2026-08-31T14:51:08.206+0000] {processor.py:208} INFO - Processing /opt/airflow/dags/sales_etl_dag.py took 0.100 seconds
[2026-08-31T14:51:38.414+0000] {processor.py:186} INFO - Started process (PID=306) to work on /opt/airflow/dags/sales_etl_dag.py
[2026-08-31T14:51:38.415+0000] {processor.py:914} INFO - Processing file /opt/airflow/dags/sales_etl_dag.py for tasks to queue
[2026-08-31T14:51:38.417+0000] {logging_mixin.py:190} INFO - [2026-08-31T14:51:38.417+0000] {dagbag.py:588} INFO - Filling up the DagBag from /opt/airflow/dags/sales_etl_dag.py
[2026-08-31T14:51:38.439+0000] {processor.py:925} INFO - DAG(s) 'etl_pipeline' retrieved from /opt/airflow/dags/sales_etl_dag.py
[2026-08-31T14:51:38.468+0000] {logging_mixin.py:190} INFO - [2026-08-31T14:51:38.468+0000] {dag.py:3239} INFO - Sync 1 DAGs
[2026-08-31T14:51:38.491+0000] {logging_mixin.py:190} INFO - [2026-08-31T14:51:38.491+0000] {dag.py:4180} INFO - Setting next_dagrun for etl_pipeline to 2026-08-31 00:00:00+00:00, run_after=2026-09-01 00:00:00+00:00
[2026-08-31T14:51:38.509+0000] {processor.py:208} INFO - Processing /opt/airflow/dags/sales_etl_dag.py took 0.100 seconds
[2026-08-31T14:52:08.805+0000] {processor.py:186} INFO - Started process (PID=311) to work on /opt/airflow/dags/sales_etl_dag.py
[2026-08-31T14:52:08.806+0000] {processor.py:914} INFO - Processing file /opt/airflow/dags/sales_etl_dag.py for tasks to queue
[2026-08-31T14:52:08.808+0000] {logging_mixin.py:190} INFO - [2026-08-31T14:52:08.807+0000] {dagbag.py:588} INFO - Filling up the DagBag from /opt/airflow/dags/sales_etl_dag.py
[2026-08-31T14:52:08.828+0000] {processor.py:925} INFO - DAG(s) 'etl_pipeline' retrieved from /opt/airflow/dags/sales_etl_dag.py
[2026-08-31T14:52:08.856+0000] {logging_mixin.py:190} INFO - [2026-08-31T14:52:08.855+0000] {dag.py:3239} INFO - Sync 1 DAGs
[2026-08-31T14:52:08.877+0000] {logging_mixin.py:190} INFO - [2026-08-31T14:52:08.877+0000] {dag.py:4180} INFO - Setting next_dagrun for etl_pipeline to 2026-08-31 00:00:00+00:00, run_after=2026-09-01 00:00:00+00:00
[2026-08-31T14:52:08.898+0000] {processor.py:208} INFO - Processing /opt/airflow/dags/sales_etl_dag.py took 0.098 seconds
[2026-08-31T14:52:39.096+0000] {processor.py:186} INFO - Started process (PID=316) to work on /opt/airflow/dags/sales_etl_dag.py
[2026-08-31T14:52:39.097+0000] {processor.py:914} INFO - Processing file /opt/airflow/dags/sales_etl_dag.py for tasks to queue
[2026-08-31T14:52:39.099+0000] {logging_mixin.py:190} INFO - [2026-08-31T14:52:39.099+0000] {dagbag.py:588} INFO - Filling up the DagBag from /opt/airflow/dags/sales_etl_dag.py
[2026-08-31T14:52:39.119+0000] {processor.py:925} INFO - DAG(s) 'etl_pipeline' retrieved from /opt/airflow/dags/sales_etl_dag.py
[2026-08-31T14:52:39.152+0000] {logging_mixin.py:190} INFO - [2026-08-31T14:52:39.152+0000] {dag.py:3239} INFO - Sync 1 DAGs
[2026-08-31T14:52:39.174+0000] {logging_mixin.py:190} INFO - [2026-08-31T14:52:39.174+0000] {dag.py:4180} INFO - Setting next_dagrun for etl_pipeline to 2026-08-31 00:00:00+00:00, run_after=2026-09-01 00:00:00+00:00
[2026-08-31T14:52:39.193+0000] {processor.py:208} INFO - Processing /opt/airflow/dags/sales_etl_dag.py took 0.101 seconds
[2026-08-31T14:53:09.460+0000] {processor.py:186} INFO - Started process (PID=321) to work on /opt/airflow/dags/sales_etl_dag.py
[2026-08-31T14:53:09.461+0000] {processor.py:914} INFO - Processing file /opt/airflow/dags/sales_etl_dag.py for tasks to queue
[2026-08-31T14:53:09.465+0000] {logging_mixin.py:190} INFO - [2026-08-31T14:53:09.464+0000] {dagbag.py:588} INFO - Filling up the DagBag from /opt/airflow/dags/sales_etl_dag.py
[2026-08-31T14:53:09.486+0000] {processor.py:925} INFO - DAG(s) 'etl_pipeline' retrieved from /opt/airflow/dags/sales_etl_dag.py
[2026-08-31T14:53:09.523+0000] {logging_mixin.py:190} INFO - [2026-08-31T14:53:09.522+0000] {dag.py:3239} INFO - Sync 1 DAGs
[2026-08-31T14:53:09.546+0000] {logging_mixin.py:190} INFO - [2026-08-31T14:53:09.546+0000] {dag.py:4180} INFO - Setting next_dagrun for etl_pipeline to 2026-08-31 00:00:00+00:00, run_after=2026-09-01 00:00:00+00:00
[2026-08-31T14:53:09.567+0000] {processor.py:208} INFO - Processing /opt/airflow/dags/sales_etl_dag.py took 0.112 seconds
[2026-08-31T14:53:39.799+0000] {processor.py:186} INFO - Started process (PID=326) to work on /opt/airflow/dags/sales_etl_dag.py
[2026-08-31T14:53:39.800+0000] {processor.py:914} INFO - Processing file /opt/airflow/dags/sales_etl_dag.py for tasks to queue
[2026-08-31T14:53:39.803+0000] {logging_mixin.py:190} INFO - [2026-08-31T14:53:39.802+0000] {dagbag.py:588} INFO - Filling up the DagBag from /opt/airflow/dags/sales_etl_dag.py
[2026-08-31T14:53:39.823+0000] {processor.py:925} INFO - DAG(s) 'etl_pipeline' retrieved from /opt/airflow/dags/sales_etl_dag.py
[2026-08-31T14:53:39.849+0000] {logging_mixin.py:190} INFO - [2026-08-31T14:53:39.849+0000] {dag.py:3239} INFO - Sync 1 DAGs
[2026-08-31T14:53:39.871+0000] {logging_mixin.py:190} INFO - [2026-08-31T14:53:39.871+0000] {dag.py:4180} INFO - Setting next_dagrun for etl_pipeline to 2026-08-31 00:00:00+00:00, run_after=2026-09-01 00:00:00+00:00
[2026-08-31T14:53:39.891+0000] {processor.py:208} INFO - Processing /opt/airflow/dags/sales_etl_dag.py took 0.097 seconds
[2026-08-31T14:54:10.172+0000] {processor.py:186} INFO - Started process (PID=331) to work on /opt/airflow/dags/sales_etl_dag.py
[2026-08-31T14:54:10.175+0000] {processor.py:914} INFO - Processing file /opt/airflow/dags/sales_etl_dag.py for tasks to queue
[2026-08-31T14:54:10.177+0000] {logging_mixin.py:190} INFO - [2026-08-31T14:54:10.177+0000] {dagbag.py:588} INFO - Filling up the DagBag from /opt/airflow/dags/sales_etl_dag.py
[2026-08-31T14:54:10.196+0000] {processor.py:925} INFO - DAG(s) 'etl_pipeline' retrieved from /opt/airflow/dags/sales_etl_dag.py
[2026-08-31T14:54:10.224+0000] {logging_mixin.py:190} INFO - [2026-08-31T14:54:10.224+0000] {dag.py:3239} INFO - Sync 1 DAGs
[2026-08-31T14:54:10.245+0000] {logging_mixin.py:190} INFO - [2026-08-31T14:54:10.245+0000] {dag.py:4180} INFO - Setting next_dagrun for etl_pipeline to 2026-08-31 00:00:00+00:00, run_after=2026-09-01 00:00:00+00:00
[2026-08-31T14:54:10.266+0000] {processor.py:208} INFO - Processing /opt/airflow/dags/sales_etl_dag.py took 0.099 seconds
[2026-08-31T14:54:40.539+0000] {processor.py:186} INFO - Started process (PID=336) to work on /opt/airflow/dags/sales_etl_dag.py
[2026-08-31T14:54:40.540+0000] {processor.py:914} INFO - Processing file /opt/airflow/dags/sales_etl_dag.py for tasks to queue
[2026-08-31T14:54:40.542+0000] {logging_mixin.py:190} INFO - [2026-08-31T14:54:40.542+0000] {dagbag.py:588} INFO - Filling up the DagBag from /opt/airflow/dags/sales_etl_dag.py
[2026-08-31T14:54:40.561+0000] {processor.py:925} INFO - DAG(s) 'etl_pipeline' retrieved from /opt/airflow/dags/sales_etl_dag.py
[2026-08-31T14:54:40.593+0000] {logging_mixin.py:190} INFO - [2026-08-31T14:54:40.593+0000] {dag.py:3239} INFO - Sync 1 DAGs
[2026-08-31T14:54:40.618+0000] {logging_mixin.py:190} INFO - [2026-08-31T14:54:40.617+0000] {dag.py:4180} INFO - Setting next_dagrun for etl_pipeline to 2026-08-31 00:00:00+00:00, run_after=2026-09-01 00:00:00+00:00
[2026-08-31T14:54:40.637+0000] {processor.py:208} INFO - Processing /opt/airflow/dags/sales_etl_dag.py took 0.104 seconds
[2026-08-31T14:55:10.883+0000] {processor.py:186} INFO - Started process (PID=341) to work on /opt/airflow/dags/sales_etl_dag.py
[2026-08-31T14:55:10.884+0000] {processor.py:914} INFO - Processing file /opt/airflow/dags/sales_etl_dag.py for tasks to queue
[2026-08-31T14:55:10.886+0000] {logging_mixin.py:190} INFO - [2026-08-31T14:55:10.886+0000] {dagbag.py:588} INFO - Filling up the DagBag from /opt/airflow/dags/sales_etl_dag.py
[2026-08-31T14:55:10.904+0000] {processor.py:925} INFO - DAG(s) 'etl_pipeline' retrieved from /opt/airflow/dags/sales_etl_dag.py
[2026-08-31T14:55:10.930+0000] {logging_mixin.py:190} INFO - [2026-08-31T14:55:10.930+0000] {dag.py:3239} INFO - Sync 1 DAGs
[2026-08-31T14:55:10.951+0000] {logging_mixin.py:190} INFO - [2026-08-31T14:55:10.951+0000] {dag.py:4180} INFO - Setting next_dagrun for etl_pipeline to 2026-08-31 00:00:00+00:00, run_after=2026-09-01 00:00:00+00:00
[2026-08-31T14:55:10.970+0000] {processor.py:208} INFO - Processing /opt/airflow/dags/sales_etl_dag.py took 0.093 seconds
[2026-08-31T14:55:41.220+0000] {processor.py:186} INFO - Started process (PID=346) to work on /opt/airflow/dags/sales_etl_dag.py
[2026-08-31T14:55:41.221+0000] {processor.py:914} INFO - Processing file /opt/airflow/dags/sales_etl_dag.py for tasks to queue
[2026-08-31T14:55:41.224+0000] {logging_mixin.py:190} INFO - [2026-08-31T14:55:41.223+0000] {dagbag.py:588} INFO - Filling up the DagBag from /opt/airflow/dags/sales_etl_dag.py
[2026-08-31T14:55:41.243+0000] {processor.py:925} INFO - DAG(s) 'etl_pipeline' retrieved from /opt/airflow/dags/sales_etl_dag.py
[2026-08-31T14:55:41.272+0000] {logging_mixin.py:190} INFO - [2026-08-31T14:55:41.272+0000] {dag.py:3239} INFO - Sync 1 DAGs
[2026-08-31T14:55:41.294+0000] {logging_mixin.py:190} INFO - [2026-08-31T14:55:41.294+0000] {dag.py:4180} INFO - Setting next_dagrun for etl_pipeline to 2026-08-31 00:00:00+00:00, run_after=2026-09-01 00:00:00+00:00
[2026-08-31T14:55:41.312+0000] {processor.py:208} INFO - Processing /opt/airflow/dags/sales_etl_dag.py took 0.098 seconds
[2026-08-31T14:56:11.608+0000] {processor.py:186} INFO - Started process (PID=351) to work on /opt/airflow/dags/sales_etl_dag.py
[2026-08-31T14:56:11.609+0000] {processor.py:914} INFO - Processing file /opt/airflow/dags/sales_etl_dag.py for tasks to queue
[2026-08-31T14:56:11.611+0000] {logging_mixin.py:190} INFO - [2026-08-31T14:56:11.611+0000] {dagbag.py:588} INFO - Filling up the DagBag from /opt/airflow/dags/sales_etl_dag.py
[2026-08-31T14:56:11.631+0000] {processor.py:925} INFO - DAG(s) 'etl_pipeline' retrieved from /opt/airflow/dags/sales_etl_dag.py
[2026-08-31T14:56:11.659+0000] {logging_mixin.py:190} INFO - [2026-08-31T14:56:11.658+0000] {dag.py:3239} INFO - Sync 1 DAGs
[2026-08-31T14:56:11.682+0000] {logging_mixin.py:190} INFO - [2026-08-31T14:56:11.682+0000] {dag.py:4180} INFO - Setting next_dagrun for etl_pipeline to 2026-08-31 00:00:00+00:00, run_after=2026-09-01 00:00:00+00:00
[2026-08-31T14:56:11.705+0000] {processor.py:208} INFO - Processing /opt/airflow/dags/sales_etl_dag.py took 0.103 seconds
[2026-08-31T14:56:41.913+0000] {processor.py:186} INFO - Started process (PID=356) to work on /opt/airflow/dags/sales_etl_dag.py
[2026-08-31T14:56:41.914+0000] {processor.py:914} INFO - Processing file /opt/airflow/dags/sales_etl_dag.py for tasks to queue
[2026-08-31T14:56:41.917+0000] {logging_mixin.py:190} INFO - [2026-08-31T14:56:41.916+0000] {dagbag.py:588} INFO - Filling up the DagBag from /opt/airflow/dags/sales_etl_dag.py
[2026-08-31T14:56:41.934+0000] {processor.py:925} INFO - DAG(s) 'etl_pipeline' retrieved from /opt/airflow/dags/sales_etl_dag.py
[2026-08-31T14:56:41.961+0000] {logging_mixin.py:190} INFO - [2026-08-31T14:56:41.961+0000] {dag.py:3239} INFO - Sync 1 DAGs
[2026-08-31T14:56:41.985+0000] {logging_mixin.py:190} INFO - [2026-08-31T14:56:41.985+0000] {dag.py:4180} INFO - Setting next_dagrun for etl_pipeline to 2026-08-31 00:00:00+00:00, run_after=2026-09-01 00:00:00+00:00
[2026-08-31T14:56:42.006+0000] {processor.py:208} INFO - Processing /opt/airflow/dags/sales_etl_dag.py took 0.098 seconds
[2026-08-31T14:57:12.337+0000] {processor.py:186} INFO - Started process (PID=361) to work on /opt/airflow/dags/sales_etl_dag.py
[2026-08-31T14:57:12.338+0000] {processor.py:914} INFO - Processing file /opt/airflow/dags/sales_etl_dag.py for tasks to queue
[2026-08-31T14:57:12.341+0000] {logging_mixin.py:190} INFO - [2026-08-31T14:57:12.340+0000] {dagbag.py:588} INFO - Filling up the DagBag from /opt/airflow/dags/sales_etl_dag.py
[2026-08-31T14:57:12.360+0000] {processor.py:925} INFO - DAG(s) 'etl_pipeline' retrieved from /opt/airflow/dags/sales_etl_dag.py
[2026-08-31T14:57:12.386+0000] {logging_mixin.py:190} INFO - [2026-08-31T14:57:12.385+0000] {dag.py:3239} INFO - Sync 1 DAGs
[2026-08-31T14:57:12.407+0000] {logging_mixin.py:190} INFO - [2026-08-31T14:57:12.407+0000] {dag.py:4180} INFO - Setting next_dagrun for etl_pipeline to 2026-08-31 00:00:00+00:00, run_after=2026-09-01 00:00:00+00:00
[2026-08-31T14:57:12.430+0000] {processor.py:208} INFO - Processing /opt/airflow/dags/sales_etl_dag.py took 0.098 seconds
[2026-08-31T14:57:42.668+0000] {processor.py:186} INFO - Started process (PID=366) to work on /opt/airflow/dags/sales_etl_dag.py
[2026-08-31T14:57:42.669+0000] {processor.py:914} INFO - Processing file /opt/airflow/dags/sales_etl_dag.py for tasks to queue
[2026-08-31T14:57:42.671+0000] {logging_mixin.py:190} INFO - [2026-08-31T14:57:42.671+0000] {dagbag.py:588} INFO - Filling up the DagBag from /opt/airflow/dags/sales_etl_dag.py
[2026-08-31T14:57:42.689+0000] {processor.py:925} INFO - DAG(s) 'etl_pipeline' retrieved from /opt/airflow/dags/sales_etl_dag.py
[2026-08-31T14:57:42.718+0000] {logging_mixin.py:190} INFO - [2026-08-31T14:57:42.718+0000] {dag.py:3239} INFO - Sync 1 DAGs
[2026-08-31T14:57:42.741+0000] {logging_mixin.py:190} INFO - [2026-08-31T14:57:42.741+0000] {dag.py:4180} INFO - Setting next_dagrun for etl_pipeline to 2026-08-31 00:00:00+00:00, run_after=2026-09-01 00:00:00+00:00
[2026-08-31T14:57:42.759+0000] {processor.py:208} INFO - Processing /opt/airflow/dags/sales_etl_dag.py took 0.096 seconds
[2026-08-31T14:58:13.051+0000] {processor.py:186} INFO - Started process (PID=371) to work on /opt/airflow/dags/sales_etl_dag.py
[2026-08-31T14:58:13.051+0000] {processor.py:914} INFO - Processing file /opt/airflow/dags/sales_etl_dag.py for tasks to queue
[2026-08-31T14:58:13.054+0000] {logging_mixin.py:190} INFO - [2026-08-31T14:58:13.054+0000] {dagbag.py:588} INFO - Filling up the DagBag from /opt/airflow/dags/sales_etl_dag.py
[2026-08-31T14:58:13.071+0000] {processor.py:925} INFO - DAG(s) 'etl_pipeline' retrieved from /opt/airflow/dags/sales_etl_dag.py
[2026-08-31T14:58:13.096+0000] {logging_mixin.py:190} INFO - [2026-08-31T14:58:13.096+0000] {dag.py:3239} INFO - Sync 1 DAGs
[2026-08-31T14:58:13.117+0000] {logging_mixin.py:190} INFO - [2026-08-31T14:58:13.117+0000] {dag.py:4180} INFO - Setting next_dagrun for etl_pipeline to 2026-08-31 00:00:00+00:00, run_after=2026-09-01 00:00:00+00:00
[2026-08-31T14:58:13.136+0000] {processor.py:208} INFO - Processing /opt/airflow/dags/sales_etl_dag.py took 0.091 seconds
[2026-08-31T14:58:43.379+0000] {processor.py:186} INFO - Started process (PID=376) to work on /opt/airflow/dags/sales_etl_dag.py
[2026-08-31T14:58:43.380+0000] {processor.py:914} INFO - Processing file /opt/airflow/dags/sales_etl_dag.py for tasks to queue
[2026-08-31T14:58:43.382+0000] {logging_mixin.py:190} INFO - [2026-08-31T14:58:43.382+0000] {dagbag.py:588} INFO - Filling up the DagBag from /opt/airflow/dags/sales_etl_dag.py
[2026-08-31T14:58:43.401+0000] {processor.py:925} INFO - DAG(s) 'etl_pipeline' retrieved from /opt/airflow/dags/sales_etl_dag.py
[2026-08-31T14:58:43.429+0000] {logging_mixin.py:190} INFO - [2026-08-31T14:58:43.429+0000] {dag.py:3239} INFO - Sync 1 DAGs
[2026-08-31T14:58:43.450+0000] {logging_mixin.py:190} INFO - [2026-08-31T14:58:43.450+0000] {dag.py:4180} INFO - Setting next_dagrun for etl_pipeline to 2026-08-31 00:00:00+00:00, run_after=2026-09-01 00:00:00+00:00
[2026-08-31T14:58:43.469+0000] {processor.py:208} INFO - Processing /opt/airflow/dags/sales_etl_dag.py took 0.094 seconds
[2026-08-31T14:59:13.792+0000] {processor.py:186} INFO - Started process (PID=381) to work on /opt/airflow/dags/sales_etl_dag.py
[2026-08-31T14:59:13.793+0000] {processor.py:914} INFO - Processing file /opt/airflow/dags/sales_etl_dag.py for tasks to queue
[2026-08-31T14:59:13.795+0000] {logging_mixin.py:190} INFO - [2026-08-31T14:59:13.795+0000] {dagbag.py:588} INFO - Filling up the DagBag from /opt/airflow/dags/sales_etl_dag.py
[2026-08-31T14:59:13.813+0000] {processor.py:925} INFO - DAG(s) 'etl_pipeline' retrieved from /opt/airflow/dags/sales_etl_dag.py
[2026-08-31T14:59:13.837+0000] {logging_mixin.py:190} INFO - [2026-08-31T14:59:13.836+0000] {dag.py:3239} INFO - Sync 1 DAGs
[2026-08-31T14:59:13.855+0000] {logging_mixin.py:190} INFO - [2026-08-31T14:59:13.855+0000] {dag.py:4180} INFO - Setting next_dagrun for etl_pipeline to 2026-08-31 00:00:00+00:00, run_after=2026-09-01 00:00:00+00:00
[2026-08-31T14:59:13.873+0000] {processor.py:208} INFO - Processing /opt/airflow/dags/sales_etl_dag.py took 0.085 seconds
[2026-08-31T14:59:44.101+0000] {processor.py:186} INFO - Started process (PID=386) to work on /opt/airflow/dags/sales_etl_dag.py
[2026-08-31T14:59:44.102+0000] {processor.py:914} INFO - Processing file /opt/airflow/dags/sales_etl_dag.py for tasks to queue
[2026-08-31T14:59:44.105+0000] {logging_mixin.py:190} INFO - [2026-08-31T14:59:44.104+0000] {dagbag.py:588} INFO - Filling up the DagBag from /opt/airflow/dags/sales_etl_dag.py
[2026-08-31T14:59:44.123+0000] {processor.py:925} INFO - DAG(s) 'etl_pipeline' retrieved from /opt/airflow/dags/sales_etl_dag.py
[2026-08-31T14:59:44.150+0000] {logging_mixin.py:190} INFO - [2026-08-31T14:59:44.150+0000] {dag.py:3239} INFO - Sync 1 DAGs
[2026-08-31T14:59:44.172+0000] {logging_mixin.py:190} INFO - [2026-08-31T14:59:44.171+0000] {dag.py:4180} INFO - Setting next_dagrun for etl_pipeline to 2026-08-31 00:00:00+00:00, run_after=2026-09-01 00:00:00+00:00
[2026-08-31T14:59:44.191+0000] {processor.py:208} INFO - Processing /opt/airflow/dags/sales_etl_dag.py took 0.095 seconds
[2026-08-31T15:00:14.456+0000] {processor.py:186} INFO - Started process (PID=391) to work on /opt/airflow/dags/sales_etl_dag.py
[2026-08-31T15:00:14.457+0000] {processor.py:914} INFO - Processing file /opt/airflow/dags/sales_etl_dag.py for tasks to queue
[2026-08-31T15:00:14.459+0000] {logging_mixin.py:190} INFO - [2026-08-31T15:00:14.459+0000] {dagbag.py:588} INFO - Filling up the DagBag from /opt/airflow/dags/sales_etl_dag.py
[2026-08-31T15:00:14.485+0000] {processor.py:925} INFO - DAG(s) 'etl_pipeline' retrieved from /opt/airflow/dags/sales_etl_dag.py
[2026-08-31T15:00:14.522+0000] {logging_mixin.py:190} INFO - [2026-08-31T15:00:14.521+0000] {dag.py:3239} INFO - Sync 1 DAGs
[2026-08-31T15:00:14.553+0000] {logging_mixin.py:190} INFO - [2026-08-31T15:00:14.553+0000] {dag.py:4180} INFO - Setting next_dagrun for etl_pipeline to 2026-08-31 00:00:00+00:00, run_after=2026-09-01 00:00:00+00:00
[2026-08-31T15:00:14.575+0000] {processor.py:208} INFO - Processing /opt/airflow/dags/sales_etl_dag.py took 0.124 seconds
[2026-08-31T15:00:44.760+0000] {processor.py:186} INFO - Started process (PID=396) to work on /opt/airflow/dags/sales_etl_dag.py
[2026-08-31T15:00:44.761+0000] {processor.py:914} INFO - Processing file /opt/airflow/dags/sales_etl_dag.py for tasks to queue
[2026-08-31T15:00:44.763+0000] {logging_mixin.py:190} INFO - [2026-08-31T15:00:44.763+0000] {dagbag.py:588} INFO - Filling up the DagBag from /opt/airflow/dags/sales_etl_dag.py
[2026-08-31T15:00:44.781+0000] {processor.py:925} INFO - DAG(s) 'etl_pipeline' retrieved from /opt/airflow/dags/sales_etl_dag.py
[2026-08-31T15:00:44.807+0000] {logging_mixin.py:190} INFO - [2026-08-31T15:00:44.806+0000] {dag.py:3239} INFO - Sync 1 DAGs
[2026-08-31T15:00:44.826+0000] {logging_mixin.py:190} INFO - [2026-08-31T15:00:44.826+0000] {dag.py:4180} INFO - Setting next_dagrun for etl_pipeline to 2026-08-31 00:00:00+00:00, run_after=2026-09-01 00:00:00+00:00
[2026-08-31T15:00:44.844+0000] {processor.py:208} INFO - Processing /opt/airflow/dags/sales_etl_dag.py took 0.090 seconds
[2026-08-31T15:01:15.137+0000] {processor.py:186} INFO - Started process (PID=401) to work on /opt/airflow/dags/sales_etl_dag.py
[2026-08-31T15:01:15.138+0000] {processor.py:914} INFO - Processing file /opt/airflow/dags/sales_etl_dag.py for tasks to queue
[2026-08-31T15:01:15.141+0000] {logging_mixin.py:190} INFO - [2026-08-31T15:01:15.140+0000] {dagbag.py:588} INFO - Filling up the DagBag from /opt/airflow/dags/sales_etl_dag.py
[2026-08-31T15:01:15.161+0000] {processor.py:925} INFO - DAG(s) 'etl_pipeline' retrieved from /opt/airflow/dags/sales_etl_dag.py
[2026-08-31T15:01:15.188+0000] {logging_mixin.py:190} INFO - [2026-08-31T15:01:15.187+0000] {dag.py:3239} INFO - Sync 1 DAGs
[2026-08-31T15:01:15.209+0000] {logging_mixin.py:190} INFO - [2026-08-31T15:01:15.209+0000] {dag.py:4180} INFO - Setting next_dagrun for etl_pipeline to 2026-08-31 00:00:00+00:00, run_after=2026-09-01 00:00:00+00:00
[2026-08-31T15:01:15.230+0000] {processor.py:208} INFO - Processing /opt/airflow/dags/sales_etl_dag.py took 0.101 seconds
[2026-08-31T15:01:45.371+0000] {processor.py:186} INFO - Started process (PID=406) to work on /opt/airflow/dags/sales_etl_dag.py
[2026-08-31T15:01:45.373+0000] {processor.py:914} INFO - Processing file /opt/airflow/dags/sales_etl_dag.py for tasks to queue
[2026-08-31T15:01:45.375+0000] {logging_mixin.py:190} INFO - [2026-08-31T15:01:45.375+0000] {dagbag.py:588} INFO - Filling up the DagBag from /opt/airflow/dags/sales_etl_dag.py
[2026-08-31T15:01:45.394+0000] {processor.py:925} INFO - DAG(s) 'etl_pipeline' retrieved from /opt/airflow/dags/sales_etl_dag.py
[2026-08-31T15:01:45.418+0000] {logging_mixin.py:190} INFO - [2026-08-31T15:01:45.418+0000] {dag.py:3239} INFO - Sync 1 DAGs
[2026-08-31T15:01:45.440+0000] {logging_mixin.py:190} INFO - [2026-08-31T15:01:45.439+0000] {dag.py:4180} INFO - Setting next_dagrun for etl_pipeline to 2026-08-31 00:00:00+00:00, run_after=2026-09-01 00:00:00+00:00
[2026-08-31T15:01:45.459+0000] {processor.py:208} INFO - Processing /opt/airflow/dags/sales_etl_dag.py took 0.093 seconds
[2026-08-31T15:02:15.633+0000] {processor.py:186} INFO - Started process (PID=411) to work on /opt/airflow/dags/sales_etl_dag.py
[2026-08-31T15:02:15.634+0000] {processor.py:914} INFO - Processing file /opt/airflow/dags/sales_etl_dag.py for tasks to queue
[2026-08-31T15:02:15.636+0000] {logging_mixin.py:190} INFO - [2026-08-31T15:02:15.636+0000] {dagbag.py:588} INFO - Filling up the DagBag from /opt/airflow/dags/sales_etl_dag.py
[2026-08-31T15:02:15.656+0000] {processor.py:925} INFO - DAG(s) 'etl_pipeline' retrieved from /opt/airflow/dags/sales_etl_dag.py
[2026-08-31T15:02:15.687+0000] {logging_mixin.py:190} INFO - [2026-08-31T15:02:15.687+0000] {dag.py:3239} INFO - Sync 1 DAGs
[2026-08-31T15:02:15.726+0000] {logging_mixin.py:190} INFO - [2026-08-31T15:02:15.726+0000] {dag.py:4180} INFO - Setting next_dagrun for etl_pipeline to 2026-08-31 00:00:00+00:00, run_after=2026-09-01 00:00:00+00:00
[2026-08-31T15:02:15.750+0000] {processor.py:208} INFO - Processing /opt/airflow/dags/sales_etl_dag.py took 0.122 seconds
[2026-08-31T15:02:46.017+0000] {processor.py:186} INFO - Started process (PID=416) to work on /opt/airflow/dags/sales_etl_dag.py
[2026-08-31T15:02:46.018+0000] {processor.py:914} INFO - Processing file /opt/airflow/dags/sales_etl_dag.py for tasks to queue
[2026-08-31T15:02:46.020+0000] {logging_mixin.py:190} INFO - [2026-08-31T15:02:46.020+0000] {dagbag.py:588} INFO - Filling up the DagBag from /opt/airflow/dags/sales_etl_dag.py
[2026-08-31T15:02:46.040+0000] {processor.py:925} INFO - DAG(s) 'etl_pipeline' retrieved from /opt/airflow/dags/sales_etl_dag.py
[2026-08-31T15:02:46.065+0000] {logging_mixin.py:190} INFO - [2026-08-31T15:02:46.065+0000] {dag.py:3239} INFO - Sync 1 DAGs
[2026-08-31T15:02:46.087+0000] {logging_mixin.py:190} INFO - [2026-08-31T15:02:46.087+0000] {dag.py:4180} INFO - Setting next_dagrun for etl_pipeline to 2026-08-31 00:00:00+00:00, run_after=2026-09-01 00:00:00+00:00
[2026-08-31T15:02:46.109+0000] {processor.py:208} INFO - Processing /opt/airflow/dags/sales_etl_dag.py took 0.098 seconds
[2026-08-31T15:03:16.290+0000] {processor.py:186} INFO - Started process (PID=445) to work on /opt/airflow/dags/sales_etl_dag.py
[2026-08-31T15:03:16.290+0000] {processor.py:914} INFO - Processing file /opt/airflow/dags/sales_etl_dag.py for tasks to queue
[2026-08-31T15:03:16.293+0000] {logging_mixin.py:190} INFO - [2026-08-31T15:03:16.293+0000] {dagbag.py:588} INFO - Filling up the DagBag from /opt/airflow/dags/sales_etl_dag.py
[2026-08-31T15:03:16.315+0000] {processor.py:925} INFO - DAG(s) 'etl_pipeline' retrieved from /opt/airflow/dags/sales_etl_dag.py
[2026-08-31T15:03:16.345+0000] {logging_mixin.py:190} INFO - [2026-08-31T15:03:16.345+0000] {dag.py:3239} INFO - Sync 1 DAGs
[2026-08-31T15:03:16.367+0000] {logging_mixin.py:190} INFO - [2026-08-31T15:03:16.366+0000] {dag.py:4180} INFO - Setting next_dagrun for etl_pipeline to 2026-08-31 00:00:00+00:00, run_after=2026-09-01 00:00:00+00:00
[2026-08-31T15:03:16.385+0000] {processor.py:208} INFO - Processing /opt/airflow/dags/sales_etl_dag.py took 0.102 seconds
[2026-08-31T15:03:46.618+0000] {processor.py:186} INFO - Started process (PID=450) to work on /opt/airflow/dags/sales_etl_dag.py
[2026-08-31T15:03:46.620+0000] {processor.py:914} INFO - Processing file /opt/airflow/dags/sales_etl_dag.py for tasks to queue
[2026-08-31T15:03:46.623+0000] {logging_mixin.py:190} INFO - [2026-08-31T15:03:46.623+0000] {dagbag.py:588} INFO - Filling up the DagBag from /opt/airflow/dags/sales_etl_dag.py
[2026-08-31T15:03:46.653+0000] {processor.py:925} INFO - DAG(s) 'etl_pipeline' retrieved from /opt/airflow/dags/sales_etl_dag.py
[2026-08-31T15:03:46.687+0000] {logging_mixin.py:190} INFO - [2026-08-31T15:03:46.687+0000] {dag.py:3239} INFO - Sync 1 DAGs
[2026-08-31T15:03:46.713+0000] {logging_mixin.py:190} INFO - [2026-08-31T15:03:46.713+0000] {dag.py:4180} INFO - Setting next_dagrun for etl_pipeline to 2026-08-31 00:00:00+00:00, run_after=2026-09-01 00:00:00+00:00
[2026-08-31T15:03:46.733+0000] {processor.py:208} INFO - Processing /opt/airflow/dags/sales_etl_dag.py took 0.122 seconds
[2026-08-31T15:04:16.890+0000] {processor.py:186} INFO - Started process (PID=455) to work on /opt/airflow/dags/sales_etl_dag.py
[2026-08-31T15:04:16.891+0000] {processor.py:914} INFO - Processing file /opt/airflow/dags/sales_etl_dag.py for tasks to queue
[2026-08-31T15:04:16.893+0000] {logging_mixin.py:190} INFO - [2026-08-31T15:04:16.893+0000] {dagbag.py:588} INFO - Filling up the DagBag from /opt/airflow/dags/sales_etl_dag.py
[2026-08-31T15:04:16.915+0000] {processor.py:925} INFO - DAG(s) 'etl_pipeline' retrieved from /opt/airflow/dags/sales_etl_dag.py
[2026-08-31T15:04:16.941+0000] {logging_mixin.py:190} INFO - [2026-08-31T15:04:16.941+0000] {dag.py:3239} INFO - Sync 1 DAGs
[2026-08-31T15:04:16.962+0000] {logging_mixin.py:190} INFO - [2026-08-31T15:04:16.962+0000] {dag.py:4180} INFO - Setting next_dagrun for etl_pipeline to 2026-08-31 00:00:00+00:00, run_after=2026-09-01 00:00:00+00:00
[2026-08-31T15:04:16.982+0000] {processor.py:208} INFO - Processing /opt/airflow/dags/sales_etl_dag.py took 0.098 seconds
[2026-08-31T15:04:47.247+0000] {processor.py:186} INFO - Started process (PID=460) to work on /opt/airflow/dags/sales_etl_dag.py
[2026-08-31T15:04:47.248+0000] {processor.py:914} INFO - Processing file /opt/airflow/dags/sales_etl_dag.py for tasks to queue
[2026-08-31T15:04:47.251+0000] {logging_mixin.py:190} INFO - [2026-08-31T15:04:47.251+0000] {dagbag.py:588} INFO - Filling up the DagBag from /opt/airflow/dags/sales_etl_dag.py
[2026-08-31T15:04:47.276+0000] {processor.py:925} INFO - DAG(s) 'etl_pipeline' retrieved from /opt/airflow/dags/sales_etl_dag.py
[2026-08-31T15:04:47.305+0000] {logging_mixin.py:190} INFO - [2026-08-31T15:04:47.304+0000] {dag.py:3239} INFO - Sync 1 DAGs
[2026-08-31T15:04:47.327+0000] {logging_mixin.py:190} INFO - [2026-08-31T15:04:47.327+0000] {dag.py:4180} INFO - Setting next_dagrun for etl_pipeline to 2026-08-31 00:00:00+00:00, run_after=2026-09-01 00:00:00+00:00
[2026-08-31T15:04:47.351+0000] {processor.py:208} INFO - Processing /opt/airflow/dags/sales_etl_dag.py took 0.110 seconds
[2026-08-31T15:05:17.579+0000] {processor.py:186} INFO - Started process (PID=465) to work on /opt/airflow/dags/sales_etl_dag.py
[2026-08-31T15:05:17.580+0000] {processor.py:914} INFO - Processing file /opt/airflow/dags/sales_etl_dag.py for tasks to queue
[2026-08-31T15:05:17.582+0000] {logging_mixin.py:190} INFO - [2026-08-31T15:05:17.582+0000] {dagbag.py:588} INFO - Filling up the DagBag from /opt/airflow/dags/sales_etl_dag.py
[2026-08-31T15:05:17.601+0000] {processor.py:925} INFO - DAG(s) 'etl_pipeline' retrieved from /opt/airflow/dags/sales_etl_dag.py
[2026-08-31T15:05:17.626+0000] {logging_mixin.py:190} INFO - [2026-08-31T15:05:17.626+0000] {dag.py:3239} INFO - Sync 1 DAGs
[2026-08-31T15:05:17.646+0000] {logging_mixin.py:190} INFO - [2026-08-31T15:05:17.646+0000] {dag.py:4180} INFO - Setting next_dagrun for etl_pipeline to 2026-08-31 00:00:00+00:00, run_after=2026-09-01 00:00:00+00:00
[2026-08-31T15:05:17.665+0000] {processor.py:208} INFO - Processing /opt/airflow/dags/sales_etl_dag.py took 0.091 seconds
[2026-08-31T15:05:47.900+0000] {processor.py:186} INFO - Started process (PID=470) to work on /opt/airflow/dags/sales_etl_dag.py
[2026-08-31T15:05:47.901+0000] {processor.py:914} INFO - Processing file /opt/airflow/dags/sales_etl_dag.py for tasks to queue
[2026-08-31T15:05:47.903+0000] {logging_mixin.py:190} INFO - [2026-08-31T15:05:47.902+0000] {dagbag.py:588} INFO - Filling up the DagBag from /opt/airflow/dags/sales_etl_dag.py
[2026-08-31T15:05:47.920+0000] {processor.py:925} INFO - DAG(s) 'etl_pipeline' retrieved from /opt/airflow/dags/sales_etl_dag.py
[2026-08-31T15:05:47.949+0000] {logging_mixin.py:190} INFO - [2026-08-31T15:05:47.948+0000] {dag.py:3239} INFO - Sync 1 DAGs
[2026-08-31T15:05:47.969+0000] {logging_mixin.py:190} INFO - [2026-08-31T15:05:47.968+0000] {dag.py:4180} INFO - Setting next_dagrun for etl_pipeline to 2026-08-31 00:00:00+00:00, run_after=2026-09-01 00:00:00+00:00
[2026-08-31T15:05:47.987+0000] {processor.py:208} INFO - Processing /opt/airflow/dags/sales_etl_dag.py took 0.092 seconds
[2026-08-31T15:06:18.184+0000] {processor.py:186} INFO - Started process (PID=475) to work on /opt/airflow/dags/sales_etl_dag.py
[2026-08-31T15:06:18.186+0000] {processor.py:914} INFO - Processing file /opt/airflow/dags/sales_etl_dag.py for tasks to queue
[2026-08-31T15:06:18.189+0000] {logging_mixin.py:190} INFO - [2026-08-31T15:06:18.189+0000] {dagbag.py:588} INFO - Filling up the DagBag from /opt/airflow/dags/sales_etl_dag.py
[2026-08-31T15:06:18.210+0000] {processor.py:925} INFO - DAG(s) 'etl_pipeline' retrieved from /opt/airflow/dags/sales_etl_dag.py
[2026-08-31T15:06:18.238+0000] {logging_mixin.py:190} INFO - [2026-08-31T15:06:18.237+0000] {dag.py:3239} INFO - Sync 1 DAGs
[2026-08-31T15:06:18.259+0000] {logging_mixin.py:190} INFO - [2026-08-31T15:06:18.259+0000] {dag.py:4180} INFO - Setting next_dagrun for etl_pipeline to 2026-08-31 00:00:00+00:00, run_after=2026-09-01 00:00:00+00:00
[2026-08-31T15:06:18.282+0000] {processor.py:208} INFO - Processing /opt/airflow/dags/sales_etl_dag.py took 0.104 seconds
[2026-08-31T15:06:48.519+0000] {processor.py:186} INFO - Started process (PID=480) to work on /opt/airflow/dags/sales_etl_dag.py
[2026-08-31T15:06:48.519+0000] {processor.py:914} INFO - Processing file /opt/airflow/dags/sales_etl_dag.py for tasks to queue
[2026-08-31T15:06:48.522+0000] {logging_mixin.py:190} INFO - [2026-08-31T15:06:48.521+0000] {dagbag.py:588} INFO - Filling up the DagBag from /opt/airflow/dags/sales_etl_dag.py
[2026-08-31T15:06:48.544+0000] {processor.py:925} INFO - DAG(s) 'etl_pipeline' retrieved from /opt/airflow/dags/sales_etl_dag.py
[2026-08-31T15:06:48.570+0000] {logging_mixin.py:190} INFO - [2026-08-31T15:06:48.569+0000] {dag.py:3239} INFO - Sync 1 DAGs
[2026-08-31T15:06:48.590+0000] {logging_mixin.py:190} INFO - [2026-08-31T15:06:48.590+0000] {dag.py:4180} INFO - Setting next_dagrun for etl_pipeline to 2026-08-31 00:00:00+00:00, run_after=2026-09-01 00:00:00+00:00
[2026-08-31T15:06:48.611+0000] {processor.py:208} INFO - Processing /opt/airflow/dags/sales_etl_dag.py took 0.098 seconds
[2026-08-31T15:07:18.797+0000] {processor.py:186} INFO - Started process (PID=485) to work on /opt/airflow/dags/sales_etl_dag.py
[2026-08-31T15:07:18.798+0000] {processor.py:914} INFO - Processing file /opt/airflow/dags/sales_etl_dag.py for tasks to queue
[2026-08-31T15:07:18.800+0000] {logging_mixin.py:190} INFO - [2026-08-31T15:07:18.800+0000] {dagbag.py:588} INFO - Filling up the DagBag from /opt/airflow/dags/sales_etl_dag.py
[2026-08-31T15:07:18.819+0000] {processor.py:925} INFO - DAG(s) 'etl_pipeline' retrieved from /opt/airflow/dags/sales_etl_dag.py
[2026-08-31T15:07:18.846+0000] {logging_mixin.py:190} INFO - [2026-08-31T15:07:18.846+0000] {dag.py:3239} INFO - Sync 1 DAGs
[2026-08-31T15:07:18.867+0000] {logging_mixin.py:190} INFO - [2026-08-31T15:07:18.867+0000] {dag.py:4180} INFO - Setting next_dagrun for etl_pipeline to 2026-08-31 00:00:00+00:00, run_after=2026-09-01 00:00:00+00:00
[2026-08-31T15:07:18.886+0000] {processor.py:208} INFO - Processing /opt/airflow/dags/sales_etl_dag.py took 0.094 seconds
[2026-08-31T15:07:49.172+0000] {processor.py:186} INFO - Started process (PID=490) to work on /opt/airflow/dags/sales_etl_dag.py
[2026-08-31T15:07:49.172+0000] {processor.py:914} INFO - Processing file /opt/airflow/dags/sales_etl_dag.py for tasks to queue
[2026-08-31T15:07:49.175+0000] {logging_mixin.py:190} INFO - [2026-08-31T15:07:49.174+0000] {dagbag.py:588} INFO - Filling up the DagBag from /opt/airflow/dags/sales_etl_dag.py
[2026-08-31T15:07:49.193+0000] {processor.py:925} INFO - DAG(s) 'etl_pipeline' retrieved from /opt/airflow/dags/sales_etl_dag.py
[2026-08-31T15:07:49.218+0000] {logging_mixin.py:190} INFO - [2026-08-31T15:07:49.218+0000] {dag.py:3239} INFO - Sync 1 DAGs
[2026-08-31T15:07:49.237+0000] {logging_mixin.py:190} INFO - [2026-08-31T15:07:49.237+0000] {dag.py:4180} INFO - Setting next_dagrun for etl_pipeline to 2026-08-31 00:00:00+00:00, run_after=2026-09-01 00:00:00+00:00
[2026-08-31T15:07:49.257+0000] {processor.py:208} INFO - Processing /opt/airflow/dags/sales_etl_dag.py took 0.090 seconds
[2026-08-31T15:08:19.438+0000] {processor.py:186} INFO - Started process (PID=495) to work on /opt/airflow/dags/sales_etl_dag.py
[2026-08-31T15:08:19.439+0000] {processor.py:914} INFO - Processing file /opt/airflow/dags/sales_etl_dag.py for tasks to queue
[2026-08-31T15:08:19.442+0000] {logging_mixin.py:190} INFO - [2026-08-31T15:08:19.442+0000] {dagbag.py:588} INFO - Filling up the DagBag from /opt/airflow/dags/sales_etl_dag.py
[2026-08-31T15:08:19.459+0000] {processor.py:925} INFO - DAG(s) 'etl_pipeline' retrieved from /opt/airflow/dags/sales_etl_dag.py
[2026-08-31T15:08:19.486+0000] {logging_mixin.py:190} INFO - [2026-08-31T15:08:19.486+0000] {dag.py:3239} INFO - Sync 1 DAGs
[2026-08-31T15:08:19.507+0000] {logging_mixin.py:190} INFO - [2026-08-31T15:08:19.506+0000] {dag.py:4180} INFO - Setting next_dagrun for etl_pipeline to 2026-08-31 00:00:00+00:00, run_after=2026-09-01 00:00:00+00:00
[2026-08-31T15:08:19.524+0000] {processor.py:208} INFO - Processing /opt/airflow/dags/sales_etl_dag.py took 0.092 seconds
[2026-08-31T15:08:49.805+0000] {processor.py:186} INFO - Started process (PID=500) to work on /opt/airflow/dags/sales_etl_dag.py
[2026-08-31T15:08:49.806+0000] {processor.py:914} INFO - Processing file /opt/airflow/dags/sales_etl_dag.py for tasks to queue
[2026-08-31T15:08:49.808+0000] {logging_mixin.py:190} INFO - [2026-08-31T15:08:49.808+0000] {dagbag.py:588} INFO - Filling up the DagBag from /opt/airflow/dags/sales_etl_dag.py
[2026-08-31T15:08:49.827+0000] {processor.py:925} INFO - DAG(s) 'etl_pipeline' retrieved from /opt/airflow/dags/sales_etl_dag.py
[2026-08-31T15:08:49.851+0000] {logging_mixin.py:190} INFO - [2026-08-31T15:08:49.851+0000] {dag.py:3239} INFO - Sync 1 DAGs
[2026-08-31T15:08:49.871+0000] {logging_mixin.py:190} INFO - [2026-08-31T15:08:49.871+0000] {dag.py:4180} INFO - Setting next_dagrun for etl_pipeline to 2026-08-31 00:00:00+00:00, run_after=2026-09-01 00:00:00+00:00
[2026-08-31T15:08:49.888+0000] {processor.py:208} INFO - Processing /opt/airflow/dags/sales_etl_dag.py took 0.088 seconds
[2026-08-31T15:09:20.119+0000] {processor.py:186} INFO - Started process (PID=505) to work on /opt/airflow/dags/sales_etl_dag.py
[2026-08-31T15:09:20.121+0000] {processor.py:914} INFO - Processing file /opt/airflow/dags/sales_etl_dag.py for tasks to queue
[2026-08-31T15:09:20.124+0000] {logging_mixin.py:190} INFO - [2026-08-31T15:09:20.124+0000] {dagbag.py:588} INFO - Filling up the DagBag from /opt/airflow/dags/sales_etl_dag.py
[2026-08-31T15:09:20.150+0000] {processor.py:925} INFO - DAG(s) 'etl_pipeline' retrieved from /opt/airflow/dags/sales_etl_dag.py
[2026-08-31T15:09:20.179+0000] {logging_mixin.py:190} INFO - [2026-08-31T15:09:20.178+0000] {dag.py:3239} INFO - Sync 1 DAGs
[2026-08-31T15:09:20.199+0000] {logging_mixin.py:190} INFO - [2026-08-31T15:09:20.199+0000] {dag.py:4180} INFO - Setting next_dagrun for etl_pipeline to 2026-08-31 00:00:00+00:00, run_after=2026-09-01 00:00:00+00:00
[2026-08-31T15:09:20.219+0000] {processor.py:208} INFO - Processing /opt/airflow/dags/sales_etl_dag.py took 0.109 seconds
[2026-08-31T15:09:50.443+0000] {processor.py:186} INFO - Started process (PID=510) to work on /opt/airflow/dags/sales_etl_dag.py
[2026-08-31T15:09:50.444+0000] {processor.py:914} INFO - Processing file /opt/airflow/dags/sales_etl_dag.py for tasks to queue
[2026-08-31T15:09:50.447+0000] {logging_mixin.py:190} INFO - [2026-08-31T15:09:50.447+0000] {dagbag.py:588} INFO - Filling up the DagBag from /opt/airflow/dags/sales_etl_dag.py
[2026-08-31T15:09:50.478+0000] {processor.py:925} INFO - DAG(s) 'etl_pipeline' retrieved from /opt/airflow/dags/sales_etl_dag.py
[2026-08-31T15:09:50.512+0000] {logging_mixin.py:190} INFO - [2026-08-31T15:09:50.512+0000] {dag.py:3239} INFO - Sync 1 DAGs
[2026-08-31T15:09:50.535+0000] {logging_mixin.py:190} INFO - [2026-08-31T15:09:50.535+0000] {dag.py:4180} INFO - Setting next_dagrun for etl_pipeline to 2026-08-31 00:00:00+00:00, run_after=2026-09-01 00:00:00+00:00
[2026-08-31T15:09:50.563+0000] {processor.py:208} INFO - Processing /opt/airflow/dags/sales_etl_dag.py took 0.127 seconds
[2026-08-31T15:10:20.789+0000] {processor.py:186} INFO - Started process (PID=515) to work on /opt/airflow/dags/sales_etl_dag.py
[2026-08-31T15:10:20.790+0000] {processor.py:914} INFO - Processing file /opt/airflow/dags/sales_etl_dag.py for tasks to queue
[2026-08-31T15:10:20.792+0000] {logging_mixin.py:190} INFO - [2026-08-31T15:10:20.792+0000] {dagbag.py:588} INFO - Filling up the DagBag from /opt/airflow/dags/sales_etl_dag.py
[2026-08-31T15:10:20.810+0000] {processor.py:925} INFO - DAG(s) 'etl_pipeline' retrieved from /opt/airflow/dags/sales_etl_dag.py
[2026-08-31T15:10:20.837+0000] {logging_mixin.py:190} INFO - [2026-08-31T15:10:20.836+0000] {dag.py:3239} INFO - Sync 1 DAGs
[2026-08-31T15:10:20.856+0000] {logging_mixin.py:190} INFO - [2026-08-31T15:10:20.856+0000] {dag.py:4180} INFO - Setting next_dagrun for etl_pipeline to 2026-08-31 00:00:00+00:00, run_after=2026-09-01 00:00:00+00:00
[2026-08-31T15:10:20.875+0000] {processor.py:208} INFO - Processing /opt/airflow/dags/sales_etl_dag.py took 0.091 seconds
[2026-08-31T15:10:51.102+0000] {processor.py:186} INFO - Started process (PID=520) to work on /opt/airflow/dags/sales_etl_dag.py
[2026-08-31T15:10:51.103+0000] {processor.py:914} INFO - Processing file /opt/airflow/dags/sales_etl_dag.py for tasks to queue
[2026-08-31T15:10:51.105+0000] {logging_mixin.py:190} INFO - [2026-08-31T15:10:51.105+0000] {dagbag.py:588} INFO - Filling up the DagBag from /opt/airflow/dags/sales_etl_dag.py
[2026-08-31T15:10:51.127+0000] {processor.py:925} INFO - DAG(s) 'etl_pipeline' retrieved from /opt/airflow/dags/sales_etl_dag.py
[2026-08-31T15:10:51.155+0000] {logging_mixin.py:190} INFO - [2026-08-31T15:10:51.155+0000] {dag.py:3239} INFO - Sync 1 DAGs
[2026-08-31T15:10:51.175+0000] {logging_mixin.py:190} INFO - [2026-08-31T15:10:51.175+0000] {dag.py:4180} INFO - Setting next_dagrun for etl_pipeline to 2026-08-31 00:00:00+00:00, run_after=2026-09-01 00:00:00+00:00
[2026-08-31T15:10:51.193+0000] {processor.py:208} INFO - Processing /opt/airflow/dags/sales_etl_dag.py took 0.096 seconds
[2026-08-31T15:11:21.375+0000] {processor.py:186} INFO - Started process (PID=525) to work on /opt/airflow/dags/sales_etl_dag.py
[2026-08-31T15:11:21.375+0000] {processor.py:914} INFO - Processing file /opt/airflow/dags/sales_etl_dag.py for tasks to queue
[2026-08-31T15:11:21.378+0000] {logging_mixin.py:190} INFO - [2026-08-31T15:11:21.377+0000] {dagbag.py:588} INFO - Filling up the DagBag from /opt/airflow/dags/sales_etl_dag.py
[2026-08-31T15:11:21.397+0000] {processor.py:925} INFO - DAG(s) 'etl_pipeline' retrieved from /opt/airflow/dags/sales_etl_dag.py
[2026-08-31T15:11:21.425+0000] {logging_mixin.py:190} INFO - [2026-08-31T15:11:21.424+0000] {dag.py:3239} INFO - Sync 1 DAGs
[2026-08-31T15:11:21.450+0000] {logging_mixin.py:190} INFO - [2026-08-31T15:11:21.450+0000] {dag.py:4180} INFO - Setting next_dagrun for etl_pipeline to 2026-08-31 00:00:00+00:00, run_after=2026-09-01 00:00:00+00:00
[2026-08-31T15:11:21.469+0000] {processor.py:208} INFO - Processing /opt/airflow/dags/sales_etl_dag.py took 0.099 seconds
[2026-08-31T15:11:51.743+0000] {processor.py:186} INFO - Started process (PID=530) to work on /opt/airflow/dags/sales_etl_dag.py
[2026-08-31T15:11:51.744+0000] {processor.py:914} INFO - Processing file /opt/airflow/dags/sales_etl_dag.py for tasks to queue
[2026-08-31T15:11:51.747+0000] {logging_mixin.py:190} INFO - [2026-08-31T15:11:51.746+0000] {dagbag.py:588} INFO - Filling up the DagBag from /opt/airflow/dags/sales_etl_dag.py
[2026-08-31T15:11:51.764+0000] {processor.py:925} INFO - DAG(s) 'etl_pipeline' retrieved from /opt/airflow/dags/sales_etl_dag.py
[2026-08-31T15:11:51.790+0000] {logging_mixin.py:190} INFO - [2026-08-31T15:11:51.789+0000] {dag.py:3239} INFO - Sync 1 DAGs
[2026-08-31T15:11:51.810+0000] {logging_mixin.py:190} INFO - [2026-08-31T15:11:51.809+0000] {dag.py:4180} INFO - Setting next_dagrun for etl_pipeline to 2026-08-31 00:00:00+00:00, run_after=2026-09-01 00:00:00+00:00
[2026-08-31T15:11:51.827+0000] {processor.py:208} INFO - Processing /opt/airflow/dags/sales_etl_dag.py took 0.088 seconds
[2026-08-31T15:12:22.046+0000] {processor.py:186} INFO - Started process (PID=535) to work on /opt/airflow/dags/sales_etl_dag.py
[2026-08-31T15:12:22.047+0000] {processor.py:914} INFO - Processing file /opt/airflow/dags/sales_etl_dag.py for tasks to queue
[2026-08-31T15:12:22.049+0000] {logging_mixin.py:190} INFO - [2026-08-31T15:12:22.049+0000] {dagbag.py:588} INFO - Filling up the DagBag from /opt/airflow/dags/sales_etl_dag.py
[2026-08-31T15:12:22.066+0000] {processor.py:925} INFO - DAG(s) 'etl_pipeline' retrieved from /opt/airflow/dags/sales_etl_dag.py
[2026-08-31T15:12:22.091+0000] {logging_mixin.py:190} INFO - [2026-08-31T15:12:22.091+0000] {dag.py:3239} INFO - Sync 1 DAGs
[2026-08-31T15:12:22.110+0000] {logging_mixin.py:190} INFO - [2026-08-31T15:12:22.109+0000] {dag.py:4180} INFO - Setting next_dagrun for etl_pipeline to 2026-08-31 00:00:00+00:00, run_after=2026-09-01 00:00:00+00:00
[2026-08-31T15:12:22.128+0000] {processor.py:208} INFO - Processing /opt/airflow/dags/sales_etl_dag.py took 0.087 seconds
[2026-08-31T15:12:52.400+0000] {processor.py:186} INFO - Started process (PID=540) to work on /opt/airflow/dags/sales_etl_dag.py
[2026-08-31T15:12:52.400+0000] {processor.py:914} INFO - Processing file /opt/airflow/dags/sales_etl_dag.py for tasks to queue
[2026-08-31T15:12:52.403+0000] {logging_mixin.py:190} INFO - [2026-08-31T15:12:52.403+0000] {dagbag.py:588} INFO - Filling up the DagBag from /opt/airflow/dags/sales_etl_dag.py
[2026-08-31T15:12:52.423+0000] {processor.py:925} INFO - DAG(s) 'etl_pipeline' retrieved from /opt/airflow/dags/sales_etl_dag.py
[2026-08-31T15:12:52.451+0000] {logging_mixin.py:190} INFO - [2026-08-31T15:12:52.450+0000] {dag.py:3239} INFO - Sync 1 DAGs
[2026-08-31T15:12:52.470+0000] {logging_mixin.py:190} INFO - [2026-08-31T15:12:52.470+0000] {dag.py:4180} INFO - Setting next_dagrun for etl_pipeline to 2026-08-31 00:00:00+00:00, run_after=2026-09-01 00:00:00+00:00
[2026-08-31T15:12:52.489+0000] {processor.py:208} INFO - Processing /opt/airflow/dags/sales_etl_dag.py took 0.094 seconds
[2026-08-31T15:13:22.724+0000] {processor.py:186} INFO - Started process (PID=545) to work on /opt/airflow/dags/sales_etl_dag.py
[2026-08-31T15:13:22.725+0000] {processor.py:914} INFO - Processing file /opt/airflow/dags/sales_etl_dag.py for tasks to queue
[2026-08-31T15:13:22.728+0000] {logging_mixin.py:190} INFO - [2026-08-31T15:13:22.728+0000] {dagbag.py:588} INFO - Filling up the DagBag from /opt/airflow/dags/sales_etl_dag.py
[2026-08-31T15:13:22.749+0000] {processor.py:925} INFO - DAG(s) 'etl_pipeline' retrieved from /opt/airflow/dags/sales_etl_dag.py
[2026-08-31T15:13:22.774+0000] {logging_mixin.py:190} INFO - [2026-08-31T15:13:22.774+0000] {dag.py:3239} INFO - Sync 1 DAGs
[2026-08-31T15:13:22.793+0000] {logging_mixin.py:190} INFO - [2026-08-31T15:13:22.793+0000] {dag.py:4180} INFO - Setting next_dagrun for etl_pipeline to 2026-08-31 00:00:00+00:00, run_after=2026-09-01 00:00:00+00:00
[2026-08-31T15:13:22.813+0000] {processor.py:208} INFO - Processing /opt/airflow/dags/sales_etl_dag.py took 0.094 seconds
[2026-08-31T15:13:53.031+0000] {processor.py:186} INFO - Started process (PID=550) to work on /opt/airflow/dags/sales_etl_dag.py
[2026-08-31T15:13:53.032+0000] {processor.py:914} INFO - Processing file /opt/airflow/dags/sales_etl_dag.py for tasks to queue
[2026-08-31T15:13:53.034+0000] {logging_mixin.py:190} INFO - [2026-08-31T15:13:53.033+0000] {dagbag.py:588} INFO - Filling up the DagBag from /opt/airflow/dags/sales_etl_dag.py
[2026-08-31T15:13:53.056+0000] {processor.py:925} INFO - DAG(s) 'etl_pipeline' retrieved from /opt/airflow/dags/sales_etl_dag.py
[2026-08-31T15:13:53.086+0000] {logging_mixin.py:190} INFO - [2026-08-31T15:13:53.085+0000] {dag.py:3239} INFO - Sync 1 DAGs
[2026-08-31T15:13:53.108+0000] {logging_mixin.py:190} INFO - [2026-08-31T15:13:53.108+0000] {dag.py:4180} INFO - Setting next_dagrun for etl_pipeline to 2026-08-31 00:00:00+00:00, run_after=2026-09-01 00:00:00+00:00
[2026-08-31T15:13:53.129+0000] {processor.py:208} INFO - Processing /opt/airflow/dags/sales_etl_dag.py took 0.105 seconds
[2026-08-31T15:14:23.397+0000] {processor.py:186} INFO - Started process (PID=555) to work on /opt/airflow/dags/sales_etl_dag.py
[2026-08-31T15:14:23.398+0000] {processor.py:914} INFO - Processing file /opt/airflow/dags/sales_etl_dag.py for tasks to queue
[2026-08-31T15:14:23.400+0000] {logging_mixin.py:190} INFO - [2026-08-31T15:14:23.400+0000] {dagbag.py:588} INFO - Filling up the DagBag from /opt/airflow/dags/sales_etl_dag.py
[2026-08-31T15:14:23.420+0000] {processor.py:925} INFO - DAG(s) 'etl_pipeline' retrieved from /opt/airflow/dags/sales_etl_dag.py
[2026-08-31T15:14:23.444+0000] {logging_mixin.py:190} INFO - [2026-08-31T15:14:23.444+0000] {dag.py:3239} INFO - Sync 1 DAGs
[2026-08-31T15:14:23.464+0000] {logging_mixin.py:190} INFO - [2026-08-31T15:14:23.464+0000] {dag.py:4180} INFO - Setting next_dagrun for etl_pipeline to 2026-08-31 00:00:00+00:00, run_after=2026-09-01 00:00:00+00:00
[2026-08-31T15:14:23.482+0000] {processor.py:208} INFO - Processing /opt/airflow/dags/sales_etl_dag.py took 0.090 seconds
[2026-08-31T15:14:53.662+0000] {processor.py:186} INFO - Started process (PID=560) to work on /opt/airflow/dags/sales_etl_dag.py
[2026-08-31T15:14:53.663+0000] {processor.py:914} INFO - Processing file /opt/airflow/dags/sales_etl_dag.py for tasks to queue
[2026-08-31T15:14:53.666+0000] {logging_mixin.py:190} INFO - [2026-08-31T15:14:53.665+0000] {dagbag.py:588} INFO - Filling up the DagBag from /opt/airflow/dags/sales_etl_dag.py
[2026-08-31T15:14:53.690+0000] {processor.py:925} INFO - DAG(s) 'etl_pipeline' retrieved from /opt/airflow/dags/sales_etl_dag.py
[2026-08-31T15:14:53.728+0000] {logging_mixin.py:190} INFO - [2026-08-31T15:14:53.727+0000] {dag.py:3239} INFO - Sync 1 DAGs
[2026-08-31T15:14:53.768+0000] {logging_mixin.py:190} INFO - [2026-08-31T15:14:53.768+0000] {dag.py:4180} INFO - Setting next_dagrun for etl_pipeline to 2026-08-31 00:00:00+00:00, run_after=2026-09-01 00:00:00+00:00
[2026-08-31T15:14:53.797+0000] {processor.py:208} INFO - Processing /opt/airflow/dags/sales_etl_dag.py took 0.141 seconds
[2026-08-31T15:15:24.083+0000] {processor.py:186} INFO - Started process (PID=565) to work on /opt/airflow/dags/sales_etl_dag.py
[2026-08-31T15:15:24.084+0000] {processor.py:914} INFO - Processing file /opt/airflow/dags/sales_etl_dag.py for tasks to queue
[2026-08-31T15:15:24.086+0000] {logging_mixin.py:190} INFO - [2026-08-31T15:15:24.086+0000] {dagbag.py:588} INFO - Filling up the DagBag from /opt/airflow/dags/sales_etl_dag.py
[2026-08-31T15:15:24.105+0000] {processor.py:925} INFO - DAG(s) 'etl_pipeline' retrieved from /opt/airflow/dags/sales_etl_dag.py
[2026-08-31T15:15:24.131+0000] {logging_mixin.py:190} INFO - [2026-08-31T15:15:24.131+0000] {dag.py:3239} INFO - Sync 1 DAGs
[2026-08-31T15:15:24.152+0000] {logging_mixin.py:190} INFO - [2026-08-31T15:15:24.152+0000] {dag.py:4180} INFO - Setting next_dagrun for etl_pipeline to 2026-08-31 00:00:00+00:00, run_after=2026-09-01 00:00:00+00:00
[2026-08-31T15:15:24.170+0000] {processor.py:208} INFO - Processing /opt/airflow/dags/sales_etl_dag.py took 0.092 seconds
[2026-08-31T15:15:54.387+0000] {processor.py:186} INFO - Started process (PID=570) to work on /opt/airflow/dags/sales_etl_dag.py
[2026-08-31T15:15:54.388+0000] {processor.py:914} INFO - Processing file /opt/airflow/dags/sales_etl_dag.py for tasks to queue
[2026-08-31T15:15:54.391+0000] {logging_mixin.py:190} INFO - [2026-08-31T15:15:54.391+0000] {dagbag.py:588} INFO - Filling up the DagBag from /opt/airflow/dags/sales_etl_dag.py
[2026-08-31T15:15:54.412+0000] {processor.py:925} INFO - DAG(s) 'etl_pipeline' retrieved from /opt/airflow/dags/sales_etl_dag.py
[2026-08-31T15:15:54.439+0000] {logging_mixin.py:190} INFO - [2026-08-31T15:15:54.439+0000] {dag.py:3239} INFO - Sync 1 DAGs
[2026-08-31T15:15:54.460+0000] {logging_mixin.py:190} INFO - [2026-08-31T15:15:54.460+0000] {dag.py:4180} INFO - Setting next_dagrun for etl_pipeline to 2026-08-31 00:00:00+00:00, run_after=2026-09-01 00:00:00+00:00
[2026-08-31T15:15:54.478+0000] {processor.py:208} INFO - Processing /opt/airflow/dags/sales_etl_dag.py took 0.096 seconds
[2026-08-31T15:16:24.753+0000] {processor.py:186} INFO - Started process (PID=575) to work on /opt/airflow/dags/sales_etl_dag.py
[2026-08-31T15:16:24.754+0000] {processor.py:914} INFO - Processing file /opt/airflow/dags/sales_etl_dag.py for tasks to queue
[2026-08-31T15:16:24.757+0000] {logging_mixin.py:190} INFO - [2026-08-31T15:16:24.756+0000] {dagbag.py:588} INFO - Filling up the DagBag from /opt/airflow/dags/sales_etl_dag.py
[2026-08-31T15:16:24.779+0000] {processor.py:925} INFO - DAG(s) 'etl_pipeline' retrieved from /opt/airflow/dags/sales_etl_dag.py
[2026-08-31T15:16:24.805+0000] {logging_mixin.py:190} INFO - [2026-08-31T15:16:24.804+0000] {dag.py:3239} INFO - Sync 1 DAGs
[2026-08-31T15:16:24.824+0000] {logging_mixin.py:190} INFO - [2026-08-31T15:16:24.824+0000] {dag.py:4180} INFO - Setting next_dagrun for etl_pipeline to 2026-08-31 00:00:00+00:00, run_after=2026-09-01 00:00:00+00:00
[2026-08-31T15:16:24.844+0000] {processor.py:208} INFO - Processing /opt/airflow/dags/sales_etl_dag.py took 0.095 seconds
[2026-08-31T15:16:55.005+0000] {processor.py:186} INFO - Started process (PID=580) to work on /opt/airflow/dags/sales_etl_dag.py
[2026-08-31T15:16:55.006+0000] {processor.py:914} INFO - Processing file /opt/airflow/dags/sales_etl_dag.py for tasks to queue
[2026-08-31T15:16:55.009+0000] {logging_mixin.py:190} INFO - [2026-08-31T15:16:55.008+0000] {dagbag.py:588} INFO - Filling up the DagBag from /opt/airflow/dags/sales_etl_dag.py
[2026-08-31T15:16:55.031+0000] {processor.py:925} INFO - DAG(s) 'etl_pipeline' retrieved from /opt/airflow/dags/sales_etl_dag.py
[2026-08-31T15:16:55.062+0000] {logging_mixin.py:190} INFO - [2026-08-31T15:16:55.061+0000] {dag.py:3239} INFO - Sync 1 DAGs
[2026-08-31T15:16:55.083+0000] {logging_mixin.py:190} INFO - [2026-08-31T15:16:55.083+0000] {dag.py:4180} INFO - Setting next_dagrun for etl_pipeline to 2026-08-31 00:00:00+00:00, run_after=2026-09-01 00:00:00+00:00
[2026-08-31T15:16:55.103+0000] {processor.py:208} INFO - Processing /opt/airflow/dags/sales_etl_dag.py took 0.103 seconds
[2026-08-31T15:17:25.409+0000] {processor.py:186} INFO - Started process (PID=585) to work on /opt/airflow/dags/sales_etl_dag.py
[2026-08-31T15:17:25.409+0000] {processor.py:914} INFO - Processing file /opt/airflow/dags/sales_etl_dag.py for tasks to queue
[2026-08-31T15:17:25.412+0000] {logging_mixin.py:190} INFO - [2026-08-31T15:17:25.411+0000] {dagbag.py:588} INFO - Filling up the DagBag from /opt/airflow/dags/sales_etl_dag.py
[2026-08-31T15:17:25.431+0000] {processor.py:925} INFO - DAG(s) 'etl_pipeline' retrieved from /opt/airflow/dags/sales_etl_dag.py
[2026-08-31T15:17:25.459+0000] {logging_mixin.py:190} INFO - [2026-08-31T15:17:25.459+0000] {dag.py:3239} INFO - Sync 1 DAGs
[2026-08-31T15:17:25.483+0000] {logging_mixin.py:190} INFO - [2026-08-31T15:17:25.483+0000] {dag.py:4180} INFO - Setting next_dagrun for etl_pipeline to 2026-08-31 00:00:00+00:00, run_after=2026-09-01 00:00:00+00:00
[2026-08-31T15:17:25.507+0000] {processor.py:208} INFO - Processing /opt/airflow/dags/sales_etl_dag.py took 0.104 seconds
[2026-08-31T15:17:55.682+0000] {processor.py:186} INFO - Started process (PID=590) to work on /opt/airflow/dags/sales_etl_dag.py
[2026-08-31T15:17:55.683+0000] {processor.py:914} INFO - Processing file /opt/airflow/dags/sales_etl_dag.py for tasks to queue
[2026-08-31T15:17:55.686+0000] {logging_mixin.py:190} INFO - [2026-08-31T15:17:55.686+0000] {dagbag.py:588} INFO - Filling up the DagBag from /opt/airflow/dags/sales_etl_dag.py
[2026-08-31T15:17:55.713+0000] {processor.py:925} INFO - DAG(s) 'etl_pipeline' retrieved from /opt/airflow/dags/sales_etl_dag.py
[2026-08-31T15:17:55.742+0000] {logging_mixin.py:190} INFO - [2026-08-31T15:17:55.742+0000] {dag.py:3239} INFO - Sync 1 DAGs
[2026-08-31T15:17:55.764+0000] {logging_mixin.py:190} INFO - [2026-08-31T15:17:55.764+0000] {dag.py:4180} INFO - Setting next_dagrun for etl_pipeline to 2026-08-31 00:00:00+00:00, run_after=2026-09-01 00:00:00+00:00
[2026-08-31T15:17:55.785+0000] {processor.py:208} INFO - Processing /opt/airflow/dags/sales_etl_dag.py took 0.109 seconds
[2026-08-31T15:18:26.038+0000] {processor.py:186} INFO - Started process (PID=595) to work on /opt/airflow/dags/sales_etl_dag.py
[2026-08-31T15:18:26.038+0000] {processor.py:914} INFO - Processing file /opt/airflow/dags/sales_etl_dag.py for tasks to queue
[2026-08-31T15:18:26.041+0000] {logging_mixin.py:190} INFO - [2026-08-31T15:18:26.041+0000] {dagbag.py:588} INFO - Filling up the DagBag from /opt/airflow/dags/sales_etl_dag.py
[2026-08-31T15:18:26.062+0000] {processor.py:925} INFO - DAG(s) 'etl_pipeline' retrieved from /opt/airflow/dags/sales_etl_dag.py
[2026-08-31T15:18:26.088+0000] {logging_mixin.py:190} INFO - [2026-08-31T15:18:26.088+0000] {dag.py:3239} INFO - Sync 1 DAGs
[2026-08-31T15:18:26.109+0000] {logging_mixin.py:190} INFO - [2026-08-31T15:18:26.109+0000] {dag.py:4180} INFO - Setting next_dagrun for etl_pipeline to 2026-08-31 00:00:00+00:00, run_after=2026-09-01 00:00:00+00:00
[2026-08-31T15:18:26.130+0000] {processor.py:208} INFO - Processing /opt/airflow/dags/sales_etl_dag.py took 0.099 seconds
[2026-08-31T15:18:56.345+0000] {processor.py:186} INFO - Started process (PID=600) to work on /opt/airflow/dags/sales_etl_dag.py
[2026-08-31T15:18:56.346+0000] {processor.py:914} INFO - Processing file /opt/airflow/dags/sales_etl_dag.py for tasks to queue
[2026-08-31T15:18:56.349+0000] {logging_mixin.py:190} INFO - [2026-08-31T15:18:56.348+0000] {dagbag.py:588} INFO - Filling up the DagBag from /opt/airflow/dags/sales_etl_dag.py
[2026-08-31T15:18:56.371+0000] {processor.py:925} INFO - DAG(s) 'etl_pipeline' retrieved from /opt/airflow/dags/sales_etl_dag.py
[2026-08-31T15:18:56.400+0000] {logging_mixin.py:190} INFO - [2026-08-31T15:18:56.400+0000] {dag.py:3239} INFO - Sync 1 DAGs
[2026-08-31T15:18:56.420+0000] {logging_mixin.py:190} INFO - [2026-08-31T15:18:56.420+0000] {dag.py:4180} INFO - Setting next_dagrun for etl_pipeline to 2026-08-31 00:00:00+00:00, run_after=2026-09-01 00:00:00+00:00
[2026-08-31T15:18:56.438+0000] {processor.py:208} INFO - Processing /opt/airflow/dags/sales_etl_dag.py took 0.099 seconds
[2026-08-31T15:19:26.693+0000] {processor.py:186} INFO - Started process (PID=605) to work on /opt/airflow/dags/sales_etl_dag.py
[2026-08-31T15:19:26.694+0000] {processor.py:914} INFO - Processing file /opt/airflow/dags/sales_etl_dag.py for tasks to queue
[2026-08-31T15:19:26.697+0000] {logging_mixin.py:190} INFO - [2026-08-31T15:19:26.696+0000] {dagbag.py:588} INFO - Filling up the DagBag from /opt/airflow/dags/sales_etl_dag.py
[2026-08-31T15:19:26.718+0000] {processor.py:925} INFO - DAG(s) 'etl_pipeline' retrieved from /opt/airflow/dags/sales_etl_dag.py
[2026-08-31T15:19:26.750+0000] {logging_mixin.py:190} INFO - [2026-08-31T15:19:26.750+0000] {dag.py:3239} INFO - Sync 1 DAGs
[2026-08-31T15:19:26.770+0000] {logging_mixin.py:190} INFO - [2026-08-31T15:19:26.770+0000] {dag.py:4180} INFO - Setting next_dagrun for etl_pipeline to 2026-08-31 00:00:00+00:00, run_after=2026-09-01 00:00:00+00:00
[2026-08-31T15:19:26.789+0000] {processor.py:208} INFO - Processing /opt/airflow/dags/sales_etl_dag.py took 0.102 seconds
[2026-08-31T15:19:56.990+0000] {processor.py:186} INFO - Started process (PID=610) to work on /opt/airflow/dags/sales_etl_dag.py
[2026-08-31T15:19:56.991+0000] {processor.py:914} INFO - Processing file /opt/airflow/dags/sales_etl_dag.py for tasks to queue
[2026-08-31T15:19:56.995+0000] {logging_mixin.py:190} INFO - [2026-08-31T15:19:56.994+0000] {dagbag.py:588} INFO - Filling up the DagBag from /opt/airflow/dags/sales_etl_dag.py
[2026-08-31T15:19:57.026+0000] {processor.py:925} INFO - DAG(s) 'etl_pipeline' retrieved from /opt/airflow/dags/sales_etl_dag.py
[2026-08-31T15:19:57.065+0000] {logging_mixin.py:190} INFO - [2026-08-31T15:19:57.065+0000] {dag.py:3239} INFO - Sync 1 DAGs
[2026-08-31T15:19:57.092+0000] {logging_mixin.py:190} INFO - [2026-08-31T15:19:57.092+0000] {dag.py:4180} INFO - Setting next_dagrun for etl_pipeline to 2026-08-31 00:00:00+00:00, run_after=2026-09-01 00:00:00+00:00
[2026-08-31T15:19:57.115+0000] {processor.py:208} INFO - Processing /opt/airflow/dags/sales_etl_dag.py took 0.133 seconds
[2026-08-31T15:20:27.349+0000] {processor.py:186} INFO - Started process (PID=615) to work on /opt/airflow/dags/sales_etl_dag.py
[2026-08-31T15:20:27.350+0000] {processor.py:914} INFO - Processing file /opt/airflow/dags/sales_etl_dag.py for tasks to queue
[2026-08-31T15:20:27.353+0000] {logging_mixin.py:190} INFO - [2026-08-31T15:20:27.353+0000] {dagbag.py:588} INFO - Filling up the DagBag from /opt/airflow/dags/sales_etl_dag.py
[2026-08-31T15:20:27.374+0000] {processor.py:925} INFO - DAG(s) 'etl_pipeline' retrieved from /opt/airflow/dags/sales_etl_dag.py
[2026-08-31T15:20:27.400+0000] {logging_mixin.py:190} INFO - [2026-08-31T15:20:27.400+0000] {dag.py:3239} INFO - Sync 1 DAGs
[2026-08-31T15:20:27.420+0000] {logging_mixin.py:190} INFO - [2026-08-31T15:20:27.420+0000] {dag.py:4180} INFO - Setting next_dagrun for etl_pipeline to 2026-08-31 00:00:00+00:00, run_after=2026-09-01 00:00:00+00:00
[2026-08-31T15:20:27.438+0000] {processor.py:208} INFO - Processing /opt/airflow/dags/sales_etl_dag.py took 0.094 seconds
[2026-08-31T15:20:57.642+0000] {processor.py:186} INFO - Started process (PID=620) to work on /opt/airflow/dags/sales_etl_dag.py
[2026-08-31T15:20:57.643+0000] {processor.py:914} INFO - Processing file /opt/airflow/dags/sales_etl_dag.py for tasks to queue
[2026-08-31T15:20:57.646+0000] {logging_mixin.py:190} INFO - [2026-08-31T15:20:57.646+0000] {dagbag.py:588} INFO - Filling up the DagBag from /opt/airflow/dags/sales_etl_dag.py
[2026-08-31T15:20:57.670+0000] {processor.py:925} INFO - DAG(s) 'etl_pipeline' retrieved from /opt/airflow/dags/sales_etl_dag.py
[2026-08-31T15:20:57.703+0000] {logging_mixin.py:190} INFO - [2026-08-31T15:20:57.703+0000] {dag.py:3239} INFO - Sync 1 DAGs
[2026-08-31T15:20:57.727+0000] {logging_mixin.py:190} INFO - [2026-08-31T15:20:57.727+0000] {dag.py:4180} INFO - Setting next_dagrun for etl_pipeline to 2026-08-31 00:00:00+00:00, run_after=2026-09-01 00:00:00+00:00
[2026-08-31T15:20:57.747+0000] {processor.py:208} INFO - Processing /opt/airflow/dags/sales_etl_dag.py took 0.113 seconds
[2026-08-31T15:21:27.991+0000] {processor.py:186} INFO - Started process (PID=625) to work on /opt/airflow/dags/sales_etl_dag.py
[2026-08-31T15:21:27.992+0000] {processor.py:914} INFO - Processing file /opt/airflow/dags/sales_etl_dag.py for tasks to queue
[2026-08-31T15:21:27.994+0000] {logging_mixin.py:190} INFO - [2026-08-31T15:21:27.994+0000] {dagbag.py:588} INFO - Filling up the DagBag from /opt/airflow/dags/sales_etl_dag.py
[2026-08-31T15:21:28.013+0000] {processor.py:925} INFO - DAG(s) 'etl_pipeline' retrieved from /opt/airflow/dags/sales_etl_dag.py
[2026-08-31T15:21:28.039+0000] {logging_mixin.py:190} INFO - [2026-08-31T15:21:28.039+0000] {dag.py:3239} INFO - Sync 1 DAGs
[2026-08-31T15:21:28.061+0000] {logging_mixin.py:190} INFO - [2026-08-31T15:21:28.060+0000] {dag.py:4180} INFO - Setting next_dagrun for etl_pipeline to 2026-08-31 00:00:00+00:00, run_after=2026-09-01 00:00:00+00:00
[2026-08-31T15:21:28.079+0000] {processor.py:208} INFO - Processing /opt/airflow/dags/sales_etl_dag.py took 0.094 seconds
[2026-08-31T15:21:58.275+0000] {processor.py:186} INFO - Started process (PID=630) to work on /opt/airflow/dags/sales_etl_dag.py
[2026-08-31T15:21:58.276+0000] {processor.py:914} INFO - Processing file /opt/airflow/dags/sales_etl_dag.py for tasks to queue
[2026-08-31T15:21:58.278+0000] {logging_mixin.py:190} INFO - [2026-08-31T15:21:58.277+0000] {dagbag.py:588} INFO - Filling up the DagBag from /opt/airflow/dags/sales_etl_dag.py
[2026-08-31T15:21:58.300+0000] {processor.py:925} INFO - DAG(s) 'etl_pipeline' retrieved from /opt/airflow/dags/sales_etl_dag.py
[2026-08-31T15:21:58.328+0000] {logging_mixin.py:190} INFO - [2026-08-31T15:21:58.328+0000] {dag.py:3239} INFO - Sync 1 DAGs
[2026-08-31T15:21:58.350+0000] {logging_mixin.py:190} INFO - [2026-08-31T15:21:58.350+0000] {dag.py:4180} INFO - Setting next_dagrun for etl_pipeline to 2026-08-31 00:00:00+00:00, run_after=2026-09-01 00:00:00+00:00
[2026-08-31T15:21:58.369+0000] {processor.py:208} INFO - Processing /opt/airflow/dags/sales_etl_dag.py took 0.100 seconds
[2026-08-31T15:22:28.633+0000] {processor.py:186} INFO - Started process (PID=635) to work on /opt/airflow/dags/sales_etl_dag.py
[2026-08-31T15:22:28.634+0000] {processor.py:914} INFO - Processing file /opt/airflow/dags/sales_etl_dag.py for tasks to queue
[2026-08-31T15:22:28.637+0000] {logging_mixin.py:190} INFO - [2026-08-31T15:22:28.636+0000] {dagbag.py:588} INFO - Filling up the DagBag from /opt/airflow/dags/sales_etl_dag.py
[2026-08-31T15:22:28.656+0000] {processor.py:925} INFO - DAG(s) 'etl_pipeline' retrieved from /opt/airflow/dags/sales_etl_dag.py
[2026-08-31T15:22:28.683+0000] {logging_mixin.py:190} INFO - [2026-08-31T15:22:28.683+0000] {dag.py:3239} INFO - Sync 1 DAGs
[2026-08-31T15:22:28.702+0000] {logging_mixin.py:190} INFO - [2026-08-31T15:22:28.702+0000] {dag.py:4180} INFO - Setting next_dagrun for etl_pipeline to 2026-08-31 00:00:00+00:00, run_after=2026-09-01 00:00:00+00:00
[2026-08-31T15:22:28.721+0000] {processor.py:208} INFO - Processing /opt/airflow/dags/sales_etl_dag.py took 0.093 seconds
[2026-08-31T15:22:58.935+0000] {processor.py:186} INFO - Started process (PID=640) to work on /opt/airflow/dags/sales_etl_dag.py
[2026-08-31T15:22:58.936+0000] {processor.py:914} INFO - Processing file /opt/airflow/dags/sales_etl_dag.py for tasks to queue
[2026-08-31T15:22:58.939+0000] {logging_mixin.py:190} INFO - [2026-08-31T15:22:58.938+0000] {dagbag.py:588} INFO - Filling up the DagBag from /opt/airflow/dags/sales_etl_dag.py
[2026-08-31T15:22:58.960+0000] {processor.py:925} INFO - DAG(s) 'etl_pipeline' retrieved from /opt/airflow/dags/sales_etl_dag.py
[2026-08-31T15:22:58.986+0000] {logging_mixin.py:190} INFO - [2026-08-31T15:22:58.986+0000] {dag.py:3239} INFO - Sync 1 DAGs
[2026-08-31T15:22:59.008+0000] {logging_mixin.py:190} INFO - [2026-08-31T15:22:59.008+0000] {dag.py:4180} INFO - Setting next_dagrun for etl_pipeline to 2026-08-31 00:00:00+00:00, run_after=2026-09-01 00:00:00+00:00
[2026-08-31T15:22:59.026+0000] {processor.py:208} INFO - Processing /opt/airflow/dags/sales_etl_dag.py took 0.097 seconds
[2026-08-31T15:23:29.288+0000] {processor.py:186} INFO - Started process (PID=645) to work on /opt/airflow/dags/sales_etl_dag.py
[2026-08-31T15:23:29.289+0000] {processor.py:914} INFO - Processing file /opt/airflow/dags/sales_etl_dag.py for tasks to queue
[2026-08-31T15:23:29.292+0000] {logging_mixin.py:190} INFO - [2026-08-31T15:23:29.291+0000] {dagbag.py:588} INFO - Filling up the DagBag from /opt/airflow/dags/sales_etl_dag.py
[2026-08-31T15:23:29.315+0000] {processor.py:925} INFO - DAG(s) 'etl_pipeline' retrieved from /opt/airflow/dags/sales_etl_dag.py
[2026-08-31T15:23:29.345+0000] {logging_mixin.py:190} INFO - [2026-08-31T15:23:29.345+0000] {dag.py:3239} INFO - Sync 1 DAGs
[2026-08-31T15:23:29.366+0000] {logging_mixin.py:190} INFO - [2026-08-31T15:23:29.366+0000] {dag.py:4180} INFO - Setting next_dagrun for etl_pipeline to 2026-08-31 00:00:00+00:00, run_after=2026-09-01 00:00:00+00:00
[2026-08-31T15:23:29.385+0000] {processor.py:208} INFO - Processing /opt/airflow/dags/sales_etl_dag.py took 0.103 seconds
[2026-08-31T15:23:59.562+0000] {processor.py:186} INFO - Started process (PID=650) to work on /opt/airflow/dags/sales_etl_dag.py
[2026-08-31T15:23:59.563+0000] {processor.py:914} INFO - Processing file /opt/airflow/dags/sales_etl_dag.py for tasks to queue
[2026-08-31T15:23:59.566+0000] {logging_mixin.py:190} INFO - [2026-08-31T15:23:59.566+0000] {dagbag.py:588} INFO - Filling up the DagBag from /opt/airflow/dags/sales_etl_dag.py
[2026-08-31T15:23:59.588+0000] {processor.py:925} INFO - DAG(s) 'etl_pipeline' retrieved from /opt/airflow/dags/sales_etl_dag.py
[2026-08-31T15:23:59.616+0000] {logging_mixin.py:190} INFO - [2026-08-31T15:23:59.616+0000] {dag.py:3239} INFO - Sync 1 DAGs
[2026-08-31T15:23:59.642+0000] {logging_mixin.py:190} INFO - [2026-08-31T15:23:59.641+0000] {dag.py:4180} INFO - Setting next_dagrun for etl_pipeline to 2026-08-31 00:00:00+00:00, run_after=2026-09-01 00:00:00+00:00
[2026-08-31T15:23:59.670+0000] {processor.py:208} INFO - Processing /opt/airflow/dags/sales_etl_dag.py took 0.113 seconds
[2026-08-31T15:24:29.966+0000] {processor.py:186} INFO - Started process (PID=655) to work on /opt/airflow/dags/sales_etl_dag.py
[2026-08-31T15:24:29.966+0000] {processor.py:914} INFO - Processing file /opt/airflow/dags/sales_etl_dag.py for tasks to queue
[2026-08-31T15:24:29.969+0000] {logging_mixin.py:190} INFO - [2026-08-31T15:24:29.969+0000] {dagbag.py:588} INFO - Filling up the DagBag from /opt/airflow/dags/sales_etl_dag.py
[2026-08-31T15:24:29.991+0000] {processor.py:925} INFO - DAG(s) 'etl_pipeline' retrieved from /opt/airflow/dags/sales_etl_dag.py
[2026-08-31T15:24:30.017+0000] {logging_mixin.py:190} INFO - [2026-08-31T15:24:30.016+0000] {dag.py:3239} INFO - Sync 1 DAGs
[2026-08-31T15:24:30.035+0000] {logging_mixin.py:190} INFO - [2026-08-31T15:24:30.035+0000] {dag.py:4180} INFO - Setting next_dagrun for etl_pipeline to 2026-08-31 00:00:00+00:00, run_after=2026-09-01 00:00:00+00:00
[2026-08-31T15:24:30.053+0000] {processor.py:208} INFO - Processing /opt/airflow/dags/sales_etl_dag.py took 0.094 seconds
[2026-08-31T15:25:00.242+0000] {processor.py:186} INFO - Started process (PID=660) to work on /opt/airflow/dags/sales_etl_dag.py
[2026-08-31T15:25:00.243+0000] {processor.py:914} INFO - Processing file /opt/airflow/dags/sales_etl_dag.py for tasks to queue
[2026-08-31T15:25:00.247+0000] {logging_mixin.py:190} INFO - [2026-08-31T15:25:00.246+0000] {dagbag.py:588} INFO - Filling up the DagBag from /opt/airflow/dags/sales_etl_dag.py
[2026-08-31T15:25:00.272+0000] {processor.py:925} INFO - DAG(s) 'etl_pipeline' retrieved from /opt/airflow/dags/sales_etl_dag.py
[2026-08-31T15:25:00.310+0000] {logging_mixin.py:190} INFO - [2026-08-31T15:25:00.309+0000] {dag.py:3239} INFO - Sync 1 DAGs
[2026-08-31T15:25:00.330+0000] {logging_mixin.py:190} INFO - [2026-08-31T15:25:00.329+0000] {dag.py:4180} INFO - Setting next_dagrun for etl_pipeline to 2026-08-31 00:00:00+00:00, run_after=2026-09-01 00:00:00+00:00
[2026-08-31T15:25:00.349+0000] {processor.py:208} INFO - Processing /opt/airflow/dags/sales_etl_dag.py took 0.113 seconds
[2026-08-31T15:25:30.669+0000] {processor.py:186} INFO - Started process (PID=665) to work on /opt/airflow/dags/sales_etl_dag.py
[2026-08-31T15:25:30.670+0000] {processor.py:914} INFO - Processing file /opt/airflow/dags/sales_etl_dag.py for tasks to queue
[2026-08-31T15:25:30.672+0000] {logging_mixin.py:190} INFO - [2026-08-31T15:25:30.672+0000] {dagbag.py:588} INFO - Filling up the DagBag from /opt/airflow/dags/sales_etl_dag.py
[2026-08-31T15:25:30.694+0000] {processor.py:925} INFO - DAG(s) 'etl_pipeline' retrieved from /opt/airflow/dags/sales_etl_dag.py
[2026-08-31T15:25:30.722+0000] {logging_mixin.py:190} INFO - [2026-08-31T15:25:30.721+0000] {dag.py:3239} INFO - Sync 1 DAGs
[2026-08-31T15:25:30.742+0000] {logging_mixin.py:190} INFO - [2026-08-31T15:25:30.742+0000] {dag.py:4180} INFO - Setting next_dagrun for etl_pipeline to 2026-08-31 00:00:00+00:00, run_after=2026-09-01 00:00:00+00:00
[2026-08-31T15:25:30.759+0000] {processor.py:208} INFO - Processing /opt/airflow/dags/sales_etl_dag.py took 0.096 seconds
[2026-08-31T15:26:00.972+0000] {processor.py:186} INFO - Started process (PID=670) to work on /opt/airflow/dags/sales_etl_dag.py
[2026-08-31T15:26:00.973+0000] {processor.py:914} INFO - Processing file /opt/airflow/dags/sales_etl_dag.py for tasks to queue
[2026-08-31T15:26:00.976+0000] {logging_mixin.py:190} INFO - [2026-08-31T15:26:00.976+0000] {dagbag.py:588} INFO - Filling up the DagBag from /opt/airflow/dags/sales_etl_dag.py
[2026-08-31T15:26:00.997+0000] {processor.py:925} INFO - DAG(s) 'etl_pipeline' retrieved from /opt/airflow/dags/sales_etl_dag.py
[2026-08-31T15:26:01.025+0000] {logging_mixin.py:190} INFO - [2026-08-31T15:26:01.025+0000] {dag.py:3239} INFO - Sync 1 DAGs
[2026-08-31T15:26:01.044+0000] {logging_mixin.py:190} INFO - [2026-08-31T15:26:01.044+0000] {dag.py:4180} INFO - Setting next_dagrun for etl_pipeline to 2026-08-31 00:00:00+00:00, run_after=2026-09-01 00:00:00+00:00
[2026-08-31T15:26:01.062+0000] {processor.py:208} INFO - Processing /opt/airflow/dags/sales_etl_dag.py took 0.096 seconds
[2026-08-31T15:26:31.284+0000] {processor.py:186} INFO - Started process (PID=675) to work on /opt/airflow/dags/sales_etl_dag.py
[2026-08-31T15:26:31.285+0000] {processor.py:914} INFO - Processing file /opt/airflow/dags/sales_etl_dag.py for tasks to queue
[2026-08-31T15:26:31.287+0000] {logging_mixin.py:190} INFO - [2026-08-31T15:26:31.287+0000] {dagbag.py:588} INFO - Filling up the DagBag from /opt/airflow/dags/sales_etl_dag.py
[2026-08-31T15:26:31.308+0000] {processor.py:925} INFO - DAG(s) 'etl_pipeline' retrieved from /opt/airflow/dags/sales_etl_dag.py
[2026-08-31T15:26:31.336+0000] {logging_mixin.py:190} INFO - [2026-08-31T15:26:31.336+0000] {dag.py:3239} INFO - Sync 1 DAGs
[2026-08-31T15:26:31.358+0000] {logging_mixin.py:190} INFO - [2026-08-31T15:26:31.358+0000] {dag.py:4180} INFO - Setting next_dagrun for etl_pipeline to 2026-08-31 00:00:00+00:00, run_after=2026-09-01 00:00:00+00:00
[2026-08-31T15:26:31.377+0000] {processor.py:208} INFO - Processing /opt/airflow/dags/sales_etl_dag.py took 0.099 seconds
[2026-08-31T15:27:01.548+0000] {processor.py:186} INFO - Started process (PID=680) to work on /opt/airflow/dags/sales_etl_dag.py
[2026-08-31T15:27:01.549+0000] {processor.py:914} INFO - Processing file /opt/airflow/dags/sales_etl_dag.py for tasks to queue
[2026-08-31T15:27:01.552+0000] {logging_mixin.py:190} INFO - [2026-08-31T15:27:01.552+0000] {dagbag.py:588} INFO - Filling up the DagBag from /opt/airflow/dags/sales_etl_dag.py
[2026-08-31T15:27:01.571+0000] {processor.py:925} INFO - DAG(s) 'etl_pipeline' retrieved from /opt/airflow/dags/sales_etl_dag.py
[2026-08-31T15:27:01.597+0000] {logging_mixin.py:190} INFO - [2026-08-31T15:27:01.597+0000] {dag.py:3239} INFO - Sync 1 DAGs
[2026-08-31T15:27:01.617+0000] {logging_mixin.py:190} INFO - [2026-08-31T15:27:01.617+0000] {dag.py:4180} INFO - Setting next_dagrun for etl_pipeline to 2026-08-31 00:00:00+00:00, run_after=2026-09-01 00:00:00+00:00
[2026-08-31T15:27:01.635+0000] {processor.py:208} INFO - Processing /opt/airflow/dags/sales_etl_dag.py took 0.092 seconds
[2026-08-31T15:27:31.906+0000] {processor.py:186} INFO - Started process (PID=685) to work on /opt/airflow/dags/sales_etl_dag.py
[2026-08-31T15:27:31.907+0000] {processor.py:914} INFO - Processing file /opt/airflow/dags/sales_etl_dag.py for tasks to queue
[2026-08-31T15:27:31.909+0000] {logging_mixin.py:190} INFO - [2026-08-31T15:27:31.909+0000] {dagbag.py:588} INFO - Filling up the DagBag from /opt/airflow/dags/sales_etl_dag.py
[2026-08-31T15:27:31.933+0000] {processor.py:925} INFO - DAG(s) 'etl_pipeline' retrieved from /opt/airflow/dags/sales_etl_dag.py
[2026-08-31T15:27:31.958+0000] {logging_mixin.py:190} INFO - [2026-08-31T15:27:31.958+0000] {dag.py:3239} INFO - Sync 1 DAGs
[2026-08-31T15:27:31.978+0000] {logging_mixin.py:190} INFO - [2026-08-31T15:27:31.978+0000] {dag.py:4180} INFO - Setting next_dagrun for etl_pipeline to 2026-08-31 00:00:00+00:00, run_after=2026-09-01 00:00:00+00:00
[2026-08-31T15:27:32.001+0000] {processor.py:208} INFO - Processing /opt/airflow/dags/sales_etl_dag.py took 0.100 seconds
[2026-08-31T15:28:02.196+0000] {processor.py:186} INFO - Started process (PID=690) to work on /opt/airflow/dags/sales_etl_dag.py
[2026-08-31T15:28:02.197+0000] {processor.py:914} INFO - Processing file /opt/airflow/dags/sales_etl_dag.py for tasks to queue
[2026-08-31T15:28:02.200+0000] {logging_mixin.py:190} INFO - [2026-08-31T15:28:02.199+0000] {dagbag.py:588} INFO - Filling up the DagBag from /opt/airflow/dags/sales_etl_dag.py
[2026-08-31T15:28:02.226+0000] {processor.py:925} INFO - DAG(s) 'etl_pipeline' retrieved from /opt/airflow/dags/sales_etl_dag.py
[2026-08-31T15:28:02.256+0000] {logging_mixin.py:190} INFO - [2026-08-31T15:28:02.256+0000] {dag.py:3239} INFO - Sync 1 DAGs
[2026-08-31T15:28:02.278+0000] {logging_mixin.py:190} INFO - [2026-08-31T15:28:02.278+0000] {dag.py:4180} INFO - Setting next_dagrun for etl_pipeline to 2026-08-31 00:00:00+00:00, run_after=2026-09-01 00:00:00+00:00
[2026-08-31T15:28:02.297+0000] {processor.py:208} INFO - Processing /opt/airflow/dags/sales_etl_dag.py took 0.111 seconds
[2026-08-31T15:28:32.569+0000] {processor.py:186} INFO - Started process (PID=695) to work on /opt/airflow/dags/sales_etl_dag.py
[2026-08-31T15:28:32.570+0000] {processor.py:914} INFO - Processing file /opt/airflow/dags/sales_etl_dag.py for tasks to queue
[2026-08-31T15:28:32.573+0000] {logging_mixin.py:190} INFO - [2026-08-31T15:28:32.573+0000] {dagbag.py:588} INFO - Filling up the DagBag from /opt/airflow/dags/sales_etl_dag.py
[2026-08-31T15:28:32.593+0000] {processor.py:925} INFO - DAG(s) 'etl_pipeline' retrieved from /opt/airflow/dags/sales_etl_dag.py
[2026-08-31T15:28:32.619+0000] {logging_mixin.py:190} INFO - [2026-08-31T15:28:32.618+0000] {dag.py:3239} INFO - Sync 1 DAGs
[2026-08-31T15:28:32.642+0000] {logging_mixin.py:190} INFO - [2026-08-31T15:28:32.642+0000] {dag.py:4180} INFO - Setting next_dagrun for etl_pipeline to 2026-08-31 00:00:00+00:00, run_after=2026-09-01 00:00:00+00:00
[2026-08-31T15:28:32.664+0000] {processor.py:208} INFO - Processing /opt/airflow/dags/sales_etl_dag.py took 0.101 seconds
[2026-08-31T15:29:02.868+0000] {processor.py:186} INFO - Started process (PID=700) to work on /opt/airflow/dags/sales_etl_dag.py
[2026-08-31T15:29:02.869+0000] {processor.py:914} INFO - Processing file /opt/airflow/dags/sales_etl_dag.py for tasks to queue
[2026-08-31T15:29:02.872+0000] {logging_mixin.py:190} INFO - [2026-08-31T15:29:02.871+0000] {dagbag.py:588} INFO - Filling up the DagBag from /opt/airflow/dags/sales_etl_dag.py
[2026-08-31T15:29:02.891+0000] {processor.py:925} INFO - DAG(s) 'etl_pipeline' retrieved from /opt/airflow/dags/sales_etl_dag.py
[2026-08-31T15:29:02.917+0000] {logging_mixin.py:190} INFO - [2026-08-31T15:29:02.917+0000] {dag.py:3239} INFO - Sync 1 DAGs
[2026-08-31T15:29:02.938+0000] {logging_mixin.py:190} INFO - [2026-08-31T15:29:02.937+0000] {dag.py:4180} INFO - Setting next_dagrun for etl_pipeline to 2026-08-31 00:00:00+00:00, run_after=2026-09-01 00:00:00+00:00
[2026-08-31T15:29:02.956+0000] {processor.py:208} INFO - Processing /opt/airflow/dags/sales_etl_dag.py took 0.093 seconds
[2026-08-31T15:29:33.234+0000] {processor.py:186} INFO - Started process (PID=705) to work on /opt/airflow/dags/sales_etl_dag.py
[2026-08-31T15:29:33.234+0000] {processor.py:914} INFO - Processing file /opt/airflow/dags/sales_etl_dag.py for tasks to queue
[2026-08-31T15:29:33.237+0000] {logging_mixin.py:190} INFO - [2026-08-31T15:29:33.237+0000] {dagbag.py:588} INFO - Filling up the DagBag from /opt/airflow/dags/sales_etl_dag.py
[2026-08-31T15:29:33.257+0000] {processor.py:925} INFO - DAG(s) 'etl_pipeline' retrieved from /opt/airflow/dags/sales_etl_dag.py
[2026-08-31T15:29:33.283+0000] {logging_mixin.py:190} INFO - [2026-08-31T15:29:33.283+0000] {dag.py:3239} INFO - Sync 1 DAGs
[2026-08-31T15:29:33.303+0000] {logging_mixin.py:190} INFO - [2026-08-31T15:29:33.303+0000] {dag.py:4180} INFO - Setting next_dagrun for etl_pipeline to 2026-08-31 00:00:00+00:00, run_after=2026-09-01 00:00:00+00:00
[2026-08-31T15:29:33.321+0000] {processor.py:208} INFO - Processing /opt/airflow/dags/sales_etl_dag.py took 0.094 seconds
[2026-08-31T15:30:03.560+0000] {processor.py:186} INFO - Started process (PID=710) to work on /opt/airflow/dags/sales_etl_dag.py
[2026-08-31T15:30:03.561+0000] {processor.py:914} INFO - Processing file /opt/airflow/dags/sales_etl_dag.py for tasks to queue
[2026-08-31T15:30:03.564+0000] {logging_mixin.py:190} INFO - [2026-08-31T15:30:03.564+0000] {dagbag.py:588} INFO - Filling up the DagBag from /opt/airflow/dags/sales_etl_dag.py
[2026-08-31T15:30:03.585+0000] {processor.py:925} INFO - DAG(s) 'etl_pipeline' retrieved from /opt/airflow/dags/sales_etl_dag.py
[2026-08-31T15:30:03.611+0000] {logging_mixin.py:190} INFO - [2026-08-31T15:30:03.611+0000] {dag.py:3239} INFO - Sync 1 DAGs
[2026-08-31T15:30:03.633+0000] {logging_mixin.py:190} INFO - [2026-08-31T15:30:03.633+0000] {dag.py:4180} INFO - Setting next_dagrun for etl_pipeline to 2026-08-31 00:00:00+00:00, run_after=2026-09-01 00:00:00+00:00
[2026-08-31T15:30:03.651+0000] {processor.py:208} INFO - Processing /opt/airflow/dags/sales_etl_dag.py took 0.096 seconds
[2026-08-31T15:30:33.872+0000] {processor.py:186} INFO - Started process (PID=715) to work on /opt/airflow/dags/sales_etl_dag.py
[2026-08-31T15:30:33.873+0000] {processor.py:914} INFO - Processing file /opt/airflow/dags/sales_etl_dag.py for tasks to queue
[2026-08-31T15:30:33.875+0000] {logging_mixin.py:190} INFO - [2026-08-31T15:30:33.875+0000] {dagbag.py:588} INFO - Filling up the DagBag from /opt/airflow/dags/sales_etl_dag.py
[2026-08-31T15:30:33.895+0000] {processor.py:925} INFO - DAG(s) 'etl_pipeline' retrieved from /opt/airflow/dags/sales_etl_dag.py
[2026-08-31T15:30:33.921+0000] {logging_mixin.py:190} INFO - [2026-08-31T15:30:33.921+0000] {dag.py:3239} INFO - Sync 1 DAGs
[2026-08-31T15:30:33.941+0000] {logging_mixin.py:190} INFO - [2026-08-31T15:30:33.940+0000] {dag.py:4180} INFO - Setting next_dagrun for etl_pipeline to 2026-08-31 00:00:00+00:00, run_after=2026-09-01 00:00:00+00:00
[2026-08-31T15:30:33.958+0000] {processor.py:208} INFO - Processing /opt/airflow/dags/sales_etl_dag.py took 0.091 seconds
[2026-08-31T15:31:04.201+0000] {processor.py:186} INFO - Started process (PID=720) to work on /opt/airflow/dags/sales_etl_dag.py
[2026-08-31T15:31:04.203+0000] {processor.py:914} INFO - Processing file /opt/airflow/dags/sales_etl_dag.py for tasks to queue
[2026-08-31T15:31:04.205+0000] {logging_mixin.py:190} INFO - [2026-08-31T15:31:04.205+0000] {dagbag.py:588} INFO - Filling up the DagBag from /opt/airflow/dags/sales_etl_dag.py
[2026-08-31T15:31:04.228+0000] {processor.py:925} INFO - DAG(s) 'etl_pipeline' retrieved from /opt/airflow/dags/sales_etl_dag.py
[2026-08-31T15:31:04.258+0000] {logging_mixin.py:190} INFO - [2026-08-31T15:31:04.258+0000] {dag.py:3239} INFO - Sync 1 DAGs
[2026-08-31T15:31:04.279+0000] {logging_mixin.py:190} INFO - [2026-08-31T15:31:04.279+0000] {dag.py:4180} INFO - Setting next_dagrun for etl_pipeline to 2026-08-31 00:00:00+00:00, run_after=2026-09-01 00:00:00+00:00
[2026-08-31T15:31:04.307+0000] {processor.py:208} INFO - Processing /opt/airflow/dags/sales_etl_dag.py took 0.112 seconds
[2026-08-31T15:31:34.541+0000] {processor.py:186} INFO - Started process (PID=725) to work on /opt/airflow/dags/sales_etl_dag.py
[2026-08-31T15:31:34.543+0000] {processor.py:914} INFO - Processing file /opt/airflow/dags/sales_etl_dag.py for tasks to queue
[2026-08-31T15:31:34.547+0000] {logging_mixin.py:190} INFO - [2026-08-31T15:31:34.547+0000] {dagbag.py:588} INFO - Filling up the DagBag from /opt/airflow/dags/sales_etl_dag.py
[2026-08-31T15:31:34.594+0000] {processor.py:925} INFO - DAG(s) 'etl_pipeline' retrieved from /opt/airflow/dags/sales_etl_dag.py
[2026-08-31T15:31:34.637+0000] {logging_mixin.py:190} INFO - [2026-08-31T15:31:34.636+0000] {dag.py:3239} INFO - Sync 1 DAGs
[2026-08-31T15:31:34.660+0000] {logging_mixin.py:190} INFO - [2026-08-31T15:31:34.660+0000] {dag.py:4180} INFO - Setting next_dagrun for etl_pipeline to 2026-08-31 00:00:00+00:00, run_after=2026-09-01 00:00:00+00:00
[2026-08-31T15:31:34.678+0000] {processor.py:208} INFO - Processing /opt/airflow/dags/sales_etl_dag.py took 0.145 seconds
[2026-08-31T15:32:04.852+0000] {processor.py:186} INFO - Started process (PID=730) to work on /opt/airflow/dags/sales_etl_dag.py
[2026-08-31T15:32:04.853+0000] {processor.py:914} INFO - Processing file /opt/airflow/dags/sales_etl_dag.py for tasks to queue
[2026-08-31T15:32:04.858+0000] {logging_mixin.py:190} INFO - [2026-08-31T15:32:04.857+0000] {dagbag.py:588} INFO - Filling up the DagBag from /opt/airflow/dags/sales_etl_dag.py
[2026-08-31T15:32:04.889+0000] {processor.py:925} INFO - DAG(s) 'etl_pipeline' retrieved from /opt/airflow/dags/sales_etl_dag.py
[2026-08-31T15:32:04.920+0000] {logging_mixin.py:190} INFO - [2026-08-31T15:32:04.919+0000] {dag.py:3239} INFO - Sync 1 DAGs
[2026-08-31T15:32:04.942+0000] {logging_mixin.py:190} INFO - [2026-08-31T15:32:04.941+0000] {dag.py:4180} INFO - Setting next_dagrun for etl_pipeline to 2026-08-31 00:00:00+00:00, run_after=2026-09-01 00:00:00+00:00
[2026-08-31T15:32:04.963+0000] {processor.py:208} INFO - Processing /opt/airflow/dags/sales_etl_dag.py took 0.117 seconds
[2026-08-31T18:24:50.879+0000] {processor.py:186} INFO - Started process (PID=167) to work on /opt/airflow/dags/sales_etl_dag.py
[2026-08-31T18:24:50.881+0000] {processor.py:914} INFO - Processing file /opt/airflow/dags/sales_etl_dag.py for tasks to queue
[2026-08-31T18:24:50.890+0000] {logging_mixin.py:190} INFO - [2026-08-31T18:24:50.888+0000] {dagbag.py:588} INFO - Filling up the DagBag from /opt/airflow/dags/sales_etl_dag.py
[2026-08-31T18:24:50.933+0000] {processor.py:925} INFO - DAG(s) 'etl_pipeline' retrieved from /opt/airflow/dags/sales_etl_dag.py
[2026-08-31T18:24:51.009+0000] {logging_mixin.py:190} INFO - [2026-08-31T18:24:51.009+0000] {dag.py:3239} INFO - Sync 1 DAGs
[2026-08-31T18:24:51.072+0000] {logging_mixin.py:190} INFO - [2026-08-31T18:24:51.072+0000] {dag.py:4180} INFO - Setting next_dagrun for etl_pipeline to 2026-08-31 00:00:00+00:00, run_after=2026-09-01 00:00:00+00:00
[2026-08-31T18:24:51.125+0000] {processor.py:208} INFO - Processing /opt/airflow/dags/sales_etl_dag.py took 0.256 seconds
[2026-08-31T18:25:21.292+0000] {processor.py:186} INFO - Started process (PID=172) to work on /opt/airflow/dags/sales_etl_dag.py
[2026-08-31T18:25:21.294+0000] {processor.py:914} INFO - Processing file /opt/airflow/dags/sales_etl_dag.py for tasks to queue
[2026-08-31T18:25:21.298+0000] {logging_mixin.py:190} INFO - [2026-08-31T18:25:21.297+0000] {dagbag.py:588} INFO - Filling up the DagBag from /opt/airflow/dags/sales_etl_dag.py
[2026-08-31T18:25:21.328+0000] {processor.py:925} INFO - DAG(s) 'etl_pipeline' retrieved from /opt/airflow/dags/sales_etl_dag.py
[2026-08-31T18:25:21.372+0000] {logging_mixin.py:190} INFO - [2026-08-31T18:25:21.372+0000] {dag.py:3239} INFO - Sync 1 DAGs
[2026-08-31T18:25:21.398+0000] {logging_mixin.py:190} INFO - [2026-08-31T18:25:21.398+0000] {dag.py:4180} INFO - Setting next_dagrun for etl_pipeline to 2026-08-31 00:00:00+00:00, run_after=2026-09-01 00:00:00+00:00
[2026-08-31T18:25:21.422+0000] {processor.py:208} INFO - Processing /opt/airflow/dags/sales_etl_dag.py took 0.139 seconds
[2026-08-31T18:25:51.621+0000] {processor.py:186} INFO - Started process (PID=201) to work on /opt/airflow/dags/sales_etl_dag.py
[2026-08-31T18:25:51.622+0000] {processor.py:914} INFO - Processing file /opt/airflow/dags/sales_etl_dag.py for tasks to queue
[2026-08-31T18:25:51.626+0000] {logging_mixin.py:190} INFO - [2026-08-31T18:25:51.626+0000] {dagbag.py:588} INFO - Filling up the DagBag from /opt/airflow/dags/sales_etl_dag.py
[2026-08-31T18:25:51.666+0000] {processor.py:925} INFO - DAG(s) 'etl_pipeline' retrieved from /opt/airflow/dags/sales_etl_dag.py
[2026-08-31T18:25:51.727+0000] {logging_mixin.py:190} INFO - [2026-08-31T18:25:51.727+0000] {dag.py:3239} INFO - Sync 1 DAGs
[2026-08-31T18:25:51.759+0000] {logging_mixin.py:190} INFO - [2026-08-31T18:25:51.759+0000] {dag.py:4180} INFO - Setting next_dagrun for etl_pipeline to 2026-08-31 00:00:00+00:00, run_after=2026-09-01 00:00:00+00:00
[2026-08-31T18:25:51.801+0000] {processor.py:208} INFO - Processing /opt/airflow/dags/sales_etl_dag.py took 0.188 seconds
[2026-08-31T18:26:22.018+0000] {processor.py:186} INFO - Started process (PID=206) to work on /opt/airflow/dags/sales_etl_dag.py
[2026-08-31T18:26:22.019+0000] {processor.py:914} INFO - Processing file /opt/airflow/dags/sales_etl_dag.py for tasks to queue
[2026-08-31T18:26:22.023+0000] {logging_mixin.py:190} INFO - [2026-08-31T18:26:22.022+0000] {dagbag.py:588} INFO - Filling up the DagBag from /opt/airflow/dags/sales_etl_dag.py
[2026-08-31T18:26:22.052+0000] {processor.py:925} INFO - DAG(s) 'etl_pipeline' retrieved from /opt/airflow/dags/sales_etl_dag.py
[2026-08-31T18:26:22.093+0000] {logging_mixin.py:190} INFO - [2026-08-31T18:26:22.093+0000] {dag.py:3239} INFO - Sync 1 DAGs
[2026-08-31T18:26:22.124+0000] {logging_mixin.py:190} INFO - [2026-08-31T18:26:22.123+0000] {dag.py:4180} INFO - Setting next_dagrun for etl_pipeline to 2026-08-31 00:00:00+00:00, run_after=2026-09-01 00:00:00+00:00
[2026-08-31T18:26:22.151+0000] {processor.py:208} INFO - Processing /opt/airflow/dags/sales_etl_dag.py took 0.139 seconds
[2026-08-31T18:26:52.465+0000] {processor.py:186} INFO - Started process (PID=211) to work on /opt/airflow/dags/sales_etl_dag.py
[2026-08-31T18:26:52.466+0000] {processor.py:914} INFO - Processing file /opt/airflow/dags/sales_etl_dag.py for tasks to queue
[2026-08-31T18:26:52.477+0000] {logging_mixin.py:190} INFO - [2026-08-31T18:26:52.476+0000] {dagbag.py:588} INFO - Filling up the DagBag from /opt/airflow/dags/sales_etl_dag.py
[2026-08-31T18:26:52.522+0000] {processor.py:925} INFO - DAG(s) 'etl_pipeline' retrieved from /opt/airflow/dags/sales_etl_dag.py
[2026-08-31T18:26:52.558+0000] {logging_mixin.py:190} INFO - [2026-08-31T18:26:52.558+0000] {dag.py:3239} INFO - Sync 1 DAGs
[2026-08-31T18:26:52.584+0000] {logging_mixin.py:190} INFO - [2026-08-31T18:26:52.583+0000] {dag.py:4180} INFO - Setting next_dagrun for etl_pipeline to 2026-08-31 00:00:00+00:00, run_after=2026-09-01 00:00:00+00:00
[2026-08-31T18:26:52.611+0000] {processor.py:208} INFO - Processing /opt/airflow/dags/sales_etl_dag.py took 0.155 seconds
[2026-08-31T18:27:22.788+0000] {processor.py:186} INFO - Started process (PID=216) to work on /opt/airflow/dags/sales_etl_dag.py
[2026-08-31T18:27:22.790+0000] {processor.py:914} INFO - Processing file /opt/airflow/dags/sales_etl_dag.py for tasks to queue
[2026-08-31T18:27:22.792+0000] {logging_mixin.py:190} INFO - [2026-08-31T18:27:22.792+0000] {dagbag.py:588} INFO - Filling up the DagBag from /opt/airflow/dags/sales_etl_dag.py
[2026-08-31T18:27:22.818+0000] {processor.py:925} INFO - DAG(s) 'etl_pipeline' retrieved from /opt/airflow/dags/sales_etl_dag.py
[2026-08-31T18:27:22.858+0000] {logging_mixin.py:190} INFO - [2026-08-31T18:27:22.857+0000] {dag.py:3239} INFO - Sync 1 DAGs
[2026-08-31T18:27:22.887+0000] {logging_mixin.py:190} INFO - [2026-08-31T18:27:22.887+0000] {dag.py:4180} INFO - Setting next_dagrun for etl_pipeline to 2026-08-31 00:00:00+00:00, run_after=2026-09-01 00:00:00+00:00
[2026-08-31T18:27:22.914+0000] {processor.py:208} INFO - Processing /opt/airflow/dags/sales_etl_dag.py took 0.134 seconds
[2026-08-31T18:27:53.235+0000] {processor.py:186} INFO - Started process (PID=221) to work on /opt/airflow/dags/sales_etl_dag.py
[2026-08-31T18:27:53.236+0000] {processor.py:914} INFO - Processing file /opt/airflow/dags/sales_etl_dag.py for tasks to queue
[2026-08-31T18:27:53.240+0000] {logging_mixin.py:190} INFO - [2026-08-31T18:27:53.239+0000] {dagbag.py:588} INFO - Filling up the DagBag from /opt/airflow/dags/sales_etl_dag.py
[2026-08-31T18:27:53.270+0000] {processor.py:925} INFO - DAG(s) 'etl_pipeline' retrieved from /opt/airflow/dags/sales_etl_dag.py
[2026-08-31T18:27:53.306+0000] {logging_mixin.py:190} INFO - [2026-08-31T18:27:53.306+0000] {dag.py:3239} INFO - Sync 1 DAGs
[2026-08-31T18:27:53.332+0000] {logging_mixin.py:190} INFO - [2026-08-31T18:27:53.332+0000] {dag.py:4180} INFO - Setting next_dagrun for etl_pipeline to 2026-08-31 00:00:00+00:00, run_after=2026-09-01 00:00:00+00:00
[2026-08-31T18:27:53.353+0000] {processor.py:208} INFO - Processing /opt/airflow/dags/sales_etl_dag.py took 0.124 seconds
[2026-08-31T18:28:33.304+0000] {processor.py:186} INFO - Started process (PID=167) to work on /opt/airflow/dags/sales_etl_dag.py
[2026-08-31T18:28:33.306+0000] {processor.py:914} INFO - Processing file /opt/airflow/dags/sales_etl_dag.py for tasks to queue
[2026-08-31T18:28:33.309+0000] {logging_mixin.py:190} INFO - [2026-08-31T18:28:33.308+0000] {dagbag.py:588} INFO - Filling up the DagBag from /opt/airflow/dags/sales_etl_dag.py
[2026-08-31T18:28:33.359+0000] {processor.py:925} INFO - DAG(s) 'etl_pipeline' retrieved from /opt/airflow/dags/sales_etl_dag.py
[2026-08-31T18:28:33.448+0000] {logging_mixin.py:190} INFO - [2026-08-31T18:28:33.447+0000] {dag.py:3239} INFO - Sync 1 DAGs
[2026-08-31T18:28:33.491+0000] {logging_mixin.py:190} INFO - [2026-08-31T18:28:33.490+0000] {dag.py:4180} INFO - Setting next_dagrun for etl_pipeline to 2026-08-31 00:00:00+00:00, run_after=2026-09-01 00:00:00+00:00
[2026-08-31T18:28:33.528+0000] {processor.py:208} INFO - Processing /opt/airflow/dags/sales_etl_dag.py took 0.234 seconds
[2026-08-31T18:29:03.609+0000] {processor.py:186} INFO - Started process (PID=172) to work on /opt/airflow/dags/sales_etl_dag.py
[2026-08-31T18:29:03.611+0000] {processor.py:914} INFO - Processing file /opt/airflow/dags/sales_etl_dag.py for tasks to queue
[2026-08-31T18:29:03.615+0000] {logging_mixin.py:190} INFO - [2026-08-31T18:29:03.614+0000] {dagbag.py:588} INFO - Filling up the DagBag from /opt/airflow/dags/sales_etl_dag.py
[2026-08-31T18:29:03.642+0000] {processor.py:925} INFO - DAG(s) 'etl_pipeline' retrieved from /opt/airflow/dags/sales_etl_dag.py
[2026-08-31T18:29:03.678+0000] {logging_mixin.py:190} INFO - [2026-08-31T18:29:03.677+0000] {dag.py:3239} INFO - Sync 1 DAGs
[2026-08-31T18:29:03.716+0000] {logging_mixin.py:190} INFO - [2026-08-31T18:29:03.716+0000] {dag.py:4180} INFO - Setting next_dagrun for etl_pipeline to 2026-08-31 00:00:00+00:00, run_after=2026-09-01 00:00:00+00:00
[2026-08-31T18:29:03.764+0000] {processor.py:208} INFO - Processing /opt/airflow/dags/sales_etl_dag.py took 0.163 seconds
[2026-08-31T18:29:33.933+0000] {processor.py:186} INFO - Started process (PID=177) to work on /opt/airflow/dags/sales_etl_dag.py
[2026-08-31T18:29:33.934+0000] {processor.py:914} INFO - Processing file /opt/airflow/dags/sales_etl_dag.py for tasks to queue
[2026-08-31T18:29:33.939+0000] {logging_mixin.py:190} INFO - [2026-08-31T18:29:33.938+0000] {dagbag.py:588} INFO - Filling up the DagBag from /opt/airflow/dags/sales_etl_dag.py
[2026-08-31T18:29:33.982+0000] {processor.py:925} INFO - DAG(s) 'etl_pipeline' retrieved from /opt/airflow/dags/sales_etl_dag.py
[2026-08-31T18:29:34.048+0000] {logging_mixin.py:190} INFO - [2026-08-31T18:29:34.048+0000] {dag.py:3239} INFO - Sync 1 DAGs
[2026-08-31T18:29:34.080+0000] {logging_mixin.py:190} INFO - [2026-08-31T18:29:34.080+0000] {dag.py:4180} INFO - Setting next_dagrun for etl_pipeline to 2026-08-31 00:00:00+00:00, run_after=2026-09-01 00:00:00+00:00
[2026-08-31T18:29:34.103+0000] {processor.py:208} INFO - Processing /opt/airflow/dags/sales_etl_dag.py took 0.182 seconds
[2026-08-31T18:30:04.358+0000] {processor.py:186} INFO - Started process (PID=206) to work on /opt/airflow/dags/sales_etl_dag.py
[2026-08-31T18:30:04.359+0000] {processor.py:914} INFO - Processing file /opt/airflow/dags/sales_etl_dag.py for tasks to queue
[2026-08-31T18:30:04.363+0000] {logging_mixin.py:190} INFO - [2026-08-31T18:30:04.362+0000] {dagbag.py:588} INFO - Filling up the DagBag from /opt/airflow/dags/sales_etl_dag.py
[2026-08-31T18:30:04.386+0000] {processor.py:925} INFO - DAG(s) 'etl_pipeline' retrieved from /opt/airflow/dags/sales_etl_dag.py
[2026-08-31T18:30:04.418+0000] {logging_mixin.py:190} INFO - [2026-08-31T18:30:04.417+0000] {dag.py:3239} INFO - Sync 1 DAGs
[2026-08-31T18:30:04.440+0000] {logging_mixin.py:190} INFO - [2026-08-31T18:30:04.439+0000] {dag.py:4180} INFO - Setting next_dagrun for etl_pipeline to 2026-08-31 00:00:00+00:00, run_after=2026-09-01 00:00:00+00:00
[2026-08-31T18:30:04.459+0000] {processor.py:208} INFO - Processing /opt/airflow/dags/sales_etl_dag.py took 0.108 seconds
[2026-08-31T18:30:34.745+0000] {processor.py:186} INFO - Started process (PID=211) to work on /opt/airflow/dags/sales_etl_dag.py
[2026-08-31T18:30:34.747+0000] {processor.py:914} INFO - Processing file /opt/airflow/dags/sales_etl_dag.py for tasks to queue
[2026-08-31T18:30:34.750+0000] {logging_mixin.py:190} INFO - [2026-08-31T18:30:34.749+0000] {dagbag.py:588} INFO - Filling up the DagBag from /opt/airflow/dags/sales_etl_dag.py
[2026-08-31T18:30:34.773+0000] {processor.py:925} INFO - DAG(s) 'etl_pipeline' retrieved from /opt/airflow/dags/sales_etl_dag.py
[2026-08-31T18:30:34.805+0000] {logging_mixin.py:190} INFO - [2026-08-31T18:30:34.804+0000] {dag.py:3239} INFO - Sync 1 DAGs
[2026-08-31T18:30:34.826+0000] {logging_mixin.py:190} INFO - [2026-08-31T18:30:34.825+0000] {dag.py:4180} INFO - Setting next_dagrun for etl_pipeline to 2026-08-31 00:00:00+00:00, run_after=2026-09-01 00:00:00+00:00
[2026-08-31T18:30:34.844+0000] {processor.py:208} INFO - Processing /opt/airflow/dags/sales_etl_dag.py took 0.106 seconds
[2026-08-31T18:31:46.919+0000] {processor.py:186} INFO - Started process (PID=167) to work on /opt/airflow/dags/sales_etl_dag.py
[2026-08-31T18:31:46.921+0000] {processor.py:914} INFO - Processing file /opt/airflow/dags/sales_etl_dag.py for tasks to queue
[2026-08-31T18:31:46.924+0000] {logging_mixin.py:190} INFO - [2026-08-31T18:31:46.924+0000] {dagbag.py:588} INFO - Filling up the DagBag from /opt/airflow/dags/sales_etl_dag.py
[2026-08-31T18:31:46.985+0000] {processor.py:925} INFO - DAG(s) 'etl_pipeline' retrieved from /opt/airflow/dags/sales_etl_dag.py
[2026-08-31T18:31:47.375+0000] {logging_mixin.py:190} INFO - [2026-08-31T18:31:47.375+0000] {override.py:1911} INFO - Created Permission View: can edit on DAG:etl_pipeline
[2026-08-31T18:31:47.387+0000] {logging_mixin.py:190} INFO - [2026-08-31T18:31:47.387+0000] {override.py:1911} INFO - Created Permission View: can delete on DAG:etl_pipeline
[2026-08-31T18:31:47.397+0000] {logging_mixin.py:190} INFO - [2026-08-31T18:31:47.397+0000] {override.py:1911} INFO - Created Permission View: can read on DAG:etl_pipeline
[2026-08-31T18:31:47.409+0000] {logging_mixin.py:190} INFO - [2026-08-31T18:31:47.408+0000] {override.py:1911} INFO - Created Permission View: can create on DAG Run:etl_pipeline
[2026-08-31T18:31:47.421+0000] {logging_mixin.py:190} INFO - [2026-08-31T18:31:47.421+0000] {override.py:1911} INFO - Created Permission View: can delete on DAG Run:etl_pipeline
[2026-08-31T18:31:47.432+0000] {logging_mixin.py:190} INFO - [2026-08-31T18:31:47.432+0000] {override.py:1911} INFO - Created Permission View: menu access on DAG Run:etl_pipeline
[2026-08-31T18:31:47.444+0000] {logging_mixin.py:190} INFO - [2026-08-31T18:31:47.444+0000] {override.py:1911} INFO - Created Permission View: can read on DAG Run:etl_pipeline
[2026-08-31T18:31:47.446+0000] {logging_mixin.py:190} INFO - [2026-08-31T18:31:47.445+0000] {dag.py:3239} INFO - Sync 1 DAGs
[2026-08-31T18:31:47.461+0000] {logging_mixin.py:190} INFO - [2026-08-31T18:31:47.461+0000] {dag.py:3262} INFO - Creating ORM DAG for etl_pipeline
[2026-08-31T18:31:47.476+0000] {logging_mixin.py:190} INFO - [2026-08-31T18:31:47.476+0000] {dag.py:4180} INFO - Setting next_dagrun for etl_pipeline to 2026-08-31 00:00:00+00:00, run_after=2026-09-01 00:00:00+00:00
[2026-08-31T18:31:47.497+0000] {processor.py:208} INFO - Processing /opt/airflow/dags/sales_etl_dag.py took 0.587 seconds
[2026-08-31T18:32:17.882+0000] {processor.py:186} INFO - Started process (PID=172) to work on /opt/airflow/dags/sales_etl_dag.py
[2026-08-31T18:32:17.883+0000] {processor.py:914} INFO - Processing file /opt/airflow/dags/sales_etl_dag.py for tasks to queue
[2026-08-31T18:32:17.889+0000] {logging_mixin.py:190} INFO - [2026-08-31T18:32:17.889+0000] {dagbag.py:588} INFO - Filling up the DagBag from /opt/airflow/dags/sales_etl_dag.py
[2026-08-31T18:32:17.919+0000] {processor.py:925} INFO - DAG(s) 'etl_pipeline' retrieved from /opt/airflow/dags/sales_etl_dag.py
[2026-08-31T18:32:17.962+0000] {logging_mixin.py:190} INFO - [2026-08-31T18:32:17.962+0000] {dag.py:3239} INFO - Sync 1 DAGs
[2026-08-31T18:32:17.990+0000] {logging_mixin.py:190} INFO - [2026-08-31T18:32:17.990+0000] {dag.py:4180} INFO - Setting next_dagrun for etl_pipeline to 2026-08-31 00:00:00+00:00, run_after=2026-09-01 00:00:00+00:00
[2026-08-31T18:32:18.015+0000] {processor.py:208} INFO - Processing /opt/airflow/dags/sales_etl_dag.py took 0.140 seconds
[2026-08-31T18:32:48.170+0000] {processor.py:186} INFO - Started process (PID=177) to work on /opt/airflow/dags/sales_etl_dag.py
[2026-08-31T18:32:48.172+0000] {processor.py:914} INFO - Processing file /opt/airflow/dags/sales_etl_dag.py for tasks to queue
[2026-08-31T18:32:48.175+0000] {logging_mixin.py:190} INFO - [2026-08-31T18:32:48.175+0000] {dagbag.py:588} INFO - Filling up the DagBag from /opt/airflow/dags/sales_etl_dag.py
[2026-08-31T18:32:48.208+0000] {processor.py:925} INFO - DAG(s) 'etl_pipeline' retrieved from /opt/airflow/dags/sales_etl_dag.py
[2026-08-31T18:32:48.252+0000] {logging_mixin.py:190} INFO - [2026-08-31T18:32:48.252+0000] {dag.py:3239} INFO - Sync 1 DAGs
[2026-08-31T18:32:48.283+0000] {logging_mixin.py:190} INFO - [2026-08-31T18:32:48.282+0000] {dag.py:4180} INFO - Setting next_dagrun for etl_pipeline to 2026-08-31 00:00:00+00:00, run_after=2026-09-01 00:00:00+00:00
[2026-08-31T18:32:48.316+0000] {processor.py:208} INFO - Processing /opt/airflow/dags/sales_etl_dag.py took 0.155 seconds
[2026-08-31T18:33:18.572+0000] {processor.py:186} INFO - Started process (PID=182) to work on /opt/airflow/dags/sales_etl_dag.py
[2026-08-31T18:33:18.574+0000] {processor.py:914} INFO - Processing file /opt/airflow/dags/sales_etl_dag.py for tasks to queue
[2026-08-31T18:33:18.577+0000] {logging_mixin.py:190} INFO - [2026-08-31T18:33:18.576+0000] {dagbag.py:588} INFO - Filling up the DagBag from /opt/airflow/dags/sales_etl_dag.py
[2026-08-31T18:33:18.603+0000] {processor.py:925} INFO - DAG(s) 'etl_pipeline' retrieved from /opt/airflow/dags/sales_etl_dag.py
[2026-08-31T18:33:18.639+0000] {logging_mixin.py:190} INFO - [2026-08-31T18:33:18.638+0000] {dag.py:3239} INFO - Sync 1 DAGs
[2026-08-31T18:33:18.665+0000] {logging_mixin.py:190} INFO - [2026-08-31T18:33:18.664+0000] {dag.py:4180} INFO - Setting next_dagrun for etl_pipeline to 2026-08-31 00:00:00+00:00, run_after=2026-09-01 00:00:00+00:00
[2026-08-31T18:33:18.687+0000] {processor.py:208} INFO - Processing /opt/airflow/dags/sales_etl_dag.py took 0.122 seconds
[2026-08-31T18:33:48.873+0000] {processor.py:186} INFO - Started process (PID=187) to work on /opt/airflow/dags/sales_etl_dag.py
[2026-08-31T18:33:48.875+0000] {processor.py:914} INFO - Processing file /opt/airflow/dags/sales_etl_dag.py for tasks to queue
[2026-08-31T18:33:48.878+0000] {logging_mixin.py:190} INFO - [2026-08-31T18:33:48.878+0000] {dagbag.py:588} INFO - Filling up the DagBag from /opt/airflow/dags/sales_etl_dag.py
[2026-08-31T18:33:48.905+0000] {processor.py:925} INFO - DAG(s) 'etl_pipeline' retrieved from /opt/airflow/dags/sales_etl_dag.py
[2026-08-31T18:33:48.937+0000] {logging_mixin.py:190} INFO - [2026-08-31T18:33:48.936+0000] {dag.py:3239} INFO - Sync 1 DAGs
[2026-08-31T18:33:48.960+0000] {logging_mixin.py:190} INFO - [2026-08-31T18:33:48.960+0000] {dag.py:4180} INFO - Setting next_dagrun for etl_pipeline to 2026-08-31 00:00:00+00:00, run_after=2026-09-01 00:00:00+00:00
[2026-08-31T18:33:48.982+0000] {processor.py:208} INFO - Processing /opt/airflow/dags/sales_etl_dag.py took 0.117 seconds
[2026-08-31T18:34:19.314+0000] {processor.py:186} INFO - Started process (PID=216) to work on /opt/airflow/dags/sales_etl_dag.py
[2026-08-31T18:34:19.315+0000] {processor.py:914} INFO - Processing file /opt/airflow/dags/sales_etl_dag.py for tasks to queue
[2026-08-31T18:34:19.319+0000] {logging_mixin.py:190} INFO - [2026-08-31T18:34:19.318+0000] {dagbag.py:588} INFO - Filling up the DagBag from /opt/airflow/dags/sales_etl_dag.py
[2026-08-31T18:34:19.344+0000] {processor.py:925} INFO - DAG(s) 'etl_pipeline' retrieved from /opt/airflow/dags/sales_etl_dag.py
[2026-08-31T18:34:19.371+0000] {logging_mixin.py:190} INFO - [2026-08-31T18:34:19.370+0000] {dag.py:3239} INFO - Sync 1 DAGs
[2026-08-31T18:34:19.394+0000] {logging_mixin.py:190} INFO - [2026-08-31T18:34:19.393+0000] {dag.py:4180} INFO - Setting next_dagrun for etl_pipeline to 2026-08-31 00:00:00+00:00, run_after=2026-09-01 00:00:00+00:00
[2026-08-31T18:34:19.411+0000] {processor.py:208} INFO - Processing /opt/airflow/dags/sales_etl_dag.py took 0.104 seconds
[2026-08-31T18:34:49.703+0000] {processor.py:186} INFO - Started process (PID=221) to work on /opt/airflow/dags/sales_etl_dag.py
[2026-08-31T18:34:49.705+0000] {processor.py:914} INFO - Processing file /opt/airflow/dags/sales_etl_dag.py for tasks to queue
[2026-08-31T18:34:49.708+0000] {logging_mixin.py:190} INFO - [2026-08-31T18:34:49.708+0000] {dagbag.py:588} INFO - Filling up the DagBag from /opt/airflow/dags/sales_etl_dag.py
[2026-08-31T18:34:49.734+0000] {processor.py:925} INFO - DAG(s) 'etl_pipeline' retrieved from /opt/airflow/dags/sales_etl_dag.py
[2026-08-31T18:34:49.770+0000] {logging_mixin.py:190} INFO - [2026-08-31T18:34:49.770+0000] {dag.py:3239} INFO - Sync 1 DAGs
[2026-08-31T18:34:49.796+0000] {logging_mixin.py:190} INFO - [2026-08-31T18:34:49.795+0000] {dag.py:4180} INFO - Setting next_dagrun for etl_pipeline to 2026-08-31 00:00:00+00:00, run_after=2026-09-01 00:00:00+00:00
[2026-08-31T18:34:49.818+0000] {processor.py:208} INFO - Processing /opt/airflow/dags/sales_etl_dag.py took 0.122 seconds
[2026-08-31T18:35:20.097+0000] {processor.py:186} INFO - Started process (PID=226) to work on /opt/airflow/dags/sales_etl_dag.py
[2026-08-31T18:35:20.098+0000] {processor.py:914} INFO - Processing file /opt/airflow/dags/sales_etl_dag.py for tasks to queue
[2026-08-31T18:35:20.101+0000] {logging_mixin.py:190} INFO - [2026-08-31T18:35:20.101+0000] {dagbag.py:588} INFO - Filling up the DagBag from /opt/airflow/dags/sales_etl_dag.py
[2026-08-31T18:35:20.123+0000] {processor.py:925} INFO - DAG(s) 'etl_pipeline' retrieved from /opt/airflow/dags/sales_etl_dag.py
[2026-08-31T18:35:20.157+0000] {logging_mixin.py:190} INFO - [2026-08-31T18:35:20.157+0000] {dag.py:3239} INFO - Sync 1 DAGs
[2026-08-31T18:35:20.181+0000] {logging_mixin.py:190} INFO - [2026-08-31T18:35:20.181+0000] {dag.py:4180} INFO - Setting next_dagrun for etl_pipeline to 2026-08-31 00:00:00+00:00, run_after=2026-09-01 00:00:00+00:00
[2026-08-31T18:35:20.199+0000] {processor.py:208} INFO - Processing /opt/airflow/dags/sales_etl_dag.py took 0.108 seconds
[2026-08-31T18:35:50.510+0000] {processor.py:186} INFO - Started process (PID=231) to work on /opt/airflow/dags/sales_etl_dag.py
[2026-08-31T18:35:50.512+0000] {processor.py:914} INFO - Processing file /opt/airflow/dags/sales_etl_dag.py for tasks to queue
[2026-08-31T18:35:50.515+0000] {logging_mixin.py:190} INFO - [2026-08-31T18:35:50.514+0000] {dagbag.py:588} INFO - Filling up the DagBag from /opt/airflow/dags/sales_etl_dag.py
[2026-08-31T18:35:50.540+0000] {processor.py:925} INFO - DAG(s) 'etl_pipeline' retrieved from /opt/airflow/dags/sales_etl_dag.py
[2026-08-31T18:35:50.574+0000] {logging_mixin.py:190} INFO - [2026-08-31T18:35:50.574+0000] {dag.py:3239} INFO - Sync 1 DAGs
[2026-08-31T18:35:50.600+0000] {logging_mixin.py:190} INFO - [2026-08-31T18:35:50.600+0000] {dag.py:4180} INFO - Setting next_dagrun for etl_pipeline to 2026-08-31 00:00:00+00:00, run_after=2026-09-01 00:00:00+00:00
[2026-08-31T18:35:50.623+0000] {processor.py:208} INFO - Processing /opt/airflow/dags/sales_etl_dag.py took 0.121 seconds
[2026-08-31T18:36:20.834+0000] {processor.py:186} INFO - Started process (PID=236) to work on /opt/airflow/dags/sales_etl_dag.py
[2026-08-31T18:36:20.836+0000] {processor.py:914} INFO - Processing file /opt/airflow/dags/sales_etl_dag.py for tasks to queue
[2026-08-31T18:36:20.840+0000] {logging_mixin.py:190} INFO - [2026-08-31T18:36:20.840+0000] {dagbag.py:588} INFO - Filling up the DagBag from /opt/airflow/dags/sales_etl_dag.py
[2026-08-31T18:36:20.864+0000] {processor.py:925} INFO - DAG(s) 'etl_pipeline' retrieved from /opt/airflow/dags/sales_etl_dag.py
[2026-08-31T18:36:20.896+0000] {logging_mixin.py:190} INFO - [2026-08-31T18:36:20.896+0000] {dag.py:3239} INFO - Sync 1 DAGs
[2026-08-31T18:36:20.923+0000] {logging_mixin.py:190} INFO - [2026-08-31T18:36:20.922+0000] {dag.py:4180} INFO - Setting next_dagrun for etl_pipeline to 2026-08-31 00:00:00+00:00, run_after=2026-09-01 00:00:00+00:00
[2026-08-31T18:36:20.944+0000] {processor.py:208} INFO - Processing /opt/airflow/dags/sales_etl_dag.py took 0.116 seconds
[2026-08-31T18:36:51.352+0000] {processor.py:186} INFO - Started process (PID=241) to work on /opt/airflow/dags/sales_etl_dag.py
[2026-08-31T18:36:51.354+0000] {processor.py:914} INFO - Processing file /opt/airflow/dags/sales_etl_dag.py for tasks to queue
[2026-08-31T18:36:51.355+0000] {logging_mixin.py:190} INFO - [2026-08-31T18:36:51.355+0000] {dagbag.py:588} INFO - Filling up the DagBag from /opt/airflow/dags/sales_etl_dag.py
[2026-08-31T18:36:51.375+0000] {processor.py:925} INFO - DAG(s) 'etl_pipeline' retrieved from /opt/airflow/dags/sales_etl_dag.py
[2026-08-31T18:36:51.402+0000] {logging_mixin.py:190} INFO - [2026-08-31T18:36:51.402+0000] {dag.py:3239} INFO - Sync 1 DAGs
[2026-08-31T18:36:51.424+0000] {logging_mixin.py:190} INFO - [2026-08-31T18:36:51.423+0000] {dag.py:4180} INFO - Setting next_dagrun for etl_pipeline to 2026-08-31 00:00:00+00:00, run_after=2026-09-01 00:00:00+00:00
[2026-08-31T18:36:51.459+0000] {processor.py:208} INFO - Processing /opt/airflow/dags/sales_etl_dag.py took 0.112 seconds
[2026-08-31T18:37:21.724+0000] {processor.py:186} INFO - Started process (PID=246) to work on /opt/airflow/dags/sales_etl_dag.py
[2026-08-31T18:37:21.725+0000] {processor.py:914} INFO - Processing file /opt/airflow/dags/sales_etl_dag.py for tasks to queue
[2026-08-31T18:37:21.728+0000] {logging_mixin.py:190} INFO - [2026-08-31T18:37:21.728+0000] {dagbag.py:588} INFO - Filling up the DagBag from /opt/airflow/dags/sales_etl_dag.py
[2026-08-31T18:37:21.750+0000] {processor.py:925} INFO - DAG(s) 'etl_pipeline' retrieved from /opt/airflow/dags/sales_etl_dag.py
[2026-08-31T18:37:21.779+0000] {logging_mixin.py:190} INFO - [2026-08-31T18:37:21.779+0000] {dag.py:3239} INFO - Sync 1 DAGs
[2026-08-31T18:37:21.804+0000] {logging_mixin.py:190} INFO - [2026-08-31T18:37:21.803+0000] {dag.py:4180} INFO - Setting next_dagrun for etl_pipeline to 2026-08-31 00:00:00+00:00, run_after=2026-09-01 00:00:00+00:00
[2026-08-31T18:37:21.824+0000] {processor.py:208} INFO - Processing /opt/airflow/dags/sales_etl_dag.py took 0.106 seconds
[2026-08-31T18:37:52.102+0000] {processor.py:186} INFO - Started process (PID=251) to work on /opt/airflow/dags/sales_etl_dag.py
[2026-08-31T18:37:52.103+0000] {processor.py:914} INFO - Processing file /opt/airflow/dags/sales_etl_dag.py for tasks to queue
[2026-08-31T18:37:52.107+0000] {logging_mixin.py:190} INFO - [2026-08-31T18:37:52.107+0000] {dagbag.py:588} INFO - Filling up the DagBag from /opt/airflow/dags/sales_etl_dag.py
[2026-08-31T18:37:52.127+0000] {processor.py:925} INFO - DAG(s) 'etl_pipeline' retrieved from /opt/airflow/dags/sales_etl_dag.py
[2026-08-31T18:37:52.159+0000] {logging_mixin.py:190} INFO - [2026-08-31T18:37:52.159+0000] {dag.py:3239} INFO - Sync 1 DAGs
[2026-08-31T18:37:52.184+0000] {logging_mixin.py:190} INFO - [2026-08-31T18:37:52.184+0000] {dag.py:4180} INFO - Setting next_dagrun for etl_pipeline to 2026-08-31 00:00:00+00:00, run_after=2026-09-01 00:00:00+00:00
[2026-08-31T18:37:52.202+0000] {processor.py:208} INFO - Processing /opt/airflow/dags/sales_etl_dag.py took 0.105 seconds
[2026-08-31T18:38:22.541+0000] {processor.py:186} INFO - Started process (PID=256) to work on /opt/airflow/dags/sales_etl_dag.py
[2026-08-31T18:38:22.542+0000] {processor.py:914} INFO - Processing file /opt/airflow/dags/sales_etl_dag.py for tasks to queue
[2026-08-31T18:38:22.545+0000] {logging_mixin.py:190} INFO - [2026-08-31T18:38:22.545+0000] {dagbag.py:588} INFO - Filling up the DagBag from /opt/airflow/dags/sales_etl_dag.py
[2026-08-31T18:38:22.577+0000] {processor.py:925} INFO - DAG(s) 'etl_pipeline' retrieved from /opt/airflow/dags/sales_etl_dag.py
[2026-08-31T18:38:22.608+0000] {logging_mixin.py:190} INFO - [2026-08-31T18:38:22.608+0000] {dag.py:3239} INFO - Sync 1 DAGs
[2026-08-31T18:38:22.634+0000] {logging_mixin.py:190} INFO - [2026-08-31T18:38:22.634+0000] {dag.py:4180} INFO - Setting next_dagrun for etl_pipeline to 2026-08-31 00:00:00+00:00, run_after=2026-09-01 00:00:00+00:00
[2026-08-31T18:38:22.663+0000] {processor.py:208} INFO - Processing /opt/airflow/dags/sales_etl_dag.py took 0.128 seconds
[2026-08-31T18:38:52.895+0000] {processor.py:186} INFO - Started process (PID=261) to work on /opt/airflow/dags/sales_etl_dag.py
[2026-08-31T18:38:52.896+0000] {processor.py:914} INFO - Processing file /opt/airflow/dags/sales_etl_dag.py for tasks to queue
[2026-08-31T18:38:52.898+0000] {logging_mixin.py:190} INFO - [2026-08-31T18:38:52.898+0000] {dagbag.py:588} INFO - Filling up the DagBag from /opt/airflow/dags/sales_etl_dag.py
[2026-08-31T18:38:52.917+0000] {processor.py:925} INFO - DAG(s) 'etl_pipeline' retrieved from /opt/airflow/dags/sales_etl_dag.py
[2026-08-31T18:38:52.945+0000] {logging_mixin.py:190} INFO - [2026-08-31T18:38:52.945+0000] {dag.py:3239} INFO - Sync 1 DAGs
[2026-08-31T18:38:52.966+0000] {logging_mixin.py:190} INFO - [2026-08-31T18:38:52.966+0000] {dag.py:4180} INFO - Setting next_dagrun for etl_pipeline to 2026-08-31 00:00:00+00:00, run_after=2026-09-01 00:00:00+00:00
[2026-08-31T18:38:52.983+0000] {processor.py:208} INFO - Processing /opt/airflow/dags/sales_etl_dag.py took 0.093 seconds
[2026-08-31T18:39:23.281+0000] {processor.py:186} INFO - Started process (PID=266) to work on /opt/airflow/dags/sales_etl_dag.py
[2026-08-31T18:39:23.282+0000] {processor.py:914} INFO - Processing file /opt/airflow/dags/sales_etl_dag.py for tasks to queue
[2026-08-31T18:39:23.284+0000] {logging_mixin.py:190} INFO - [2026-08-31T18:39:23.284+0000] {dagbag.py:588} INFO - Filling up the DagBag from /opt/airflow/dags/sales_etl_dag.py
[2026-08-31T18:39:23.304+0000] {processor.py:925} INFO - DAG(s) 'etl_pipeline' retrieved from /opt/airflow/dags/sales_etl_dag.py
[2026-08-31T18:39:23.333+0000] {logging_mixin.py:190} INFO - [2026-08-31T18:39:23.333+0000] {dag.py:3239} INFO - Sync 1 DAGs
[2026-08-31T18:39:23.355+0000] {logging_mixin.py:190} INFO - [2026-08-31T18:39:23.355+0000] {dag.py:4180} INFO - Setting next_dagrun for etl_pipeline to 2026-08-31 00:00:00+00:00, run_after=2026-09-01 00:00:00+00:00
[2026-08-31T18:39:23.371+0000] {processor.py:208} INFO - Processing /opt/airflow/dags/sales_etl_dag.py took 0.095 seconds
[2026-08-31T18:39:53.725+0000] {processor.py:186} INFO - Started process (PID=271) to work on /opt/airflow/dags/sales_etl_dag.py
[2026-08-31T18:39:53.727+0000] {processor.py:914} INFO - Processing file /opt/airflow/dags/sales_etl_dag.py for tasks to queue
[2026-08-31T18:39:53.730+0000] {logging_mixin.py:190} INFO - [2026-08-31T18:39:53.729+0000] {dagbag.py:588} INFO - Filling up the DagBag from /opt/airflow/dags/sales_etl_dag.py
[2026-08-31T18:39:53.753+0000] {processor.py:925} INFO - DAG(s) 'etl_pipeline' retrieved from /opt/airflow/dags/sales_etl_dag.py
[2026-08-31T18:39:53.780+0000] {logging_mixin.py:190} INFO - [2026-08-31T18:39:53.779+0000] {dag.py:3239} INFO - Sync 1 DAGs
[2026-08-31T18:39:53.805+0000] {logging_mixin.py:190} INFO - [2026-08-31T18:39:53.805+0000] {dag.py:4180} INFO - Setting next_dagrun for etl_pipeline to 2026-08-31 00:00:00+00:00, run_after=2026-09-01 00:00:00+00:00
[2026-08-31T18:39:53.823+0000] {processor.py:208} INFO - Processing /opt/airflow/dags/sales_etl_dag.py took 0.104 seconds
[2026-08-31T18:40:24.120+0000] {processor.py:186} INFO - Started process (PID=276) to work on /opt/airflow/dags/sales_etl_dag.py
[2026-08-31T18:40:24.122+0000] {processor.py:914} INFO - Processing file /opt/airflow/dags/sales_etl_dag.py for tasks to queue
[2026-08-31T18:40:24.125+0000] {logging_mixin.py:190} INFO - [2026-08-31T18:40:24.124+0000] {dagbag.py:588} INFO - Filling up the DagBag from /opt/airflow/dags/sales_etl_dag.py
[2026-08-31T18:40:24.150+0000] {processor.py:925} INFO - DAG(s) 'etl_pipeline' retrieved from /opt/airflow/dags/sales_etl_dag.py
[2026-08-31T18:40:24.182+0000] {logging_mixin.py:190} INFO - [2026-08-31T18:40:24.181+0000] {dag.py:3239} INFO - Sync 1 DAGs
[2026-08-31T18:40:24.205+0000] {logging_mixin.py:190} INFO - [2026-08-31T18:40:24.205+0000] {dag.py:4180} INFO - Setting next_dagrun for etl_pipeline to 2026-08-31 00:00:00+00:00, run_after=2026-09-01 00:00:00+00:00
[2026-08-31T18:40:24.224+0000] {processor.py:208} INFO - Processing /opt/airflow/dags/sales_etl_dag.py took 0.109 seconds
[2026-08-31T18:40:54.583+0000] {processor.py:186} INFO - Started process (PID=281) to work on /opt/airflow/dags/sales_etl_dag.py
[2026-08-31T18:40:54.584+0000] {processor.py:914} INFO - Processing file /opt/airflow/dags/sales_etl_dag.py for tasks to queue
[2026-08-31T18:40:54.587+0000] {logging_mixin.py:190} INFO - [2026-08-31T18:40:54.586+0000] {dagbag.py:588} INFO - Filling up the DagBag from /opt/airflow/dags/sales_etl_dag.py
[2026-08-31T18:40:54.611+0000] {processor.py:925} INFO - DAG(s) 'etl_pipeline' retrieved from /opt/airflow/dags/sales_etl_dag.py
[2026-08-31T18:40:54.640+0000] {logging_mixin.py:190} INFO - [2026-08-31T18:40:54.640+0000] {dag.py:3239} INFO - Sync 1 DAGs
[2026-08-31T18:40:54.665+0000] {logging_mixin.py:190} INFO - [2026-08-31T18:40:54.665+0000] {dag.py:4180} INFO - Setting next_dagrun for etl_pipeline to 2026-08-31 00:00:00+00:00, run_after=2026-09-01 00:00:00+00:00
[2026-08-31T18:40:54.684+0000] {processor.py:208} INFO - Processing /opt/airflow/dags/sales_etl_dag.py took 0.106 seconds
[2026-08-31T18:41:24.967+0000] {processor.py:186} INFO - Started process (PID=286) to work on /opt/airflow/dags/sales_etl_dag.py
[2026-08-31T18:41:24.968+0000] {processor.py:914} INFO - Processing file /opt/airflow/dags/sales_etl_dag.py for tasks to queue
[2026-08-31T18:41:24.971+0000] {logging_mixin.py:190} INFO - [2026-08-31T18:41:24.970+0000] {dagbag.py:588} INFO - Filling up the DagBag from /opt/airflow/dags/sales_etl_dag.py
[2026-08-31T18:41:24.995+0000] {processor.py:925} INFO - DAG(s) 'etl_pipeline' retrieved from /opt/airflow/dags/sales_etl_dag.py
[2026-08-31T18:41:25.023+0000] {logging_mixin.py:190} INFO - [2026-08-31T18:41:25.023+0000] {dag.py:3239} INFO - Sync 1 DAGs
[2026-08-31T18:41:25.047+0000] {logging_mixin.py:190} INFO - [2026-08-31T18:41:25.047+0000] {dag.py:4180} INFO - Setting next_dagrun for etl_pipeline to 2026-08-31 00:00:00+00:00, run_after=2026-09-01 00:00:00+00:00
[2026-08-31T18:41:25.070+0000] {processor.py:208} INFO - Processing /opt/airflow/dags/sales_etl_dag.py took 0.108 seconds
[2026-08-31T18:41:55.327+0000] {processor.py:186} INFO - Started process (PID=291) to work on /opt/airflow/dags/sales_etl_dag.py
[2026-08-31T18:41:55.329+0000] {processor.py:914} INFO - Processing file /opt/airflow/dags/sales_etl_dag.py for tasks to queue
[2026-08-31T18:41:55.332+0000] {logging_mixin.py:190} INFO - [2026-08-31T18:41:55.332+0000] {dagbag.py:588} INFO - Filling up the DagBag from /opt/airflow/dags/sales_etl_dag.py
[2026-08-31T18:41:55.372+0000] {processor.py:925} INFO - DAG(s) 'etl_pipeline' retrieved from /opt/airflow/dags/sales_etl_dag.py
[2026-08-31T18:41:55.410+0000] {logging_mixin.py:190} INFO - [2026-08-31T18:41:55.409+0000] {dag.py:3239} INFO - Sync 1 DAGs
[2026-08-31T18:41:55.437+0000] {logging_mixin.py:190} INFO - [2026-08-31T18:41:55.437+0000] {dag.py:4180} INFO - Setting next_dagrun for etl_pipeline to 2026-08-31 00:00:00+00:00, run_after=2026-09-01 00:00:00+00:00
[2026-08-31T18:41:55.457+0000] {processor.py:208} INFO - Processing /opt/airflow/dags/sales_etl_dag.py took 0.142 seconds
[2026-08-31T18:42:25.715+0000] {processor.py:186} INFO - Started process (PID=296) to work on /opt/airflow/dags/sales_etl_dag.py
[2026-08-31T18:42:25.717+0000] {processor.py:914} INFO - Processing file /opt/airflow/dags/sales_etl_dag.py for tasks to queue
[2026-08-31T18:42:25.723+0000] {logging_mixin.py:190} INFO - [2026-08-31T18:42:25.721+0000] {dagbag.py:588} INFO - Filling up the DagBag from /opt/airflow/dags/sales_etl_dag.py
[2026-08-31T18:42:25.764+0000] {processor.py:925} INFO - DAG(s) 'etl_pipeline' retrieved from /opt/airflow/dags/sales_etl_dag.py
[2026-08-31T18:42:25.801+0000] {logging_mixin.py:190} INFO - [2026-08-31T18:42:25.801+0000] {dag.py:3239} INFO - Sync 1 DAGs
[2026-08-31T18:42:25.831+0000] {logging_mixin.py:190} INFO - [2026-08-31T18:42:25.831+0000] {dag.py:4180} INFO - Setting next_dagrun for etl_pipeline to 2026-08-31 00:00:00+00:00, run_after=2026-09-01 00:00:00+00:00
[2026-08-31T18:42:25.861+0000] {processor.py:208} INFO - Processing /opt/airflow/dags/sales_etl_dag.py took 0.156 seconds
[2026-08-31T18:42:56.031+0000] {processor.py:186} INFO - Started process (PID=301) to work on /opt/airflow/dags/sales_etl_dag.py
[2026-08-31T18:42:56.033+0000] {processor.py:914} INFO - Processing file /opt/airflow/dags/sales_etl_dag.py for tasks to queue
[2026-08-31T18:42:56.036+0000] {logging_mixin.py:190} INFO - [2026-08-31T18:42:56.036+0000] {dagbag.py:588} INFO - Filling up the DagBag from /opt/airflow/dags/sales_etl_dag.py
[2026-08-31T18:42:56.060+0000] {processor.py:925} INFO - DAG(s) 'etl_pipeline' retrieved from /opt/airflow/dags/sales_etl_dag.py
[2026-08-31T18:42:56.095+0000] {logging_mixin.py:190} INFO - [2026-08-31T18:42:56.095+0000] {dag.py:3239} INFO - Sync 1 DAGs
[2026-08-31T18:42:56.126+0000] {logging_mixin.py:190} INFO - [2026-08-31T18:42:56.126+0000] {dag.py:4180} INFO - Setting next_dagrun for etl_pipeline to 2026-08-31 00:00:00+00:00, run_after=2026-09-01 00:00:00+00:00
[2026-08-31T18:42:56.151+0000] {processor.py:208} INFO - Processing /opt/airflow/dags/sales_etl_dag.py took 0.127 seconds
[2026-08-31T18:43:26.471+0000] {processor.py:186} INFO - Started process (PID=306) to work on /opt/airflow/dags/sales_etl_dag.py
[2026-08-31T18:43:26.473+0000] {processor.py:914} INFO - Processing file /opt/airflow/dags/sales_etl_dag.py for tasks to queue
[2026-08-31T18:43:26.479+0000] {logging_mixin.py:190} INFO - [2026-08-31T18:43:26.478+0000] {dagbag.py:588} INFO - Filling up the DagBag from /opt/airflow/dags/sales_etl_dag.py
[2026-08-31T18:43:26.510+0000] {processor.py:925} INFO - DAG(s) 'etl_pipeline' retrieved from /opt/airflow/dags/sales_etl_dag.py
[2026-08-31T18:43:26.559+0000] {logging_mixin.py:190} INFO - [2026-08-31T18:43:26.559+0000] {dag.py:3239} INFO - Sync 1 DAGs
[2026-08-31T18:43:26.596+0000] {logging_mixin.py:190} INFO - [2026-08-31T18:43:26.596+0000] {dag.py:4180} INFO - Setting next_dagrun for etl_pipeline to 2026-08-31 00:00:00+00:00, run_after=2026-09-01 00:00:00+00:00
[2026-08-31T18:43:26.620+0000] {processor.py:208} INFO - Processing /opt/airflow/dags/sales_etl_dag.py took 0.157 seconds
[2026-08-31T18:43:56.775+0000] {processor.py:186} INFO - Started process (PID=311) to work on /opt/airflow/dags/sales_etl_dag.py
[2026-08-31T18:43:56.776+0000] {processor.py:914} INFO - Processing file /opt/airflow/dags/sales_etl_dag.py for tasks to queue
[2026-08-31T18:43:56.779+0000] {logging_mixin.py:190} INFO - [2026-08-31T18:43:56.779+0000] {dagbag.py:588} INFO - Filling up the DagBag from /opt/airflow/dags/sales_etl_dag.py
[2026-08-31T18:43:56.804+0000] {processor.py:925} INFO - DAG(s) 'etl_pipeline' retrieved from /opt/airflow/dags/sales_etl_dag.py
[2026-08-31T18:43:56.840+0000] {logging_mixin.py:190} INFO - [2026-08-31T18:43:56.839+0000] {dag.py:3239} INFO - Sync 1 DAGs
[2026-08-31T18:43:56.864+0000] {logging_mixin.py:190} INFO - [2026-08-31T18:43:56.863+0000] {dag.py:4180} INFO - Setting next_dagrun for etl_pipeline to 2026-08-31 00:00:00+00:00, run_after=2026-09-01 00:00:00+00:00
[2026-08-31T18:43:56.884+0000] {processor.py:208} INFO - Processing /opt/airflow/dags/sales_etl_dag.py took 0.116 seconds
[2026-08-31T18:44:25.858+0000] {processor.py:186} INFO - Started process (PID=167) to work on /opt/airflow/dags/sales_etl_dag.py
[2026-08-31T18:44:25.859+0000] {processor.py:914} INFO - Processing file /opt/airflow/dags/sales_etl_dag.py for tasks to queue
[2026-08-31T18:44:25.861+0000] {logging_mixin.py:190} INFO - [2026-08-31T18:44:25.861+0000] {dagbag.py:588} INFO - Filling up the DagBag from /opt/airflow/dags/sales_etl_dag.py
[2026-08-31T18:44:25.904+0000] {processor.py:925} INFO - DAG(s) 'etl_pipeline' retrieved from /opt/airflow/dags/sales_etl_dag.py
[2026-08-31T18:44:25.950+0000] {logging_mixin.py:190} INFO - [2026-08-31T18:44:25.950+0000] {dag.py:3239} INFO - Sync 1 DAGs
[2026-08-31T18:44:25.981+0000] {logging_mixin.py:190} INFO - [2026-08-31T18:44:25.980+0000] {dag.py:4180} INFO - Setting next_dagrun for etl_pipeline to 2026-08-31 00:00:00+00:00, run_after=2026-09-01 00:00:00+00:00
[2026-08-31T18:44:26.006+0000] {processor.py:208} INFO - Processing /opt/airflow/dags/sales_etl_dag.py took 0.158 seconds
[2026-08-31T18:44:56.181+0000] {processor.py:186} INFO - Started process (PID=172) to work on /opt/airflow/dags/sales_etl_dag.py
[2026-08-31T18:44:56.182+0000] {processor.py:914} INFO - Processing file /opt/airflow/dags/sales_etl_dag.py for tasks to queue
[2026-08-31T18:44:56.185+0000] {logging_mixin.py:190} INFO - [2026-08-31T18:44:56.185+0000] {dagbag.py:588} INFO - Filling up the DagBag from /opt/airflow/dags/sales_etl_dag.py
[2026-08-31T18:44:56.209+0000] {processor.py:925} INFO - DAG(s) 'etl_pipeline' retrieved from /opt/airflow/dags/sales_etl_dag.py
[2026-08-31T18:44:56.237+0000] {logging_mixin.py:190} INFO - [2026-08-31T18:44:56.237+0000] {dag.py:3239} INFO - Sync 1 DAGs
[2026-08-31T18:44:56.262+0000] {logging_mixin.py:190} INFO - [2026-08-31T18:44:56.262+0000] {dag.py:4180} INFO - Setting next_dagrun for etl_pipeline to 2026-08-31 00:00:00+00:00, run_after=2026-09-01 00:00:00+00:00
[2026-08-31T18:44:56.281+0000] {processor.py:208} INFO - Processing /opt/airflow/dags/sales_etl_dag.py took 0.106 seconds
[2026-08-31T18:45:26.690+0000] {processor.py:186} INFO - Started process (PID=177) to work on /opt/airflow/dags/sales_etl_dag.py
[2026-08-31T18:45:26.692+0000] {processor.py:914} INFO - Processing file /opt/airflow/dags/sales_etl_dag.py for tasks to queue
[2026-08-31T18:45:26.695+0000] {logging_mixin.py:190} INFO - [2026-08-31T18:45:26.694+0000] {dagbag.py:588} INFO - Filling up the DagBag from /opt/airflow/dags/sales_etl_dag.py
[2026-08-31T18:45:26.718+0000] {processor.py:925} INFO - DAG(s) 'etl_pipeline' retrieved from /opt/airflow/dags/sales_etl_dag.py
[2026-08-31T18:45:26.747+0000] {logging_mixin.py:190} INFO - [2026-08-31T18:45:26.747+0000] {dag.py:3239} INFO - Sync 1 DAGs
[2026-08-31T18:45:26.769+0000] {logging_mixin.py:190} INFO - [2026-08-31T18:45:26.768+0000] {dag.py:4180} INFO - Setting next_dagrun for etl_pipeline to 2026-08-31 00:00:00+00:00, run_after=2026-09-01 00:00:00+00:00
[2026-08-31T18:45:26.786+0000] {processor.py:208} INFO - Processing /opt/airflow/dags/sales_etl_dag.py took 0.101 seconds
[2026-08-31T18:45:57.021+0000] {processor.py:186} INFO - Started process (PID=182) to work on /opt/airflow/dags/sales_etl_dag.py
[2026-08-31T18:45:57.022+0000] {processor.py:914} INFO - Processing file /opt/airflow/dags/sales_etl_dag.py for tasks to queue
[2026-08-31T18:45:57.024+0000] {logging_mixin.py:190} INFO - [2026-08-31T18:45:57.024+0000] {dagbag.py:588} INFO - Filling up the DagBag from /opt/airflow/dags/sales_etl_dag.py
[2026-08-31T18:45:57.053+0000] {processor.py:925} INFO - DAG(s) 'etl_pipeline' retrieved from /opt/airflow/dags/sales_etl_dag.py
[2026-08-31T18:45:57.088+0000] {logging_mixin.py:190} INFO - [2026-08-31T18:45:57.088+0000] {dag.py:3239} INFO - Sync 1 DAGs
[2026-08-31T18:45:57.114+0000] {logging_mixin.py:190} INFO - [2026-08-31T18:45:57.113+0000] {dag.py:4180} INFO - Setting next_dagrun for etl_pipeline to 2026-08-31 00:00:00+00:00, run_after=2026-09-01 00:00:00+00:00
[2026-08-31T18:45:57.137+0000] {processor.py:208} INFO - Processing /opt/airflow/dags/sales_etl_dag.py took 0.125 seconds
[2026-08-31T18:46:27.456+0000] {processor.py:186} INFO - Started process (PID=187) to work on /opt/airflow/dags/sales_etl_dag.py
[2026-08-31T18:46:27.458+0000] {processor.py:914} INFO - Processing file /opt/airflow/dags/sales_etl_dag.py for tasks to queue
[2026-08-31T18:46:27.462+0000] {logging_mixin.py:190} INFO - [2026-08-31T18:46:27.461+0000] {dagbag.py:588} INFO - Filling up the DagBag from /opt/airflow/dags/sales_etl_dag.py
[2026-08-31T18:46:27.497+0000] {processor.py:925} INFO - DAG(s) 'etl_pipeline' retrieved from /opt/airflow/dags/sales_etl_dag.py
[2026-08-31T18:46:27.551+0000] {logging_mixin.py:190} INFO - [2026-08-31T18:46:27.551+0000] {dag.py:3239} INFO - Sync 1 DAGs
[2026-08-31T18:46:27.579+0000] {logging_mixin.py:190} INFO - [2026-08-31T18:46:27.579+0000] {dag.py:4180} INFO - Setting next_dagrun for etl_pipeline to 2026-08-31 00:00:00+00:00, run_after=2026-09-01 00:00:00+00:00
[2026-08-31T18:46:27.604+0000] {processor.py:208} INFO - Processing /opt/airflow/dags/sales_etl_dag.py took 0.160 seconds
[2026-08-31T18:46:57.754+0000] {processor.py:186} INFO - Started process (PID=192) to work on /opt/airflow/dags/sales_etl_dag.py
[2026-08-31T18:46:57.755+0000] {processor.py:914} INFO - Processing file /opt/airflow/dags/sales_etl_dag.py for tasks to queue
[2026-08-31T18:46:57.758+0000] {logging_mixin.py:190} INFO - [2026-08-31T18:46:57.758+0000] {dagbag.py:588} INFO - Filling up the DagBag from /opt/airflow/dags/sales_etl_dag.py
[2026-08-31T18:46:57.781+0000] {processor.py:925} INFO - DAG(s) 'etl_pipeline' retrieved from /opt/airflow/dags/sales_etl_dag.py
[2026-08-31T18:46:57.809+0000] {logging_mixin.py:190} INFO - [2026-08-31T18:46:57.809+0000] {dag.py:3239} INFO - Sync 1 DAGs
[2026-08-31T18:46:57.833+0000] {logging_mixin.py:190} INFO - [2026-08-31T18:46:57.833+0000] {dag.py:4180} INFO - Setting next_dagrun for etl_pipeline to 2026-08-31 00:00:00+00:00, run_after=2026-09-01 00:00:00+00:00
[2026-08-31T18:46:57.852+0000] {processor.py:208} INFO - Processing /opt/airflow/dags/sales_etl_dag.py took 0.104 seconds
[2026-08-31T18:47:28.037+0000] {processor.py:186} INFO - Started process (PID=197) to work on /opt/airflow/dags/sales_etl_dag.py
[2026-08-31T18:47:28.038+0000] {processor.py:914} INFO - Processing file /opt/airflow/dags/sales_etl_dag.py for tasks to queue
[2026-08-31T18:47:28.042+0000] {logging_mixin.py:190} INFO - [2026-08-31T18:47:28.041+0000] {dagbag.py:588} INFO - Filling up the DagBag from /opt/airflow/dags/sales_etl_dag.py
[2026-08-31T18:47:28.065+0000] {processor.py:925} INFO - DAG(s) 'etl_pipeline' retrieved from /opt/airflow/dags/sales_etl_dag.py
[2026-08-31T18:47:28.102+0000] {logging_mixin.py:190} INFO - [2026-08-31T18:47:28.101+0000] {dag.py:3239} INFO - Sync 1 DAGs
[2026-08-31T18:47:28.128+0000] {logging_mixin.py:190} INFO - [2026-08-31T18:47:28.128+0000] {dag.py:4180} INFO - Setting next_dagrun for etl_pipeline to 2026-08-31 00:00:00+00:00, run_after=2026-09-01 00:00:00+00:00
[2026-08-31T18:47:28.156+0000] {processor.py:208} INFO - Processing /opt/airflow/dags/sales_etl_dag.py took 0.127 seconds
[2026-08-31T18:47:58.536+0000] {processor.py:186} INFO - Started process (PID=202) to work on /opt/airflow/dags/sales_etl_dag.py
[2026-08-31T18:47:58.537+0000] {processor.py:914} INFO - Processing file /opt/airflow/dags/sales_etl_dag.py for tasks to queue
[2026-08-31T18:47:58.540+0000] {logging_mixin.py:190} INFO - [2026-08-31T18:47:58.540+0000] {dagbag.py:588} INFO - Filling up the DagBag from /opt/airflow/dags/sales_etl_dag.py
[2026-08-31T18:47:58.569+0000] {processor.py:925} INFO - DAG(s) 'etl_pipeline' retrieved from /opt/airflow/dags/sales_etl_dag.py
[2026-08-31T18:47:58.602+0000] {logging_mixin.py:190} INFO - [2026-08-31T18:47:58.601+0000] {dag.py:3239} INFO - Sync 1 DAGs
[2026-08-31T18:47:58.625+0000] {logging_mixin.py:190} INFO - [2026-08-31T18:47:58.625+0000] {dag.py:4180} INFO - Setting next_dagrun for etl_pipeline to 2026-08-31 00:00:00+00:00, run_after=2026-09-01 00:00:00+00:00
[2026-08-31T18:47:58.643+0000] {processor.py:208} INFO - Processing /opt/airflow/dags/sales_etl_dag.py took 0.113 seconds
[2026-08-31T18:48:28.852+0000] {processor.py:186} INFO - Started process (PID=207) to work on /opt/airflow/dags/sales_etl_dag.py
[2026-08-31T18:48:28.853+0000] {processor.py:914} INFO - Processing file /opt/airflow/dags/sales_etl_dag.py for tasks to queue
[2026-08-31T18:48:28.856+0000] {logging_mixin.py:190} INFO - [2026-08-31T18:48:28.856+0000] {dagbag.py:588} INFO - Filling up the DagBag from /opt/airflow/dags/sales_etl_dag.py
[2026-08-31T18:48:28.878+0000] {processor.py:925} INFO - DAG(s) 'etl_pipeline' retrieved from /opt/airflow/dags/sales_etl_dag.py
[2026-08-31T18:48:28.911+0000] {logging_mixin.py:190} INFO - [2026-08-31T18:48:28.910+0000] {dag.py:3239} INFO - Sync 1 DAGs
[2026-08-31T18:48:28.935+0000] {logging_mixin.py:190} INFO - [2026-08-31T18:48:28.935+0000] {dag.py:4180} INFO - Setting next_dagrun for etl_pipeline to 2026-08-31 00:00:00+00:00, run_after=2026-09-01 00:00:00+00:00
[2026-08-31T18:48:28.953+0000] {processor.py:208} INFO - Processing /opt/airflow/dags/sales_etl_dag.py took 0.108 seconds
[2026-08-31T18:48:59.174+0000] {processor.py:186} INFO - Started process (PID=212) to work on /opt/airflow/dags/sales_etl_dag.py
[2026-08-31T18:48:59.175+0000] {processor.py:914} INFO - Processing file /opt/airflow/dags/sales_etl_dag.py for tasks to queue
[2026-08-31T18:48:59.179+0000] {logging_mixin.py:190} INFO - [2026-08-31T18:48:59.178+0000] {dagbag.py:588} INFO - Filling up the DagBag from /opt/airflow/dags/sales_etl_dag.py
[2026-08-31T18:48:59.199+0000] {processor.py:925} INFO - DAG(s) 'etl_pipeline' retrieved from /opt/airflow/dags/sales_etl_dag.py
[2026-08-31T18:48:59.229+0000] {logging_mixin.py:190} INFO - [2026-08-31T18:48:59.229+0000] {dag.py:3239} INFO - Sync 1 DAGs
[2026-08-31T18:48:59.254+0000] {logging_mixin.py:190} INFO - [2026-08-31T18:48:59.254+0000] {dag.py:4180} INFO - Setting next_dagrun for etl_pipeline to 2026-08-31 00:00:00+00:00, run_after=2026-09-01 00:00:00+00:00
[2026-08-31T18:48:59.273+0000] {processor.py:208} INFO - Processing /opt/airflow/dags/sales_etl_dag.py took 0.103 seconds
[2026-08-31T18:49:29.574+0000] {processor.py:186} INFO - Started process (PID=217) to work on /opt/airflow/dags/sales_etl_dag.py
[2026-08-31T18:49:29.576+0000] {processor.py:914} INFO - Processing file /opt/airflow/dags/sales_etl_dag.py for tasks to queue
[2026-08-31T18:49:29.580+0000] {logging_mixin.py:190} INFO - [2026-08-31T18:49:29.580+0000] {dagbag.py:588} INFO - Filling up the DagBag from /opt/airflow/dags/sales_etl_dag.py
[2026-08-31T18:49:29.605+0000] {processor.py:925} INFO - DAG(s) 'etl_pipeline' retrieved from /opt/airflow/dags/sales_etl_dag.py
[2026-08-31T18:49:29.634+0000] {logging_mixin.py:190} INFO - [2026-08-31T18:49:29.634+0000] {dag.py:3239} INFO - Sync 1 DAGs
[2026-08-31T18:49:29.656+0000] {logging_mixin.py:190} INFO - [2026-08-31T18:49:29.656+0000] {dag.py:4180} INFO - Setting next_dagrun for etl_pipeline to 2026-08-31 00:00:00+00:00, run_after=2026-09-01 00:00:00+00:00
[2026-08-31T18:49:29.678+0000] {processor.py:208} INFO - Processing /opt/airflow/dags/sales_etl_dag.py took 0.113 seconds
[2026-08-31T18:50:00.066+0000] {processor.py:186} INFO - Started process (PID=222) to work on /opt/airflow/dags/sales_etl_dag.py
[2026-08-31T18:50:00.067+0000] {processor.py:914} INFO - Processing file /opt/airflow/dags/sales_etl_dag.py for tasks to queue
[2026-08-31T18:50:00.070+0000] {logging_mixin.py:190} INFO - [2026-08-31T18:50:00.070+0000] {dagbag.py:588} INFO - Filling up the DagBag from /opt/airflow/dags/sales_etl_dag.py
[2026-08-31T18:50:00.098+0000] {processor.py:925} INFO - DAG(s) 'etl_pipeline' retrieved from /opt/airflow/dags/sales_etl_dag.py
[2026-08-31T18:50:00.133+0000] {logging_mixin.py:190} INFO - [2026-08-31T18:50:00.133+0000] {dag.py:3239} INFO - Sync 1 DAGs
[2026-08-31T18:50:00.161+0000] {logging_mixin.py:190} INFO - [2026-08-31T18:50:00.161+0000] {dag.py:4180} INFO - Setting next_dagrun for etl_pipeline to 2026-08-31 00:00:00+00:00, run_after=2026-09-01 00:00:00+00:00
[2026-08-31T18:50:00.182+0000] {processor.py:208} INFO - Processing /opt/airflow/dags/sales_etl_dag.py took 0.126 seconds
[2026-08-31T18:50:30.423+0000] {processor.py:186} INFO - Started process (PID=227) to work on /opt/airflow/dags/sales_etl_dag.py
[2026-08-31T18:50:30.424+0000] {processor.py:914} INFO - Processing file /opt/airflow/dags/sales_etl_dag.py for tasks to queue
[2026-08-31T18:50:30.426+0000] {logging_mixin.py:190} INFO - [2026-08-31T18:50:30.426+0000] {dagbag.py:588} INFO - Filling up the DagBag from /opt/airflow/dags/sales_etl_dag.py
[2026-08-31T18:50:30.452+0000] {processor.py:925} INFO - DAG(s) 'etl_pipeline' retrieved from /opt/airflow/dags/sales_etl_dag.py
[2026-08-31T18:50:30.482+0000] {logging_mixin.py:190} INFO - [2026-08-31T18:50:30.482+0000] {dag.py:3239} INFO - Sync 1 DAGs
[2026-08-31T18:50:30.504+0000] {logging_mixin.py:190} INFO - [2026-08-31T18:50:30.504+0000] {dag.py:4180} INFO - Setting next_dagrun for etl_pipeline to 2026-08-31 00:00:00+00:00, run_after=2026-09-01 00:00:00+00:00
[2026-08-31T18:50:30.527+0000] {processor.py:208} INFO - Processing /opt/airflow/dags/sales_etl_dag.py took 0.109 seconds
[2026-08-31T18:51:00.880+0000] {processor.py:186} INFO - Started process (PID=232) to work on /opt/airflow/dags/sales_etl_dag.py
[2026-08-31T18:51:00.881+0000] {processor.py:914} INFO - Processing file /opt/airflow/dags/sales_etl_dag.py for tasks to queue
[2026-08-31T18:51:00.884+0000] {logging_mixin.py:190} INFO - [2026-08-31T18:51:00.884+0000] {dagbag.py:588} INFO - Filling up the DagBag from /opt/airflow/dags/sales_etl_dag.py
[2026-08-31T18:51:00.910+0000] {processor.py:925} INFO - DAG(s) 'etl_pipeline' retrieved from /opt/airflow/dags/sales_etl_dag.py
[2026-08-31T18:51:00.948+0000] {logging_mixin.py:190} INFO - [2026-08-31T18:51:00.948+0000] {dag.py:3239} INFO - Sync 1 DAGs
[2026-08-31T18:51:00.974+0000] {logging_mixin.py:190} INFO - [2026-08-31T18:51:00.974+0000] {dag.py:4180} INFO - Setting next_dagrun for etl_pipeline to 2026-08-31 00:00:00+00:00, run_after=2026-09-01 00:00:00+00:00
[2026-08-31T18:51:00.998+0000] {processor.py:208} INFO - Processing /opt/airflow/dags/sales_etl_dag.py took 0.125 seconds
[2026-08-31T18:51:31.637+0000] {processor.py:186} INFO - Started process (PID=237) to work on /opt/airflow/dags/sales_etl_dag.py
[2026-08-31T18:51:31.638+0000] {processor.py:914} INFO - Processing file /opt/airflow/dags/sales_etl_dag.py for tasks to queue
[2026-08-31T18:51:31.641+0000] {logging_mixin.py:190} INFO - [2026-08-31T18:51:31.641+0000] {dagbag.py:588} INFO - Filling up the DagBag from /opt/airflow/dags/sales_etl_dag.py
[2026-08-31T18:51:31.672+0000] {processor.py:925} INFO - DAG(s) 'etl_pipeline' retrieved from /opt/airflow/dags/sales_etl_dag.py
[2026-08-31T18:51:31.712+0000] {logging_mixin.py:190} INFO - [2026-08-31T18:51:31.712+0000] {dag.py:3239} INFO - Sync 1 DAGs
[2026-08-31T18:51:31.742+0000] {logging_mixin.py:190} INFO - [2026-08-31T18:51:31.741+0000] {dag.py:4180} INFO - Setting next_dagrun for etl_pipeline to 2026-08-31 00:00:00+00:00, run_after=2026-09-01 00:00:00+00:00
[2026-08-31T18:51:31.764+0000] {processor.py:208} INFO - Processing /opt/airflow/dags/sales_etl_dag.py took 0.135 seconds
[2026-08-31T18:52:02.041+0000] {processor.py:186} INFO - Started process (PID=242) to work on /opt/airflow/dags/sales_etl_dag.py
[2026-08-31T18:52:02.043+0000] {processor.py:914} INFO - Processing file /opt/airflow/dags/sales_etl_dag.py for tasks to queue
[2026-08-31T18:52:02.045+0000] {logging_mixin.py:190} INFO - [2026-08-31T18:52:02.045+0000] {dagbag.py:588} INFO - Filling up the DagBag from /opt/airflow/dags/sales_etl_dag.py
[2026-08-31T18:52:02.071+0000] {processor.py:925} INFO - DAG(s) 'etl_pipeline' retrieved from /opt/airflow/dags/sales_etl_dag.py
[2026-08-31T18:52:02.098+0000] {logging_mixin.py:190} INFO - [2026-08-31T18:52:02.098+0000] {dag.py:3239} INFO - Sync 1 DAGs
[2026-08-31T18:52:02.120+0000] {logging_mixin.py:190} INFO - [2026-08-31T18:52:02.120+0000] {dag.py:4180} INFO - Setting next_dagrun for etl_pipeline to 2026-08-31 00:00:00+00:00, run_after=2026-09-01 00:00:00+00:00
[2026-08-31T18:52:02.139+0000] {processor.py:208} INFO - Processing /opt/airflow/dags/sales_etl_dag.py took 0.106 seconds
[2026-08-31T18:52:32.405+0000] {processor.py:186} INFO - Started process (PID=247) to work on /opt/airflow/dags/sales_etl_dag.py
[2026-08-31T18:52:32.406+0000] {processor.py:914} INFO - Processing file /opt/airflow/dags/sales_etl_dag.py for tasks to queue
[2026-08-31T18:52:32.409+0000] {logging_mixin.py:190} INFO - [2026-08-31T18:52:32.408+0000] {dagbag.py:588} INFO - Filling up the DagBag from /opt/airflow/dags/sales_etl_dag.py
[2026-08-31T18:52:32.430+0000] {processor.py:925} INFO - DAG(s) 'etl_pipeline' retrieved from /opt/airflow/dags/sales_etl_dag.py
[2026-08-31T18:52:32.460+0000] {logging_mixin.py:190} INFO - [2026-08-31T18:52:32.460+0000] {dag.py:3239} INFO - Sync 1 DAGs
[2026-08-31T18:52:32.487+0000] {logging_mixin.py:190} INFO - [2026-08-31T18:52:32.487+0000] {dag.py:4180} INFO - Setting next_dagrun for etl_pipeline to 2026-08-31 00:00:00+00:00, run_after=2026-09-01 00:00:00+00:00
[2026-08-31T18:52:32.506+0000] {processor.py:208} INFO - Processing /opt/airflow/dags/sales_etl_dag.py took 0.107 seconds
[2026-08-31T18:53:02.876+0000] {processor.py:186} INFO - Started process (PID=252) to work on /opt/airflow/dags/sales_etl_dag.py
[2026-08-31T18:53:02.877+0000] {processor.py:914} INFO - Processing file /opt/airflow/dags/sales_etl_dag.py for tasks to queue
[2026-08-31T18:53:02.881+0000] {logging_mixin.py:190} INFO - [2026-08-31T18:53:02.881+0000] {dagbag.py:588} INFO - Filling up the DagBag from /opt/airflow/dags/sales_etl_dag.py
[2026-08-31T18:53:02.915+0000] {processor.py:925} INFO - DAG(s) 'etl_pipeline' retrieved from /opt/airflow/dags/sales_etl_dag.py
[2026-08-31T18:53:02.957+0000] {logging_mixin.py:190} INFO - [2026-08-31T18:53:02.957+0000] {dag.py:3239} INFO - Sync 1 DAGs
[2026-08-31T18:53:02.991+0000] {logging_mixin.py:190} INFO - [2026-08-31T18:53:02.990+0000] {dag.py:4180} INFO - Setting next_dagrun for etl_pipeline to 2026-08-31 00:00:00+00:00, run_after=2026-09-01 00:00:00+00:00
[2026-08-31T18:53:03.011+0000] {processor.py:208} INFO - Processing /opt/airflow/dags/sales_etl_dag.py took 0.143 seconds
[2026-08-31T18:53:33.229+0000] {processor.py:186} INFO - Started process (PID=257) to work on /opt/airflow/dags/sales_etl_dag.py
[2026-08-31T18:53:33.230+0000] {processor.py:914} INFO - Processing file /opt/airflow/dags/sales_etl_dag.py for tasks to queue
[2026-08-31T18:53:33.233+0000] {logging_mixin.py:190} INFO - [2026-08-31T18:53:33.233+0000] {dagbag.py:588} INFO - Filling up the DagBag from /opt/airflow/dags/sales_etl_dag.py
[2026-08-31T18:53:33.260+0000] {processor.py:925} INFO - DAG(s) 'etl_pipeline' retrieved from /opt/airflow/dags/sales_etl_dag.py
[2026-08-31T18:53:33.290+0000] {logging_mixin.py:190} INFO - [2026-08-31T18:53:33.290+0000] {dag.py:3239} INFO - Sync 1 DAGs
[2026-08-31T18:53:33.314+0000] {logging_mixin.py:190} INFO - [2026-08-31T18:53:33.314+0000] {dag.py:4180} INFO - Setting next_dagrun for etl_pipeline to 2026-08-31 00:00:00+00:00, run_after=2026-09-01 00:00:00+00:00
[2026-08-31T18:53:33.333+0000] {processor.py:208} INFO - Processing /opt/airflow/dags/sales_etl_dag.py took 0.110 seconds
[2026-08-31T18:54:03.682+0000] {processor.py:186} INFO - Started process (PID=262) to work on /opt/airflow/dags/sales_etl_dag.py
[2026-08-31T18:54:03.684+0000] {processor.py:914} INFO - Processing file /opt/airflow/dags/sales_etl_dag.py for tasks to queue
[2026-08-31T18:54:03.688+0000] {logging_mixin.py:190} INFO - [2026-08-31T18:54:03.687+0000] {dagbag.py:588} INFO - Filling up the DagBag from /opt/airflow/dags/sales_etl_dag.py
[2026-08-31T18:54:03.714+0000] {processor.py:925} INFO - DAG(s) 'etl_pipeline' retrieved from /opt/airflow/dags/sales_etl_dag.py
[2026-08-31T18:54:03.744+0000] {logging_mixin.py:190} INFO - [2026-08-31T18:54:03.744+0000] {dag.py:3239} INFO - Sync 1 DAGs
[2026-08-31T18:54:03.767+0000] {logging_mixin.py:190} INFO - [2026-08-31T18:54:03.766+0000] {dag.py:4180} INFO - Setting next_dagrun for etl_pipeline to 2026-08-31 00:00:00+00:00, run_after=2026-09-01 00:00:00+00:00
[2026-08-31T18:54:03.786+0000] {processor.py:208} INFO - Processing /opt/airflow/dags/sales_etl_dag.py took 0.110 seconds
[2026-08-31T18:54:34.073+0000] {processor.py:186} INFO - Started process (PID=267) to work on /opt/airflow/dags/sales_etl_dag.py
[2026-08-31T18:54:34.074+0000] {processor.py:914} INFO - Processing file /opt/airflow/dags/sales_etl_dag.py for tasks to queue
[2026-08-31T18:54:34.077+0000] {logging_mixin.py:190} INFO - [2026-08-31T18:54:34.076+0000] {dagbag.py:588} INFO - Filling up the DagBag from /opt/airflow/dags/sales_etl_dag.py
[2026-08-31T18:54:34.107+0000] {processor.py:925} INFO - DAG(s) 'etl_pipeline' retrieved from /opt/airflow/dags/sales_etl_dag.py
[2026-08-31T18:54:34.142+0000] {logging_mixin.py:190} INFO - [2026-08-31T18:54:34.142+0000] {dag.py:3239} INFO - Sync 1 DAGs
[2026-08-31T18:54:34.172+0000] {logging_mixin.py:190} INFO - [2026-08-31T18:54:34.172+0000] {dag.py:4180} INFO - Setting next_dagrun for etl_pipeline to 2026-08-31 00:00:00+00:00, run_after=2026-09-01 00:00:00+00:00
[2026-08-31T18:54:34.192+0000] {processor.py:208} INFO - Processing /opt/airflow/dags/sales_etl_dag.py took 0.128 seconds
[2026-08-31T18:55:04.434+0000] {processor.py:186} INFO - Started process (PID=272) to work on /opt/airflow/dags/sales_etl_dag.py
[2026-08-31T18:55:04.436+0000] {processor.py:914} INFO - Processing file /opt/airflow/dags/sales_etl_dag.py for tasks to queue
[2026-08-31T18:55:04.439+0000] {logging_mixin.py:190} INFO - [2026-08-31T18:55:04.438+0000] {dagbag.py:588} INFO - Filling up the DagBag from /opt/airflow/dags/sales_etl_dag.py
[2026-08-31T18:55:04.469+0000] {processor.py:925} INFO - DAG(s) 'etl_pipeline' retrieved from /opt/airflow/dags/sales_etl_dag.py
[2026-08-31T18:55:04.503+0000] {logging_mixin.py:190} INFO - [2026-08-31T18:55:04.502+0000] {dag.py:3239} INFO - Sync 1 DAGs
[2026-08-31T18:55:04.529+0000] {logging_mixin.py:190} INFO - [2026-08-31T18:55:04.528+0000] {dag.py:4180} INFO - Setting next_dagrun for etl_pipeline to 2026-08-31 00:00:00+00:00, run_after=2026-09-01 00:00:00+00:00
[2026-08-31T18:55:04.548+0000] {processor.py:208} INFO - Processing /opt/airflow/dags/sales_etl_dag.py took 0.124 seconds
[2026-08-31T18:55:34.805+0000] {processor.py:186} INFO - Started process (PID=277) to work on /opt/airflow/dags/sales_etl_dag.py
[2026-08-31T18:55:34.807+0000] {processor.py:914} INFO - Processing file /opt/airflow/dags/sales_etl_dag.py for tasks to queue
[2026-08-31T18:55:34.809+0000] {logging_mixin.py:190} INFO - [2026-08-31T18:55:34.809+0000] {dagbag.py:588} INFO - Filling up the DagBag from /opt/airflow/dags/sales_etl_dag.py
[2026-08-31T18:55:34.830+0000] {processor.py:925} INFO - DAG(s) 'etl_pipeline' retrieved from /opt/airflow/dags/sales_etl_dag.py
[2026-08-31T18:55:34.865+0000] {logging_mixin.py:190} INFO - [2026-08-31T18:55:34.865+0000] {dag.py:3239} INFO - Sync 1 DAGs
[2026-08-31T18:55:34.891+0000] {logging_mixin.py:190} INFO - [2026-08-31T18:55:34.890+0000] {dag.py:4180} INFO - Setting next_dagrun for etl_pipeline to 2026-08-31 00:00:00+00:00, run_after=2026-09-01 00:00:00+00:00
[2026-08-31T18:55:34.909+0000] {processor.py:208} INFO - Processing /opt/airflow/dags/sales_etl_dag.py took 0.110 seconds
[2026-08-31T18:56:05.197+0000] {processor.py:186} INFO - Started process (PID=282) to work on /opt/airflow/dags/sales_etl_dag.py
[2026-08-31T18:56:05.199+0000] {processor.py:914} INFO - Processing file /opt/airflow/dags/sales_etl_dag.py for tasks to queue
[2026-08-31T18:56:05.202+0000] {logging_mixin.py:190} INFO - [2026-08-31T18:56:05.202+0000] {dagbag.py:588} INFO - Filling up the DagBag from /opt/airflow/dags/sales_etl_dag.py
[2026-08-31T18:56:05.251+0000] {processor.py:925} INFO - DAG(s) 'etl_pipeline' retrieved from /opt/airflow/dags/sales_etl_dag.py
[2026-08-31T18:56:05.301+0000] {logging_mixin.py:190} INFO - [2026-08-31T18:56:05.301+0000] {dag.py:3239} INFO - Sync 1 DAGs
[2026-08-31T18:56:05.333+0000] {logging_mixin.py:190} INFO - [2026-08-31T18:56:05.333+0000] {dag.py:4180} INFO - Setting next_dagrun for etl_pipeline to 2026-08-31 00:00:00+00:00, run_after=2026-09-01 00:00:00+00:00
[2026-08-31T18:56:05.366+0000] {processor.py:208} INFO - Processing /opt/airflow/dags/sales_etl_dag.py took 0.183 seconds
[2026-08-31T18:56:35.556+0000] {processor.py:186} INFO - Started process (PID=287) to work on /opt/airflow/dags/sales_etl_dag.py
[2026-08-31T18:56:35.557+0000] {processor.py:914} INFO - Processing file /opt/airflow/dags/sales_etl_dag.py for tasks to queue
[2026-08-31T18:56:35.559+0000] {logging_mixin.py:190} INFO - [2026-08-31T18:56:35.559+0000] {dagbag.py:588} INFO - Filling up the DagBag from /opt/airflow/dags/sales_etl_dag.py
[2026-08-31T18:56:35.577+0000] {processor.py:925} INFO - DAG(s) 'etl_pipeline' retrieved from /opt/airflow/dags/sales_etl_dag.py
[2026-08-31T18:56:35.607+0000] {logging_mixin.py:190} INFO - [2026-08-31T18:56:35.606+0000] {dag.py:3239} INFO - Sync 1 DAGs
[2026-08-31T18:56:35.629+0000] {logging_mixin.py:190} INFO - [2026-08-31T18:56:35.629+0000] {dag.py:4180} INFO - Setting next_dagrun for etl_pipeline to 2026-08-31 00:00:00+00:00, run_after=2026-09-01 00:00:00+00:00
[2026-08-31T18:56:35.646+0000] {processor.py:208} INFO - Processing /opt/airflow/dags/sales_etl_dag.py took 0.096 seconds
[2026-08-31T18:57:05.883+0000] {processor.py:186} INFO - Started process (PID=292) to work on /opt/airflow/dags/sales_etl_dag.py
[2026-08-31T18:57:05.885+0000] {processor.py:914} INFO - Processing file /opt/airflow/dags/sales_etl_dag.py for tasks to queue
[2026-08-31T18:57:05.889+0000] {logging_mixin.py:190} INFO - [2026-08-31T18:57:05.888+0000] {dagbag.py:588} INFO - Filling up the DagBag from /opt/airflow/dags/sales_etl_dag.py
[2026-08-31T18:57:05.920+0000] {processor.py:925} INFO - DAG(s) 'etl_pipeline' retrieved from /opt/airflow/dags/sales_etl_dag.py
[2026-08-31T18:57:05.962+0000] {logging_mixin.py:190} INFO - [2026-08-31T18:57:05.961+0000] {dag.py:3239} INFO - Sync 1 DAGs
[2026-08-31T18:57:05.996+0000] {logging_mixin.py:190} INFO - [2026-08-31T18:57:05.996+0000] {dag.py:4180} INFO - Setting next_dagrun for etl_pipeline to 2026-08-31 00:00:00+00:00, run_after=2026-09-01 00:00:00+00:00
[2026-08-31T18:57:06.028+0000] {processor.py:208} INFO - Processing /opt/airflow/dags/sales_etl_dag.py took 0.161 seconds
[2026-08-31T18:57:36.255+0000] {processor.py:186} INFO - Started process (PID=349) to work on /opt/airflow/dags/sales_etl_dag.py
[2026-08-31T18:57:36.256+0000] {processor.py:914} INFO - Processing file /opt/airflow/dags/sales_etl_dag.py for tasks to queue
[2026-08-31T18:57:36.260+0000] {logging_mixin.py:190} INFO - [2026-08-31T18:57:36.260+0000] {dagbag.py:588} INFO - Filling up the DagBag from /opt/airflow/dags/sales_etl_dag.py
[2026-08-31T18:57:36.296+0000] {processor.py:925} INFO - DAG(s) 'etl_pipeline' retrieved from /opt/airflow/dags/sales_etl_dag.py
[2026-08-31T18:57:36.341+0000] {logging_mixin.py:190} INFO - [2026-08-31T18:57:36.340+0000] {dag.py:3239} INFO - Sync 1 DAGs
[2026-08-31T18:57:36.369+0000] {logging_mixin.py:190} INFO - [2026-08-31T18:57:36.368+0000] {dag.py:4180} INFO - Setting next_dagrun for etl_pipeline to 2026-08-31 00:00:00+00:00, run_after=2026-09-01 00:00:00+00:00
[2026-08-31T18:57:36.396+0000] {processor.py:208} INFO - Processing /opt/airflow/dags/sales_etl_dag.py took 0.149 seconds
[2026-08-31T18:58:06.674+0000] {processor.py:186} INFO - Started process (PID=354) to work on /opt/airflow/dags/sales_etl_dag.py
[2026-08-31T18:58:06.676+0000] {processor.py:914} INFO - Processing file /opt/airflow/dags/sales_etl_dag.py for tasks to queue
[2026-08-31T18:58:06.680+0000] {logging_mixin.py:190} INFO - [2026-08-31T18:58:06.680+0000] {dagbag.py:588} INFO - Filling up the DagBag from /opt/airflow/dags/sales_etl_dag.py
[2026-08-31T18:58:06.711+0000] {processor.py:925} INFO - DAG(s) 'etl_pipeline' retrieved from /opt/airflow/dags/sales_etl_dag.py
[2026-08-31T18:58:06.748+0000] {logging_mixin.py:190} INFO - [2026-08-31T18:58:06.747+0000] {dag.py:3239} INFO - Sync 1 DAGs
[2026-08-31T18:58:06.772+0000] {logging_mixin.py:190} INFO - [2026-08-31T18:58:06.772+0000] {dag.py:4180} INFO - Setting next_dagrun for etl_pipeline to 2026-08-31 00:00:00+00:00, run_after=2026-09-01 00:00:00+00:00
[2026-08-31T18:58:06.794+0000] {processor.py:208} INFO - Processing /opt/airflow/dags/sales_etl_dag.py took 0.129 seconds
[2026-08-31T18:58:37.120+0000] {processor.py:186} INFO - Started process (PID=359) to work on /opt/airflow/dags/sales_etl_dag.py
[2026-08-31T18:58:37.122+0000] {processor.py:914} INFO - Processing file /opt/airflow/dags/sales_etl_dag.py for tasks to queue
[2026-08-31T18:58:37.124+0000] {logging_mixin.py:190} INFO - [2026-08-31T18:58:37.124+0000] {dagbag.py:588} INFO - Filling up the DagBag from /opt/airflow/dags/sales_etl_dag.py
[2026-08-31T18:58:37.152+0000] {processor.py:925} INFO - DAG(s) 'etl_pipeline' retrieved from /opt/airflow/dags/sales_etl_dag.py
[2026-08-31T18:58:37.178+0000] {logging_mixin.py:190} INFO - [2026-08-31T18:58:37.178+0000] {dag.py:3239} INFO - Sync 1 DAGs
[2026-08-31T18:58:37.199+0000] {logging_mixin.py:190} INFO - [2026-08-31T18:58:37.199+0000] {dag.py:4180} INFO - Setting next_dagrun for etl_pipeline to 2026-08-31 00:00:00+00:00, run_after=2026-09-01 00:00:00+00:00
[2026-08-31T18:58:37.218+0000] {processor.py:208} INFO - Processing /opt/airflow/dags/sales_etl_dag.py took 0.106 seconds
[2026-08-31T18:59:07.436+0000] {processor.py:186} INFO - Started process (PID=364) to work on /opt/airflow/dags/sales_etl_dag.py
[2026-08-31T18:59:07.438+0000] {processor.py:914} INFO - Processing file /opt/airflow/dags/sales_etl_dag.py for tasks to queue
[2026-08-31T18:59:07.442+0000] {logging_mixin.py:190} INFO - [2026-08-31T18:59:07.441+0000] {dagbag.py:588} INFO - Filling up the DagBag from /opt/airflow/dags/sales_etl_dag.py
[2026-08-31T18:59:07.471+0000] {processor.py:925} INFO - DAG(s) 'etl_pipeline' retrieved from /opt/airflow/dags/sales_etl_dag.py
[2026-08-31T18:59:07.507+0000] {logging_mixin.py:190} INFO - [2026-08-31T18:59:07.507+0000] {dag.py:3239} INFO - Sync 1 DAGs
[2026-08-31T18:59:07.534+0000] {logging_mixin.py:190} INFO - [2026-08-31T18:59:07.534+0000] {dag.py:4180} INFO - Setting next_dagrun for etl_pipeline to 2026-08-31 00:00:00+00:00, run_after=2026-09-01 00:00:00+00:00
[2026-08-31T18:59:07.555+0000] {processor.py:208} INFO - Processing /opt/airflow/dags/sales_etl_dag.py took 0.127 seconds
[2026-08-31T18:59:37.930+0000] {processor.py:186} INFO - Started process (PID=369) to work on /opt/airflow/dags/sales_etl_dag.py
[2026-08-31T18:59:37.931+0000] {processor.py:914} INFO - Processing file /opt/airflow/dags/sales_etl_dag.py for tasks to queue
[2026-08-31T18:59:37.933+0000] {logging_mixin.py:190} INFO - [2026-08-31T18:59:37.933+0000] {dagbag.py:588} INFO - Filling up the DagBag from /opt/airflow/dags/sales_etl_dag.py
[2026-08-31T18:59:37.954+0000] {processor.py:925} INFO - DAG(s) 'etl_pipeline' retrieved from /opt/airflow/dags/sales_etl_dag.py
[2026-08-31T18:59:37.984+0000] {logging_mixin.py:190} INFO - [2026-08-31T18:59:37.983+0000] {dag.py:3239} INFO - Sync 1 DAGs
[2026-08-31T18:59:38.007+0000] {logging_mixin.py:190} INFO - [2026-08-31T18:59:38.006+0000] {dag.py:4180} INFO - Setting next_dagrun for etl_pipeline to 2026-08-31 00:00:00+00:00, run_after=2026-09-01 00:00:00+00:00
[2026-08-31T18:59:38.028+0000] {processor.py:208} INFO - Processing /opt/airflow/dags/sales_etl_dag.py took 0.105 seconds
[2026-08-31T19:00:08.276+0000] {processor.py:186} INFO - Started process (PID=374) to work on /opt/airflow/dags/sales_etl_dag.py
[2026-08-31T19:00:08.277+0000] {processor.py:914} INFO - Processing file /opt/airflow/dags/sales_etl_dag.py for tasks to queue
[2026-08-31T19:00:08.280+0000] {logging_mixin.py:190} INFO - [2026-08-31T19:00:08.279+0000] {dagbag.py:588} INFO - Filling up the DagBag from /opt/airflow/dags/sales_etl_dag.py
[2026-08-31T19:00:08.310+0000] {processor.py:925} INFO - DAG(s) 'etl_pipeline' retrieved from /opt/airflow/dags/sales_etl_dag.py
[2026-08-31T19:00:08.353+0000] {logging_mixin.py:190} INFO - [2026-08-31T19:00:08.353+0000] {dag.py:3239} INFO - Sync 1 DAGs
[2026-08-31T19:00:08.392+0000] {logging_mixin.py:190} INFO - [2026-08-31T19:00:08.392+0000] {dag.py:4180} INFO - Setting next_dagrun for etl_pipeline to 2026-08-31 00:00:00+00:00, run_after=2026-09-01 00:00:00+00:00
[2026-08-31T19:00:08.419+0000] {processor.py:208} INFO - Processing /opt/airflow/dags/sales_etl_dag.py took 0.150 seconds
[2026-08-31T19:00:38.717+0000] {processor.py:186} INFO - Started process (PID=379) to work on /opt/airflow/dags/sales_etl_dag.py
[2026-08-31T19:00:38.719+0000] {processor.py:914} INFO - Processing file /opt/airflow/dags/sales_etl_dag.py for tasks to queue
[2026-08-31T19:00:38.723+0000] {logging_mixin.py:190} INFO - [2026-08-31T19:00:38.723+0000] {dagbag.py:588} INFO - Filling up the DagBag from /opt/airflow/dags/sales_etl_dag.py
[2026-08-31T19:00:38.756+0000] {processor.py:925} INFO - DAG(s) 'etl_pipeline' retrieved from /opt/airflow/dags/sales_etl_dag.py
[2026-08-31T19:00:38.800+0000] {logging_mixin.py:190} INFO - [2026-08-31T19:00:38.800+0000] {dag.py:3239} INFO - Sync 1 DAGs
[2026-08-31T19:00:38.831+0000] {logging_mixin.py:190} INFO - [2026-08-31T19:00:38.831+0000] {dag.py:4180} INFO - Setting next_dagrun for etl_pipeline to 2026-08-31 00:00:00+00:00, run_after=2026-09-01 00:00:00+00:00
[2026-08-31T19:00:38.854+0000] {processor.py:208} INFO - Processing /opt/airflow/dags/sales_etl_dag.py took 0.146 seconds
[2026-08-31T19:01:09.065+0000] {processor.py:186} INFO - Started process (PID=384) to work on /opt/airflow/dags/sales_etl_dag.py
[2026-08-31T19:01:09.066+0000] {processor.py:914} INFO - Processing file /opt/airflow/dags/sales_etl_dag.py for tasks to queue
[2026-08-31T19:01:09.071+0000] {logging_mixin.py:190} INFO - [2026-08-31T19:01:09.071+0000] {dagbag.py:588} INFO - Filling up the DagBag from /opt/airflow/dags/sales_etl_dag.py
[2026-08-31T19:01:09.102+0000] {processor.py:925} INFO - DAG(s) 'etl_pipeline' retrieved from /opt/airflow/dags/sales_etl_dag.py
[2026-08-31T19:01:09.138+0000] {logging_mixin.py:190} INFO - [2026-08-31T19:01:09.137+0000] {dag.py:3239} INFO - Sync 1 DAGs
[2026-08-31T19:01:09.166+0000] {logging_mixin.py:190} INFO - [2026-08-31T19:01:09.166+0000] {dag.py:4180} INFO - Setting next_dagrun for etl_pipeline to 2026-08-31 00:00:00+00:00, run_after=2026-09-01 00:00:00+00:00
[2026-08-31T19:01:09.189+0000] {processor.py:208} INFO - Processing /opt/airflow/dags/sales_etl_dag.py took 0.133 seconds
[2026-08-31T19:01:39.499+0000] {processor.py:186} INFO - Started process (PID=389) to work on /opt/airflow/dags/sales_etl_dag.py
[2026-08-31T19:01:39.501+0000] {processor.py:914} INFO - Processing file /opt/airflow/dags/sales_etl_dag.py for tasks to queue
[2026-08-31T19:01:39.504+0000] {logging_mixin.py:190} INFO - [2026-08-31T19:01:39.504+0000] {dagbag.py:588} INFO - Filling up the DagBag from /opt/airflow/dags/sales_etl_dag.py
[2026-08-31T19:01:39.527+0000] {processor.py:925} INFO - DAG(s) 'etl_pipeline' retrieved from /opt/airflow/dags/sales_etl_dag.py
[2026-08-31T19:01:39.565+0000] {logging_mixin.py:190} INFO - [2026-08-31T19:01:39.564+0000] {dag.py:3239} INFO - Sync 1 DAGs
[2026-08-31T19:01:39.590+0000] {logging_mixin.py:190} INFO - [2026-08-31T19:01:39.590+0000] {dag.py:4180} INFO - Setting next_dagrun for etl_pipeline to 2026-08-31 00:00:00+00:00, run_after=2026-09-01 00:00:00+00:00
[2026-08-31T19:01:39.609+0000] {processor.py:208} INFO - Processing /opt/airflow/dags/sales_etl_dag.py took 0.116 seconds
[2026-08-31T19:02:09.863+0000] {processor.py:186} INFO - Started process (PID=394) to work on /opt/airflow/dags/sales_etl_dag.py
[2026-08-31T19:02:09.865+0000] {processor.py:914} INFO - Processing file /opt/airflow/dags/sales_etl_dag.py for tasks to queue
[2026-08-31T19:02:09.869+0000] {logging_mixin.py:190} INFO - [2026-08-31T19:02:09.868+0000] {dagbag.py:588} INFO - Filling up the DagBag from /opt/airflow/dags/sales_etl_dag.py
[2026-08-31T19:02:09.896+0000] {processor.py:925} INFO - DAG(s) 'etl_pipeline' retrieved from /opt/airflow/dags/sales_etl_dag.py
[2026-08-31T19:02:09.931+0000] {logging_mixin.py:190} INFO - [2026-08-31T19:02:09.931+0000] {dag.py:3239} INFO - Sync 1 DAGs
[2026-08-31T19:02:09.957+0000] {logging_mixin.py:190} INFO - [2026-08-31T19:02:09.957+0000] {dag.py:4180} INFO - Setting next_dagrun for etl_pipeline to 2026-08-31 00:00:00+00:00, run_after=2026-09-01 00:00:00+00:00
[2026-08-31T19:02:09.978+0000] {processor.py:208} INFO - Processing /opt/airflow/dags/sales_etl_dag.py took 0.121 seconds
[2026-08-31T19:02:20.006+0000] {processor.py:186} INFO - Started process (PID=399) to work on /opt/airflow/dags/sales_etl_dag.py
[2026-08-31T19:02:20.008+0000] {processor.py:914} INFO - Processing file /opt/airflow/dags/sales_etl_dag.py for tasks to queue
[2026-08-31T19:02:20.010+0000] {logging_mixin.py:190} INFO - [2026-08-31T19:02:20.010+0000] {dagbag.py:588} INFO - Filling up the DagBag from /opt/airflow/dags/sales_etl_dag.py
[2026-08-31T19:02:20.047+0000] {processor.py:925} INFO - DAG(s) 'etl_pipeline' retrieved from /opt/airflow/dags/sales_etl_dag.py
[2026-08-31T19:02:20.075+0000] {logging_mixin.py:190} INFO - [2026-08-31T19:02:20.074+0000] {dag.py:3239} INFO - Sync 1 DAGs
[2026-08-31T19:02:20.103+0000] {logging_mixin.py:190} INFO - [2026-08-31T19:02:20.103+0000] {dag.py:4180} INFO - Setting next_dagrun for etl_pipeline to 2026-08-31 00:00:00+00:00, run_after=2026-09-01 00:00:00+00:00
[2026-08-31T19:02:20.132+0000] {processor.py:208} INFO - Processing /opt/airflow/dags/sales_etl_dag.py took 0.131 seconds
[2026-08-31T19:02:50.427+0000] {processor.py:186} INFO - Started process (PID=488) to work on /opt/airflow/dags/sales_etl_dag.py
[2026-08-31T19:02:50.428+0000] {processor.py:914} INFO - Processing file /opt/airflow/dags/sales_etl_dag.py for tasks to queue
[2026-08-31T19:02:50.433+0000] {logging_mixin.py:190} INFO - [2026-08-31T19:02:50.432+0000] {dagbag.py:588} INFO - Filling up the DagBag from /opt/airflow/dags/sales_etl_dag.py
[2026-08-31T19:02:50.462+0000] {processor.py:925} INFO - DAG(s) 'etl_pipeline' retrieved from /opt/airflow/dags/sales_etl_dag.py
[2026-08-31T19:02:50.495+0000] {logging_mixin.py:190} INFO - [2026-08-31T19:02:50.495+0000] {dag.py:3239} INFO - Sync 1 DAGs
[2026-08-31T19:02:50.519+0000] {logging_mixin.py:190} INFO - [2026-08-31T19:02:50.519+0000] {dag.py:4180} INFO - Setting next_dagrun for etl_pipeline to 2026-08-31 00:00:00+00:00, run_after=2026-09-01 00:00:00+00:00
[2026-08-31T19:02:50.538+0000] {processor.py:208} INFO - Processing /opt/airflow/dags/sales_etl_dag.py took 0.117 seconds
[2026-08-31T19:03:20.795+0000] {processor.py:186} INFO - Started process (PID=493) to work on /opt/airflow/dags/sales_etl_dag.py
[2026-08-31T19:03:20.797+0000] {processor.py:914} INFO - Processing file /opt/airflow/dags/sales_etl_dag.py for tasks to queue
[2026-08-31T19:03:20.800+0000] {logging_mixin.py:190} INFO - [2026-08-31T19:03:20.800+0000] {dagbag.py:588} INFO - Filling up the DagBag from /opt/airflow/dags/sales_etl_dag.py
[2026-08-31T19:03:20.821+0000] {processor.py:925} INFO - DAG(s) 'etl_pipeline' retrieved from /opt/airflow/dags/sales_etl_dag.py
[2026-08-31T19:03:20.852+0000] {logging_mixin.py:190} INFO - [2026-08-31T19:03:20.852+0000] {dag.py:3239} INFO - Sync 1 DAGs
[2026-08-31T19:03:20.883+0000] {logging_mixin.py:190} INFO - [2026-08-31T19:03:20.882+0000] {dag.py:4180} INFO - Setting next_dagrun for etl_pipeline to 2026-08-31 00:00:00+00:00, run_after=2026-09-01 00:00:00+00:00
[2026-08-31T19:03:20.904+0000] {processor.py:208} INFO - Processing /opt/airflow/dags/sales_etl_dag.py took 0.120 seconds
[2026-08-31T19:03:51.267+0000] {processor.py:186} INFO - Started process (PID=498) to work on /opt/airflow/dags/sales_etl_dag.py
[2026-08-31T19:03:51.269+0000] {processor.py:914} INFO - Processing file /opt/airflow/dags/sales_etl_dag.py for tasks to queue
[2026-08-31T19:03:51.273+0000] {logging_mixin.py:190} INFO - [2026-08-31T19:03:51.272+0000] {dagbag.py:588} INFO - Filling up the DagBag from /opt/airflow/dags/sales_etl_dag.py
[2026-08-31T19:03:51.305+0000] {processor.py:925} INFO - DAG(s) 'etl_pipeline' retrieved from /opt/airflow/dags/sales_etl_dag.py
[2026-08-31T19:03:51.336+0000] {logging_mixin.py:190} INFO - [2026-08-31T19:03:51.336+0000] {dag.py:3239} INFO - Sync 1 DAGs
[2026-08-31T19:03:51.361+0000] {logging_mixin.py:190} INFO - [2026-08-31T19:03:51.361+0000] {dag.py:4180} INFO - Setting next_dagrun for etl_pipeline to 2026-08-31 00:00:00+00:00, run_after=2026-09-01 00:00:00+00:00
[2026-08-31T19:03:51.385+0000] {processor.py:208} INFO - Processing /opt/airflow/dags/sales_etl_dag.py took 0.125 seconds
[2026-08-31T19:04:21.627+0000] {processor.py:186} INFO - Started process (PID=503) to work on /opt/airflow/dags/sales_etl_dag.py
[2026-08-31T19:04:21.628+0000] {processor.py:914} INFO - Processing file /opt/airflow/dags/sales_etl_dag.py for tasks to queue
[2026-08-31T19:04:21.630+0000] {logging_mixin.py:190} INFO - [2026-08-31T19:04:21.630+0000] {dagbag.py:588} INFO - Filling up the DagBag from /opt/airflow/dags/sales_etl_dag.py
[2026-08-31T19:04:21.648+0000] {processor.py:925} INFO - DAG(s) 'etl_pipeline' retrieved from /opt/airflow/dags/sales_etl_dag.py
[2026-08-31T19:04:21.678+0000] {logging_mixin.py:190} INFO - [2026-08-31T19:04:21.678+0000] {dag.py:3239} INFO - Sync 1 DAGs
[2026-08-31T19:04:21.704+0000] {logging_mixin.py:190} INFO - [2026-08-31T19:04:21.704+0000] {dag.py:4180} INFO - Setting next_dagrun for etl_pipeline to 2026-08-31 00:00:00+00:00, run_after=2026-09-01 00:00:00+00:00
[2026-08-31T19:04:21.725+0000] {processor.py:208} INFO - Processing /opt/airflow/dags/sales_etl_dag.py took 0.103 seconds
[2026-08-31T19:04:52.112+0000] {processor.py:186} INFO - Started process (PID=508) to work on /opt/airflow/dags/sales_etl_dag.py
[2026-08-31T19:04:52.113+0000] {processor.py:914} INFO - Processing file /opt/airflow/dags/sales_etl_dag.py for tasks to queue
[2026-08-31T19:04:52.115+0000] {logging_mixin.py:190} INFO - [2026-08-31T19:04:52.115+0000] {dagbag.py:588} INFO - Filling up the DagBag from /opt/airflow/dags/sales_etl_dag.py
[2026-08-31T19:04:52.135+0000] {processor.py:925} INFO - DAG(s) 'etl_pipeline' retrieved from /opt/airflow/dags/sales_etl_dag.py
[2026-08-31T19:04:52.162+0000] {logging_mixin.py:190} INFO - [2026-08-31T19:04:52.162+0000] {dag.py:3239} INFO - Sync 1 DAGs
[2026-08-31T19:04:52.185+0000] {logging_mixin.py:190} INFO - [2026-08-31T19:04:52.184+0000] {dag.py:4180} INFO - Setting next_dagrun for etl_pipeline to 2026-08-31 00:00:00+00:00, run_after=2026-09-01 00:00:00+00:00
[2026-08-31T19:04:52.201+0000] {processor.py:208} INFO - Processing /opt/airflow/dags/sales_etl_dag.py took 0.093 seconds
[2026-08-31T19:05:22.499+0000] {processor.py:186} INFO - Started process (PID=513) to work on /opt/airflow/dags/sales_etl_dag.py
[2026-08-31T19:05:22.500+0000] {processor.py:914} INFO - Processing file /opt/airflow/dags/sales_etl_dag.py for tasks to queue
[2026-08-31T19:05:22.502+0000] {logging_mixin.py:190} INFO - [2026-08-31T19:05:22.502+0000] {dagbag.py:588} INFO - Filling up the DagBag from /opt/airflow/dags/sales_etl_dag.py
[2026-08-31T19:05:22.525+0000] {processor.py:925} INFO - DAG(s) 'etl_pipeline' retrieved from /opt/airflow/dags/sales_etl_dag.py
[2026-08-31T19:05:22.555+0000] {logging_mixin.py:190} INFO - [2026-08-31T19:05:22.555+0000] {dag.py:3239} INFO - Sync 1 DAGs
[2026-08-31T19:05:22.577+0000] {logging_mixin.py:190} INFO - [2026-08-31T19:05:22.576+0000] {dag.py:4180} INFO - Setting next_dagrun for etl_pipeline to 2026-08-31 00:00:00+00:00, run_after=2026-09-01 00:00:00+00:00
[2026-08-31T19:05:22.595+0000] {processor.py:208} INFO - Processing /opt/airflow/dags/sales_etl_dag.py took 0.101 seconds
[2026-08-31T19:05:52.848+0000] {processor.py:186} INFO - Started process (PID=518) to work on /opt/airflow/dags/sales_etl_dag.py
[2026-08-31T19:05:52.849+0000] {processor.py:914} INFO - Processing file /opt/airflow/dags/sales_etl_dag.py for tasks to queue
[2026-08-31T19:05:52.852+0000] {logging_mixin.py:190} INFO - [2026-08-31T19:05:52.851+0000] {dagbag.py:588} INFO - Filling up the DagBag from /opt/airflow/dags/sales_etl_dag.py
[2026-08-31T19:05:52.873+0000] {processor.py:925} INFO - DAG(s) 'etl_pipeline' retrieved from /opt/airflow/dags/sales_etl_dag.py
[2026-08-31T19:05:52.902+0000] {logging_mixin.py:190} INFO - [2026-08-31T19:05:52.901+0000] {dag.py:3239} INFO - Sync 1 DAGs
[2026-08-31T19:05:52.926+0000] {logging_mixin.py:190} INFO - [2026-08-31T19:05:52.926+0000] {dag.py:4180} INFO - Setting next_dagrun for etl_pipeline to 2026-08-31 00:00:00+00:00, run_after=2026-09-01 00:00:00+00:00
[2026-08-31T19:05:52.947+0000] {processor.py:208} INFO - Processing /opt/airflow/dags/sales_etl_dag.py took 0.105 seconds
[2026-08-31T19:10:47.586+0000] {processor.py:186} INFO - Started process (PID=523) to work on /opt/airflow/dags/sales_etl_dag.py
[2026-08-31T19:10:47.588+0000] {processor.py:914} INFO - Processing file /opt/airflow/dags/sales_etl_dag.py for tasks to queue
[2026-08-31T19:10:47.592+0000] {logging_mixin.py:190} INFO - [2026-08-31T19:10:47.591+0000] {dagbag.py:588} INFO - Filling up the DagBag from /opt/airflow/dags/sales_etl_dag.py
[2026-08-31T19:10:47.623+0000] {processor.py:925} INFO - DAG(s) 'etl_pipeline' retrieved from /opt/airflow/dags/sales_etl_dag.py
[2026-08-31T19:10:47.660+0000] {logging_mixin.py:190} INFO - [2026-08-31T19:10:47.660+0000] {dag.py:3239} INFO - Sync 1 DAGs
[2026-08-31T19:10:47.689+0000] {logging_mixin.py:190} INFO - [2026-08-31T19:10:47.688+0000] {dag.py:4180} INFO - Setting next_dagrun for etl_pipeline to 2026-08-31 00:00:00+00:00, run_after=2026-09-01 00:00:00+00:00
[2026-08-31T19:10:47.713+0000] {processor.py:208} INFO - Processing /opt/airflow/dags/sales_etl_dag.py took 0.134 seconds
[2026-08-31T19:11:17.949+0000] {processor.py:186} INFO - Started process (PID=528) to work on /opt/airflow/dags/sales_etl_dag.py
[2026-08-31T19:11:17.951+0000] {processor.py:914} INFO - Processing file /opt/airflow/dags/sales_etl_dag.py for tasks to queue
[2026-08-31T19:11:17.954+0000] {logging_mixin.py:190} INFO - [2026-08-31T19:11:17.954+0000] {dagbag.py:588} INFO - Filling up the DagBag from /opt/airflow/dags/sales_etl_dag.py
[2026-08-31T19:11:17.985+0000] {processor.py:925} INFO - DAG(s) 'etl_pipeline' retrieved from /opt/airflow/dags/sales_etl_dag.py
[2026-08-31T19:11:18.018+0000] {logging_mixin.py:190} INFO - [2026-08-31T19:11:18.018+0000] {dag.py:3239} INFO - Sync 1 DAGs
[2026-08-31T19:11:18.047+0000] {logging_mixin.py:190} INFO - [2026-08-31T19:11:18.047+0000] {dag.py:4180} INFO - Setting next_dagrun for etl_pipeline to 2026-08-31 00:00:00+00:00, run_after=2026-09-01 00:00:00+00:00
[2026-08-31T19:11:18.065+0000] {processor.py:208} INFO - Processing /opt/airflow/dags/sales_etl_dag.py took 0.125 seconds
[2026-08-31T19:11:48.374+0000] {processor.py:186} INFO - Started process (PID=533) to work on /opt/airflow/dags/sales_etl_dag.py
[2026-08-31T19:11:48.376+0000] {processor.py:914} INFO - Processing file /opt/airflow/dags/sales_etl_dag.py for tasks to queue
[2026-08-31T19:11:48.379+0000] {logging_mixin.py:190} INFO - [2026-08-31T19:11:48.379+0000] {dagbag.py:588} INFO - Filling up the DagBag from /opt/airflow/dags/sales_etl_dag.py
[2026-08-31T19:11:48.412+0000] {processor.py:925} INFO - DAG(s) 'etl_pipeline' retrieved from /opt/airflow/dags/sales_etl_dag.py
[2026-08-31T19:11:48.449+0000] {logging_mixin.py:190} INFO - [2026-08-31T19:11:48.449+0000] {dag.py:3239} INFO - Sync 1 DAGs
[2026-08-31T19:11:48.475+0000] {logging_mixin.py:190} INFO - [2026-08-31T19:11:48.475+0000] {dag.py:4180} INFO - Setting next_dagrun for etl_pipeline to 2026-08-31 00:00:00+00:00, run_after=2026-09-01 00:00:00+00:00
[2026-08-31T19:11:48.499+0000] {processor.py:208} INFO - Processing /opt/airflow/dags/sales_etl_dag.py took 0.133 seconds
[2026-08-31T19:12:18.763+0000] {processor.py:186} INFO - Started process (PID=538) to work on /opt/airflow/dags/sales_etl_dag.py
[2026-08-31T19:12:18.765+0000] {processor.py:914} INFO - Processing file /opt/airflow/dags/sales_etl_dag.py for tasks to queue
[2026-08-31T19:12:18.768+0000] {logging_mixin.py:190} INFO - [2026-08-31T19:12:18.767+0000] {dagbag.py:588} INFO - Filling up the DagBag from /opt/airflow/dags/sales_etl_dag.py
[2026-08-31T19:12:18.803+0000] {processor.py:925} INFO - DAG(s) 'etl_pipeline' retrieved from /opt/airflow/dags/sales_etl_dag.py
[2026-08-31T19:12:18.838+0000] {logging_mixin.py:190} INFO - [2026-08-31T19:12:18.838+0000] {dag.py:3239} INFO - Sync 1 DAGs
[2026-08-31T19:12:18.863+0000] {logging_mixin.py:190} INFO - [2026-08-31T19:12:18.862+0000] {dag.py:4180} INFO - Setting next_dagrun for etl_pipeline to 2026-08-31 00:00:00+00:00, run_after=2026-09-01 00:00:00+00:00
[2026-08-31T19:12:18.889+0000] {processor.py:208} INFO - Processing /opt/airflow/dags/sales_etl_dag.py took 0.135 seconds
[2026-08-31T19:12:49.205+0000] {processor.py:186} INFO - Started process (PID=543) to work on /opt/airflow/dags/sales_etl_dag.py
[2026-08-31T19:12:49.206+0000] {processor.py:914} INFO - Processing file /opt/airflow/dags/sales_etl_dag.py for tasks to queue
[2026-08-31T19:12:49.209+0000] {logging_mixin.py:190} INFO - [2026-08-31T19:12:49.208+0000] {dagbag.py:588} INFO - Filling up the DagBag from /opt/airflow/dags/sales_etl_dag.py
[2026-08-31T19:12:49.234+0000] {processor.py:925} INFO - DAG(s) 'etl_pipeline' retrieved from /opt/airflow/dags/sales_etl_dag.py
[2026-08-31T19:12:49.266+0000] {logging_mixin.py:190} INFO - [2026-08-31T19:12:49.266+0000] {dag.py:3239} INFO - Sync 1 DAGs
[2026-08-31T19:12:49.288+0000] {logging_mixin.py:190} INFO - [2026-08-31T19:12:49.287+0000] {dag.py:4180} INFO - Setting next_dagrun for etl_pipeline to 2026-08-31 00:00:00+00:00, run_after=2026-09-01 00:00:00+00:00
[2026-08-31T19:12:49.309+0000] {processor.py:208} INFO - Processing /opt/airflow/dags/sales_etl_dag.py took 0.110 seconds
[2026-08-31T19:13:19.538+0000] {processor.py:186} INFO - Started process (PID=548) to work on /opt/airflow/dags/sales_etl_dag.py
[2026-08-31T19:13:19.539+0000] {processor.py:914} INFO - Processing file /opt/airflow/dags/sales_etl_dag.py for tasks to queue
[2026-08-31T19:13:19.542+0000] {logging_mixin.py:190} INFO - [2026-08-31T19:13:19.541+0000] {dagbag.py:588} INFO - Filling up the DagBag from /opt/airflow/dags/sales_etl_dag.py
[2026-08-31T19:13:19.566+0000] {processor.py:925} INFO - DAG(s) 'etl_pipeline' retrieved from /opt/airflow/dags/sales_etl_dag.py
[2026-08-31T19:13:19.604+0000] {logging_mixin.py:190} INFO - [2026-08-31T19:13:19.604+0000] {dag.py:3239} INFO - Sync 1 DAGs
[2026-08-31T19:13:19.628+0000] {logging_mixin.py:190} INFO - [2026-08-31T19:13:19.628+0000] {dag.py:4180} INFO - Setting next_dagrun for etl_pipeline to 2026-08-31 00:00:00+00:00, run_after=2026-09-01 00:00:00+00:00
[2026-08-31T19:13:19.649+0000] {processor.py:208} INFO - Processing /opt/airflow/dags/sales_etl_dag.py took 0.118 seconds
[2026-08-31T19:13:49.969+0000] {processor.py:186} INFO - Started process (PID=553) to work on /opt/airflow/dags/sales_etl_dag.py
[2026-08-31T19:13:49.970+0000] {processor.py:914} INFO - Processing file /opt/airflow/dags/sales_etl_dag.py for tasks to queue
[2026-08-31T19:13:49.974+0000] {logging_mixin.py:190} INFO - [2026-08-31T19:13:49.973+0000] {dagbag.py:588} INFO - Filling up the DagBag from /opt/airflow/dags/sales_etl_dag.py
[2026-08-31T19:13:50.010+0000] {processor.py:925} INFO - DAG(s) 'etl_pipeline' retrieved from /opt/airflow/dags/sales_etl_dag.py
[2026-08-31T19:13:50.053+0000] {logging_mixin.py:190} INFO - [2026-08-31T19:13:50.052+0000] {dag.py:3239} INFO - Sync 1 DAGs
[2026-08-31T19:13:50.081+0000] {logging_mixin.py:190} INFO - [2026-08-31T19:13:50.081+0000] {dag.py:4180} INFO - Setting next_dagrun for etl_pipeline to 2026-08-31 00:00:00+00:00, run_after=2026-09-01 00:00:00+00:00
[2026-08-31T19:13:50.104+0000] {processor.py:208} INFO - Processing /opt/airflow/dags/sales_etl_dag.py took 0.140 seconds
[2026-08-31T19:14:20.314+0000] {processor.py:186} INFO - Started process (PID=558) to work on /opt/airflow/dags/sales_etl_dag.py
[2026-08-31T19:14:20.316+0000] {processor.py:914} INFO - Processing file /opt/airflow/dags/sales_etl_dag.py for tasks to queue
[2026-08-31T19:14:20.321+0000] {logging_mixin.py:190} INFO - [2026-08-31T19:14:20.319+0000] {dagbag.py:588} INFO - Filling up the DagBag from /opt/airflow/dags/sales_etl_dag.py
[2026-08-31T19:14:20.367+0000] {processor.py:925} INFO - DAG(s) 'etl_pipeline' retrieved from /opt/airflow/dags/sales_etl_dag.py
[2026-08-31T19:14:20.405+0000] {logging_mixin.py:190} INFO - [2026-08-31T19:14:20.405+0000] {dag.py:3239} INFO - Sync 1 DAGs
[2026-08-31T19:14:20.430+0000] {logging_mixin.py:190} INFO - [2026-08-31T19:14:20.430+0000] {dag.py:4180} INFO - Setting next_dagrun for etl_pipeline to 2026-08-31 00:00:00+00:00, run_after=2026-09-01 00:00:00+00:00
[2026-08-31T19:14:20.453+0000] {processor.py:208} INFO - Processing /opt/airflow/dags/sales_etl_dag.py took 0.150 seconds
[2026-08-31T19:14:50.724+0000] {processor.py:186} INFO - Started process (PID=563) to work on /opt/airflow/dags/sales_etl_dag.py
[2026-08-31T19:14:50.727+0000] {processor.py:914} INFO - Processing file /opt/airflow/dags/sales_etl_dag.py for tasks to queue
[2026-08-31T19:14:50.735+0000] {logging_mixin.py:190} INFO - [2026-08-31T19:14:50.734+0000] {dagbag.py:588} INFO - Filling up the DagBag from /opt/airflow/dags/sales_etl_dag.py
[2026-08-31T19:14:50.770+0000] {processor.py:925} INFO - DAG(s) 'etl_pipeline' retrieved from /opt/airflow/dags/sales_etl_dag.py
[2026-08-31T19:14:50.815+0000] {logging_mixin.py:190} INFO - [2026-08-31T19:14:50.815+0000] {dag.py:3239} INFO - Sync 1 DAGs
[2026-08-31T19:14:50.846+0000] {logging_mixin.py:190} INFO - [2026-08-31T19:14:50.845+0000] {dag.py:4180} INFO - Setting next_dagrun for etl_pipeline to 2026-08-31 00:00:00+00:00, run_after=2026-09-01 00:00:00+00:00
[2026-08-31T19:14:50.870+0000] {processor.py:208} INFO - Processing /opt/airflow/dags/sales_etl_dag.py took 0.154 seconds
[2026-08-31T19:15:21.090+0000] {processor.py:186} INFO - Started process (PID=568) to work on /opt/airflow/dags/sales_etl_dag.py
[2026-08-31T19:15:21.091+0000] {processor.py:914} INFO - Processing file /opt/airflow/dags/sales_etl_dag.py for tasks to queue
[2026-08-31T19:15:21.095+0000] {logging_mixin.py:190} INFO - [2026-08-31T19:15:21.095+0000] {dagbag.py:588} INFO - Filling up the DagBag from /opt/airflow/dags/sales_etl_dag.py
[2026-08-31T19:15:21.122+0000] {processor.py:925} INFO - DAG(s) 'etl_pipeline' retrieved from /opt/airflow/dags/sales_etl_dag.py
[2026-08-31T19:15:21.156+0000] {logging_mixin.py:190} INFO - [2026-08-31T19:15:21.155+0000] {dag.py:3239} INFO - Sync 1 DAGs
[2026-08-31T19:15:21.187+0000] {logging_mixin.py:190} INFO - [2026-08-31T19:15:21.187+0000] {dag.py:4180} INFO - Setting next_dagrun for etl_pipeline to 2026-08-31 00:00:00+00:00, run_after=2026-09-01 00:00:00+00:00
[2026-08-31T19:15:21.209+0000] {processor.py:208} INFO - Processing /opt/airflow/dags/sales_etl_dag.py took 0.125 seconds
[2026-08-31T19:15:51.518+0000] {processor.py:186} INFO - Started process (PID=657) to work on /opt/airflow/dags/sales_etl_dag.py
[2026-08-31T19:15:51.520+0000] {processor.py:914} INFO - Processing file /opt/airflow/dags/sales_etl_dag.py for tasks to queue
[2026-08-31T19:15:51.522+0000] {logging_mixin.py:190} INFO - [2026-08-31T19:15:51.522+0000] {dagbag.py:588} INFO - Filling up the DagBag from /opt/airflow/dags/sales_etl_dag.py
[2026-08-31T19:15:51.546+0000] {processor.py:925} INFO - DAG(s) 'etl_pipeline' retrieved from /opt/airflow/dags/sales_etl_dag.py
[2026-08-31T19:15:51.577+0000] {logging_mixin.py:190} INFO - [2026-08-31T19:15:51.577+0000] {dag.py:3239} INFO - Sync 1 DAGs
[2026-08-31T19:15:51.606+0000] {logging_mixin.py:190} INFO - [2026-08-31T19:15:51.606+0000] {dag.py:4180} INFO - Setting next_dagrun for etl_pipeline to 2026-08-31 00:00:00+00:00, run_after=2026-09-01 00:00:00+00:00
[2026-08-31T19:15:51.624+0000] {processor.py:208} INFO - Processing /opt/airflow/dags/sales_etl_dag.py took 0.111 seconds
[2026-08-31T19:16:21.879+0000] {processor.py:186} INFO - Started process (PID=662) to work on /opt/airflow/dags/sales_etl_dag.py
[2026-08-31T19:16:21.881+0000] {processor.py:914} INFO - Processing file /opt/airflow/dags/sales_etl_dag.py for tasks to queue
[2026-08-31T19:16:21.884+0000] {logging_mixin.py:190} INFO - [2026-08-31T19:16:21.883+0000] {dagbag.py:588} INFO - Filling up the DagBag from /opt/airflow/dags/sales_etl_dag.py
[2026-08-31T19:16:21.915+0000] {processor.py:925} INFO - DAG(s) 'etl_pipeline' retrieved from /opt/airflow/dags/sales_etl_dag.py
[2026-08-31T19:16:21.943+0000] {logging_mixin.py:190} INFO - [2026-08-31T19:16:21.943+0000] {dag.py:3239} INFO - Sync 1 DAGs
[2026-08-31T19:16:21.963+0000] {logging_mixin.py:190} INFO - [2026-08-31T19:16:21.963+0000] {dag.py:4180} INFO - Setting next_dagrun for etl_pipeline to 2026-08-31 00:00:00+00:00, run_after=2026-09-01 00:00:00+00:00
[2026-08-31T19:16:21.981+0000] {processor.py:208} INFO - Processing /opt/airflow/dags/sales_etl_dag.py took 0.107 seconds
[2026-08-31T19:16:52.298+0000] {processor.py:186} INFO - Started process (PID=667) to work on /opt/airflow/dags/sales_etl_dag.py
[2026-08-31T19:16:52.299+0000] {processor.py:914} INFO - Processing file /opt/airflow/dags/sales_etl_dag.py for tasks to queue
[2026-08-31T19:16:52.303+0000] {logging_mixin.py:190} INFO - [2026-08-31T19:16:52.303+0000] {dagbag.py:588} INFO - Filling up the DagBag from /opt/airflow/dags/sales_etl_dag.py
[2026-08-31T19:16:52.333+0000] {processor.py:925} INFO - DAG(s) 'etl_pipeline' retrieved from /opt/airflow/dags/sales_etl_dag.py
[2026-08-31T19:16:52.368+0000] {logging_mixin.py:190} INFO - [2026-08-31T19:16:52.368+0000] {dag.py:3239} INFO - Sync 1 DAGs
[2026-08-31T19:16:52.397+0000] {logging_mixin.py:190} INFO - [2026-08-31T19:16:52.397+0000] {dag.py:4180} INFO - Setting next_dagrun for etl_pipeline to 2026-08-31 00:00:00+00:00, run_after=2026-09-01 00:00:00+00:00
[2026-08-31T19:16:52.420+0000] {processor.py:208} INFO - Processing /opt/airflow/dags/sales_etl_dag.py took 0.129 seconds
[2026-08-31T19:17:22.657+0000] {processor.py:186} INFO - Started process (PID=672) to work on /opt/airflow/dags/sales_etl_dag.py
[2026-08-31T19:17:22.659+0000] {processor.py:914} INFO - Processing file /opt/airflow/dags/sales_etl_dag.py for tasks to queue
[2026-08-31T19:17:22.662+0000] {logging_mixin.py:190} INFO - [2026-08-31T19:17:22.661+0000] {dagbag.py:588} INFO - Filling up the DagBag from /opt/airflow/dags/sales_etl_dag.py
[2026-08-31T19:17:22.684+0000] {processor.py:925} INFO - DAG(s) 'etl_pipeline' retrieved from /opt/airflow/dags/sales_etl_dag.py
[2026-08-31T19:17:22.709+0000] {logging_mixin.py:190} INFO - [2026-08-31T19:17:22.709+0000] {dag.py:3239} INFO - Sync 1 DAGs
[2026-08-31T19:17:22.731+0000] {logging_mixin.py:190} INFO - [2026-08-31T19:17:22.731+0000] {dag.py:4180} INFO - Setting next_dagrun for etl_pipeline to 2026-08-31 00:00:00+00:00, run_after=2026-09-01 00:00:00+00:00
[2026-08-31T19:17:22.752+0000] {processor.py:208} INFO - Processing /opt/airflow/dags/sales_etl_dag.py took 0.101 seconds
[2026-08-31T19:17:52.987+0000] {processor.py:186} INFO - Started process (PID=677) to work on /opt/airflow/dags/sales_etl_dag.py
[2026-08-31T19:17:52.988+0000] {processor.py:914} INFO - Processing file /opt/airflow/dags/sales_etl_dag.py for tasks to queue
[2026-08-31T19:17:52.991+0000] {logging_mixin.py:190} INFO - [2026-08-31T19:17:52.990+0000] {dagbag.py:588} INFO - Filling up the DagBag from /opt/airflow/dags/sales_etl_dag.py
[2026-08-31T19:17:53.014+0000] {processor.py:925} INFO - DAG(s) 'etl_pipeline' retrieved from /opt/airflow/dags/sales_etl_dag.py
[2026-08-31T19:17:53.042+0000] {logging_mixin.py:190} INFO - [2026-08-31T19:17:53.042+0000] {dag.py:3239} INFO - Sync 1 DAGs
[2026-08-31T19:17:53.068+0000] {logging_mixin.py:190} INFO - [2026-08-31T19:17:53.067+0000] {dag.py:4180} INFO - Setting next_dagrun for etl_pipeline to 2026-08-31 00:00:00+00:00, run_after=2026-09-01 00:00:00+00:00
[2026-08-31T19:17:53.091+0000] {processor.py:208} INFO - Processing /opt/airflow/dags/sales_etl_dag.py took 0.111 seconds
[2026-08-31T19:18:23.411+0000] {processor.py:186} INFO - Started process (PID=682) to work on /opt/airflow/dags/sales_etl_dag.py
[2026-08-31T19:18:23.413+0000] {processor.py:914} INFO - Processing file /opt/airflow/dags/sales_etl_dag.py for tasks to queue
[2026-08-31T19:18:23.416+0000] {logging_mixin.py:190} INFO - [2026-08-31T19:18:23.416+0000] {dagbag.py:588} INFO - Filling up the DagBag from /opt/airflow/dags/sales_etl_dag.py
[2026-08-31T19:18:23.453+0000] {processor.py:925} INFO - DAG(s) 'etl_pipeline' retrieved from /opt/airflow/dags/sales_etl_dag.py
[2026-08-31T19:18:23.489+0000] {logging_mixin.py:190} INFO - [2026-08-31T19:18:23.489+0000] {dag.py:3239} INFO - Sync 1 DAGs
[2026-08-31T19:18:23.514+0000] {logging_mixin.py:190} INFO - [2026-08-31T19:18:23.514+0000] {dag.py:4180} INFO - Setting next_dagrun for etl_pipeline to 2026-08-31 00:00:00+00:00, run_after=2026-09-01 00:00:00+00:00
[2026-08-31T19:18:23.536+0000] {processor.py:208} INFO - Processing /opt/airflow/dags/sales_etl_dag.py took 0.131 seconds
[2026-08-31T19:18:53.714+0000] {processor.py:186} INFO - Started process (PID=687) to work on /opt/airflow/dags/sales_etl_dag.py
[2026-08-31T19:18:53.715+0000] {processor.py:914} INFO - Processing file /opt/airflow/dags/sales_etl_dag.py for tasks to queue
[2026-08-31T19:18:53.718+0000] {logging_mixin.py:190} INFO - [2026-08-31T19:18:53.717+0000] {dagbag.py:588} INFO - Filling up the DagBag from /opt/airflow/dags/sales_etl_dag.py
[2026-08-31T19:18:53.743+0000] {processor.py:925} INFO - DAG(s) 'etl_pipeline' retrieved from /opt/airflow/dags/sales_etl_dag.py
[2026-08-31T19:18:53.783+0000] {logging_mixin.py:190} INFO - [2026-08-31T19:18:53.783+0000] {dag.py:3239} INFO - Sync 1 DAGs
[2026-08-31T19:18:53.814+0000] {logging_mixin.py:190} INFO - [2026-08-31T19:18:53.813+0000] {dag.py:4180} INFO - Setting next_dagrun for etl_pipeline to 2026-08-31 00:00:00+00:00, run_after=2026-09-01 00:00:00+00:00
[2026-08-31T19:18:53.838+0000] {processor.py:208} INFO - Processing /opt/airflow/dags/sales_etl_dag.py took 0.130 seconds
[2026-08-31T19:19:24.203+0000] {processor.py:186} INFO - Started process (PID=692) to work on /opt/airflow/dags/sales_etl_dag.py
[2026-08-31T19:19:24.205+0000] {processor.py:914} INFO - Processing file /opt/airflow/dags/sales_etl_dag.py for tasks to queue
[2026-08-31T19:19:24.210+0000] {logging_mixin.py:190} INFO - [2026-08-31T19:19:24.210+0000] {dagbag.py:588} INFO - Filling up the DagBag from /opt/airflow/dags/sales_etl_dag.py
[2026-08-31T19:19:24.240+0000] {processor.py:925} INFO - DAG(s) 'etl_pipeline' retrieved from /opt/airflow/dags/sales_etl_dag.py
[2026-08-31T19:19:24.272+0000] {logging_mixin.py:190} INFO - [2026-08-31T19:19:24.272+0000] {dag.py:3239} INFO - Sync 1 DAGs
[2026-08-31T19:19:24.296+0000] {logging_mixin.py:190} INFO - [2026-08-31T19:19:24.296+0000] {dag.py:4180} INFO - Setting next_dagrun for etl_pipeline to 2026-08-31 00:00:00+00:00, run_after=2026-09-01 00:00:00+00:00
[2026-08-31T19:19:24.316+0000] {processor.py:208} INFO - Processing /opt/airflow/dags/sales_etl_dag.py took 0.121 seconds
[2026-08-31T19:19:54.574+0000] {processor.py:186} INFO - Started process (PID=697) to work on /opt/airflow/dags/sales_etl_dag.py
[2026-08-31T19:19:54.579+0000] {processor.py:914} INFO - Processing file /opt/airflow/dags/sales_etl_dag.py for tasks to queue
[2026-08-31T19:19:54.582+0000] {logging_mixin.py:190} INFO - [2026-08-31T19:19:54.582+0000] {dagbag.py:588} INFO - Filling up the DagBag from /opt/airflow/dags/sales_etl_dag.py
[2026-08-31T19:19:54.607+0000] {processor.py:925} INFO - DAG(s) 'etl_pipeline' retrieved from /opt/airflow/dags/sales_etl_dag.py
[2026-08-31T19:19:54.635+0000] {logging_mixin.py:190} INFO - [2026-08-31T19:19:54.635+0000] {dag.py:3239} INFO - Sync 1 DAGs
[2026-08-31T19:19:54.661+0000] {logging_mixin.py:190} INFO - [2026-08-31T19:19:54.660+0000] {dag.py:4180} INFO - Setting next_dagrun for etl_pipeline to 2026-08-31 00:00:00+00:00, run_after=2026-09-01 00:00:00+00:00
[2026-08-31T19:19:54.681+0000] {processor.py:208} INFO - Processing /opt/airflow/dags/sales_etl_dag.py took 0.113 seconds
[2026-08-31T19:20:25.005+0000] {processor.py:186} INFO - Started process (PID=702) to work on /opt/airflow/dags/sales_etl_dag.py
[2026-08-31T19:20:25.007+0000] {processor.py:914} INFO - Processing file /opt/airflow/dags/sales_etl_dag.py for tasks to queue
[2026-08-31T19:20:25.010+0000] {logging_mixin.py:190} INFO - [2026-08-31T19:20:25.009+0000] {dagbag.py:588} INFO - Filling up the DagBag from /opt/airflow/dags/sales_etl_dag.py
[2026-08-31T19:20:25.038+0000] {processor.py:925} INFO - DAG(s) 'etl_pipeline' retrieved from /opt/airflow/dags/sales_etl_dag.py
[2026-08-31T19:20:25.069+0000] {logging_mixin.py:190} INFO - [2026-08-31T19:20:25.069+0000] {dag.py:3239} INFO - Sync 1 DAGs
[2026-08-31T19:20:25.102+0000] {logging_mixin.py:190} INFO - [2026-08-31T19:20:25.101+0000] {dag.py:4180} INFO - Setting next_dagrun for etl_pipeline to 2026-08-31 00:00:00+00:00, run_after=2026-09-01 00:00:00+00:00
[2026-08-31T19:20:25.129+0000] {processor.py:208} INFO - Processing /opt/airflow/dags/sales_etl_dag.py took 0.130 seconds
[2026-08-31T19:20:55.377+0000] {processor.py:186} INFO - Started process (PID=707) to work on /opt/airflow/dags/sales_etl_dag.py
[2026-08-31T19:20:55.378+0000] {processor.py:914} INFO - Processing file /opt/airflow/dags/sales_etl_dag.py for tasks to queue
[2026-08-31T19:20:55.381+0000] {logging_mixin.py:190} INFO - [2026-08-31T19:20:55.381+0000] {dagbag.py:588} INFO - Filling up the DagBag from /opt/airflow/dags/sales_etl_dag.py
[2026-08-31T19:20:55.411+0000] {processor.py:925} INFO - DAG(s) 'etl_pipeline' retrieved from /opt/airflow/dags/sales_etl_dag.py
[2026-08-31T19:20:55.444+0000] {logging_mixin.py:190} INFO - [2026-08-31T19:20:55.444+0000] {dag.py:3239} INFO - Sync 1 DAGs
[2026-08-31T19:20:55.470+0000] {logging_mixin.py:190} INFO - [2026-08-31T19:20:55.470+0000] {dag.py:4180} INFO - Setting next_dagrun for etl_pipeline to 2026-08-31 00:00:00+00:00, run_after=2026-09-01 00:00:00+00:00
[2026-08-31T19:20:55.494+0000] {processor.py:208} INFO - Processing /opt/airflow/dags/sales_etl_dag.py took 0.123 seconds
[2026-08-31T19:21:25.735+0000] {processor.py:186} INFO - Started process (PID=712) to work on /opt/airflow/dags/sales_etl_dag.py
[2026-08-31T19:21:25.737+0000] {processor.py:914} INFO - Processing file /opt/airflow/dags/sales_etl_dag.py for tasks to queue
[2026-08-31T19:21:25.739+0000] {logging_mixin.py:190} INFO - [2026-08-31T19:21:25.739+0000] {dagbag.py:588} INFO - Filling up the DagBag from /opt/airflow/dags/sales_etl_dag.py
[2026-08-31T19:21:25.765+0000] {processor.py:925} INFO - DAG(s) 'etl_pipeline' retrieved from /opt/airflow/dags/sales_etl_dag.py
[2026-08-31T19:21:25.794+0000] {logging_mixin.py:190} INFO - [2026-08-31T19:21:25.794+0000] {dag.py:3239} INFO - Sync 1 DAGs
[2026-08-31T19:21:25.820+0000] {logging_mixin.py:190} INFO - [2026-08-31T19:21:25.820+0000] {dag.py:4180} INFO - Setting next_dagrun for etl_pipeline to 2026-08-31 00:00:00+00:00, run_after=2026-09-01 00:00:00+00:00
[2026-08-31T19:21:25.843+0000] {processor.py:208} INFO - Processing /opt/airflow/dags/sales_etl_dag.py took 0.116 seconds
[2026-08-31T19:21:56.153+0000] {processor.py:186} INFO - Started process (PID=717) to work on /opt/airflow/dags/sales_etl_dag.py
[2026-08-31T19:21:56.155+0000] {processor.py:914} INFO - Processing file /opt/airflow/dags/sales_etl_dag.py for tasks to queue
[2026-08-31T19:21:56.159+0000] {logging_mixin.py:190} INFO - [2026-08-31T19:21:56.159+0000] {dagbag.py:588} INFO - Filling up the DagBag from /opt/airflow/dags/sales_etl_dag.py
[2026-08-31T19:21:56.185+0000] {processor.py:925} INFO - DAG(s) 'etl_pipeline' retrieved from /opt/airflow/dags/sales_etl_dag.py
[2026-08-31T19:21:56.221+0000] {logging_mixin.py:190} INFO - [2026-08-31T19:21:56.220+0000] {dag.py:3239} INFO - Sync 1 DAGs
[2026-08-31T19:21:56.261+0000] {logging_mixin.py:190} INFO - [2026-08-31T19:21:56.261+0000] {dag.py:4180} INFO - Setting next_dagrun for etl_pipeline to 2026-08-31 00:00:00+00:00, run_after=2026-09-01 00:00:00+00:00
[2026-08-31T19:21:56.296+0000] {processor.py:208} INFO - Processing /opt/airflow/dags/sales_etl_dag.py took 0.149 seconds
[2026-08-31T19:22:26.480+0000] {processor.py:186} INFO - Started process (PID=806) to work on /opt/airflow/dags/sales_etl_dag.py
[2026-08-31T19:22:26.481+0000] {processor.py:914} INFO - Processing file /opt/airflow/dags/sales_etl_dag.py for tasks to queue
[2026-08-31T19:22:26.485+0000] {logging_mixin.py:190} INFO - [2026-08-31T19:22:26.483+0000] {dagbag.py:588} INFO - Filling up the DagBag from /opt/airflow/dags/sales_etl_dag.py
[2026-08-31T19:22:26.507+0000] {processor.py:925} INFO - DAG(s) 'etl_pipeline' retrieved from /opt/airflow/dags/sales_etl_dag.py
[2026-08-31T19:22:26.537+0000] {logging_mixin.py:190} INFO - [2026-08-31T19:22:26.537+0000] {dag.py:3239} INFO - Sync 1 DAGs
[2026-08-31T19:22:26.564+0000] {logging_mixin.py:190} INFO - [2026-08-31T19:22:26.564+0000] {dag.py:4180} INFO - Setting next_dagrun for etl_pipeline to 2026-08-31 00:00:00+00:00, run_after=2026-09-01 00:00:00+00:00
[2026-08-31T19:22:26.584+0000] {processor.py:208} INFO - Processing /opt/airflow/dags/sales_etl_dag.py took 0.110 seconds
[2026-08-31T19:22:56.828+0000] {processor.py:186} INFO - Started process (PID=811) to work on /opt/airflow/dags/sales_etl_dag.py
[2026-08-31T19:22:56.829+0000] {processor.py:914} INFO - Processing file /opt/airflow/dags/sales_etl_dag.py for tasks to queue
[2026-08-31T19:22:56.831+0000] {logging_mixin.py:190} INFO - [2026-08-31T19:22:56.831+0000] {dagbag.py:588} INFO - Filling up the DagBag from /opt/airflow/dags/sales_etl_dag.py
[2026-08-31T19:22:56.852+0000] {processor.py:925} INFO - DAG(s) 'etl_pipeline' retrieved from /opt/airflow/dags/sales_etl_dag.py
[2026-08-31T19:22:56.876+0000] {logging_mixin.py:190} INFO - [2026-08-31T19:22:56.876+0000] {dag.py:3239} INFO - Sync 1 DAGs
[2026-08-31T19:22:56.898+0000] {logging_mixin.py:190} INFO - [2026-08-31T19:22:56.898+0000] {dag.py:4180} INFO - Setting next_dagrun for etl_pipeline to 2026-08-31 00:00:00+00:00, run_after=2026-09-01 00:00:00+00:00
[2026-08-31T19:22:56.916+0000] {processor.py:208} INFO - Processing /opt/airflow/dags/sales_etl_dag.py took 0.093 seconds
[2026-08-31T19:23:27.207+0000] {processor.py:186} INFO - Started process (PID=816) to work on /opt/airflow/dags/sales_etl_dag.py
[2026-08-31T19:23:27.208+0000] {processor.py:914} INFO - Processing file /opt/airflow/dags/sales_etl_dag.py for tasks to queue
[2026-08-31T19:23:27.212+0000] {logging_mixin.py:190} INFO - [2026-08-31T19:23:27.211+0000] {dagbag.py:588} INFO - Filling up the DagBag from /opt/airflow/dags/sales_etl_dag.py
[2026-08-31T19:23:27.235+0000] {processor.py:925} INFO - DAG(s) 'etl_pipeline' retrieved from /opt/airflow/dags/sales_etl_dag.py
[2026-08-31T19:23:27.266+0000] {logging_mixin.py:190} INFO - [2026-08-31T19:23:27.266+0000] {dag.py:3239} INFO - Sync 1 DAGs
[2026-08-31T19:23:27.289+0000] {logging_mixin.py:190} INFO - [2026-08-31T19:23:27.289+0000] {dag.py:4180} INFO - Setting next_dagrun for etl_pipeline to 2026-08-31 00:00:00+00:00, run_after=2026-09-01 00:00:00+00:00
[2026-08-31T19:23:27.309+0000] {processor.py:208} INFO - Processing /opt/airflow/dags/sales_etl_dag.py took 0.107 seconds
[2026-08-31T19:23:57.649+0000] {processor.py:186} INFO - Started process (PID=821) to work on /opt/airflow/dags/sales_etl_dag.py
[2026-08-31T19:23:57.651+0000] {processor.py:914} INFO - Processing file /opt/airflow/dags/sales_etl_dag.py for tasks to queue
[2026-08-31T19:23:57.653+0000] {logging_mixin.py:190} INFO - [2026-08-31T19:23:57.653+0000] {dagbag.py:588} INFO - Filling up the DagBag from /opt/airflow/dags/sales_etl_dag.py
[2026-08-31T19:23:57.671+0000] {processor.py:925} INFO - DAG(s) 'etl_pipeline' retrieved from /opt/airflow/dags/sales_etl_dag.py
[2026-08-31T19:23:57.698+0000] {logging_mixin.py:190} INFO - [2026-08-31T19:23:57.698+0000] {dag.py:3239} INFO - Sync 1 DAGs
[2026-08-31T19:23:57.720+0000] {logging_mixin.py:190} INFO - [2026-08-31T19:23:57.719+0000] {dag.py:4180} INFO - Setting next_dagrun for etl_pipeline to 2026-08-31 00:00:00+00:00, run_after=2026-09-01 00:00:00+00:00
[2026-08-31T19:23:57.737+0000] {processor.py:208} INFO - Processing /opt/airflow/dags/sales_etl_dag.py took 0.092 seconds
[2026-08-31T19:24:28.027+0000] {processor.py:186} INFO - Started process (PID=826) to work on /opt/airflow/dags/sales_etl_dag.py
[2026-08-31T19:24:28.028+0000] {processor.py:914} INFO - Processing file /opt/airflow/dags/sales_etl_dag.py for tasks to queue
[2026-08-31T19:24:28.030+0000] {logging_mixin.py:190} INFO - [2026-08-31T19:24:28.030+0000] {dagbag.py:588} INFO - Filling up the DagBag from /opt/airflow/dags/sales_etl_dag.py
[2026-08-31T19:24:28.049+0000] {processor.py:925} INFO - DAG(s) 'etl_pipeline' retrieved from /opt/airflow/dags/sales_etl_dag.py
[2026-08-31T19:24:28.086+0000] {logging_mixin.py:190} INFO - [2026-08-31T19:24:28.086+0000] {dag.py:3239} INFO - Sync 1 DAGs
[2026-08-31T19:24:28.111+0000] {logging_mixin.py:190} INFO - [2026-08-31T19:24:28.111+0000] {dag.py:4180} INFO - Setting next_dagrun for etl_pipeline to 2026-08-31 00:00:00+00:00, run_after=2026-09-01 00:00:00+00:00
[2026-08-31T19:24:28.132+0000] {processor.py:208} INFO - Processing /opt/airflow/dags/sales_etl_dag.py took 0.110 seconds
[2026-08-31T19:24:58.411+0000] {processor.py:186} INFO - Started process (PID=831) to work on /opt/airflow/dags/sales_etl_dag.py
[2026-08-31T19:24:58.412+0000] {processor.py:914} INFO - Processing file /opt/airflow/dags/sales_etl_dag.py for tasks to queue
[2026-08-31T19:24:58.415+0000] {logging_mixin.py:190} INFO - [2026-08-31T19:24:58.415+0000] {dagbag.py:588} INFO - Filling up the DagBag from /opt/airflow/dags/sales_etl_dag.py
[2026-08-31T19:24:58.439+0000] {processor.py:925} INFO - DAG(s) 'etl_pipeline' retrieved from /opt/airflow/dags/sales_etl_dag.py
[2026-08-31T19:24:58.469+0000] {logging_mixin.py:190} INFO - [2026-08-31T19:24:58.469+0000] {dag.py:3239} INFO - Sync 1 DAGs
[2026-08-31T19:24:58.493+0000] {logging_mixin.py:190} INFO - [2026-08-31T19:24:58.493+0000] {dag.py:4180} INFO - Setting next_dagrun for etl_pipeline to 2026-08-31 00:00:00+00:00, run_after=2026-09-01 00:00:00+00:00
[2026-08-31T19:24:58.515+0000] {processor.py:208} INFO - Processing /opt/airflow/dags/sales_etl_dag.py took 0.109 seconds
[2026-08-31T19:30:38.717+0000] {processor.py:186} INFO - Started process (PID=836) to work on /opt/airflow/dags/sales_etl_dag.py
[2026-08-31T19:30:38.719+0000] {processor.py:914} INFO - Processing file /opt/airflow/dags/sales_etl_dag.py for tasks to queue
[2026-08-31T19:30:38.724+0000] {logging_mixin.py:190} INFO - [2026-08-31T19:30:38.724+0000] {dagbag.py:588} INFO - Filling up the DagBag from /opt/airflow/dags/sales_etl_dag.py
[2026-08-31T19:30:38.755+0000] {processor.py:925} INFO - DAG(s) 'etl_pipeline' retrieved from /opt/airflow/dags/sales_etl_dag.py
[2026-08-31T19:30:38.790+0000] {logging_mixin.py:190} INFO - [2026-08-31T19:30:38.790+0000] {dag.py:3239} INFO - Sync 1 DAGs
[2026-08-31T19:30:38.817+0000] {logging_mixin.py:190} INFO - [2026-08-31T19:30:38.817+0000] {dag.py:4180} INFO - Setting next_dagrun for etl_pipeline to 2026-08-31 00:00:00+00:00, run_after=2026-09-01 00:00:00+00:00
[2026-08-31T19:30:38.840+0000] {processor.py:208} INFO - Processing /opt/airflow/dags/sales_etl_dag.py took 0.130 seconds
[2026-08-31T19:31:09.080+0000] {processor.py:186} INFO - Started process (PID=841) to work on /opt/airflow/dags/sales_etl_dag.py
[2026-08-31T19:31:09.081+0000] {processor.py:914} INFO - Processing file /opt/airflow/dags/sales_etl_dag.py for tasks to queue
[2026-08-31T19:31:09.084+0000] {logging_mixin.py:190} INFO - [2026-08-31T19:31:09.084+0000] {dagbag.py:588} INFO - Filling up the DagBag from /opt/airflow/dags/sales_etl_dag.py
[2026-08-31T19:31:09.107+0000] {processor.py:925} INFO - DAG(s) 'etl_pipeline' retrieved from /opt/airflow/dags/sales_etl_dag.py
[2026-08-31T19:31:09.142+0000] {logging_mixin.py:190} INFO - [2026-08-31T19:31:09.141+0000] {dag.py:3239} INFO - Sync 1 DAGs
[2026-08-31T19:31:09.168+0000] {logging_mixin.py:190} INFO - [2026-08-31T19:31:09.167+0000] {dag.py:4180} INFO - Setting next_dagrun for etl_pipeline to 2026-08-31 00:00:00+00:00, run_after=2026-09-01 00:00:00+00:00
[2026-08-31T19:31:09.188+0000] {processor.py:208} INFO - Processing /opt/airflow/dags/sales_etl_dag.py took 0.117 seconds
[2026-08-31T19:31:39.501+0000] {processor.py:186} INFO - Started process (PID=846) to work on /opt/airflow/dags/sales_etl_dag.py
[2026-08-31T19:31:39.505+0000] {processor.py:914} INFO - Processing file /opt/airflow/dags/sales_etl_dag.py for tasks to queue
[2026-08-31T19:31:39.509+0000] {logging_mixin.py:190} INFO - [2026-08-31T19:31:39.508+0000] {dagbag.py:588} INFO - Filling up the DagBag from /opt/airflow/dags/sales_etl_dag.py
[2026-08-31T19:31:39.546+0000] {processor.py:925} INFO - DAG(s) 'etl_pipeline' retrieved from /opt/airflow/dags/sales_etl_dag.py
[2026-08-31T19:31:39.580+0000] {logging_mixin.py:190} INFO - [2026-08-31T19:31:39.580+0000] {dag.py:3239} INFO - Sync 1 DAGs
[2026-08-31T19:31:39.604+0000] {logging_mixin.py:190} INFO - [2026-08-31T19:31:39.604+0000] {dag.py:4180} INFO - Setting next_dagrun for etl_pipeline to 2026-08-31 00:00:00+00:00, run_after=2026-09-01 00:00:00+00:00
[2026-08-31T19:31:39.624+0000] {processor.py:208} INFO - Processing /opt/airflow/dags/sales_etl_dag.py took 0.130 seconds
[2026-08-31T19:32:09.892+0000] {processor.py:186} INFO - Started process (PID=851) to work on /opt/airflow/dags/sales_etl_dag.py
[2026-08-31T19:32:09.894+0000] {processor.py:914} INFO - Processing file /opt/airflow/dags/sales_etl_dag.py for tasks to queue
[2026-08-31T19:32:09.897+0000] {logging_mixin.py:190} INFO - [2026-08-31T19:32:09.896+0000] {dagbag.py:588} INFO - Filling up the DagBag from /opt/airflow/dags/sales_etl_dag.py
[2026-08-31T19:32:09.924+0000] {processor.py:925} INFO - DAG(s) 'etl_pipeline' retrieved from /opt/airflow/dags/sales_etl_dag.py
[2026-08-31T19:32:09.956+0000] {logging_mixin.py:190} INFO - [2026-08-31T19:32:09.956+0000] {dag.py:3239} INFO - Sync 1 DAGs
[2026-08-31T19:32:09.982+0000] {logging_mixin.py:190} INFO - [2026-08-31T19:32:09.981+0000] {dag.py:4180} INFO - Setting next_dagrun for etl_pipeline to 2026-08-31 00:00:00+00:00, run_after=2026-09-01 00:00:00+00:00
[2026-08-31T19:32:10.001+0000] {processor.py:208} INFO - Processing /opt/airflow/dags/sales_etl_dag.py took 0.115 seconds
[2026-08-31T19:32:40.295+0000] {processor.py:186} INFO - Started process (PID=856) to work on /opt/airflow/dags/sales_etl_dag.py
[2026-08-31T19:32:40.297+0000] {processor.py:914} INFO - Processing file /opt/airflow/dags/sales_etl_dag.py for tasks to queue
[2026-08-31T19:32:40.299+0000] {logging_mixin.py:190} INFO - [2026-08-31T19:32:40.298+0000] {dagbag.py:588} INFO - Filling up the DagBag from /opt/airflow/dags/sales_etl_dag.py
[2026-08-31T19:32:40.321+0000] {processor.py:925} INFO - DAG(s) 'etl_pipeline' retrieved from /opt/airflow/dags/sales_etl_dag.py
[2026-08-31T19:32:40.347+0000] {logging_mixin.py:190} INFO - [2026-08-31T19:32:40.347+0000] {dag.py:3239} INFO - Sync 1 DAGs
[2026-08-31T19:32:40.369+0000] {logging_mixin.py:190} INFO - [2026-08-31T19:32:40.369+0000] {dag.py:4180} INFO - Setting next_dagrun for etl_pipeline to 2026-08-31 00:00:00+00:00, run_after=2026-09-01 00:00:00+00:00
[2026-08-31T19:32:40.386+0000] {processor.py:208} INFO - Processing /opt/airflow/dags/sales_etl_dag.py took 0.096 seconds
[2026-08-31T19:33:10.651+0000] {processor.py:186} INFO - Started process (PID=861) to work on /opt/airflow/dags/sales_etl_dag.py
[2026-08-31T19:33:10.653+0000] {processor.py:914} INFO - Processing file /opt/airflow/dags/sales_etl_dag.py for tasks to queue
[2026-08-31T19:33:10.655+0000] {logging_mixin.py:190} INFO - [2026-08-31T19:33:10.655+0000] {dagbag.py:588} INFO - Filling up the DagBag from /opt/airflow/dags/sales_etl_dag.py
[2026-08-31T19:33:10.677+0000] {processor.py:925} INFO - DAG(s) 'etl_pipeline' retrieved from /opt/airflow/dags/sales_etl_dag.py
[2026-08-31T19:33:10.712+0000] {logging_mixin.py:190} INFO - [2026-08-31T19:33:10.712+0000] {dag.py:3239} INFO - Sync 1 DAGs
[2026-08-31T19:33:10.738+0000] {logging_mixin.py:190} INFO - [2026-08-31T19:33:10.738+0000] {dag.py:4180} INFO - Setting next_dagrun for etl_pipeline to 2026-08-31 00:00:00+00:00, run_after=2026-09-01 00:00:00+00:00
[2026-08-31T19:33:10.759+0000] {processor.py:208} INFO - Processing /opt/airflow/dags/sales_etl_dag.py took 0.114 seconds
[2026-08-31T19:33:49.245+0000] {processor.py:186} INFO - Started process (PID=167) to work on /opt/airflow/dags/sales_etl_dag.py
[2026-08-31T19:33:49.247+0000] {processor.py:914} INFO - Processing file /opt/airflow/dags/sales_etl_dag.py for tasks to queue
[2026-08-31T19:33:49.251+0000] {logging_mixin.py:190} INFO - [2026-08-31T19:33:49.250+0000] {dagbag.py:588} INFO - Filling up the DagBag from /opt/airflow/dags/sales_etl_dag.py
[2026-08-31T19:33:49.299+0000] {processor.py:925} INFO - DAG(s) 'etl_pipeline' retrieved from /opt/airflow/dags/sales_etl_dag.py
[2026-08-31T19:33:49.364+0000] {logging_mixin.py:190} INFO - [2026-08-31T19:33:49.362+0000] {dag.py:3239} INFO - Sync 1 DAGs
[2026-08-31T19:33:49.423+0000] {logging_mixin.py:190} INFO - [2026-08-31T19:33:49.423+0000] {dag.py:4180} INFO - Setting next_dagrun for etl_pipeline to 2026-08-31 00:00:00+00:00, run_after=2026-09-01 00:00:00+00:00
[2026-08-31T19:33:49.471+0000] {processor.py:208} INFO - Processing /opt/airflow/dags/sales_etl_dag.py took 0.236 seconds
[2026-08-31T19:34:19.593+0000] {processor.py:186} INFO - Started process (PID=172) to work on /opt/airflow/dags/sales_etl_dag.py
[2026-08-31T19:34:19.596+0000] {processor.py:914} INFO - Processing file /opt/airflow/dags/sales_etl_dag.py for tasks to queue
[2026-08-31T19:34:19.600+0000] {logging_mixin.py:190} INFO - [2026-08-31T19:34:19.600+0000] {dagbag.py:588} INFO - Filling up the DagBag from /opt/airflow/dags/sales_etl_dag.py
[2026-08-31T19:34:19.642+0000] {processor.py:925} INFO - DAG(s) 'etl_pipeline' retrieved from /opt/airflow/dags/sales_etl_dag.py
[2026-08-31T19:34:19.692+0000] {logging_mixin.py:190} INFO - [2026-08-31T19:34:19.692+0000] {dag.py:3239} INFO - Sync 1 DAGs
[2026-08-31T19:34:19.728+0000] {logging_mixin.py:190} INFO - [2026-08-31T19:34:19.728+0000] {dag.py:4180} INFO - Setting next_dagrun for etl_pipeline to 2026-08-31 00:00:00+00:00, run_after=2026-09-01 00:00:00+00:00
[2026-08-31T19:34:19.767+0000] {processor.py:208} INFO - Processing /opt/airflow/dags/sales_etl_dag.py took 0.187 seconds
[2026-08-31T19:34:50.069+0000] {processor.py:186} INFO - Started process (PID=261) to work on /opt/airflow/dags/sales_etl_dag.py
[2026-08-31T19:34:50.070+0000] {processor.py:914} INFO - Processing file /opt/airflow/dags/sales_etl_dag.py for tasks to queue
[2026-08-31T19:34:50.074+0000] {logging_mixin.py:190} INFO - [2026-08-31T19:34:50.074+0000] {dagbag.py:588} INFO - Filling up the DagBag from /opt/airflow/dags/sales_etl_dag.py
[2026-08-31T19:34:50.113+0000] {processor.py:925} INFO - DAG(s) 'etl_pipeline' retrieved from /opt/airflow/dags/sales_etl_dag.py
[2026-08-31T19:34:50.156+0000] {logging_mixin.py:190} INFO - [2026-08-31T19:34:50.155+0000] {dag.py:3239} INFO - Sync 1 DAGs
[2026-08-31T19:34:50.183+0000] {logging_mixin.py:190} INFO - [2026-08-31T19:34:50.183+0000] {dag.py:4180} INFO - Setting next_dagrun for etl_pipeline to 2026-08-31 00:00:00+00:00, run_after=2026-09-01 00:00:00+00:00
[2026-08-31T19:34:50.213+0000] {processor.py:208} INFO - Processing /opt/airflow/dags/sales_etl_dag.py took 0.150 seconds
[2026-08-31T19:35:20.374+0000] {processor.py:186} INFO - Started process (PID=266) to work on /opt/airflow/dags/sales_etl_dag.py
[2026-08-31T19:35:20.375+0000] {processor.py:914} INFO - Processing file /opt/airflow/dags/sales_etl_dag.py for tasks to queue
[2026-08-31T19:35:20.377+0000] {logging_mixin.py:190} INFO - [2026-08-31T19:35:20.377+0000] {dagbag.py:588} INFO - Filling up the DagBag from /opt/airflow/dags/sales_etl_dag.py
[2026-08-31T19:35:20.396+0000] {processor.py:925} INFO - DAG(s) 'etl_pipeline' retrieved from /opt/airflow/dags/sales_etl_dag.py
[2026-08-31T19:35:20.423+0000] {logging_mixin.py:190} INFO - [2026-08-31T19:35:20.423+0000] {dag.py:3239} INFO - Sync 1 DAGs
[2026-08-31T19:35:20.442+0000] {logging_mixin.py:190} INFO - [2026-08-31T19:35:20.442+0000] {dag.py:4180} INFO - Setting next_dagrun for etl_pipeline to 2026-08-31 00:00:00+00:00, run_after=2026-09-01 00:00:00+00:00
[2026-08-31T19:35:20.459+0000] {processor.py:208} INFO - Processing /opt/airflow/dags/sales_etl_dag.py took 0.094 seconds
[2026-08-31T19:35:50.713+0000] {processor.py:186} INFO - Started process (PID=271) to work on /opt/airflow/dags/sales_etl_dag.py
[2026-08-31T19:35:50.714+0000] {processor.py:914} INFO - Processing file /opt/airflow/dags/sales_etl_dag.py for tasks to queue
[2026-08-31T19:35:50.718+0000] {logging_mixin.py:190} INFO - [2026-08-31T19:35:50.717+0000] {dagbag.py:588} INFO - Filling up the DagBag from /opt/airflow/dags/sales_etl_dag.py
[2026-08-31T19:35:50.744+0000] {processor.py:925} INFO - DAG(s) 'etl_pipeline' retrieved from /opt/airflow/dags/sales_etl_dag.py
[2026-08-31T19:35:50.780+0000] {logging_mixin.py:190} INFO - [2026-08-31T19:35:50.780+0000] {dag.py:3239} INFO - Sync 1 DAGs
[2026-08-31T19:35:50.803+0000] {logging_mixin.py:190} INFO - [2026-08-31T19:35:50.803+0000] {dag.py:4180} INFO - Setting next_dagrun for etl_pipeline to 2026-08-31 00:00:00+00:00, run_after=2026-09-01 00:00:00+00:00
[2026-08-31T19:35:50.822+0000] {processor.py:208} INFO - Processing /opt/airflow/dags/sales_etl_dag.py took 0.116 seconds
[2026-08-31T19:36:21.098+0000] {processor.py:186} INFO - Started process (PID=276) to work on /opt/airflow/dags/sales_etl_dag.py
[2026-08-31T19:36:21.099+0000] {processor.py:914} INFO - Processing file /opt/airflow/dags/sales_etl_dag.py for tasks to queue
[2026-08-31T19:36:21.101+0000] {logging_mixin.py:190} INFO - [2026-08-31T19:36:21.101+0000] {dagbag.py:588} INFO - Filling up the DagBag from /opt/airflow/dags/sales_etl_dag.py
[2026-08-31T19:36:21.123+0000] {processor.py:925} INFO - DAG(s) 'etl_pipeline' retrieved from /opt/airflow/dags/sales_etl_dag.py
[2026-08-31T19:36:21.151+0000] {logging_mixin.py:190} INFO - [2026-08-31T19:36:21.151+0000] {dag.py:3239} INFO - Sync 1 DAGs
[2026-08-31T19:36:21.172+0000] {logging_mixin.py:190} INFO - [2026-08-31T19:36:21.171+0000] {dag.py:4180} INFO - Setting next_dagrun for etl_pipeline to 2026-08-31 00:00:00+00:00, run_after=2026-09-01 00:00:00+00:00
[2026-08-31T19:36:21.191+0000] {processor.py:208} INFO - Processing /opt/airflow/dags/sales_etl_dag.py took 0.099 seconds
[2026-08-31T19:36:51.511+0000] {processor.py:186} INFO - Started process (PID=281) to work on /opt/airflow/dags/sales_etl_dag.py
[2026-08-31T19:36:51.512+0000] {processor.py:914} INFO - Processing file /opt/airflow/dags/sales_etl_dag.py for tasks to queue
[2026-08-31T19:36:51.516+0000] {logging_mixin.py:190} INFO - [2026-08-31T19:36:51.515+0000] {dagbag.py:588} INFO - Filling up the DagBag from /opt/airflow/dags/sales_etl_dag.py
[2026-08-31T19:36:51.540+0000] {processor.py:925} INFO - DAG(s) 'etl_pipeline' retrieved from /opt/airflow/dags/sales_etl_dag.py
[2026-08-31T19:36:51.568+0000] {logging_mixin.py:190} INFO - [2026-08-31T19:36:51.567+0000] {dag.py:3239} INFO - Sync 1 DAGs
[2026-08-31T19:36:51.590+0000] {logging_mixin.py:190} INFO - [2026-08-31T19:36:51.589+0000] {dag.py:4180} INFO - Setting next_dagrun for etl_pipeline to 2026-08-31 00:00:00+00:00, run_after=2026-09-01 00:00:00+00:00
[2026-08-31T19:36:51.608+0000] {processor.py:208} INFO - Processing /opt/airflow/dags/sales_etl_dag.py took 0.103 seconds
[2026-08-31T19:37:21.865+0000] {processor.py:186} INFO - Started process (PID=286) to work on /opt/airflow/dags/sales_etl_dag.py
[2026-08-31T19:37:21.866+0000] {processor.py:914} INFO - Processing file /opt/airflow/dags/sales_etl_dag.py for tasks to queue
[2026-08-31T19:37:21.869+0000] {logging_mixin.py:190} INFO - [2026-08-31T19:37:21.869+0000] {dagbag.py:588} INFO - Filling up the DagBag from /opt/airflow/dags/sales_etl_dag.py
[2026-08-31T19:37:21.907+0000] {processor.py:925} INFO - DAG(s) 'etl_pipeline' retrieved from /opt/airflow/dags/sales_etl_dag.py
[2026-08-31T19:37:21.940+0000] {logging_mixin.py:190} INFO - [2026-08-31T19:37:21.940+0000] {dag.py:3239} INFO - Sync 1 DAGs
[2026-08-31T19:37:21.971+0000] {logging_mixin.py:190} INFO - [2026-08-31T19:37:21.970+0000] {dag.py:4180} INFO - Setting next_dagrun for etl_pipeline to 2026-08-31 00:00:00+00:00, run_after=2026-09-01 00:00:00+00:00
[2026-08-31T19:37:22.004+0000] {processor.py:208} INFO - Processing /opt/airflow/dags/sales_etl_dag.py took 0.149 seconds
[2026-08-31T19:37:52.303+0000] {processor.py:186} INFO - Started process (PID=291) to work on /opt/airflow/dags/sales_etl_dag.py
[2026-08-31T19:37:52.304+0000] {processor.py:914} INFO - Processing file /opt/airflow/dags/sales_etl_dag.py for tasks to queue
[2026-08-31T19:37:52.306+0000] {logging_mixin.py:190} INFO - [2026-08-31T19:37:52.306+0000] {dagbag.py:588} INFO - Filling up the DagBag from /opt/airflow/dags/sales_etl_dag.py
[2026-08-31T19:37:52.334+0000] {processor.py:925} INFO - DAG(s) 'etl_pipeline' retrieved from /opt/airflow/dags/sales_etl_dag.py
[2026-08-31T19:37:52.358+0000] {logging_mixin.py:190} INFO - [2026-08-31T19:37:52.358+0000] {dag.py:3239} INFO - Sync 1 DAGs
[2026-08-31T19:37:52.379+0000] {logging_mixin.py:190} INFO - [2026-08-31T19:37:52.379+0000] {dag.py:4180} INFO - Setting next_dagrun for etl_pipeline to 2026-08-31 00:00:00+00:00, run_after=2026-09-01 00:00:00+00:00
[2026-08-31T19:37:52.401+0000] {processor.py:208} INFO - Processing /opt/airflow/dags/sales_etl_dag.py took 0.103 seconds
[2026-08-31T19:38:22.610+0000] {processor.py:186} INFO - Started process (PID=296) to work on /opt/airflow/dags/sales_etl_dag.py
[2026-08-31T19:38:22.611+0000] {processor.py:914} INFO - Processing file /opt/airflow/dags/sales_etl_dag.py for tasks to queue
[2026-08-31T19:38:22.613+0000] {logging_mixin.py:190} INFO - [2026-08-31T19:38:22.613+0000] {dagbag.py:588} INFO - Filling up the DagBag from /opt/airflow/dags/sales_etl_dag.py
[2026-08-31T19:38:22.631+0000] {processor.py:925} INFO - DAG(s) 'etl_pipeline' retrieved from /opt/airflow/dags/sales_etl_dag.py
[2026-08-31T19:38:22.657+0000] {logging_mixin.py:190} INFO - [2026-08-31T19:38:22.657+0000] {dag.py:3239} INFO - Sync 1 DAGs
[2026-08-31T19:38:22.678+0000] {logging_mixin.py:190} INFO - [2026-08-31T19:38:22.678+0000] {dag.py:4180} INFO - Setting next_dagrun for etl_pipeline to 2026-08-31 00:00:00+00:00, run_after=2026-09-01 00:00:00+00:00
[2026-08-31T19:38:22.698+0000] {processor.py:208} INFO - Processing /opt/airflow/dags/sales_etl_dag.py took 0.093 seconds
[2026-08-31T19:38:53.087+0000] {processor.py:186} INFO - Started process (PID=301) to work on /opt/airflow/dags/sales_etl_dag.py
[2026-08-31T19:38:53.089+0000] {processor.py:914} INFO - Processing file /opt/airflow/dags/sales_etl_dag.py for tasks to queue
[2026-08-31T19:38:53.092+0000] {logging_mixin.py:190} INFO - [2026-08-31T19:38:53.091+0000] {dagbag.py:588} INFO - Filling up the DagBag from /opt/airflow/dags/sales_etl_dag.py
[2026-08-31T19:38:53.114+0000] {processor.py:925} INFO - DAG(s) 'etl_pipeline' retrieved from /opt/airflow/dags/sales_etl_dag.py
[2026-08-31T19:38:53.140+0000] {logging_mixin.py:190} INFO - [2026-08-31T19:38:53.140+0000] {dag.py:3239} INFO - Sync 1 DAGs
[2026-08-31T19:38:53.161+0000] {logging_mixin.py:190} INFO - [2026-08-31T19:38:53.161+0000] {dag.py:4180} INFO - Setting next_dagrun for etl_pipeline to 2026-08-31 00:00:00+00:00, run_after=2026-09-01 00:00:00+00:00
[2026-08-31T19:38:53.184+0000] {processor.py:208} INFO - Processing /opt/airflow/dags/sales_etl_dag.py took 0.101 seconds
[2026-08-31T19:39:23.390+0000] {processor.py:186} INFO - Started process (PID=306) to work on /opt/airflow/dags/sales_etl_dag.py
[2026-08-31T19:39:23.391+0000] {processor.py:914} INFO - Processing file /opt/airflow/dags/sales_etl_dag.py for tasks to queue
[2026-08-31T19:39:23.393+0000] {logging_mixin.py:190} INFO - [2026-08-31T19:39:23.393+0000] {dagbag.py:588} INFO - Filling up the DagBag from /opt/airflow/dags/sales_etl_dag.py
[2026-08-31T19:39:23.413+0000] {processor.py:925} INFO - DAG(s) 'etl_pipeline' retrieved from /opt/airflow/dags/sales_etl_dag.py
[2026-08-31T19:39:23.442+0000] {logging_mixin.py:190} INFO - [2026-08-31T19:39:23.442+0000] {dag.py:3239} INFO - Sync 1 DAGs
[2026-08-31T19:39:23.470+0000] {logging_mixin.py:190} INFO - [2026-08-31T19:39:23.469+0000] {dag.py:4180} INFO - Setting next_dagrun for etl_pipeline to 2026-08-31 00:00:00+00:00, run_after=2026-09-01 00:00:00+00:00
[2026-08-31T19:39:23.499+0000] {processor.py:208} INFO - Processing /opt/airflow/dags/sales_etl_dag.py took 0.115 seconds
[2026-08-31T19:39:53.835+0000] {processor.py:186} INFO - Started process (PID=311) to work on /opt/airflow/dags/sales_etl_dag.py
[2026-08-31T19:39:53.836+0000] {processor.py:914} INFO - Processing file /opt/airflow/dags/sales_etl_dag.py for tasks to queue
[2026-08-31T19:39:53.838+0000] {logging_mixin.py:190} INFO - [2026-08-31T19:39:53.838+0000] {dagbag.py:588} INFO - Filling up the DagBag from /opt/airflow/dags/sales_etl_dag.py
[2026-08-31T19:39:53.867+0000] {processor.py:925} INFO - DAG(s) 'etl_pipeline' retrieved from /opt/airflow/dags/sales_etl_dag.py
[2026-08-31T19:39:53.900+0000] {logging_mixin.py:190} INFO - [2026-08-31T19:39:53.899+0000] {dag.py:3239} INFO - Sync 1 DAGs
[2026-08-31T19:39:53.926+0000] {logging_mixin.py:190} INFO - [2026-08-31T19:39:53.926+0000] {dag.py:4180} INFO - Setting next_dagrun for etl_pipeline to 2026-08-31 00:00:00+00:00, run_after=2026-09-01 00:00:00+00:00
[2026-08-31T19:39:53.947+0000] {processor.py:208} INFO - Processing /opt/airflow/dags/sales_etl_dag.py took 0.118 seconds
[2026-08-31T19:40:24.182+0000] {processor.py:186} INFO - Started process (PID=316) to work on /opt/airflow/dags/sales_etl_dag.py
[2026-08-31T19:40:24.183+0000] {processor.py:914} INFO - Processing file /opt/airflow/dags/sales_etl_dag.py for tasks to queue
[2026-08-31T19:40:24.185+0000] {logging_mixin.py:190} INFO - [2026-08-31T19:40:24.185+0000] {dagbag.py:588} INFO - Filling up the DagBag from /opt/airflow/dags/sales_etl_dag.py
[2026-08-31T19:40:24.205+0000] {processor.py:925} INFO - DAG(s) 'etl_pipeline' retrieved from /opt/airflow/dags/sales_etl_dag.py
[2026-08-31T19:40:24.231+0000] {logging_mixin.py:190} INFO - [2026-08-31T19:40:24.231+0000] {dag.py:3239} INFO - Sync 1 DAGs
[2026-08-31T19:40:24.254+0000] {logging_mixin.py:190} INFO - [2026-08-31T19:40:24.254+0000] {dag.py:4180} INFO - Setting next_dagrun for etl_pipeline to 2026-08-31 00:00:00+00:00, run_after=2026-09-01 00:00:00+00:00
[2026-08-31T19:40:24.272+0000] {processor.py:208} INFO - Processing /opt/airflow/dags/sales_etl_dag.py took 0.095 seconds
[2026-08-31T19:40:54.590+0000] {processor.py:186} INFO - Started process (PID=321) to work on /opt/airflow/dags/sales_etl_dag.py
[2026-08-31T19:40:54.591+0000] {processor.py:914} INFO - Processing file /opt/airflow/dags/sales_etl_dag.py for tasks to queue
[2026-08-31T19:40:54.593+0000] {logging_mixin.py:190} INFO - [2026-08-31T19:40:54.592+0000] {dagbag.py:588} INFO - Filling up the DagBag from /opt/airflow/dags/sales_etl_dag.py
[2026-08-31T19:40:54.618+0000] {processor.py:925} INFO - DAG(s) 'etl_pipeline' retrieved from /opt/airflow/dags/sales_etl_dag.py
[2026-08-31T19:40:54.645+0000] {logging_mixin.py:190} INFO - [2026-08-31T19:40:54.644+0000] {dag.py:3239} INFO - Sync 1 DAGs
[2026-08-31T19:40:54.667+0000] {logging_mixin.py:190} INFO - [2026-08-31T19:40:54.667+0000] {dag.py:4180} INFO - Setting next_dagrun for etl_pipeline to 2026-08-31 00:00:00+00:00, run_after=2026-09-01 00:00:00+00:00
[2026-08-31T19:40:54.686+0000] {processor.py:208} INFO - Processing /opt/airflow/dags/sales_etl_dag.py took 0.101 seconds
[2026-08-31T19:41:24.960+0000] {processor.py:186} INFO - Started process (PID=326) to work on /opt/airflow/dags/sales_etl_dag.py
[2026-08-31T19:41:24.961+0000] {processor.py:914} INFO - Processing file /opt/airflow/dags/sales_etl_dag.py for tasks to queue
[2026-08-31T19:41:24.963+0000] {logging_mixin.py:190} INFO - [2026-08-31T19:41:24.963+0000] {dagbag.py:588} INFO - Filling up the DagBag from /opt/airflow/dags/sales_etl_dag.py
[2026-08-31T19:41:24.986+0000] {processor.py:925} INFO - DAG(s) 'etl_pipeline' retrieved from /opt/airflow/dags/sales_etl_dag.py
[2026-08-31T19:41:25.012+0000] {logging_mixin.py:190} INFO - [2026-08-31T19:41:25.011+0000] {dag.py:3239} INFO - Sync 1 DAGs
[2026-08-31T19:41:25.031+0000] {logging_mixin.py:190} INFO - [2026-08-31T19:41:25.030+0000] {dag.py:4180} INFO - Setting next_dagrun for etl_pipeline to 2026-08-31 00:00:00+00:00, run_after=2026-09-01 00:00:00+00:00
[2026-08-31T19:41:25.048+0000] {processor.py:208} INFO - Processing /opt/airflow/dags/sales_etl_dag.py took 0.093 seconds
[2026-08-31T19:41:55.310+0000] {processor.py:186} INFO - Started process (PID=331) to work on /opt/airflow/dags/sales_etl_dag.py
[2026-08-31T19:41:55.311+0000] {processor.py:914} INFO - Processing file /opt/airflow/dags/sales_etl_dag.py for tasks to queue
[2026-08-31T19:41:55.314+0000] {logging_mixin.py:190} INFO - [2026-08-31T19:41:55.314+0000] {dagbag.py:588} INFO - Filling up the DagBag from /opt/airflow/dags/sales_etl_dag.py
[2026-08-31T19:41:55.333+0000] {processor.py:925} INFO - DAG(s) 'etl_pipeline' retrieved from /opt/airflow/dags/sales_etl_dag.py
[2026-08-31T19:41:55.361+0000] {logging_mixin.py:190} INFO - [2026-08-31T19:41:55.361+0000] {dag.py:3239} INFO - Sync 1 DAGs
[2026-08-31T19:41:55.381+0000] {logging_mixin.py:190} INFO - [2026-08-31T19:41:55.381+0000] {dag.py:4180} INFO - Setting next_dagrun for etl_pipeline to 2026-08-31 00:00:00+00:00, run_after=2026-09-01 00:00:00+00:00
[2026-08-31T19:41:55.398+0000] {processor.py:208} INFO - Processing /opt/airflow/dags/sales_etl_dag.py took 0.093 seconds
[2026-08-31T19:42:25.728+0000] {processor.py:186} INFO - Started process (PID=336) to work on /opt/airflow/dags/sales_etl_dag.py
[2026-08-31T19:42:25.730+0000] {processor.py:914} INFO - Processing file /opt/airflow/dags/sales_etl_dag.py for tasks to queue
[2026-08-31T19:42:25.733+0000] {logging_mixin.py:190} INFO - [2026-08-31T19:42:25.732+0000] {dagbag.py:588} INFO - Filling up the DagBag from /opt/airflow/dags/sales_etl_dag.py
[2026-08-31T19:42:25.767+0000] {processor.py:925} INFO - DAG(s) 'etl_pipeline' retrieved from /opt/airflow/dags/sales_etl_dag.py
[2026-08-31T19:42:25.802+0000] {logging_mixin.py:190} INFO - [2026-08-31T19:42:25.802+0000] {dag.py:3239} INFO - Sync 1 DAGs
[2026-08-31T19:42:25.829+0000] {logging_mixin.py:190} INFO - [2026-08-31T19:42:25.829+0000] {dag.py:4180} INFO - Setting next_dagrun for etl_pipeline to 2026-08-31 00:00:00+00:00, run_after=2026-09-01 00:00:00+00:00
[2026-08-31T19:42:25.852+0000] {processor.py:208} INFO - Processing /opt/airflow/dags/sales_etl_dag.py took 0.130 seconds
[2026-08-31T19:42:56.108+0000] {processor.py:186} INFO - Started process (PID=341) to work on /opt/airflow/dags/sales_etl_dag.py
[2026-08-31T19:42:56.110+0000] {processor.py:914} INFO - Processing file /opt/airflow/dags/sales_etl_dag.py for tasks to queue
[2026-08-31T19:42:56.114+0000] {logging_mixin.py:190} INFO - [2026-08-31T19:42:56.113+0000] {dagbag.py:588} INFO - Filling up the DagBag from /opt/airflow/dags/sales_etl_dag.py
[2026-08-31T19:42:56.156+0000] {processor.py:925} INFO - DAG(s) 'etl_pipeline' retrieved from /opt/airflow/dags/sales_etl_dag.py
[2026-08-31T19:42:56.190+0000] {logging_mixin.py:190} INFO - [2026-08-31T19:42:56.190+0000] {dag.py:3239} INFO - Sync 1 DAGs
[2026-08-31T19:42:56.217+0000] {logging_mixin.py:190} INFO - [2026-08-31T19:42:56.217+0000] {dag.py:4180} INFO - Setting next_dagrun for etl_pipeline to 2026-08-31 00:00:00+00:00, run_after=2026-09-01 00:00:00+00:00
[2026-08-31T19:42:56.246+0000] {processor.py:208} INFO - Processing /opt/airflow/dags/sales_etl_dag.py took 0.143 seconds
[2026-08-31T19:43:26.534+0000] {processor.py:186} INFO - Started process (PID=346) to work on /opt/airflow/dags/sales_etl_dag.py
[2026-08-31T19:43:26.536+0000] {processor.py:914} INFO - Processing file /opt/airflow/dags/sales_etl_dag.py for tasks to queue
[2026-08-31T19:43:26.544+0000] {logging_mixin.py:190} INFO - [2026-08-31T19:43:26.541+0000] {dagbag.py:588} INFO - Filling up the DagBag from /opt/airflow/dags/sales_etl_dag.py
[2026-08-31T19:43:26.587+0000] {processor.py:925} INFO - DAG(s) 'etl_pipeline' retrieved from /opt/airflow/dags/sales_etl_dag.py
[2026-08-31T19:43:26.619+0000] {logging_mixin.py:190} INFO - [2026-08-31T19:43:26.618+0000] {dag.py:3239} INFO - Sync 1 DAGs
[2026-08-31T19:43:26.652+0000] {logging_mixin.py:190} INFO - [2026-08-31T19:43:26.651+0000] {dag.py:4180} INFO - Setting next_dagrun for etl_pipeline to 2026-08-31 00:00:00+00:00, run_after=2026-09-01 00:00:00+00:00
[2026-08-31T19:43:26.683+0000] {processor.py:208} INFO - Processing /opt/airflow/dags/sales_etl_dag.py took 0.161 seconds
[2026-08-31T19:43:56.885+0000] {processor.py:186} INFO - Started process (PID=375) to work on /opt/airflow/dags/sales_etl_dag.py
[2026-08-31T19:43:56.887+0000] {processor.py:914} INFO - Processing file /opt/airflow/dags/sales_etl_dag.py for tasks to queue
[2026-08-31T19:43:56.890+0000] {logging_mixin.py:190} INFO - [2026-08-31T19:43:56.890+0000] {dagbag.py:588} INFO - Filling up the DagBag from /opt/airflow/dags/sales_etl_dag.py
[2026-08-31T19:43:56.926+0000] {processor.py:925} INFO - DAG(s) 'etl_pipeline' retrieved from /opt/airflow/dags/sales_etl_dag.py
[2026-08-31T19:43:56.965+0000] {logging_mixin.py:190} INFO - [2026-08-31T19:43:56.965+0000] {dag.py:3239} INFO - Sync 1 DAGs
[2026-08-31T19:43:56.990+0000] {logging_mixin.py:190} INFO - [2026-08-31T19:43:56.990+0000] {dag.py:4180} INFO - Setting next_dagrun for etl_pipeline to 2026-08-31 00:00:00+00:00, run_after=2026-09-01 00:00:00+00:00
[2026-08-31T19:43:57.011+0000] {processor.py:208} INFO - Processing /opt/airflow/dags/sales_etl_dag.py took 0.135 seconds
[2026-08-31T19:44:27.297+0000] {processor.py:186} INFO - Started process (PID=440) to work on /opt/airflow/dags/sales_etl_dag.py
[2026-08-31T19:44:27.298+0000] {processor.py:914} INFO - Processing file /opt/airflow/dags/sales_etl_dag.py for tasks to queue
[2026-08-31T19:44:27.301+0000] {logging_mixin.py:190} INFO - [2026-08-31T19:44:27.300+0000] {dagbag.py:588} INFO - Filling up the DagBag from /opt/airflow/dags/sales_etl_dag.py
[2026-08-31T19:44:27.337+0000] {processor.py:925} INFO - DAG(s) 'etl_pipeline' retrieved from /opt/airflow/dags/sales_etl_dag.py
[2026-08-31T19:44:27.370+0000] {logging_mixin.py:190} INFO - [2026-08-31T19:44:27.370+0000] {dag.py:3239} INFO - Sync 1 DAGs
[2026-08-31T19:44:27.395+0000] {logging_mixin.py:190} INFO - [2026-08-31T19:44:27.395+0000] {dag.py:4180} INFO - Setting next_dagrun for etl_pipeline to 2026-08-31 00:00:00+00:00, run_after=2026-09-01 00:00:00+00:00
[2026-08-31T19:44:27.414+0000] {processor.py:208} INFO - Processing /opt/airflow/dags/sales_etl_dag.py took 0.124 seconds
[2026-08-31T19:44:57.604+0000] {processor.py:186} INFO - Started process (PID=445) to work on /opt/airflow/dags/sales_etl_dag.py
[2026-08-31T19:44:57.605+0000] {processor.py:914} INFO - Processing file /opt/airflow/dags/sales_etl_dag.py for tasks to queue
[2026-08-31T19:44:57.608+0000] {logging_mixin.py:190} INFO - [2026-08-31T19:44:57.607+0000] {dagbag.py:588} INFO - Filling up the DagBag from /opt/airflow/dags/sales_etl_dag.py
[2026-08-31T19:44:57.631+0000] {processor.py:925} INFO - DAG(s) 'etl_pipeline' retrieved from /opt/airflow/dags/sales_etl_dag.py
[2026-08-31T19:44:57.659+0000] {logging_mixin.py:190} INFO - [2026-08-31T19:44:57.659+0000] {dag.py:3239} INFO - Sync 1 DAGs
[2026-08-31T19:44:57.682+0000] {logging_mixin.py:190} INFO - [2026-08-31T19:44:57.682+0000] {dag.py:4180} INFO - Setting next_dagrun for etl_pipeline to 2026-08-31 00:00:00+00:00, run_after=2026-09-01 00:00:00+00:00
[2026-08-31T19:44:57.701+0000] {processor.py:208} INFO - Processing /opt/airflow/dags/sales_etl_dag.py took 0.105 seconds
[2026-08-31T19:45:28.075+0000] {processor.py:186} INFO - Started process (PID=534) to work on /opt/airflow/dags/sales_etl_dag.py
[2026-08-31T19:45:28.076+0000] {processor.py:914} INFO - Processing file /opt/airflow/dags/sales_etl_dag.py for tasks to queue
[2026-08-31T19:45:28.080+0000] {logging_mixin.py:190} INFO - [2026-08-31T19:45:28.079+0000] {dagbag.py:588} INFO - Filling up the DagBag from /opt/airflow/dags/sales_etl_dag.py
[2026-08-31T19:45:28.113+0000] {processor.py:925} INFO - DAG(s) 'etl_pipeline' retrieved from /opt/airflow/dags/sales_etl_dag.py
[2026-08-31T19:45:28.154+0000] {logging_mixin.py:190} INFO - [2026-08-31T19:45:28.153+0000] {dag.py:3239} INFO - Sync 1 DAGs
[2026-08-31T19:45:28.181+0000] {logging_mixin.py:190} INFO - [2026-08-31T19:45:28.181+0000] {dag.py:4180} INFO - Setting next_dagrun for etl_pipeline to 2026-08-31 00:00:00+00:00, run_after=2026-09-01 00:00:00+00:00
[2026-08-31T19:45:28.201+0000] {processor.py:208} INFO - Processing /opt/airflow/dags/sales_etl_dag.py took 0.133 seconds
